text,label
Halo,greet
Hai,greet
Selamat pagi,greet
Selamat siang,greet
Selamat sore,greet
Selamat malam,greet
Ping,greet
P,greet
Assalamualaikum,greet
Halo bot,greet
Hai chatbot,greet
Permisi,greet
Test,greet
Hi,greet
Pagi,greet
Siang,greet
Sore,greet
Malam,greet
Halo aplikasi,greet
Salam kenal,greet
Bisa bantu saya?,greet
Halo ada yang bisa dibantu?,greet
Test bot,greet
Cek,greet
Bot,greet
Ada orang?,greet
Waalaikumsalam,greet
Permisi mau tanya,greet
Halo mau nanya dong,greet
Hay,greet
Haloo,greet
Halloo,greet
Haii,greet
Heyy,greet
Hey,greet
Hai TanyaKito,greet
Halo TanyaKito,greet
Oi,greet
Woi,greet
Misi,greet
Misi mau tanya,greet
Kak mau tanya,greet
Bang mau nanya,greet
Min mau tanya,greet
Selamat datang,greet
Halo selamat pagi,greet
Hai selamat siang,greet
Pagi kak,greet
Siang kak,greet
Sore kak,greet
Malam kak,greet
Tes tes,greet
1 2 3 test,greet
Maaf mau tanya,greet
Kak,greet
Bang,greet
Numpang tanya dong,greet
Mau tanya nih,greet
Boleh tanya?,greet
Tanya dong,greet
Mau nanya dong,greet
Misi nanya dong,greet
Halo saya mau bertanya,greet
Permisi saya ingin bertanya,greet
Hai boleh tanya?,greet
Halo bisa tanya sesuatu?,greet
Halo apakah ada yang bisa bantu?,greet
Hai mau konsultasi dong,greet
Hello mau tanya,greet
Hay mau nanya,greet
Halo ada admin?,greet
Halo siapa di sini?,greet
Ada yang aktif?,greet
Bot aktif?,greet
Halo apakah botnya aktif?,greet
Hai masih aktif?,greet
Pagi min,greet
Siang min,greet
Sore min,greet
Malam min,greet
Assalamualaikum kak,greet
Assalamualaikum min,greet
Assalamualaikum mau tanya,greet
Bismillah mau tanya,greet
Halo saya turis,greet
Hai saya wisatawan,greet
Halo saya pengunjung baru,greet
Hai saya pertama kali ke Palembang,greet
Halo saya dari Jakarta mau tanya,greet
Hai saya baru ke Palembang,greet
Permisi saya mau jalan-jalan di Palembang,greet
Halo mau keliling Palembang nih,greet
Hello,greet
Good morning,greet
Good afternoon,greet
Good evening,greet
Hi there,greet
Hey there,greet
Hello bot,greet
Hi chatbot,greet
Hello there,greet
Greetings,greet
Howdy,greet
What's up,greet
Yo,greet
Sup,greet
"Hi, can you help me?",greet
"Hello, I need help",greet
"Hey, anyone there?",greet
"Hi, I'm visiting Palembang",greet
"Hello, I'm a tourist",greet
"Hi, first time in Palembang",greet
Hello TanyaKito,greet
"Good morning, I have a question",greet
"Hi, I'd like to ask something",greet
"Hello, is anyone available?",greet
"Hey, can I ask a question?",greet
"Hi there, I need some information",greet
"Hello, I'm looking for help",greet
Good day,greet
Hi bot,greet
Hey bot,greet
Help me please,greet
I need assistance,greet
Can someone help me?,greet
"Hello, I want to explore Palembang",greet
"Hi, planning to visit Palembang",greet
Hlo,greet
Hallloo,greet
Haai,greet
Selaamt pagi,greet
Slmat pagi,greet
Slmt siang,greet
Assalamu'alaikum,greet
Asalamualaikum,greet
Tess,greet
Tes,greet
Helo,greet
Helloo,greet
Terima kasih,goodbye
Makasih,goodbye
Makasih ya,goodbye
Makasih banyak,goodbye
Terima kasih banyak,goodbye
Sampai jumpa,goodbye
Dadah,goodbye
Bye,goodbye
Bye bye,goodbye
Selamat tinggal,goodbye
Oke terima kasih,goodbye
Oke makasih,goodbye
Oke thanks,goodbye
Sudah cukup terima kasih,goodbye
Cukup sekian,goodbye
Oke segitu dulu,goodbye
Udah cukup,goodbye
Makasih infonya,goodbye
Terima kasih infonya,goodbye
Makasih ya infonya,goodbye
Thanks infonya,goodbye
Oke deh makasih,goodbye
Oke sip makasih,goodbye
Sip makasih,goodbye
Mantap makasih,goodbye
Oke noted makasih,goodbye
Baik terima kasih,goodbye
Baiklah terima kasih banyak,goodbye
Oke segitu aja dulu ya,goodbye
Cukup dulu ya,goodbye
Sampai ketemu lagi,goodbye
See you,goodbye
Bye kak,goodbye
Dadah kak,goodbye
Makasih kak,goodbye
Thanks kak,goodbye
Oke deh bye,goodbye
Sampai jumpa lagi,goodbye
Bye bye kak,goodbye
Terima kasih sudah membantu,goodbye
Makasih udah bantu,goodbye
Thanks udah bantu ya,goodbye
Oke terima kasih banyak ya,goodbye
Wassalamualaikum,goodbye
Waalaikumsalam,goodbye
Assalamualaikum bye,goodbye
Oke makasih kak sangat membantu,goodbye
Terima kasih sangat membantu,goodbye
Makasih ya sangat berguna infonya,goodbye
Oke noted terima kasih banyak kak,goodbye
Sip terima kasih kak,goodbye
Baik kak terima kasih,goodbye
Oke deh sampai jumpa,goodbye
Bye kak makasih ya,goodbye
Udah itu aja kak makasih,goodbye
Segitu dulu kak thanks,goodbye
Oke cukup kak makasih banyak,goodbye
Sampai nanti kak,goodbye
Nanti tanya lagi ya,goodbye
Makasih kak nanti saya tanya lagi,goodbye
Oke kak sampai jumpa,goodbye
Bye bye makasih,goodbye
Terima kasih atas informasinya,goodbye
Makasih atas bantuannya,goodbye
Thanks for the info,goodbye
Oke mantap kak,goodbye
Thank you,goodbye
Thanks,goodbye
Thanks a lot,goodbye
Thank you very much,goodbye
Goodbye,goodbye
See you later,goodbye
"That's all, thanks",goodbye
Okay thanks,goodbye
OK thank you,goodbye
Thanks for the help,goodbye
Thank you for the information,goodbye
"That's enough, thank you",goodbye
Bye for now,goodbye
Take care,goodbye
Thanks so much,goodbye
Appreciate it,goodbye
Thanks for your help,goodbye
OK bye,goodbye
Alright thanks,goodbye
"Got it, thanks",goodbye
"Perfect, thank you",goodbye
"Great, thanks",goodbye
Awesome thanks,goodbye
OK that's all I needed,goodbye
"Thank you, goodbye",goodbye
"Thanks, see you next time",goodbye
"Bye, thanks for everything",goodbye
Berapa harga tiket masuk Kampung Arab Al-Munawar?,ask_ticket_price
Berapa harga tiket masuk Monpera?,ask_ticket_price
Berapa harga tiket masuk Taman Kambang Iwak Besak?,ask_ticket_price
Berapa harga tiket masuk Al-Munawar?,ask_ticket_price
Berapa harga tiket masuk BKB?,ask_ticket_price
Berapa harga tiket masuk Kawah Tengkurep?,ask_ticket_price
Berapa harga tiket masuk Ampera?,ask_ticket_price
Berapa harga tiket masuk Palembang Trade Center?,ask_ticket_price
Harga tiket Museum Sultan Mahmud Badaruddin II berapa ya?,ask_ticket_price
Harga tiket Monpera berapa ya?,ask_ticket_price
Harga tiket Amanzi Waterpark berapa ya?,ask_ticket_price
Harga tiket PTC berapa ya?,ask_ticket_price
Harga tiket Pasar 16 Ilir berapa ya?,ask_ticket_price
Harga tiket Bukit Siguntang berapa ya?,ask_ticket_price
Harga tiket Palembang Icon berapa ya?,ask_ticket_price
Harga tiket Kambang Iwak berapa ya?,ask_ticket_price
Tiket masuk KI berapa?,ask_ticket_price
Tiket masuk SMB berapa?,ask_ticket_price
Tiket masuk Palembang Square berapa?,ask_ticket_price
Tiket masuk OPI Mall berapa?,ask_ticket_price
Tiket masuk Fantasy Island berapa?,ask_ticket_price
Tiket masuk Kemaro berapa?,ask_ticket_price
Tiket masuk Kampung Kapitan berapa?,ask_ticket_price
Tiket masuk PIM berapa?,ask_ticket_price
Berapa biaya masuk ke Masjid Cheng Ho?,ask_ticket_price
Berapa biaya masuk ke Museum Balaputra Dewa?,ask_ticket_price
Berapa biaya masuk ke Siguntang?,ask_ticket_price
Berapa biaya masuk ke Punti Kayu?,ask_ticket_price
Berapa biaya masuk ke Pulau Kemaro?,ask_ticket_price
Berapa biaya masuk ke Benteng Kuto Besak?,ask_ticket_price
Berapa biaya masuk ke Jakabaring?,ask_ticket_price
Berapa biaya masuk ke SMB II?,ask_ticket_price
Biaya tiket Kambang Iwak berapa kak?,ask_ticket_price
Biaya tiket Hutan Wisata Punti Kayu berapa kak?,ask_ticket_price
Biaya tiket Kampung Kapitan berapa kak?,ask_ticket_price
Biaya tiket Jakabaring Sport City berapa kak?,ask_ticket_price
Biaya tiket Taman Kebon Rojo berapa kak?,ask_ticket_price
Biaya tiket Al Quran Al Akbar berapa kak?,ask_ticket_price
Biaya tiket Jembatan Ampera berapa kak?,ask_ticket_price
Biaya tiket Masjid Agung Palembang berapa kak?,ask_ticket_price
Mau tanya harga tiket Amanzi,ask_ticket_price
Mau tanya harga tiket Kampung Arab Al-Munawar,ask_ticket_price
Mau tanya harga tiket Monpera,ask_ticket_price
Mau tanya harga tiket Taman Kambang Iwak Besak,ask_ticket_price
Mau tanya harga tiket Al-Munawar,ask_ticket_price
Mau tanya harga tiket BKB,ask_ticket_price
Mau tanya harga tiket Kawah Tengkurep,ask_ticket_price
Mau tanya harga tiket Ampera,ask_ticket_price
Harga masuk Palembang Trade Center berapa ya ?,ask_ticket_price
Harga masuk Museum Sultan Mahmud Badaruddin II berapa ya ?,ask_ticket_price
Harga masuk Monpera berapa ya ?,ask_ticket_price
Harga masuk Amanzi Waterpark berapa ya ?,ask_ticket_price
Harga masuk PTC berapa ya ?,ask_ticket_price
Harga masuk Pasar 16 Ilir berapa ya ?,ask_ticket_price
Harga masuk Bukit Siguntang berapa ya ?,ask_ticket_price
Harga masuk Palembang Icon berapa ya ?,ask_ticket_price
Berapa ya tiket Kambang Iwak?,ask_ticket_price
Berapa ya tiket KI?,ask_ticket_price
Berapa ya tiket SMB?,ask_ticket_price
Berapa ya tiket Palembang Square?,ask_ticket_price
Berapa ya tiket OPI Mall?,ask_ticket_price
Berapa ya tiket Fantasy Island?,ask_ticket_price
Berapa ya tiket Kemaro?,ask_ticket_price
Berapa ya tiket Kampung Kapitan?,ask_ticket_price
Tiket PIM berapa sih?,ask_ticket_price
Tiket Masjid Cheng Ho berapa sih?,ask_ticket_price
Tiket Museum Balaputra Dewa berapa sih?,ask_ticket_price
Tiket Siguntang berapa sih?,ask_ticket_price
Tiket Punti Kayu berapa sih?,ask_ticket_price
Tiket Pulau Kemaro berapa sih?,ask_ticket_price
Tiket Benteng Kuto Besak berapa sih?,ask_ticket_price
Tiket Jakabaring berapa sih?,ask_ticket_price
Kira-kira harga tiket SMB II berapa?,ask_ticket_price
Kira-kira harga tiket Kambang Iwak berapa?,ask_ticket_price
Kira-kira harga tiket Hutan Wisata Punti Kayu berapa?,ask_ticket_price
Kira-kira harga tiket Kampung Kapitan berapa?,ask_ticket_price
Kira-kira harga tiket Jakabaring Sport City berapa?,ask_ticket_price
Kira-kira harga tiket Taman Kebon Rojo berapa?,ask_ticket_price
Kira-kira harga tiket Al Quran Al Akbar berapa?,ask_ticket_price
Kira-kira harga tiket Jembatan Ampera berapa?,ask_ticket_price
Berapa duit masuk Masjid Agung Palembang?,ask_ticket_price
Berapa duit masuk Amanzi?,ask_ticket_price
Berapa duit masuk Kampung Arab Al-Munawar?,ask_ticket_price
Berapa duit masuk Monpera?,ask_ticket_price
Berapa duit masuk Taman Kambang Iwak Besak?,ask_ticket_price
Berapa duit masuk Al-Munawar?,ask_ticket_price
Berapa duit masuk BKB?,ask_ticket_price
Berapa duit masuk Kawah Tengkurep?,ask_ticket_price
Bayar berapa kalo masuk Ampera?,ask_ticket_price
Bayar berapa kalo masuk Palembang Trade Center?,ask_ticket_price
Bayar berapa kalo masuk Museum Sultan Mahmud Badaruddin II?,ask_ticket_price
Bayar berapa kalo masuk Monpera?,ask_ticket_price
Bayar berapa kalo masuk Amanzi Waterpark?,ask_ticket_price
Bayar berapa kalo masuk PTC?,ask_ticket_price
Bayar berapa kalo masuk Pasar 16 Ilir?,ask_ticket_price
Bayar berapa kalo masuk Bukit Siguntang?,ask_ticket_price
Mau ke Palembang Icon bayar berapa?,ask_ticket_price
Mau ke Kambang Iwak bayar berapa?,ask_ticket_price
Mau ke KI bayar berapa?,ask_ticket_price
Mau ke SMB bayar berapa?,ask_ticket_price
Mau ke Palembang Square bayar berapa?,ask_ticket_price
Mau ke OPI Mall bayar berapa?,ask_ticket_price
Mau ke Fantasy Island bayar berapa?,ask_ticket_price
Mau ke Kemaro bayar berapa?,ask_ticket_price
Ke Kampung Kapitan bayar berapa ya?,ask_ticket_price
Ke PIM bayar berapa ya?,ask_ticket_price
Ke Masjid Cheng Ho bayar berapa ya?,ask_ticket_price
Ke Museum Balaputra Dewa bayar berapa ya?,ask_ticket_price
Ke Siguntang bayar berapa ya?,ask_ticket_price
Ke Punti Kayu bayar berapa ya?,ask_ticket_price
Ke Pulau Kemaro bayar berapa ya?,ask_ticket_price
Ke Benteng Kuto Besak bayar berapa ya?,ask_ticket_price
Masuk Jakabaring gratis atau bayar?,ask_ticket_price
Masuk SMB II gratis atau bayar?,ask_ticket_price
Masuk Kambang Iwak gratis atau bayar?,ask_ticket_price
Masuk Hutan Wisata Punti Kayu gratis atau bayar?,ask_ticket_price
Masuk Kampung Kapitan gratis atau bayar?,ask_ticket_price
Masuk Jakabaring Sport City gratis atau bayar?,ask_ticket_price
Masuk Taman Kebon Rojo gratis atau bayar?,ask_ticket_price
Masuk Al Quran Al Akbar gratis atau bayar?,ask_ticket_price
Jembatan Ampera bayar berapa?,ask_ticket_price
Masjid Agung Palembang bayar berapa?,ask_ticket_price
Amanzi bayar berapa?,ask_ticket_price
Kampung Arab Al-Munawar bayar berapa?,ask_ticket_price
Monpera bayar berapa?,ask_ticket_price
Taman Kambang Iwak Besak bayar berapa?,ask_ticket_price
Al-Munawar bayar berapa?,ask_ticket_price
BKB bayar berapa?,ask_ticket_price
Kawah Tengkurep gratis gak sih?,ask_ticket_price
Ampera gratis gak sih?,ask_ticket_price
Palembang Trade Center gratis gak sih?,ask_ticket_price
Museum Sultan Mahmud Badaruddin II gratis gak sih?,ask_ticket_price
Monpera gratis gak sih?,ask_ticket_price
Amanzi Waterpark gratis gak sih?,ask_ticket_price
PTC gratis gak sih?,ask_ticket_price
Pasar 16 Ilir gratis gak sih?,ask_ticket_price
Bukit Siguntang berbayar atau gratis?,ask_ticket_price
Palembang Icon berbayar atau gratis?,ask_ticket_price
Kambang Iwak berbayar atau gratis?,ask_ticket_price
KI berbayar atau gratis?,ask_ticket_price
SMB berbayar atau gratis?,ask_ticket_price
Palembang Square berbayar atau gratis?,ask_ticket_price
OPI Mall berbayar atau gratis?,ask_ticket_price
Fantasy Island berbayar atau gratis?,ask_ticket_price
Apakah Kemaro gratis?,ask_ticket_price
Apakah Kampung Kapitan gratis?,ask_ticket_price
Apakah PIM gratis?,ask_ticket_price
Apakah Masjid Cheng Ho gratis?,ask_ticket_price
Apakah Museum Balaputra Dewa gratis?,ask_ticket_price
Apakah Siguntang gratis?,ask_ticket_price
Apakah Punti Kayu gratis?,ask_ticket_price
Apakah Pulau Kemaro gratis?,ask_ticket_price
Apa Benteng Kuto Besak bayar?,ask_ticket_price
Apa Jakabaring bayar?,ask_ticket_price
Apa SMB II bayar?,ask_ticket_price
Apa Kambang Iwak bayar?,ask_ticket_price
Apa Hutan Wisata Punti Kayu bayar?,ask_ticket_price
Apa Kampung Kapitan bayar?,ask_ticket_price
Apa Jakabaring Sport City bayar?,ask_ticket_price
Apa Taman Kebon Rojo bayar?,ask_ticket_price
HTM Al Quran Al Akbar berapa?,ask_ticket_price
HTM Jembatan Ampera berapa?,ask_ticket_price
HTM Masjid Agung Palembang berapa?,ask_ticket_price
HTM Amanzi berapa?,ask_ticket_price
HTM Kampung Arab Al-Munawar berapa?,ask_ticket_price
HTM Monpera berapa?,ask_ticket_price
HTM Taman Kambang Iwak Besak berapa?,ask_ticket_price
HTM Al-Munawar berapa?,ask_ticket_price
Harga tiket masuk BKB sekarang berapa?,ask_ticket_price
Harga tiket masuk Kawah Tengkurep sekarang berapa?,ask_ticket_price
Harga tiket masuk Ampera sekarang berapa?,ask_ticket_price
Harga tiket masuk Palembang Trade Center sekarang berapa?,ask_ticket_price
Harga tiket masuk Museum Sultan Mahmud Badaruddin II sekarang berapa?,ask_ticket_price
Harga tiket masuk Monpera sekarang berapa?,ask_ticket_price
Harga tiket masuk Amanzi Waterpark sekarang berapa?,ask_ticket_price
Harga tiket masuk PTC sekarang berapa?,ask_ticket_price
Update harga tiket Pasar 16 Ilir dong,ask_ticket_price
Update harga tiket Bukit Siguntang dong,ask_ticket_price
Update harga tiket Palembang Icon dong,ask_ticket_price
Update harga tiket Kambang Iwak dong,ask_ticket_price
Update harga tiket KI dong,ask_ticket_price
Update harga tiket SMB dong,ask_ticket_price
Update harga tiket Palembang Square dong,ask_ticket_price
Update harga tiket OPI Mall dong,ask_ticket_price
Tiket masuk ke Fantasy Island sekarang berapa ya?,ask_ticket_price
Tiket masuk ke Kemaro sekarang berapa ya?,ask_ticket_price
Tiket masuk ke Kampung Kapitan sekarang berapa ya?,ask_ticket_price
Tiket masuk ke PIM sekarang berapa ya?,ask_ticket_price
Tiket masuk ke Masjid Cheng Ho sekarang berapa ya?,ask_ticket_price
Tiket masuk ke Museum Balaputra Dewa sekarang berapa ya?,ask_ticket_price
Tiket masuk ke Siguntang sekarang berapa ya?,ask_ticket_price
Tiket masuk ke Punti Kayu sekarang berapa ya?,ask_ticket_price
Mau tanya dong harga tiket Pulau Kemaro,ask_ticket_price
Mau tanya dong harga tiket Benteng Kuto Besak,ask_ticket_price
Mau tanya dong harga tiket Jakabaring,ask_ticket_price
Mau tanya dong harga tiket SMB II,ask_ticket_price
Mau tanya dong harga tiket Kambang Iwak,ask_ticket_price
Mau tanya dong harga tiket Hutan Wisata Punti Kayu,ask_ticket_price
Mau tanya dong harga tiket Kampung Kapitan,ask_ticket_price
Mau tanya dong harga tiket Jakabaring Sport City,ask_ticket_price
Kak berapa harga tiket Taman Kebon Rojo?,ask_ticket_price
Kak berapa harga tiket Al Quran Al Akbar?,ask_ticket_price
Kak berapa harga tiket Jembatan Ampera?,ask_ticket_price
Kak berapa harga tiket Masjid Agung Palembang?,ask_ticket_price
Kak berapa harga tiket Amanzi?,ask_ticket_price
Kak berapa harga tiket Kampung Arab Al-Munawar?,ask_ticket_price
Kak berapa harga tiket Monpera?,ask_ticket_price
Kak berapa harga tiket Taman Kambang Iwak Besak?,ask_ticket_price
Bang tiket Al-Munawar berapa?,ask_ticket_price
Bang tiket BKB berapa?,ask_ticket_price
Bang tiket Kawah Tengkurep berapa?,ask_ticket_price
Bang tiket Ampera berapa?,ask_ticket_price
Bang tiket Palembang Trade Center berapa?,ask_ticket_price
Bang tiket Museum Sultan Mahmud Badaruddin II berapa?,ask_ticket_price
Bang tiket Monpera berapa?,ask_ticket_price
Bang tiket Amanzi Waterpark berapa?,ask_ticket_price
Min harga masuk PTC berapa?,ask_ticket_price
Min harga masuk Pasar 16 Ilir berapa?,ask_ticket_price
Min harga masuk Bukit Siguntang berapa?,ask_ticket_price
Min harga masuk Palembang Icon berapa?,ask_ticket_price
Min harga masuk Kambang Iwak berapa?,ask_ticket_price
Min harga masuk KI berapa?,ask_ticket_price
Min harga masuk SMB berapa?,ask_ticket_price
Min harga masuk Palembang Square berapa?,ask_ticket_price
Permisi mau tanya harga tiket OPI Mall,ask_ticket_price
Permisi mau tanya harga tiket Fantasy Island,ask_ticket_price
Permisi mau tanya harga tiket Kemaro,ask_ticket_price
Permisi mau tanya harga tiket Kampung Kapitan,ask_ticket_price
Permisi mau tanya harga tiket PIM,ask_ticket_price
Permisi mau tanya harga tiket Masjid Cheng Ho,ask_ticket_price
Permisi mau tanya harga tiket Museum Balaputra Dewa,ask_ticket_price
Permisi mau tanya harga tiket Siguntang,ask_ticket_price
Info harga tiket Punti Kayu dong,ask_ticket_price
Info harga tiket Pulau Kemaro dong,ask_ticket_price
Info harga tiket Benteng Kuto Besak dong,ask_ticket_price
Info harga tiket Jakabaring dong,ask_ticket_price
Info harga tiket SMB II dong,ask_ticket_price
Info harga tiket Kambang Iwak dong,ask_ticket_price
Info harga tiket Hutan Wisata Punti Kayu dong,ask_ticket_price
Info harga tiket Kampung Kapitan dong,ask_ticket_price
How much is the ticket to Kemaro Island?,ask_ticket_price
How much is the ticket to Punti Kayu Forest?,ask_ticket_price
How much is the ticket to Ampera Bridge?,ask_ticket_price
How much is the ticket to Grand Mosque of Palembang?,ask_ticket_price
How much is the ticket to Kampung Kapitan?,ask_ticket_price
What's the ticket price for Monpera?,ask_ticket_price
What's the ticket price for Al-Munawar Arab Village?,ask_ticket_price
What's the ticket price for Benteng Kuto Besak?,ask_ticket_price
What's the ticket price for Sultan Mahmud Badaruddin II Museum?,ask_ticket_price
What's the ticket price for Jakabaring Sport City?,ask_ticket_price
How much does it cost to enter Kambang Iwak Park?,ask_ticket_price
How much does it cost to enter Kemaro Island?,ask_ticket_price
How much does it cost to enter Punti Kayu Forest?,ask_ticket_price
How much does it cost to enter Ampera Bridge?,ask_ticket_price
How much does it cost to enter Grand Mosque of Palembang?,ask_ticket_price
What's the entry fee for Kampung Kapitan?,ask_ticket_price
What's the entry fee for Monpera?,ask_ticket_price
What's the entry fee for Al-Munawar Arab Village?,ask_ticket_price
What's the entry fee for Benteng Kuto Besak?,ask_ticket_price
What's the entry fee for Sultan Mahmud Badaruddin II Museum?,ask_ticket_price
Is Jakabaring Sport City free?,ask_ticket_price
Is Kambang Iwak Park free?,ask_ticket_price
Is Kemaro Island free?,ask_ticket_price
Is Punti Kayu Forest free?,ask_ticket_price
Is Ampera Bridge free?,ask_ticket_price
Do I need to pay to enter Grand Mosque of Palembang?,ask_ticket_price
Do I need to pay to enter Kampung Kapitan?,ask_ticket_price
Do I need to pay to enter Monpera?,ask_ticket_price
Do I need to pay to enter Al-Munawar Arab Village?,ask_ticket_price
Do I need to pay to enter Benteng Kuto Besak?,ask_ticket_price
How much is the admission to Sultan Mahmud Badaruddin II Museum?,ask_ticket_price
How much is the admission to Jakabaring Sport City?,ask_ticket_price
How much is the admission to Kambang Iwak Park?,ask_ticket_price
How much is the admission to Kemaro Island?,ask_ticket_price
How much is the admission to Punti Kayu Forest?,ask_ticket_price
What's the entrance fee at Ampera Bridge?,ask_ticket_price
What's the entrance fee at Grand Mosque of Palembang?,ask_ticket_price
What's the entrance fee at Kampung Kapitan?,ask_ticket_price
What's the entrance fee at Monpera?,ask_ticket_price
What's the entrance fee at Al-Munawar Arab Village?,ask_ticket_price
Ticket price for Benteng Kuto Besak?,ask_ticket_price
Ticket price for Sultan Mahmud Badaruddin II Museum?,ask_ticket_price
Ticket price for Jakabaring Sport City?,ask_ticket_price
Ticket price for Kambang Iwak Park?,ask_ticket_price
Ticket price for Kemaro Island?,ask_ticket_price
How much to get into Punti Kayu Forest?,ask_ticket_price
How much to get into Ampera Bridge?,ask_ticket_price
How much to get into Grand Mosque of Palembang?,ask_ticket_price
How much to get into Kampung Kapitan?,ask_ticket_price
How much to get into Monpera?,ask_ticket_price
Is there an entry fee for Al-Munawar Arab Village?,ask_ticket_price
Is there an entry fee for Benteng Kuto Besak?,ask_ticket_price
Is there an entry fee for Sultan Mahmud Badaruddin II Museum?,ask_ticket_price
Is there an entry fee for Jakabaring Sport City?,ask_ticket_price
Is there an entry fee for Kambang Iwak Park?,ask_ticket_price
What does it cost to visit Kemaro Island?,ask_ticket_price
What does it cost to visit Punti Kayu Forest?,ask_ticket_price
What does it cost to visit Ampera Bridge?,ask_ticket_price
What does it cost to visit Grand Mosque of Palembang?,ask_ticket_price
What does it cost to visit Kampung Kapitan?,ask_ticket_price
Price to enter Monpera?,ask_ticket_price
Price to enter Al-Munawar Arab Village?,ask_ticket_price
Price to enter Benteng Kuto Besak?,ask_ticket_price
Price to enter Sultan Mahmud Badaruddin II Museum?,ask_ticket_price
Price to enter Jakabaring Sport City?,ask_ticket_price
Is admission to Kambang Iwak Park free?,ask_ticket_price
Is admission to Kemaro Island free?,ask_ticket_price
Is admission to Punti Kayu Forest free?,ask_ticket_price
Is admission to Ampera Bridge free?,ask_ticket_price
Is admission to Grand Mosque of Palembang free?,ask_ticket_price
How much for Kampung Kapitan tickets?,ask_ticket_price
How much for Monpera tickets?,ask_ticket_price
How much for Al-Munawar Arab Village tickets?,ask_ticket_price
How much for Benteng Kuto Besak tickets?,ask_ticket_price
How much for Sultan Mahmud Badaruddin II Museum tickets?,ask_ticket_price
Berapa harga tiketnya?,ask_ticket_price
Harga tiket masuknya berapa?,ask_ticket_price
Tiketnya berapa?,ask_ticket_price
Biaya masuknya berapa?,ask_ticket_price
Bayar berapa?,ask_ticket_price
Gratis atau bayar?,ask_ticket_price
HTM nya berapa?,ask_ticket_price
Berapa ya tiketnya?,ask_ticket_price
Harga masuknya berapa kak?,ask_ticket_price
Kira-kira berapa ya tiketnya?,ask_ticket_price
Mahal gak tiketnya?,ask_ticket_price
Tiketnya mahal gak?,ask_ticket_price
Berapa duit tiketnya?,ask_ticket_price
How much is the ticket?,ask_ticket_price
What's the ticket price?,ask_ticket_price
How much is it?,ask_ticket_price
Is it free?,ask_ticket_price
What's the entry fee?,ask_ticket_price
How much does it cost?,ask_ticket_price
Price?,ask_ticket_price
Ticket price?,ask_ticket_price
Jam buka Kampung Arab Al-Munawar kapan?,ask_operating_hours
Jam buka Taman Kambang Iwak Besak kapan?,ask_operating_hours
Jam buka Kawah Tengkurep kapan?,ask_operating_hours
Jam buka Jembatan Ampera kapan?,ask_operating_hours
Jam buka Benteng Kuto Besak kapan?,ask_operating_hours
Jam buka Palembang Square kapan?,ask_operating_hours
Jam buka Taman Kebon Rojo kapan?,ask_operating_hours
Jam buka SMB kapan?,ask_operating_hours
Amanzi buka jam berapa?,ask_operating_hours
Monpera buka jam berapa?,ask_operating_hours
PIM buka jam berapa?,ask_operating_hours
Museum Balaputra Dewa buka jam berapa?,ask_operating_hours
PTC buka jam berapa?,ask_operating_hours
Masjid Cheng Ho buka jam berapa?,ask_operating_hours
Al Quran Al Akbar buka jam berapa?,ask_operating_hours
Amanzi Waterpark buka jam berapa?,ask_operating_hours
Jam operasional Kambang Iwak?,ask_operating_hours
Jam operasional BKB?,ask_operating_hours
Jam operasional Hutan Wisata Punti Kayu?,ask_operating_hours
Jam operasional Jakabaring?,ask_operating_hours
Jam operasional OPI Mall?,ask_operating_hours
Jam operasional Kemaro?,ask_operating_hours
Jam operasional Palembang Trade Center?,ask_operating_hours
Jam operasional Fantasy Island?,ask_operating_hours
Punti Kayu buka dari jam berapa sampai jam berapa?,ask_operating_hours
Kampung Kapitan buka dari jam berapa sampai jam berapa?,ask_operating_hours
Monpera buka dari jam berapa sampai jam berapa?,ask_operating_hours
Ampera buka dari jam berapa sampai jam berapa?,ask_operating_hours
Masjid Agung Palembang buka dari jam berapa sampai jam berapa?,ask_operating_hours
SMB II buka dari jam berapa sampai jam berapa?,ask_operating_hours
Kambang Iwak buka dari jam berapa sampai jam berapa?,ask_operating_hours
Kapan Siguntang buka?,ask_operating_hours
Kapan Jakabaring Sport City buka?,ask_operating_hours
Kapan Pulau Kemaro buka?,ask_operating_hours
Kapan Museum Sultan Mahmud Badaruddin II buka?,ask_operating_hours
Kapan Palembang Icon buka?,ask_operating_hours
Kapan Al-Munawar buka?,ask_operating_hours
Kapan Pasar 16 Ilir buka?,ask_operating_hours
Kapan Bukit Siguntang buka?,ask_operating_hours
KI tutup jam berapa?,ask_operating_hours
Kampung Arab Al-Munawar tutup jam berapa?,ask_operating_hours
Taman Kambang Iwak Besak tutup jam berapa?,ask_operating_hours
Kawah Tengkurep tutup jam berapa?,ask_operating_hours
Jembatan Ampera tutup jam berapa?,ask_operating_hours
Benteng Kuto Besak tutup jam berapa?,ask_operating_hours
Palembang Square tutup jam berapa?,ask_operating_hours
Taman Kebon Rojo tutup jam berapa?,ask_operating_hours
Jam tutup SMB kapan?,ask_operating_hours
Jam tutup Amanzi kapan?,ask_operating_hours
Jam tutup Monpera kapan?,ask_operating_hours
Jam tutup PIM kapan?,ask_operating_hours
Jam tutup Museum Balaputra Dewa kapan?,ask_operating_hours
Jam tutup PTC kapan?,ask_operating_hours
Jam tutup Masjid Cheng Ho kapan?,ask_operating_hours
Jam tutup Al Quran Al Akbar kapan?,ask_operating_hours
Amanzi Waterpark buka setiap hari?,ask_operating_hours
Kambang Iwak buka setiap hari?,ask_operating_hours
BKB buka setiap hari?,ask_operating_hours
Hutan Wisata Punti Kayu buka setiap hari?,ask_operating_hours
Jakabaring buka setiap hari?,ask_operating_hours
OPI Mall buka setiap hari?,ask_operating_hours
Kemaro buka setiap hari?,ask_operating_hours
Palembang Trade Center buka setiap hari?,ask_operating_hours
Apakah Fantasy Island buka hari Minggu?,ask_operating_hours
Apakah Punti Kayu buka hari Minggu?,ask_operating_hours
Apakah Kampung Kapitan buka hari Minggu?,ask_operating_hours
Apakah Monpera buka hari Minggu?,ask_operating_hours
Apakah Ampera buka hari Minggu?,ask_operating_hours
Apakah Masjid Agung Palembang buka hari Minggu?,ask_operating_hours
Apakah SMB II buka hari Minggu?,ask_operating_hours
Kambang Iwak buka hari apa aja?,ask_operating_hours
Siguntang buka hari apa aja?,ask_operating_hours
Jakabaring Sport City buka hari apa aja?,ask_operating_hours
Pulau Kemaro buka hari apa aja?,ask_operating_hours
Museum Sultan Mahmud Badaruddin II buka hari apa aja?,ask_operating_hours
Palembang Icon buka hari apa aja?,ask_operating_hours
Al-Munawar buka hari apa aja?,ask_operating_hours
Pasar 16 Ilir buka hari apa aja?,ask_operating_hours
Jadwal buka Bukit Siguntang kapan ya?,ask_operating_hours
Jadwal buka KI kapan ya?,ask_operating_hours
Jadwal buka Kampung Arab Al-Munawar kapan ya?,ask_operating_hours
Jadwal buka Taman Kambang Iwak Besak kapan ya?,ask_operating_hours
Jadwal buka Kawah Tengkurep kapan ya?,ask_operating_hours
Jadwal buka Jembatan Ampera kapan ya?,ask_operating_hours
Jadwal buka Benteng Kuto Besak kapan ya?,ask_operating_hours
Jadwal buka Palembang Square kapan ya?,ask_operating_hours
Mau tanya jam operasional Taman Kebon Rojo,ask_operating_hours
Mau tanya jam operasional SMB,ask_operating_hours
Mau tanya jam operasional Amanzi,ask_operating_hours
Mau tanya jam operasional Monpera,ask_operating_hours
Mau tanya jam operasional PIM,ask_operating_hours
Mau tanya jam operasional Museum Balaputra Dewa,ask_operating_hours
Mau tanya jam operasional PTC,ask_operating_hours
Mau tanya jam operasional Masjid Cheng Ho,ask_operating_hours
Kak Al Quran Al Akbar buka jam berapa ya?,ask_operating_hours
Kak Amanzi Waterpark buka jam berapa ya?,ask_operating_hours
Kak Kambang Iwak buka jam berapa ya?,ask_operating_hours
Kak BKB buka jam berapa ya?,ask_operating_hours
Kak Hutan Wisata Punti Kayu buka jam berapa ya?,ask_operating_hours
Kak Jakabaring buka jam berapa ya?,ask_operating_hours
Kak OPI Mall buka jam berapa ya?,ask_operating_hours
Kak Kemaro buka jam berapa ya?,ask_operating_hours
Info jam buka Palembang Trade Center dong,ask_operating_hours
Info jam buka Fantasy Island dong,ask_operating_hours
Info jam buka Punti Kayu dong,ask_operating_hours
Info jam buka Kampung Kapitan dong,ask_operating_hours
Info jam buka Monpera dong,ask_operating_hours
Info jam buka Ampera dong,ask_operating_hours
Info jam buka Masjid Agung Palembang dong,ask_operating_hours
SMB II buka sampai malam gak?,ask_operating_hours
Kambang Iwak buka sampai malam gak?,ask_operating_hours
Siguntang buka sampai malam gak?,ask_operating_hours
Jakabaring Sport City buka sampai malam gak?,ask_operating_hours
Pulau Kemaro buka sampai malam gak?,ask_operating_hours
Museum Sultan Mahmud Badaruddin II buka sampai malam gak?,ask_operating_hours
Palembang Icon buka sampai malam gak?,ask_operating_hours
Al-Munawar buka sampai malam gak?,ask_operating_hours
Apakah Pasar 16 Ilir buka 24 jam?,ask_operating_hours
Apakah Bukit Siguntang buka 24 jam?,ask_operating_hours
Apakah KI buka 24 jam?,ask_operating_hours
Apakah Kampung Arab Al-Munawar buka 24 jam?,ask_operating_hours
Apakah Taman Kambang Iwak Besak buka 24 jam?,ask_operating_hours
Apakah Kawah Tengkurep buka 24 jam?,ask_operating_hours
Apakah Jembatan Ampera buka 24 jam?,ask_operating_hours
Apakah Benteng Kuto Besak buka 24 jam?,ask_operating_hours
Palembang Square hari libur buka gak?,ask_operating_hours
Taman Kebon Rojo hari libur buka gak?,ask_operating_hours
SMB hari libur buka gak?,ask_operating_hours
Amanzi hari libur buka gak?,ask_operating_hours
Monpera hari libur buka gak?,ask_operating_hours
PIM hari libur buka gak?,ask_operating_hours
Museum Balaputra Dewa hari libur buka gak?,ask_operating_hours
PTC hari libur buka gak?,ask_operating_hours
Kalo hari Sabtu Masjid Cheng Ho buka?,ask_operating_hours
Kalo hari Sabtu Al Quran Al Akbar buka?,ask_operating_hours
Kalo hari Sabtu Amanzi Waterpark buka?,ask_operating_hours
Kalo hari Sabtu Kambang Iwak buka?,ask_operating_hours
Kalo hari Sabtu BKB buka?,ask_operating_hours
Kalo hari Sabtu Hutan Wisata Punti Kayu buka?,ask_operating_hours
Kalo hari Sabtu Jakabaring buka?,ask_operating_hours
Kalo hari Sabtu OPI Mall buka?,ask_operating_hours
Weekend Kemaro buka?,ask_operating_hours
Weekend Palembang Trade Center buka?,ask_operating_hours
Weekend Fantasy Island buka?,ask_operating_hours
Weekend Punti Kayu buka?,ask_operating_hours
Weekend Kampung Kapitan buka?,ask_operating_hours
Weekend Monpera buka?,ask_operating_hours
Weekend Ampera buka?,ask_operating_hours
Weekday Masjid Agung Palembang buka jam berapa?,ask_operating_hours
Weekday SMB II buka jam berapa?,ask_operating_hours
Weekday Kambang Iwak buka jam berapa?,ask_operating_hours
Weekday Siguntang buka jam berapa?,ask_operating_hours
Weekday Jakabaring Sport City buka jam berapa?,ask_operating_hours
Weekday Pulau Kemaro buka jam berapa?,ask_operating_hours
Weekday Museum Sultan Mahmud Badaruddin II buka jam berapa?,ask_operating_hours
Weekday Palembang Icon buka jam berapa?,ask_operating_hours
Pagi-pagi Al-Munawar sudah buka belum?,ask_operating_hours
Pagi-pagi Pasar 16 Ilir sudah buka belum?,ask_operating_hours
Pagi-pagi Bukit Siguntang sudah buka belum?,ask_operating_hours
Pagi-pagi KI sudah buka belum?,ask_operating_hours
Pagi-pagi Kampung Arab Al-Munawar sudah buka belum?,ask_operating_hours
Pagi-pagi Taman Kambang Iwak Besak sudah buka belum?,ask_operating_hours
Pagi-pagi Kawah Tengkurep sudah buka belum?,ask_operating_hours
Pagi-pagi Jembatan Ampera sudah buka belum?,ask_operating_hours
Benteng Kuto Besak mulai buka jam berapa?,ask_operating_hours
Palembang Square mulai buka jam berapa?,ask_operating_hours
Taman Kebon Rojo mulai buka jam berapa?,ask_operating_hours
SMB mulai buka jam berapa?,ask_operating_hours
Amanzi mulai buka jam berapa?,ask_operating_hours
Monpera mulai buka jam berapa?,ask_operating_hours
PIM mulai buka jam berapa?,ask_operating_hours
Museum Balaputra Dewa mulai buka jam berapa?,ask_operating_hours
Dari jam berapa PTC buka?,ask_operating_hours
Dari jam berapa Masjid Cheng Ho buka?,ask_operating_hours
Dari jam berapa Al Quran Al Akbar buka?,ask_operating_hours
Dari jam berapa Amanzi Waterpark buka?,ask_operating_hours
Dari jam berapa Kambang Iwak buka?,ask_operating_hours
Dari jam berapa BKB buka?,ask_operating_hours
Dari jam berapa Hutan Wisata Punti Kayu buka?,ask_operating_hours
Dari jam berapa Jakabaring buka?,ask_operating_hours
Kapan sih OPI Mall buka?,ask_operating_hours
Kapan sih Kemaro buka?,ask_operating_hours
Kapan sih Palembang Trade Center buka?,ask_operating_hours
Kapan sih Fantasy Island buka?,ask_operating_hours
Kapan sih Punti Kayu buka?,ask_operating_hours
Kapan sih Kampung Kapitan buka?,ask_operating_hours
Kapan sih Monpera buka?,ask_operating_hours
Hari ini Ampera buka gak ya?,ask_operating_hours
Hari ini Masjid Agung Palembang buka gak ya?,ask_operating_hours
Hari ini SMB II buka gak ya?,ask_operating_hours
Hari ini Kambang Iwak buka gak ya?,ask_operating_hours
Hari ini Siguntang buka gak ya?,ask_operating_hours
Hari ini Jakabaring Sport City buka gak ya?,ask_operating_hours
Hari ini Pulau Kemaro buka gak ya?,ask_operating_hours
Hari ini Museum Sultan Mahmud Badaruddin II buka gak ya?,ask_operating_hours
What time does Benteng Kuto Besak open?,ask_operating_hours
What time does Grand Mosque of Palembang open?,ask_operating_hours
What time does Jakabaring Sport City open?,ask_operating_hours
What time does Kampung Kapitan open?,ask_operating_hours
What time does Kemaro Island open?,ask_operating_hours
When does Kambang Iwak Park close?,ask_operating_hours
When does Al-Munawar Arab Village close?,ask_operating_hours
When does Monpera close?,ask_operating_hours
When does Ampera Bridge close?,ask_operating_hours
When does Sultan Mahmud Badaruddin II Museum close?,ask_operating_hours
What are the opening hours of Punti Kayu Forest?,ask_operating_hours
What are the opening hours of Benteng Kuto Besak?,ask_operating_hours
What are the opening hours of Grand Mosque of Palembang?,ask_operating_hours
What are the opening hours of Jakabaring Sport City?,ask_operating_hours
What are the opening hours of Kampung Kapitan?,ask_operating_hours
Is Kemaro Island open today?,ask_operating_hours
Is Kambang Iwak Park open today?,ask_operating_hours
Is Al-Munawar Arab Village open today?,ask_operating_hours
Is Monpera open today?,ask_operating_hours
Is Ampera Bridge open today?,ask_operating_hours
What are the operating hours of Sultan Mahmud Badaruddin II Museum?,ask_operating_hours
What are the operating hours of Punti Kayu Forest?,ask_operating_hours
What are the operating hours of Benteng Kuto Besak?,ask_operating_hours
What are the operating hours of Grand Mosque of Palembang?,ask_operating_hours
What are the operating hours of Jakabaring Sport City?,ask_operating_hours
Is Kampung Kapitan open on weekends?,ask_operating_hours
Is Kemaro Island open on weekends?,ask_operating_hours
Is Kambang Iwak Park open on weekends?,ask_operating_hours
Is Al-Munawar Arab Village open on weekends?,ask_operating_hours
Is Monpera open on weekends?,ask_operating_hours
What time does Ampera Bridge close?,ask_operating_hours
What time does Sultan Mahmud Badaruddin II Museum close?,ask_operating_hours
What time does Punti Kayu Forest close?,ask_operating_hours
What time does Benteng Kuto Besak close?,ask_operating_hours
What time does Grand Mosque of Palembang close?,ask_operating_hours
When is Jakabaring Sport City open?,ask_operating_hours
When is Kampung Kapitan open?,ask_operating_hours
When is Kemaro Island open?,ask_operating_hours
When is Kambang Iwak Park open?,ask_operating_hours
When is Al-Munawar Arab Village open?,ask_operating_hours
Is Monpera open on Sunday?,ask_operating_hours
Is Ampera Bridge open on Sunday?,ask_operating_hours
Is Sultan Mahmud Badaruddin II Museum open on Sunday?,ask_operating_hours
Is Punti Kayu Forest open on Sunday?,ask_operating_hours
Is Benteng Kuto Besak open on Sunday?,ask_operating_hours
Opening hours for Grand Mosque of Palembang?,ask_operating_hours
Opening hours for Jakabaring Sport City?,ask_operating_hours
Opening hours for Kampung Kapitan?,ask_operating_hours
Opening hours for Kemaro Island?,ask_operating_hours
Opening hours for Kambang Iwak Park?,ask_operating_hours
Does Al-Munawar Arab Village open every day?,ask_operating_hours
Does Monpera open every day?,ask_operating_hours
Does Ampera Bridge open every day?,ask_operating_hours
Does Sultan Mahmud Badaruddin II Museum open every day?,ask_operating_hours
Does Punti Kayu Forest open every day?,ask_operating_hours
What days is Benteng Kuto Besak open?,ask_operating_hours
What days is Grand Mosque of Palembang open?,ask_operating_hours
What days is Jakabaring Sport City open?,ask_operating_hours
What days is Kampung Kapitan open?,ask_operating_hours
What days is Kemaro Island open?,ask_operating_hours
Is Kambang Iwak Park open in the morning?,ask_operating_hours
Is Al-Munawar Arab Village open in the morning?,ask_operating_hours
Is Monpera open in the morning?,ask_operating_hours
Is Ampera Bridge open in the morning?,ask_operating_hours
Is Sultan Mahmud Badaruddin II Museum open in the morning?,ask_operating_hours
Jam bukanya kapan?,ask_operating_hours
Buka jam berapa?,ask_operating_hours
Tutup jam berapa?,ask_operating_hours
Jam operasionalnya?,ask_operating_hours
Kapan bukanya?,ask_operating_hours
Buka setiap hari?,ask_operating_hours
Buka hari apa aja?,ask_operating_hours
Hari ini buka?,ask_operating_hours
Buka sampai malam?,ask_operating_hours
Masih buka gak ya?,ask_operating_hours
Sekarang masih buka?,ask_operating_hours
What time does it open?,ask_operating_hours
When does it close?,ask_operating_hours
Opening hours?,ask_operating_hours
Is it open today?,ask_operating_hours
Operating hours?,ask_operating_hours
Dimana lokasi OPI Mall?,ask_location_access
Dimana lokasi Bukit Siguntang?,ask_location_access
Dimana lokasi Taman Kambang Iwak Besak?,ask_location_access
Dimana lokasi Jakabaring Sport City?,ask_location_access
Dimana lokasi Al Quran Al Akbar?,ask_location_access
Dimana lokasi Masjid Cheng Ho?,ask_location_access
Dimana lokasi Hutan Wisata Punti Kayu?,ask_location_access
Dimana lokasi Ampera?,ask_location_access
Pasar 16 Ilir di mana ya?,ask_location_access
Benteng Kuto Besak di mana ya?,ask_location_access
SMB di mana ya?,ask_location_access
Amanzi Waterpark di mana ya?,ask_location_access
Al-Munawar di mana ya?,ask_location_access
Siguntang di mana ya?,ask_location_access
Jakabaring di mana ya?,ask_location_access
Monpera di mana ya?,ask_location_access
Alamat Palembang Icon dimana?,ask_location_access
Alamat Kemaro dimana?,ask_location_access
Alamat Palembang Square dimana?,ask_location_access
Alamat Kambang Iwak dimana?,ask_location_access
Alamat Fantasy Island dimana?,ask_location_access
Alamat PTC dimana?,ask_location_access
Alamat Monpera dimana?,ask_location_access
Alamat Jembatan Ampera dimana?,ask_location_access
Lokasi Kawah Tengkurep dimana kak?,ask_location_access
Lokasi Pulau Kemaro dimana kak?,ask_location_access
Lokasi KI dimana kak?,ask_location_access
Lokasi Punti Kayu dimana kak?,ask_location_access
Lokasi Museum Sultan Mahmud Badaruddin II dimana kak?,ask_location_access
Lokasi Masjid Agung Palembang dimana kak?,ask_location_access
Lokasi Palembang Trade Center dimana kak?,ask_location_access
Lokasi Amanzi dimana kak?,ask_location_access
Bagaimana cara ke SMB II?,ask_location_access
Bagaimana cara ke Kampung Kapitan?,ask_location_access
Bagaimana cara ke Kambang Iwak?,ask_location_access
Bagaimana cara ke Taman Kebon Rojo?,ask_location_access
Bagaimana cara ke Museum Balaputra Dewa?,ask_location_access
Bagaimana cara ke Kampung Arab Al-Munawar?,ask_location_access
Bagaimana cara ke PIM?,ask_location_access
Cara menuju BKB gimana?,ask_location_access
Cara menuju OPI Mall gimana?,ask_location_access
Cara menuju Bukit Siguntang gimana?,ask_location_access
Cara menuju Taman Kambang Iwak Besak gimana?,ask_location_access
Cara menuju Jakabaring Sport City gimana?,ask_location_access
Cara menuju Al Quran Al Akbar gimana?,ask_location_access
Cara menuju Masjid Cheng Ho gimana?,ask_location_access
Cara menuju Hutan Wisata Punti Kayu gimana?,ask_location_access
Naik apa ke Ampera?,ask_location_access
Naik apa ke Pasar 16 Ilir?,ask_location_access
Naik apa ke Benteng Kuto Besak?,ask_location_access
Naik apa ke SMB?,ask_location_access
Naik apa ke Amanzi Waterpark?,ask_location_access
Naik apa ke Al-Munawar?,ask_location_access
Naik apa ke Siguntang?,ask_location_access
Naik apa ke Jakabaring?,ask_location_access
Dari mana ke Monpera?,ask_location_access
Dari mana ke Palembang Icon?,ask_location_access
Dari mana ke Kemaro?,ask_location_access
Dari mana ke Palembang Square?,ask_location_access
Dari mana ke Kambang Iwak?,ask_location_access
Dari mana ke Fantasy Island?,ask_location_access
Dari mana ke PTC?,ask_location_access
Jembatan Ampera lokasinya dimana?,ask_location_access
Kawah Tengkurep lokasinya dimana?,ask_location_access
Pulau Kemaro lokasinya dimana?,ask_location_access
KI lokasinya dimana?,ask_location_access
Punti Kayu lokasinya dimana?,ask_location_access
Museum Sultan Mahmud Badaruddin II lokasinya dimana?,ask_location_access
Masjid Agung Palembang lokasinya dimana?,ask_location_access
Palembang Trade Center lokasinya dimana?,ask_location_access
Alamat lengkap Amanzi?,ask_location_access
Alamat lengkap SMB II?,ask_location_access
Alamat lengkap Kampung Kapitan?,ask_location_access
Alamat lengkap Kambang Iwak?,ask_location_access
Alamat lengkap Taman Kebon Rojo?,ask_location_access
Alamat lengkap Museum Balaputra Dewa?,ask_location_access
Alamat lengkap Kampung Arab Al-Munawar?,ask_location_access
PIM ada di daerah mana?,ask_location_access
BKB ada di daerah mana?,ask_location_access
OPI Mall ada di daerah mana?,ask_location_access
Bukit Siguntang ada di daerah mana?,ask_location_access
Taman Kambang Iwak Besak ada di daerah mana?,ask_location_access
Jakabaring Sport City ada di daerah mana?,ask_location_access
Al Quran Al Akbar ada di daerah mana?,ask_location_access
Masjid Cheng Ho ada di daerah mana?,ask_location_access
Arah ke Hutan Wisata Punti Kayu gimana?,ask_location_access
Arah ke Ampera gimana?,ask_location_access
Arah ke Pasar 16 Ilir gimana?,ask_location_access
Arah ke Benteng Kuto Besak gimana?,ask_location_access
Arah ke SMB gimana?,ask_location_access
Arah ke Amanzi Waterpark gimana?,ask_location_access
Arah ke Al-Munawar gimana?,ask_location_access
Arah ke Siguntang gimana?,ask_location_access
Mau ke Jakabaring lewat mana?,ask_location_access
Mau ke Monpera lewat mana?,ask_location_access
Mau ke Palembang Icon lewat mana?,ask_location_access
Mau ke Kemaro lewat mana?,ask_location_access
Mau ke Palembang Square lewat mana?,ask_location_access
Mau ke Kambang Iwak lewat mana?,ask_location_access
Mau ke Fantasy Island lewat mana?,ask_location_access
Mau ke PTC lewat mana?,ask_location_access
Rute ke Monpera gimana?,ask_location_access
Rute ke Jembatan Ampera gimana?,ask_location_access
Rute ke Kawah Tengkurep gimana?,ask_location_access
Rute ke Pulau Kemaro gimana?,ask_location_access
Rute ke KI gimana?,ask_location_access
Rute ke Punti Kayu gimana?,ask_location_access
Rute ke Museum Sultan Mahmud Badaruddin II gimana?,ask_location_access
Rute ke Masjid Agung Palembang gimana?,ask_location_access
Dari pusat kota ke Palembang Trade Center berapa lama?,ask_location_access
Dari pusat kota ke Amanzi berapa lama?,ask_location_access
Dari pusat kota ke SMB II berapa lama?,ask_location_access
Dari pusat kota ke Kampung Kapitan berapa lama?,ask_location_access
Dari pusat kota ke Kambang Iwak berapa lama?,ask_location_access
Dari pusat kota ke Taman Kebon Rojo berapa lama?,ask_location_access
Dari pusat kota ke Museum Balaputra Dewa berapa lama?,ask_location_access
Kampung Arab Al-Munawar jauh gak dari pusat kota?,ask_location_access
PIM jauh gak dari pusat kota?,ask_location_access
BKB jauh gak dari pusat kota?,ask_location_access
OPI Mall jauh gak dari pusat kota?,ask_location_access
Bukit Siguntang jauh gak dari pusat kota?,ask_location_access
Taman Kambang Iwak Besak jauh gak dari pusat kota?,ask_location_access
Jakabaring Sport City jauh gak dari pusat kota?,ask_location_access
Al Quran Al Akbar jauh gak dari pusat kota?,ask_location_access
Bisa naik angkot ke Masjid Cheng Ho?,ask_location_access
Bisa naik angkot ke Hutan Wisata Punti Kayu?,ask_location_access
Bisa naik angkot ke Ampera?,ask_location_access
Bisa naik angkot ke Pasar 16 Ilir?,ask_location_access
Bisa naik angkot ke Benteng Kuto Besak?,ask_location_access
Bisa naik angkot ke SMB?,ask_location_access
Bisa naik angkot ke Amanzi Waterpark?,ask_location_access
Bisa naik angkot ke Al-Munawar?,ask_location_access
Siguntang deket stasiun LRT mana?,ask_location_access
Jakabaring deket stasiun LRT mana?,ask_location_access
Monpera deket stasiun LRT mana?,ask_location_access
Palembang Icon deket stasiun LRT mana?,ask_location_access
Kemaro deket stasiun LRT mana?,ask_location_access
Palembang Square deket stasiun LRT mana?,ask_location_access
Kambang Iwak deket stasiun LRT mana?,ask_location_access
Fantasy Island deket stasiun LRT mana?,ask_location_access
Akses ke PTC mudah gak?,ask_location_access
Akses ke Monpera mudah gak?,ask_location_access
Akses ke Jembatan Ampera mudah gak?,ask_location_access
Akses ke Kawah Tengkurep mudah gak?,ask_location_access
Akses ke Pulau Kemaro mudah gak?,ask_location_access
Akses ke KI mudah gak?,ask_location_access
Akses ke Punti Kayu mudah gak?,ask_location_access
Akses ke Museum Sultan Mahmud Badaruddin II mudah gak?,ask_location_access
Masjid Agung Palembang bisa ditempuh pakai apa?,ask_location_access
Palembang Trade Center bisa ditempuh pakai apa?,ask_location_access
Amanzi bisa ditempuh pakai apa?,ask_location_access
SMB II bisa ditempuh pakai apa?,ask_location_access
Kampung Kapitan bisa ditempuh pakai apa?,ask_location_access
Kambang Iwak bisa ditempuh pakai apa?,ask_location_access
Taman Kebon Rojo bisa ditempuh pakai apa?,ask_location_access
Kak dimana ya Museum Balaputra Dewa?,ask_location_access
Kak dimana ya Kampung Arab Al-Munawar?,ask_location_access
Kak dimana ya PIM?,ask_location_access
Kak dimana ya BKB?,ask_location_access
Kak dimana ya OPI Mall?,ask_location_access
Kak dimana ya Bukit Siguntang?,ask_location_access
Kak dimana ya Taman Kambang Iwak Besak?,ask_location_access
Kak dimana ya Jakabaring Sport City?,ask_location_access
Min alamat Al Quran Al Akbar apa ya?,ask_location_access
Min alamat Masjid Cheng Ho apa ya?,ask_location_access
Min alamat Hutan Wisata Punti Kayu apa ya?,ask_location_access
Min alamat Ampera apa ya?,ask_location_access
Min alamat Pasar 16 Ilir apa ya?,ask_location_access
Min alamat Benteng Kuto Besak apa ya?,ask_location_access
Min alamat SMB apa ya?,ask_location_access
Min alamat Amanzi Waterpark apa ya?,ask_location_access
Info lokasi Al-Munawar dong,ask_location_access
Info lokasi Siguntang dong,ask_location_access
Info lokasi Jakabaring dong,ask_location_access
Info lokasi Monpera dong,ask_location_access
Info lokasi Palembang Icon dong,ask_location_access
Info lokasi Kemaro dong,ask_location_access
Info lokasi Palembang Square dong,ask_location_access
Info lokasi Kambang Iwak dong,ask_location_access
Tolong kasih tau alamat Fantasy Island,ask_location_access
Tolong kasih tau alamat PTC,ask_location_access
Tolong kasih tau alamat Monpera,ask_location_access
Tolong kasih tau alamat Jembatan Ampera,ask_location_access
Tolong kasih tau alamat Kawah Tengkurep,ask_location_access
Tolong kasih tau alamat Pulau Kemaro,ask_location_access
Tolong kasih tau alamat KI,ask_location_access
Tolong kasih tau alamat Punti Kayu,ask_location_access
Posisi Museum Sultan Mahmud Badaruddin II dimana ya?,ask_location_access
Posisi Masjid Agung Palembang dimana ya?,ask_location_access
Posisi Palembang Trade Center dimana ya?,ask_location_access
Posisi Amanzi dimana ya?,ask_location_access
Posisi SMB II dimana ya?,ask_location_access
Posisi Kampung Kapitan dimana ya?,ask_location_access
Posisi Kambang Iwak dimana ya?,ask_location_access
Posisi Taman Kebon Rojo dimana ya?,ask_location_access
Where is Monpera located?,ask_location_access
Where is Kambang Iwak Park located?,ask_location_access
Where is Jakabaring Sport City located?,ask_location_access
Where is Kampung Kapitan located?,ask_location_access
Where is Punti Kayu Forest located?,ask_location_access
What's the address of Ampera Bridge?,ask_location_access
What's the address of Al-Munawar Arab Village?,ask_location_access
What's the address of Sultan Mahmud Badaruddin II Museum?,ask_location_access
What's the address of Benteng Kuto Besak?,ask_location_access
What's the address of Grand Mosque of Palembang?,ask_location_access
How do I get to Kemaro Island?,ask_location_access
How do I get to Monpera?,ask_location_access
How do I get to Kambang Iwak Park?,ask_location_access
How do I get to Jakabaring Sport City?,ask_location_access
How do I get to Kampung Kapitan?,ask_location_access
Where is Punti Kayu Forest?,ask_location_access
Where is Ampera Bridge?,ask_location_access
Where is Al-Munawar Arab Village?,ask_location_access
Where is Sultan Mahmud Badaruddin II Museum?,ask_location_access
Where is Benteng Kuto Besak?,ask_location_access
How to reach Grand Mosque of Palembang?,ask_location_access
How to reach Kemaro Island?,ask_location_access
How to reach Monpera?,ask_location_access
How to reach Kambang Iwak Park?,ask_location_access
How to reach Jakabaring Sport City?,ask_location_access
What's the location of Kampung Kapitan?,ask_location_access
What's the location of Punti Kayu Forest?,ask_location_access
What's the location of Ampera Bridge?,ask_location_access
What's the location of Al-Munawar Arab Village?,ask_location_access
What's the location of Sultan Mahmud Badaruddin II Museum?,ask_location_access
Is Benteng Kuto Besak far from the city center?,ask_location_access
Is Grand Mosque of Palembang far from the city center?,ask_location_access
Is Kemaro Island far from the city center?,ask_location_access
Is Monpera far from the city center?,ask_location_access
Is Kambang Iwak Park far from the city center?,ask_location_access
How to go to Jakabaring Sport City?,ask_location_access
How to go to Kampung Kapitan?,ask_location_access
How to go to Punti Kayu Forest?,ask_location_access
How to go to Ampera Bridge?,ask_location_access
How to go to Al-Munawar Arab Village?,ask_location_access
Directions to Sultan Mahmud Badaruddin II Museum?,ask_location_access
Directions to Benteng Kuto Besak?,ask_location_access
Directions to Grand Mosque of Palembang?,ask_location_access
Directions to Kemaro Island?,ask_location_access
Directions to Monpera?,ask_location_access
Can I take public transport to Kambang Iwak Park?,ask_location_access
Can I take public transport to Jakabaring Sport City?,ask_location_access
Can I take public transport to Kampung Kapitan?,ask_location_access
Can I take public transport to Punti Kayu Forest?,ask_location_access
Can I take public transport to Ampera Bridge?,ask_location_access
Address of Al-Munawar Arab Village?,ask_location_access
Address of Sultan Mahmud Badaruddin II Museum?,ask_location_access
Address of Benteng Kuto Besak?,ask_location_access
Address of Grand Mosque of Palembang?,ask_location_access
Address of Kemaro Island?,ask_location_access
Location of Monpera?,ask_location_access
Location of Kambang Iwak Park?,ask_location_access
Location of Jakabaring Sport City?,ask_location_access
Location of Kampung Kapitan?,ask_location_access
Location of Punti Kayu Forest?,ask_location_access
Dimana lokasinya?,ask_location_access
Alamatnya dimana?,ask_location_access
Cara ke sana gimana?,ask_location_access
Lokasinya dimana ya?,ask_location_access
Alamat lengkapnya?,ask_location_access
Di daerah mana?,ask_location_access
Jauh gak dari sini?,ask_location_access
Bisa naik apa ke sana?,ask_location_access
Akses ke sana gimana?,ask_location_access
Lewat mana ya?,ask_location_access
Where is it?,ask_location_access
What's the address?,ask_location_access
How do I get there?,ask_location_access
Where is it located?,ask_location_access
How far is it?,ask_location_access
Directions?,ask_location_access
Fasilitas apa saja di PIM?,ask_facilities
Fasilitas apa saja di PTC?,ask_facilities
Fasilitas apa saja di Kambang Iwak?,ask_facilities
Fasilitas apa saja di Palembang Square?,ask_facilities
Fasilitas apa saja di Kampung Kapitan?,ask_facilities
Fasilitas apa saja di Kawah Tengkurep?,ask_facilities
Fasilitas apa saja di OPI Mall?,ask_facilities
Fasilitas apa saja di Hutan Wisata Punti Kayu?,ask_facilities
SMB II fasilitasnya apa aja?,ask_facilities
Al Quran Al Akbar fasilitasnya apa aja?,ask_facilities
Jakabaring Sport City fasilitasnya apa aja?,ask_facilities
Kampung Kapitan fasilitasnya apa aja?,ask_facilities
Amanzi Waterpark fasilitasnya apa aja?,ask_facilities
Kambang Iwak fasilitasnya apa aja?,ask_facilities
Museum Balaputra Dewa fasilitasnya apa aja?,ask_facilities
Museum Sultan Mahmud Badaruddin II fasilitasnya apa aja?,ask_facilities
Ada fasilitas apa di Kemaro?,ask_facilities
Ada fasilitas apa di Ampera?,ask_facilities
Ada fasilitas apa di Masjid Cheng Ho?,ask_facilities
Ada fasilitas apa di Pulau Kemaro?,ask_facilities
Ada fasilitas apa di Bukit Siguntang?,ask_facilities
Ada fasilitas apa di KI?,ask_facilities
Ada fasilitas apa di Jembatan Ampera?,ask_facilities
Ada fasilitas apa di Masjid Agung Palembang?,ask_facilities
Fasilitas Al-Munawar lengkap gak?,ask_facilities
Fasilitas BKB lengkap gak?,ask_facilities
Fasilitas SMB lengkap gak?,ask_facilities
Fasilitas Palembang Trade Center lengkap gak?,ask_facilities
Fasilitas Monpera lengkap gak?,ask_facilities
Fasilitas Siguntang lengkap gak?,ask_facilities
Fasilitas Taman Kebon Rojo lengkap gak?,ask_facilities
Fasilitas Fantasy Island lengkap gak?,ask_facilities
Benteng Kuto Besak ada toilet gak?,ask_facilities
Punti Kayu ada toilet gak?,ask_facilities
Taman Kambang Iwak Besak ada toilet gak?,ask_facilities
Pasar 16 Ilir ada toilet gak?,ask_facilities
Kampung Arab Al-Munawar ada toilet gak?,ask_facilities
Palembang Icon ada toilet gak?,ask_facilities
Jakabaring ada toilet gak?,ask_facilities
Monpera ada toilet gak?,ask_facilities
Amanzi ada tempat parkir?,ask_facilities
PIM ada tempat parkir?,ask_facilities
PTC ada tempat parkir?,ask_facilities
Kambang Iwak ada tempat parkir?,ask_facilities
Palembang Square ada tempat parkir?,ask_facilities
Kampung Kapitan ada tempat parkir?,ask_facilities
Kawah Tengkurep ada tempat parkir?,ask_facilities
OPI Mall ada tempat parkir?,ask_facilities
Ada mushola di Hutan Wisata Punti Kayu?,ask_facilities
Ada mushola di SMB II?,ask_facilities
Ada mushola di Al Quran Al Akbar?,ask_facilities
Ada mushola di Jakabaring Sport City?,ask_facilities
Ada mushola di Kampung Kapitan?,ask_facilities
Ada mushola di Amanzi Waterpark?,ask_facilities
Ada mushola di Kambang Iwak?,ask_facilities
Ada mushola di Museum Balaputra Dewa?,ask_facilities
Museum Sultan Mahmud Badaruddin II ada kantin gak?,ask_facilities
Kemaro ada kantin gak?,ask_facilities
Ampera ada kantin gak?,ask_facilities
Masjid Cheng Ho ada kantin gak?,ask_facilities
Pulau Kemaro ada kantin gak?,ask_facilities
Bukit Siguntang ada kantin gak?,ask_facilities
KI ada kantin gak?,ask_facilities
Jembatan Ampera ada kantin gak?,ask_facilities
Fasilitas umum di Masjid Agung Palembang apa aja?,ask_facilities
Fasilitas umum di Al-Munawar apa aja?,ask_facilities
Fasilitas umum di BKB apa aja?,ask_facilities
Fasilitas umum di SMB apa aja?,ask_facilities
Fasilitas umum di Palembang Trade Center apa aja?,ask_facilities
Fasilitas umum di Monpera apa aja?,ask_facilities
Fasilitas umum di Siguntang apa aja?,ask_facilities
Fasilitas umum di Taman Kebon Rojo apa aja?,ask_facilities
Ada wifi di Fantasy Island?,ask_facilities
Ada wifi di Benteng Kuto Besak?,ask_facilities
Ada wifi di Punti Kayu?,ask_facilities
Ada wifi di Taman Kambang Iwak Besak?,ask_facilities
Ada wifi di Pasar 16 Ilir?,ask_facilities
Ada wifi di Kampung Arab Al-Munawar?,ask_facilities
Ada wifi di Palembang Icon?,ask_facilities
Ada wifi di Jakabaring?,ask_facilities
Monpera ramah anak gak?,ask_facilities
Amanzi ramah anak gak?,ask_facilities
PIM ramah anak gak?,ask_facilities
PTC ramah anak gak?,ask_facilities
Kambang Iwak ramah anak gak?,ask_facilities
Palembang Square ramah anak gak?,ask_facilities
Kampung Kapitan ramah anak gak?,ask_facilities
Kawah Tengkurep ramah anak gak?,ask_facilities
OPI Mall ada area bermain anak?,ask_facilities
Hutan Wisata Punti Kayu ada area bermain anak?,ask_facilities
SMB II ada area bermain anak?,ask_facilities
Al Quran Al Akbar ada area bermain anak?,ask_facilities
Jakabaring Sport City ada area bermain anak?,ask_facilities
Kampung Kapitan ada area bermain anak?,ask_facilities
Amanzi Waterpark ada area bermain anak?,ask_facilities
Kambang Iwak ada area bermain anak?,ask_facilities
Tempat makan di sekitar Museum Balaputra Dewa ada?,ask_facilities
Tempat makan di sekitar Museum Sultan Mahmud Badaruddin II ada?,ask_facilities
Tempat makan di sekitar Kemaro ada?,ask_facilities
Tempat makan di sekitar Ampera ada?,ask_facilities
Tempat makan di sekitar Masjid Cheng Ho ada?,ask_facilities
Tempat makan di sekitar Pulau Kemaro ada?,ask_facilities
Tempat makan di sekitar Bukit Siguntang ada?,ask_facilities
Tempat makan di sekitar KI ada?,ask_facilities
Jembatan Ampera ada spot foto gak?,ask_facilities
Masjid Agung Palembang ada spot foto gak?,ask_facilities
Al-Munawar ada spot foto gak?,ask_facilities
BKB ada spot foto gak?,ask_facilities
SMB ada spot foto gak?,ask_facilities
Palembang Trade Center ada spot foto gak?,ask_facilities
Monpera ada spot foto gak?,ask_facilities
Siguntang ada spot foto gak?,ask_facilities
Fasilitas pendukung Taman Kebon Rojo?,ask_facilities
Fasilitas pendukung Fantasy Island?,ask_facilities
Fasilitas pendukung Benteng Kuto Besak?,ask_facilities
Fasilitas pendukung Punti Kayu?,ask_facilities
Fasilitas pendukung Taman Kambang Iwak Besak?,ask_facilities
Fasilitas pendukung Pasar 16 Ilir?,ask_facilities
Fasilitas pendukung Kampung Arab Al-Munawar?,ask_facilities
Fasilitas pendukung Palembang Icon?,ask_facilities
Jakabaring ada tempat istirahat?,ask_facilities
Monpera ada tempat istirahat?,ask_facilities
Amanzi ada tempat istirahat?,ask_facilities
PIM ada tempat istirahat?,ask_facilities
PTC ada tempat istirahat?,ask_facilities
Kambang Iwak ada tempat istirahat?,ask_facilities
Palembang Square ada tempat istirahat?,ask_facilities
Kampung Kapitan ada tempat istirahat?,ask_facilities
Parkiran Kawah Tengkurep luas gak?,ask_facilities
Parkiran OPI Mall luas gak?,ask_facilities
Parkiran Hutan Wisata Punti Kayu luas gak?,ask_facilities
Parkiran SMB II luas gak?,ask_facilities
Parkiran Al Quran Al Akbar luas gak?,ask_facilities
Parkiran Jakabaring Sport City luas gak?,ask_facilities
Parkiran Kampung Kapitan luas gak?,ask_facilities
Parkiran Amanzi Waterpark luas gak?,ask_facilities
Mau tanya fasilitas di Kambang Iwak,ask_facilities
Mau tanya fasilitas di Museum Balaputra Dewa,ask_facilities
Mau tanya fasilitas di Museum Sultan Mahmud Badaruddin II,ask_facilities
Mau tanya fasilitas di Kemaro,ask_facilities
Mau tanya fasilitas di Ampera,ask_facilities
Mau tanya fasilitas di Masjid Cheng Ho,ask_facilities
Mau tanya fasilitas di Pulau Kemaro,ask_facilities
Mau tanya fasilitas di Bukit Siguntang,ask_facilities
Kak fasilitas KI apa aja ya?,ask_facilities
Kak fasilitas Jembatan Ampera apa aja ya?,ask_facilities
Kak fasilitas Masjid Agung Palembang apa aja ya?,ask_facilities
Kak fasilitas Al-Munawar apa aja ya?,ask_facilities
Kak fasilitas BKB apa aja ya?,ask_facilities
Kak fasilitas SMB apa aja ya?,ask_facilities
Kak fasilitas Palembang Trade Center apa aja ya?,ask_facilities
Kak fasilitas Monpera apa aja ya?,ask_facilities
Info fasilitas Siguntang dong,ask_facilities
Info fasilitas Taman Kebon Rojo dong,ask_facilities
Info fasilitas Fantasy Island dong,ask_facilities
Info fasilitas Benteng Kuto Besak dong,ask_facilities
Info fasilitas Punti Kayu dong,ask_facilities
Info fasilitas Taman Kambang Iwak Besak dong,ask_facilities
Info fasilitas Pasar 16 Ilir dong,ask_facilities
Info fasilitas Kampung Arab Al-Munawar dong,ask_facilities
What facilities are available at Kambang Iwak Park?,ask_facilities
What facilities are available at Monpera?,ask_facilities
What facilities are available at Sultan Mahmud Badaruddin II Museum?,ask_facilities
What facilities are available at Kemaro Island?,ask_facilities
What facilities are available at Benteng Kuto Besak?,ask_facilities
Does Punti Kayu Forest have parking?,ask_facilities
Does Al-Munawar Arab Village have parking?,ask_facilities
Does Ampera Bridge have parking?,ask_facilities
Does Jakabaring Sport City have parking?,ask_facilities
Does Kampung Kapitan have parking?,ask_facilities
Are there toilets at Grand Mosque of Palembang?,ask_facilities
Are there toilets at Kambang Iwak Park?,ask_facilities
Are there toilets at Monpera?,ask_facilities
Are there toilets at Sultan Mahmud Badaruddin II Museum?,ask_facilities
Are there toilets at Kemaro Island?,ask_facilities
Does Benteng Kuto Besak have a mosque?,ask_facilities
Does Punti Kayu Forest have a mosque?,ask_facilities
Does Al-Munawar Arab Village have a mosque?,ask_facilities
Does Ampera Bridge have a mosque?,ask_facilities
Does Jakabaring Sport City have a mosque?,ask_facilities
What amenities does Kampung Kapitan offer?,ask_facilities
What amenities does Grand Mosque of Palembang offer?,ask_facilities
What amenities does Kambang Iwak Park offer?,ask_facilities
What amenities does Monpera offer?,ask_facilities
What amenities does Sultan Mahmud Badaruddin II Museum offer?,ask_facilities
Is Kemaro Island child-friendly?,ask_facilities
Is Benteng Kuto Besak child-friendly?,ask_facilities
Is Punti Kayu Forest child-friendly?,ask_facilities
Is Al-Munawar Arab Village child-friendly?,ask_facilities
Is Ampera Bridge child-friendly?,ask_facilities
Facilities at Jakabaring Sport City?,ask_facilities
Facilities at Kampung Kapitan?,ask_facilities
Facilities at Grand Mosque of Palembang?,ask_facilities
Facilities at Kambang Iwak Park?,ask_facilities
Facilities at Monpera?,ask_facilities
Does Sultan Mahmud Badaruddin II Museum have food stalls?,ask_facilities
Does Kemaro Island have food stalls?,ask_facilities
Does Benteng Kuto Besak have food stalls?,ask_facilities
Does Punti Kayu Forest have food stalls?,ask_facilities
Does Al-Munawar Arab Village have food stalls?,ask_facilities
Is there WiFi at Ampera Bridge?,ask_facilities
Is there WiFi at Jakabaring Sport City?,ask_facilities
Is there WiFi at Kampung Kapitan?,ask_facilities
Is there WiFi at Grand Mosque of Palembang?,ask_facilities
Is there WiFi at Kambang Iwak Park?,ask_facilities
What's available at Monpera?,ask_facilities
What's available at Sultan Mahmud Badaruddin II Museum?,ask_facilities
What's available at Kemaro Island?,ask_facilities
What's available at Benteng Kuto Besak?,ask_facilities
What's available at Punti Kayu Forest?,ask_facilities
Fasilitasnya apa aja?,ask_facilities
Ada fasilitas apa?,ask_facilities
Lengkap gak fasilitasnya?,ask_facilities
Ada toilet gak?,ask_facilities
Ada parkiran?,ask_facilities
Ada mushola?,ask_facilities
Fasilitasnya gimana?,ask_facilities
Apa aja fasilitas di sana?,ask_facilities
What facilities are there?,ask_facilities
What amenities are available?,ask_facilities
Is there parking?,ask_facilities
Are there restrooms?,ask_facilities
Facilities?,ask_facilities
Info tentang SMB II,ask_destination_info
Info tentang Punti Kayu,ask_destination_info
Info tentang KI,ask_destination_info
Info tentang Pasar 16 Ilir,ask_destination_info
Info tentang PTC,ask_destination_info
Info tentang Kampung Arab Al-Munawar,ask_destination_info
Info tentang Palembang Trade Center,ask_destination_info
Info tentang Jakabaring,ask_destination_info
Ceritakan tentang Masjid Cheng Ho,ask_destination_info
Ceritakan tentang Kawah Tengkurep,ask_destination_info
Ceritakan tentang Palembang Icon,ask_destination_info
Ceritakan tentang Kambang Iwak,ask_destination_info
Ceritakan tentang Ampera,ask_destination_info
Ceritakan tentang Taman Kambang Iwak Besak,ask_destination_info
Ceritakan tentang Jembatan Ampera,ask_destination_info
Ceritakan tentang Al-Munawar,ask_destination_info
Apa itu BKB?,ask_destination_info
Apa itu Palembang Square?,ask_destination_info
Apa itu Fantasy Island?,ask_destination_info
Apa itu PIM?,ask_destination_info
Apa itu SMB?,ask_destination_info
Apa itu OPI Mall?,ask_destination_info
Apa itu Bukit Siguntang?,ask_destination_info
Apa itu Kemaro?,ask_destination_info
Al Quran Al Akbar itu apa?,ask_destination_info
Hutan Wisata Punti Kayu itu apa?,ask_destination_info
Taman Kebon Rojo itu apa?,ask_destination_info
Monpera itu apa?,ask_destination_info
Kampung Kapitan itu apa?,ask_destination_info
Masjid Agung Palembang itu apa?,ask_destination_info
Museum Balaputra Dewa itu apa?,ask_destination_info
Kambang Iwak itu apa?,ask_destination_info
Jelaskan tentang Amanzi Waterpark,ask_destination_info
Jelaskan tentang Pulau Kemaro,ask_destination_info
Jelaskan tentang Amanzi,ask_destination_info
Jelaskan tentang Siguntang,ask_destination_info
Jelaskan tentang Monpera,ask_destination_info
Jelaskan tentang Museum Sultan Mahmud Badaruddin II,ask_destination_info
Jelaskan tentang Benteng Kuto Besak,ask_destination_info
Jelaskan tentang Jakabaring Sport City,ask_destination_info
Deskripsi Kampung Kapitan,ask_destination_info
Deskripsi SMB II,ask_destination_info
Deskripsi Punti Kayu,ask_destination_info
Deskripsi KI,ask_destination_info
Deskripsi Pasar 16 Ilir,ask_destination_info
Deskripsi PTC,ask_destination_info
Deskripsi Kampung Arab Al-Munawar,ask_destination_info
Deskripsi Palembang Trade Center,ask_destination_info
Mau tau tentang Jakabaring,ask_destination_info
Mau tau tentang Masjid Cheng Ho,ask_destination_info
Mau tau tentang Kawah Tengkurep,ask_destination_info
Mau tau tentang Palembang Icon,ask_destination_info
Mau tau tentang Kambang Iwak,ask_destination_info
Mau tau tentang Ampera,ask_destination_info
Mau tau tentang Taman Kambang Iwak Besak,ask_destination_info
Mau tau tentang Jembatan Ampera,ask_destination_info
Kasih tau dong tentang Al-Munawar,ask_destination_info
Kasih tau dong tentang BKB,ask_destination_info
Kasih tau dong tentang Palembang Square,ask_destination_info
Kasih tau dong tentang Fantasy Island,ask_destination_info
Kasih tau dong tentang PIM,ask_destination_info
Kasih tau dong tentang SMB,ask_destination_info
Kasih tau dong tentang OPI Mall,ask_destination_info
Kasih tau dong tentang Bukit Siguntang,ask_destination_info
Kemaro itu tempat apa sih?,ask_destination_info
Al Quran Al Akbar itu tempat apa sih?,ask_destination_info
Hutan Wisata Punti Kayu itu tempat apa sih?,ask_destination_info
Taman Kebon Rojo itu tempat apa sih?,ask_destination_info
Monpera itu tempat apa sih?,ask_destination_info
Kampung Kapitan itu tempat apa sih?,ask_destination_info
Masjid Agung Palembang itu tempat apa sih?,ask_destination_info
Museum Balaputra Dewa itu tempat apa sih?,ask_destination_info
Apa yang menarik dari Kambang Iwak?,ask_destination_info
Apa yang menarik dari Amanzi Waterpark?,ask_destination_info
Apa yang menarik dari Pulau Kemaro?,ask_destination_info
Apa yang menarik dari Amanzi?,ask_destination_info
Apa yang menarik dari Siguntang?,ask_destination_info
Apa yang menarik dari Monpera?,ask_destination_info
Apa yang menarik dari Museum Sultan Mahmud Badaruddin II?,ask_destination_info
Apa yang menarik dari Benteng Kuto Besak?,ask_destination_info
Kenapa Jakabaring Sport City terkenal?,ask_destination_info
Kenapa Kampung Kapitan terkenal?,ask_destination_info
Kenapa SMB II terkenal?,ask_destination_info
Kenapa Punti Kayu terkenal?,ask_destination_info
Kenapa KI terkenal?,ask_destination_info
Kenapa Pasar 16 Ilir terkenal?,ask_destination_info
Kenapa PTC terkenal?,ask_destination_info
Kenapa Kampung Arab Al-Munawar terkenal?,ask_destination_info
Palembang Trade Center terkenal karena apa?,ask_destination_info
Jakabaring terkenal karena apa?,ask_destination_info
Masjid Cheng Ho terkenal karena apa?,ask_destination_info
Kawah Tengkurep terkenal karena apa?,ask_destination_info
Palembang Icon terkenal karena apa?,ask_destination_info
Kambang Iwak terkenal karena apa?,ask_destination_info
Ampera terkenal karena apa?,ask_destination_info
Taman Kambang Iwak Besak terkenal karena apa?,ask_destination_info
Sejarah Jembatan Ampera apa ya?,ask_destination_info
Sejarah Al-Munawar apa ya?,ask_destination_info
Sejarah BKB apa ya?,ask_destination_info
Sejarah Palembang Square apa ya?,ask_destination_info
Sejarah Fantasy Island apa ya?,ask_destination_info
Sejarah PIM apa ya?,ask_destination_info
Sejarah SMB apa ya?,ask_destination_info
Sejarah OPI Mall apa ya?,ask_destination_info
Cerita sejarah Bukit Siguntang dong,ask_destination_info
Cerita sejarah Kemaro dong,ask_destination_info
Cerita sejarah Al Quran Al Akbar dong,ask_destination_info
Cerita sejarah Hutan Wisata Punti Kayu dong,ask_destination_info
Cerita sejarah Taman Kebon Rojo dong,ask_destination_info
Cerita sejarah Monpera dong,ask_destination_info
Cerita sejarah Kampung Kapitan dong,ask_destination_info
Cerita sejarah Masjid Agung Palembang dong,ask_destination_info
Apa keunikan Museum Balaputra Dewa?,ask_destination_info
Apa keunikan Kambang Iwak?,ask_destination_info
Apa keunikan Amanzi Waterpark?,ask_destination_info
Apa keunikan Pulau Kemaro?,ask_destination_info
Apa keunikan Amanzi?,ask_destination_info
Apa keunikan Siguntang?,ask_destination_info
Apa keunikan Monpera?,ask_destination_info
Apa keunikan Museum Sultan Mahmud Badaruddin II?,ask_destination_info
Review tentang Benteng Kuto Besak,ask_destination_info
Review tentang Jakabaring Sport City,ask_destination_info
Review tentang Kampung Kapitan,ask_destination_info
Review tentang SMB II,ask_destination_info
Review tentang Punti Kayu,ask_destination_info
Review tentang KI,ask_destination_info
Review tentang Pasar 16 Ilir,ask_destination_info
Review tentang PTC,ask_destination_info
Gimana Kampung Arab Al-Munawar?,ask_destination_info
Gimana Palembang Trade Center?,ask_destination_info
Gimana Jakabaring?,ask_destination_info
Gimana Masjid Cheng Ho?,ask_destination_info
Gimana Kawah Tengkurep?,ask_destination_info
Gimana Palembang Icon?,ask_destination_info
Gimana Kambang Iwak?,ask_destination_info
Gimana Ampera?,ask_destination_info
Kayak apa sih Taman Kambang Iwak Besak?,ask_destination_info
Kayak apa sih Jembatan Ampera?,ask_destination_info
Kayak apa sih Al-Munawar?,ask_destination_info
Kayak apa sih BKB?,ask_destination_info
Kayak apa sih Palembang Square?,ask_destination_info
Kayak apa sih Fantasy Island?,ask_destination_info
Kayak apa sih PIM?,ask_destination_info
Kayak apa sih SMB?,ask_destination_info
Seru gak OPI Mall?,ask_destination_info
Seru gak Bukit Siguntang?,ask_destination_info
Seru gak Kemaro?,ask_destination_info
Seru gak Al Quran Al Akbar?,ask_destination_info
Seru gak Hutan Wisata Punti Kayu?,ask_destination_info
Seru gak Taman Kebon Rojo?,ask_destination_info
Seru gak Monpera?,ask_destination_info
Seru gak Kampung Kapitan?,ask_destination_info
Menarik gak Masjid Agung Palembang?,ask_destination_info
Menarik gak Museum Balaputra Dewa?,ask_destination_info
Menarik gak Kambang Iwak?,ask_destination_info
Menarik gak Amanzi Waterpark?,ask_destination_info
Menarik gak Pulau Kemaro?,ask_destination_info
Menarik gak Amanzi?,ask_destination_info
Menarik gak Siguntang?,ask_destination_info
Menarik gak Monpera?,ask_destination_info
Info lengkap Museum Sultan Mahmud Badaruddin II dong,ask_destination_info
Info lengkap Benteng Kuto Besak dong,ask_destination_info
Info lengkap Jakabaring Sport City dong,ask_destination_info
Info lengkap Kampung Kapitan dong,ask_destination_info
Info lengkap SMB II dong,ask_destination_info
Info lengkap Punti Kayu dong,ask_destination_info
Info lengkap KI dong,ask_destination_info
Info lengkap Pasar 16 Ilir dong,ask_destination_info
Kasih info PTC ya,ask_destination_info
Kasih info Kampung Arab Al-Munawar ya,ask_destination_info
Kasih info Palembang Trade Center ya,ask_destination_info
Kasih info Jakabaring ya,ask_destination_info
Kasih info Masjid Cheng Ho ya,ask_destination_info
Kasih info Kawah Tengkurep ya,ask_destination_info
Kasih info Palembang Icon ya,ask_destination_info
Kasih info Kambang Iwak ya,ask_destination_info
Mau tau sejarah Ampera,ask_destination_info
Mau tau sejarah Taman Kambang Iwak Besak,ask_destination_info
Mau tau sejarah Jembatan Ampera,ask_destination_info
Mau tau sejarah Al-Munawar,ask_destination_info
Mau tau sejarah BKB,ask_destination_info
Mau tau sejarah Palembang Square,ask_destination_info
Mau tau sejarah Fantasy Island,ask_destination_info
Mau tau sejarah PIM,ask_destination_info
Ceritain SMB dong,ask_destination_info
Ceritain OPI Mall dong,ask_destination_info
Ceritain Bukit Siguntang dong,ask_destination_info
Ceritain Kemaro dong,ask_destination_info
Ceritain Al Quran Al Akbar dong,ask_destination_info
Ceritain Hutan Wisata Punti Kayu dong,ask_destination_info
Ceritain Taman Kebon Rojo dong,ask_destination_info
Ceritain Monpera dong,ask_destination_info
Kampung Kapitan bagus gak?,ask_destination_info
Masjid Agung Palembang bagus gak?,ask_destination_info
Museum Balaputra Dewa bagus gak?,ask_destination_info
Kambang Iwak bagus gak?,ask_destination_info
Amanzi Waterpark bagus gak?,ask_destination_info
Pulau Kemaro bagus gak?,ask_destination_info
Amanzi bagus gak?,ask_destination_info
Siguntang bagus gak?,ask_destination_info
di dalem situ ada apa aja sih?,ask_destination_info
ceritain dong kenapa tempat ini viral,ask_destination_info
apa yang bikin Kambang Iwak ini spesial?,ask_destination_info
apa yang bikin Ampera ini spesial?,ask_destination_info
apa yang bikin Taman Kambang Iwak Besak ini spesial?,ask_destination_info
apa yang bikin Jembatan Ampera ini spesial?,ask_destination_info
apa yang bikin Al-Munawar ini spesial?,ask_destination_info
apa yang bikin BKB ini spesial?,ask_destination_info
apa yang bikin Palembang Square ini spesial?,ask_destination_info
apa yang bikin Fantasy Island ini spesial?,ask_destination_info
kenapa orang-orang suka ke PIM?,ask_destination_info
kenapa orang-orang suka ke SMB?,ask_destination_info
kenapa orang-orang suka ke OPI Mall?,ask_destination_info
kenapa orang-orang suka ke Bukit Siguntang?,ask_destination_info
kenapa orang-orang suka ke Kemaro?,ask_destination_info
kenapa orang-orang suka ke Al Quran Al Akbar?,ask_destination_info
kenapa orang-orang suka ke Hutan Wisata Punti Kayu?,ask_destination_info
kenapa orang-orang suka ke Taman Kebon Rojo?,ask_destination_info
di Monpera itu kita bisa ngapain aja?,ask_destination_info
di Kampung Kapitan itu kita bisa ngapain aja?,ask_destination_info
di Masjid Agung Palembang itu kita bisa ngapain aja?,ask_destination_info
di Museum Balaputra Dewa itu kita bisa ngapain aja?,ask_destination_info
di Kambang Iwak itu kita bisa ngapain aja?,ask_destination_info
di Amanzi Waterpark itu kita bisa ngapain aja?,ask_destination_info
di Pulau Kemaro itu kita bisa ngapain aja?,ask_destination_info
di Amanzi itu kita bisa ngapain aja?,ask_destination_info
ada apa aja sih di Siguntang?,ask_destination_info
ada apa aja sih di Monpera?,ask_destination_info
ada apa aja sih di Museum Sultan Mahmud Badaruddin II?,ask_destination_info
ada apa aja sih di Benteng Kuto Besak?,ask_destination_info
ada apa aja sih di Jakabaring Sport City?,ask_destination_info
ada apa aja sih di Kampung Kapitan?,ask_destination_info
ada apa aja sih di SMB II?,ask_destination_info
ada apa aja sih di Punti Kayu?,ask_destination_info
dulu tempat ini bekas apa?,ask_destination_info
asal usul Palembang Icon ini gimana ceritanya?,ask_destination_info
asal usul Kambang Iwak ini gimana ceritanya?,ask_destination_info
asal usul Ampera ini gimana ceritanya?,ask_destination_info
asal usul Taman Kambang Iwak Besak ini gimana ceritanya?,ask_destination_info
asal usul Jembatan Ampera ini gimana ceritanya?,ask_destination_info
asal usul Al-Munawar ini gimana ceritanya?,ask_destination_info
asal usul BKB ini gimana ceritanya?,ask_destination_info
asal usul Palembang Square ini gimana ceritanya?,ask_destination_info
Tell me about Kemaro Island,ask_destination_info
Tell me about Punti Kayu Forest,ask_destination_info
Tell me about Benteng Kuto Besak,ask_destination_info
Tell me about Kambang Iwak Park,ask_destination_info
Tell me about Jakabaring Sport City,ask_destination_info
What is Grand Mosque of Palembang?,ask_destination_info
What is Sultan Mahmud Badaruddin II Museum?,ask_destination_info
What is Kampung Kapitan?,ask_destination_info
What is Al-Munawar Arab Village?,ask_destination_info
What is Monpera?,ask_destination_info
Information about Ampera Bridge,ask_destination_info
Information about Kemaro Island,ask_destination_info
Information about Punti Kayu Forest,ask_destination_info
Information about Benteng Kuto Besak,ask_destination_info
Information about Kambang Iwak Park,ask_destination_info
Describe Jakabaring Sport City,ask_destination_info
Describe Grand Mosque of Palembang,ask_destination_info
Describe Sultan Mahmud Badaruddin II Museum,ask_destination_info
Describe Kampung Kapitan,ask_destination_info
Describe Al-Munawar Arab Village,ask_destination_info
What's special about Monpera?,ask_destination_info
What's special about Ampera Bridge?,ask_destination_info
What's special about Kemaro Island?,ask_destination_info
What's special about Punti Kayu Forest?,ask_destination_info
What's special about Benteng Kuto Besak?,ask_destination_info
Why is Kambang Iwak Park famous?,ask_destination_info
Why is Jakabaring Sport City famous?,ask_destination_info
Why is Grand Mosque of Palembang famous?,ask_destination_info
Why is Sultan Mahmud Badaruddin II Museum famous?,ask_destination_info
Why is Kampung Kapitan famous?,ask_destination_info
History of Al-Munawar Arab Village?,ask_destination_info
History of Monpera?,ask_destination_info
History of Ampera Bridge?,ask_destination_info
History of Kemaro Island?,ask_destination_info
History of Punti Kayu Forest?,ask_destination_info
What can I see at Benteng Kuto Besak?,ask_destination_info
What can I see at Kambang Iwak Park?,ask_destination_info
What can I see at Jakabaring Sport City?,ask_destination_info
What can I see at Grand Mosque of Palembang?,ask_destination_info
What can I see at Sultan Mahmud Badaruddin II Museum?,ask_destination_info
Is Kampung Kapitan worth visiting?,ask_destination_info
Is Al-Munawar Arab Village worth visiting?,ask_destination_info
Is Monpera worth visiting?,ask_destination_info
Is Ampera Bridge worth visiting?,ask_destination_info
Is Kemaro Island worth visiting?,ask_destination_info
What makes Punti Kayu Forest unique?,ask_destination_info
What makes Benteng Kuto Besak unique?,ask_destination_info
What makes Kambang Iwak Park unique?,ask_destination_info
What makes Jakabaring Sport City unique?,ask_destination_info
What makes Grand Mosque of Palembang unique?,ask_destination_info
Details about Sultan Mahmud Badaruddin II Museum?,ask_destination_info
Details about Kampung Kapitan?,ask_destination_info
Details about Al-Munawar Arab Village?,ask_destination_info
Details about Monpera?,ask_destination_info
Details about Ampera Bridge?,ask_destination_info
What's Kemaro Island like?,ask_destination_info
What's Punti Kayu Forest like?,ask_destination_info
What's Benteng Kuto Besak like?,ask_destination_info
What's Kambang Iwak Park like?,ask_destination_info
What's Jakabaring Sport City like?,ask_destination_info
Ceritakan tentangnya,ask_destination_info
Info lebih lanjut dong,ask_destination_info
Apa itu?,ask_destination_info
Jelaskan dong,ask_destination_info
Kasih tau deskripsinya,ask_destination_info
Sejarahnya gimana?,ask_destination_info
Menarik gak?,ask_destination_info
Bagus gak tempatnya?,ask_destination_info
Kayak apa sih tempatnya?,ask_destination_info
Tell me more,ask_destination_info
What is it?,ask_destination_info
More information please,ask_destination_info
Describe it,ask_destination_info
What's it like?,ask_destination_info
Is it worth visiting?,ask_destination_info
Wisata apa yang bisa dijangkau LRT?,ask_lrt_destinations
Destinasi yang dekat stasiun LRT?,ask_lrt_destinations
"Mau naik LRT, wisata apa yang dekat?",ask_lrt_destinations
Tempat wisata yang bisa diakses LRT?,ask_lrt_destinations
Wisata yang aksesnya lewat LRT apa aja?,ask_lrt_destinations
Ada wisata dekat LRT gak?,ask_lrt_destinations
Stasiun LRT terdekat ke tempat wisata mana?,ask_lrt_destinations
Wisata yang bisa pake LRT?,ask_lrt_destinations
Naik LRT bisa ke wisata mana aja?,ask_lrt_destinations
LRT Palembang lewat wisata mana?,ask_lrt_destinations
Tempat wisata yang dilalui LRT?,ask_lrt_destinations
Wisata accessible by LRT?,ask_lrt_destinations
"Mau keliling Palembang naik LRT, kemana aja?",ask_lrt_destinations
Rute LRT melewati wisata apa?,ask_lrt_destinations
Stasiun LRT dekat tempat wisata?,ask_lrt_destinations
Bisa naik LRT ke BKB?,ask_lrt_destinations
Apakah Ampera dekat stasiun LRT?,ask_lrt_destinations
LRT berhenti dekat wisata mana?,ask_lrt_destinations
Wisata yang gampang dijangkau LRT?,ask_lrt_destinations
Kak wisata yang bisa naik LRT apa aja?,ask_lrt_destinations
Min info wisata dekat LRT dong,ask_lrt_destinations
Mau jalan-jalan pakai LRT bisa kemana?,ask_lrt_destinations
Destinasi wisata LRT Palembang?,ask_lrt_destinations
Wisata yang paling dekat LRT?,ask_lrt_destinations
Ada gak wisata yang bisa ditempuh LRT?,ask_lrt_destinations
Tempat-tempat wisata yang aksesibel LRT?,ask_lrt_destinations
Wisata apa aja yang dekat jalur LRT?,ask_lrt_destinations
"Mau explore Palembang pakai LRT, kemana aja bisa?",ask_lrt_destinations
Rekomendasi wisata yang dekat stasiun LRT,ask_lrt_destinations
Wisata murah yang bisa naik LRT?,ask_lrt_destinations
Dari stasiun LRT bisa ke wisata apa?,ask_lrt_destinations
LRT Palembang stop di wisata mana?,ask_lrt_destinations
Apakah ada wisata yang bisa dijangkau LRT?,ask_lrt_destinations
Tolong kasih tau wisata dekat LRT,ask_lrt_destinations
Info wisata yang terjangkau LRT,ask_lrt_destinations
Wisata Palembang yang LRT friendly?,ask_lrt_destinations
Destinasi yang LRT accessible?,ask_lrt_destinations
Kemana aja bisa naik LRT untuk wisata?,ask_lrt_destinations
Apa BKB bisa dijangkau LRT?,ask_lrt_destinations
Apakah Ampera dekat LRT?,ask_lrt_destinations
Bisa naik LRT ke Kambang Iwak?,ask_lrt_destinations
Jakabaring aksesnya lewat LRT bisa?,ask_lrt_destinations
LRT bisa ke Monpera gak?,ask_lrt_destinations
SMB dekat stasiun LRT mana?,ask_lrt_destinations
Which tourist spots are near LRT stations?,ask_lrt_destinations
Can I reach tourist places by LRT?,ask_lrt_destinations
What destinations are accessible by LRT?,ask_lrt_destinations
LRT accessible tourist spots in Palembang?,ask_lrt_destinations
Where can I go by LRT for sightseeing?,ask_lrt_destinations
Are there tourist attractions near LRT stations?,ask_lrt_destinations
Which places can I visit using LRT?,ask_lrt_destinations
Tourist spots along LRT route?,ask_lrt_destinations
Can I take LRT to visit tourist places?,ask_lrt_destinations
LRT friendly tourist destinations?,ask_lrt_destinations
Is BKB near an LRT station?,ask_lrt_destinations
Can I take LRT to Ampera Bridge?,ask_lrt_destinations
What tourism spots are on the LRT line?,ask_lrt_destinations
Palembang LRT tourism destinations?,ask_lrt_destinations
Best places to visit by LRT?,ask_lrt_destinations
Rekomendasi wisata Palembang dong,ask_recommendation
Rekomendasikan tempat wisata di Palembang,ask_recommendation
Ada rekomendasi wisata gak?,ask_recommendation
Mau minta saran wisata Palembang,ask_recommendation
Saran tempat wisata di Palembang?,ask_recommendation
Wisata apa yang recommended di Palembang?,ask_recommendation
Tempat wisata yang wajib dikunjungi di Palembang?,ask_recommendation
Rekomendasikan destinasi wisata Palembang,ask_recommendation
Kasih rekomendasi wisata dong,ask_recommendation
Min rekomendasi wisata Palembang apa?,ask_recommendation
Wisata terbaik di Palembang apa?,ask_recommendation
Top wisata Palembang?,ask_recommendation
Wisata paling bagus di Palembang?,ask_recommendation
Tempat paling menarik di Palembang?,ask_recommendation
Mau jalan-jalan di Palembang kemana ya?,ask_recommendation
Enaknya kemana ya di Palembang?,ask_recommendation
Palembang punya wisata apa aja?,ask_recommendation
Ada wisata apa aja di Palembang?,ask_recommendation
Saranin wisata di Palembang dong,ask_recommendation
Bisa rekomendasikan tempat wisata?,ask_recommendation
Mau liburan di Palembang kemana ya?,ask_recommendation
Wisata Palembang yang populer apa?,ask_recommendation
Destinasi favorit di Palembang?,ask_recommendation
Wisata yang paling sering dikunjungi?,ask_recommendation
Tempat wisata ikonik Palembang?,ask_recommendation
Wisata instagramable Palembang?,ask_recommendation
Wisata yang cocok untuk keluarga?,ask_recommendation
Wisata romantis di Palembang?,ask_recommendation
Wisata untuk anak-anak di Palembang?,ask_recommendation
Tempat wisata murah di Palembang?,ask_recommendation
Wisata gratis di Palembang ada gak?,ask_recommendation
Wisata malam di Palembang kemana?,ask_recommendation
Wisata sore hari di Palembang?,ask_recommendation
Wisata weekend di Palembang?,ask_recommendation
Mau cari wisata yang seru di Palembang,ask_recommendation
Wisata apa yang cocok untuk foto-foto?,ask_recommendation
Rekomendasi wisata untuk liburan singkat,ask_recommendation
Wisata yang bisa dikunjungi sehari,ask_recommendation
Kak rekomendasiin dong wisata di Palembang,ask_recommendation
Min saran wisata dong,ask_recommendation
"anakku suka main air, enaknya bawa kemana ya?",ask_recommendation
aku lagi pengen makan enak sambil liat sungai,ask_recommendation
bingung mau bawa keluarga jalan-jalan kemana,ask_recommendation
ada ide tempat buat nongkrong sore?,ask_recommendation
tempat yang bagus buat foto-foto keluarga di mana ya?,ask_recommendation
aku butuh tempat healing yang tenang,ask_recommendation
lagi pengen liat pemandangan kota dari atas,ask_recommendation
Recommend tourist places in Palembang,ask_recommendation
What are the best places to visit in Palembang?,ask_recommendation
Top tourist attractions in Palembang?,ask_recommendation
Must-visit places in Palembang?,ask_recommendation
Suggest tourist spots in Palembang,ask_recommendation
Best things to do in Palembang?,ask_recommendation
What should I visit in Palembang?,ask_recommendation
Popular tourist spots in Palembang?,ask_recommendation
Recommend places to see in Palembang,ask_recommendation
Where should I go in Palembang?,ask_recommendation
Tourist recommendations for Palembang?,ask_recommendation
Best destinations in Palembang?,ask_recommendation
What are the iconic places in Palembang?,ask_recommendation
Suggest places for sightseeing in Palembang,ask_recommendation
Famous places in Palembang?,ask_recommendation
Things to do in Palembang?,ask_recommendation
Best places for tourists in Palembang?,ask_recommendation
What to see in Palembang?,ask_recommendation
Where to go in Palembang?,ask_recommendation
Palembang tourism recommendations?,ask_recommendation
Wisata wisata alam di Palembang apa aja?,ask_category
Ada wisata alam di Palembang?,ask_category
Rekomendasi wisata alam Palembang,ask_category
Tempat wisata alam di Palembang?,ask_category
Mau cari wisata alam di Palembang,ask_category
Info wisata alam Palembang dong,ask_category
Kak ada wisata alam gak di Palembang?,ask_category
Destinasi wisata alam Palembang?,ask_category
Yang termasuk wisata alam apa aja?,ask_category
Palembang punya wisata alam apa?,ask_category
Wisata wisata sejarah di Palembang apa aja?,ask_category
Ada wisata sejarah di Palembang?,ask_category
Rekomendasi wisata sejarah Palembang,ask_category
Tempat wisata sejarah di Palembang?,ask_category
Mau cari wisata sejarah di Palembang,ask_category
Info wisata sejarah Palembang dong,ask_category
Kak ada wisata sejarah gak di Palembang?,ask_category
Destinasi wisata sejarah Palembang?,ask_category
Yang termasuk wisata sejarah apa aja?,ask_category
Palembang punya wisata sejarah apa?,ask_category
Wisata wisata kuliner di Palembang apa aja?,ask_category
Ada wisata kuliner di Palembang?,ask_category
Rekomendasi wisata kuliner Palembang,ask_category
Tempat wisata kuliner di Palembang?,ask_category
Mau cari wisata kuliner di Palembang,ask_category
Info wisata kuliner Palembang dong,ask_category
Kak ada wisata kuliner gak di Palembang?,ask_category
Destinasi wisata kuliner Palembang?,ask_category
Yang termasuk wisata kuliner apa aja?,ask_category
Palembang punya wisata kuliner apa?,ask_category
Wisata wisata religi di Palembang apa aja?,ask_category
Ada wisata religi di Palembang?,ask_category
Rekomendasi wisata religi Palembang,ask_category
Tempat wisata religi di Palembang?,ask_category
Mau cari wisata religi di Palembang,ask_category
Info wisata religi Palembang dong,ask_category
Kak ada wisata religi gak di Palembang?,ask_category
Destinasi wisata religi Palembang?,ask_category
Yang termasuk wisata religi apa aja?,ask_category
Palembang punya wisata religi apa?,ask_category
Wisata wisata budaya di Palembang apa aja?,ask_category
Ada wisata budaya di Palembang?,ask_category
Rekomendasi wisata budaya Palembang,ask_category
Tempat wisata budaya di Palembang?,ask_category
Mau cari wisata budaya di Palembang,ask_category
Info wisata budaya Palembang dong,ask_category
Kak ada wisata budaya gak di Palembang?,ask_category
Destinasi wisata budaya Palembang?,ask_category
Yang termasuk wisata budaya apa aja?,ask_category
Palembang punya wisata budaya apa?,ask_category
Wisata taman di Palembang apa aja?,ask_category
Ada taman di Palembang?,ask_category
Rekomendasi taman Palembang,ask_category
Tempat taman di Palembang?,ask_category
Mau cari taman di Palembang,ask_category
Info taman Palembang dong,ask_category
Kak ada taman gak di Palembang?,ask_category
Destinasi taman Palembang?,ask_category
Yang termasuk taman apa aja?,ask_category
Palembang punya taman apa?,ask_category
Wisata museum di Palembang apa aja?,ask_category
Ada museum di Palembang?,ask_category
Rekomendasi museum Palembang,ask_category
Tempat museum di Palembang?,ask_category
Mau cari museum di Palembang,ask_category
Info museum Palembang dong,ask_category
Kak ada museum gak di Palembang?,ask_category
Destinasi museum Palembang?,ask_category
Yang termasuk museum apa aja?,ask_category
Palembang punya museum apa?,ask_category
Wisata masjid di Palembang apa aja?,ask_category
Ada masjid di Palembang?,ask_category
Rekomendasi masjid Palembang,ask_category
Tempat masjid di Palembang?,ask_category
Mau cari masjid di Palembang,ask_category
Info masjid Palembang dong,ask_category
Kak ada masjid gak di Palembang?,ask_category
Destinasi masjid Palembang?,ask_category
Yang termasuk masjid apa aja?,ask_category
Palembang punya masjid apa?,ask_category
What nature tourism are in Palembang?,ask_category
Any nature tourism in Palembang?,ask_category
Recommend nature tourism in Palembang,ask_category
nature tourism places in Palembang?,ask_category
Where can I find nature tourism in Palembang?,ask_category
List of nature tourism in Palembang?,ask_category
What historical sites are in Palembang?,ask_category
Any historical sites in Palembang?,ask_category
Recommend historical sites in Palembang,ask_category
historical sites places in Palembang?,ask_category
Where can I find historical sites in Palembang?,ask_category
List of historical sites in Palembang?,ask_category
What culinary tourism are in Palembang?,ask_category
Any culinary tourism in Palembang?,ask_category
Recommend culinary tourism in Palembang,ask_category
culinary tourism places in Palembang?,ask_category
Where can I find culinary tourism in Palembang?,ask_category
List of culinary tourism in Palembang?,ask_category
What religious tourism are in Palembang?,ask_category
Any religious tourism in Palembang?,ask_category
Recommend religious tourism in Palembang,ask_category
religious tourism places in Palembang?,ask_category
Where can I find religious tourism in Palembang?,ask_category
List of religious tourism in Palembang?,ask_category
What cultural tourism are in Palembang?,ask_category
Any cultural tourism in Palembang?,ask_category
Recommend cultural tourism in Palembang,ask_category
cultural tourism places in Palembang?,ask_category
Where can I find cultural tourism in Palembang?,ask_category
List of cultural tourism in Palembang?,ask_category
What parks are in Palembang?,ask_category
Any parks in Palembang?,ask_category
Recommend parks in Palembang,ask_category
parks places in Palembang?,ask_category
Where can I find parks in Palembang?,ask_category
List of parks in Palembang?,ask_category
What museums are in Palembang?,ask_category
Any museums in Palembang?,ask_category
Recommend museums in Palembang,ask_category
museums places in Palembang?,ask_category
Where can I find museums in Palembang?,ask_category
List of museums in Palembang?,ask_category
Wisata alam di Palembang ada apa aja?,ask_category
Mau ke tempat bersejarah di Palembang,ask_category
Ada wisata kuliner gak di Palembang?,ask_category
Wisata religi Palembang apa aja?,ask_category
Tempat wisata budaya Palembang?,ask_category
Taman di Palembang ada apa aja?,ask_category
Museum di Palembang apa aja?,ask_category
Masjid bersejarah di Palembang?,ask_category
Wisata air di Palembang ada?,ask_category
Wisata sungai Palembang?,ask_category
Wisata edukasi di Palembang?,ask_category
Wisata outdoor Palembang?,ask_category
Wisata indoor Palembang?,ask_category
Destinasi kategori alam?,ask_category
Tempat bersejarah apa aja?,ask_category
Ada taman kota di Palembang?,ask_category
Wisata yang bernuansa Islami?,ask_category
Tempat wisata bertema budaya Melayu?,ask_category
Wisata Tionghoa di Palembang?,ask_category
Wisata Arab di Palembang?,ask_category
Nature spots in Palembang?,ask_category
Historical places in Palembang?,ask_category
Food tourism in Palembang?,ask_category
Religious sites in Palembang?,ask_category
Cultural attractions in Palembang?,ask_category
Parks in Palembang?,ask_category
Museums in Palembang?,ask_category
Hidden gems di Palembang apa?,ask_hidden_gems
Wisata tersembunyi di Palembang?,ask_hidden_gems
Tempat wisata yang jarang dikunjungi di Palembang?,ask_hidden_gems
Ada hidden gems gak di Palembang?,ask_hidden_gems
Wisata yang belum banyak orang tau di Palembang?,ask_hidden_gems
Tempat wisata unik di Palembang?,ask_hidden_gems
Wisata anti mainstream Palembang?,ask_hidden_gems
Destinasi rahasia Palembang?,ask_hidden_gems
Wisata off the beaten path Palembang?,ask_hidden_gems
Tempat yang belum terkenal di Palembang?,ask_hidden_gems
Wisata yang belum viral di Palembang?,ask_hidden_gems
Tempat keren tapi belum terkenal di Palembang?,ask_hidden_gems
Wisata sepi tapi bagus di Palembang?,ask_hidden_gems
Hidden gem Palembang yang recommended?,ask_hidden_gems
Ada wisata yang jarang orang tau?,ask_hidden_gems
Mau ke tempat yang unik dan sepi,ask_hidden_gems
Wisata yang belum mainstream?,ask_hidden_gems
Tempat wisata yang gak rame?,ask_hidden_gems
Rekomendasi hidden gems dong,ask_hidden_gems
Kak ada hidden gems gak?,ask_hidden_gems
Min kasih tau hidden gems Palembang,ask_hidden_gems
Wisata Palembang yang belum banyak orang kunjungi?,ask_hidden_gems
Ada tempat wisata baru di Palembang?,ask_hidden_gems
Wisata baru yang belum terkenal?,ask_hidden_gems
Tempat wisata alternatif Palembang?,ask_hidden_gems
Destinasi tersembunyi Palembang ada gak?,ask_hidden_gems
Wisata yang gak pasaran di Palembang?,ask_hidden_gems
Tempat yang underrated di Palembang?,ask_hidden_gems
Wisata Palembang yang aesthetic tapi sepi?,ask_hidden_gems
Ada gak wisata yang masih asri di Palembang?,ask_hidden_gems
Hidden gems in Palembang?,ask_hidden_gems
Off the beaten path places in Palembang?,ask_hidden_gems
Underrated tourist spots in Palembang?,ask_hidden_gems
Secret places in Palembang?,ask_hidden_gems
Lesser known attractions in Palembang?,ask_hidden_gems
Unique places to visit in Palembang?,ask_hidden_gems
Non-touristy places in Palembang?,ask_hidden_gems
Hidden spots in Palembang?,ask_hidden_gems
Undiscovered places in Palembang?,ask_hidden_gems
Alternative tourist spots in Palembang?,ask_hidden_gems
Any hidden gems to visit?,ask_hidden_gems
Places that tourists don't usually go?,ask_hidden_gems
Quiet but beautiful places in Palembang?,ask_hidden_gems
Unexplored attractions in Palembang?,ask_hidden_gems
Local favorites in Palembang?,ask_hidden_gems
Bagus infonya,provide_feedback
Mantap,provide_feedback
Keren,provide_feedback
Oke sip,provide_feedback
Informasinya membantu,provide_feedback
Sangat membantu,provide_feedback
Berguna banget,provide_feedback
Terima kasih infonya sangat berguna,provide_feedback
Wah keren infonya,provide_feedback
Suka sama jawabannya,provide_feedback
Jawabannya lengkap,provide_feedback
Oke bagus,provide_feedback
Infonya akurat,provide_feedback
Mantap kak,provide_feedback
Keren banget infonya,provide_feedback
Membantu banget,provide_feedback
Jelas banget penjelasannya,provide_feedback
Oke paham,provide_feedback
Noted kak,provide_feedback
Siap kak,provide_feedback
Oke kak noted,provide_feedback
Makasih infonya kak,provide_feedback
Membantu banget kak,provide_feedback
Wah makasih infonya lengkap,provide_feedback
Oke sip mantap,provide_feedback
Infonya oke banget,provide_feedback
Lengkap banget infonya,provide_feedback
Penjelasannya bagus kak,provide_feedback
Jawabannya memuaskan,provide_feedback
Bot nya pintar ya,provide_feedback
Chatbot nya bagus,provide_feedback
Aplikasinya keren,provide_feedback
Suka sama aplikasinya,provide_feedback
Infonya detail banget,provide_feedback
Jawaban yang sangat membantu,provide_feedback
Oke terima kasih jawabannya,provide_feedback
Sip lanjut kak,provide_feedback
Jawaban yang memuaskan,provide_feedback
Oke mantul,provide_feedback
Mantul kak,provide_feedback
Good info,provide_feedback
Nice info,provide_feedback
Nais,provide_feedback
Jos,provide_feedback
Keren sih ini botnya,provide_feedback
Canggih botnya,provide_feedback
Pinter ya botnya,provide_feedback
Jawabannya cepat,provide_feedback
Responnya cepat ya,provide_feedback
Informatif banget,provide_feedback
5 bintang deh,provide_feedback
Rating 5 untuk botnya,provide_feedback
Recommended banget aplikasinya,provide_feedback
Suka deh,provide_feedback
Great info,provide_feedback
Very helpful,provide_feedback
Thanks for the info,provide_feedback
That's helpful,provide_feedback
Good answer,provide_feedback
Nice,provide_feedback
Perfect,provide_feedback
Exactly what I needed,provide_feedback
Very informative,provide_feedback
Useful information,provide_feedback
Great bot,provide_feedback
Smart bot,provide_feedback
Amazing response,provide_feedback
Very detailed,provide_feedback
Good job,provide_feedback
Well explained,provide_feedback
Clear explanation,provide_feedback
Understood,provide_feedback
Got it,provide_feedback
That makes sense,provide_feedback
Wonderful,provide_feedback
Excellent information,provide_feedback
5 stars,provide_feedback
Love this bot,provide_feedback
The answer is very detailed,provide_feedback
Very accurate,provide_feedback
Siapa presiden Indonesia?,ask_unrelated
Cuaca hari ini gimana?,ask_unrelated
Resep nasi goreng dong,ask_unrelated
Cara masak rendang gimana?,ask_unrelated
Berapa harga iPhone terbaru?,ask_unrelated
Kapan piala dunia?,ask_unrelated
Siapa pemenang Liga Champions?,ask_unrelated
Kurs dollar hari ini berapa?,ask_unrelated
Cara daftar CPNS gimana?,ask_unrelated
Lowongan kerja di Palembang?,ask_unrelated
Bagaimana cara diet?,ask_unrelated
Tips menurunkan berat badan?,ask_unrelated
Resep pempek palembang,ask_unrelated
Cara bikin cuko pempek,ask_unrelated
Apa itu cryptocurrency?,ask_unrelated
Cara main saham?,ask_unrelated
Kenapa langit biru?,ask_unrelated
Kapan kiamat?,ask_unrelated
Siapa penemu lampu?,ask_unrelated
Rumus pythagoras?,ask_unrelated
Ceritakan tentang dinosaurus,ask_unrelated
Apa itu AI?,ask_unrelated
Bagaimana cara belajar coding?,ask_unrelated
Tips belajar bahasa Inggris?,ask_unrelated
Film terbaru 2024 apa?,ask_unrelated
Anime yang bagus apa?,ask_unrelated
Lagu hits 2024 apa?,ask_unrelated
Siapa BTS?,ask_unrelated
Cara menghilangkan jerawat?,ask_unrelated
Tips perawatan kulit?,ask_unrelated
Apa obat sakit kepala?,ask_unrelated
Cara mengobati flu?,ask_unrelated
Jadwal kereta api Jakarta?,ask_unrelated
Tiket pesawat ke Bali berapa?,ask_unrelated
Wisata Bali yang bagus?,ask_unrelated
Hotel murah di Jakarta?,ask_unrelated
Universitas terbaik Indonesia?,ask_unrelated
Cara daftar kuliah?,ask_unrelated
Apa itu machine learning?,ask_unrelated
Python atau Java lebih bagus?,ask_unrelated
Bagaimana cara memasak telur?,ask_unrelated
Resep kue bolu?,ask_unrelated
Harga emas hari ini?,ask_unrelated
Prediksi cuaca besok?,ask_unrelated
Siapa gubernur Palembang?,ask_unrelated
Jadwal sholat hari ini?,ask_unrelated
Kode pos Palembang berapa?,ask_unrelated
Rumah sakit terdekat?,ask_unrelated
Apotek 24 jam di Palembang?,ask_unrelated
Taxi online di Palembang?,ask_unrelated
Aku lagi sedih nih,ask_unrelated
Aku bosan,ask_unrelated
Kamu siapa?,ask_unrelated
Kamu robot ya?,ask_unrelated
Apakah kamu AI?,ask_unrelated
Kamu punya perasaan?,ask_unrelated
Ceritakan joke dong,ask_unrelated
Kasih pantun dong,ask_unrelated
Nyanyiin lagu dong,ask_unrelated
Gambar kucing dong,ask_unrelated
Apa arti cinta?,ask_unrelated
Bagaimana cara move on?,ask_unrelated
Curhatan aku dong,ask_unrelated
Aku mau cerita,ask_unrelated
Halo kamu cantik,ask_unrelated
Kamu pintar ya,ask_unrelated
Kamu bodoh,ask_unrelated
1+1 berapa?,ask_unrelated
Akar kuadrat dari 144?,ask_unrelated
Translate bahasa Inggris dong,ask_unrelated
Apa bahasa Inggrisnya kucing?,ask_unrelated
kamu bot beneran ya?,ask_unrelated
kok jawabannya lambat,ask_unrelated
ini jawaban template ya?,ask_unrelated
siapa yang bikin kamu?,ask_unrelated
kamu bisa jawab apa aja sih?,ask_unrelated
kamu manusia apa robot?,ask_unrelated
aku lagi ngomong sama komputer ya?,ask_unrelated
adminnya mana?,ask_unrelated
Who is the president of Indonesia?,ask_unrelated
What's the weather today?,ask_unrelated
How to cook fried rice?,ask_unrelated
What's the price of iPhone?,ask_unrelated
When is the World Cup?,ask_unrelated
What's cryptocurrency?,ask_unrelated
How to learn programming?,ask_unrelated
What's the meaning of life?,ask_unrelated
Tell me a joke,ask_unrelated
Who invented electricity?,ask_unrelated
What's 2+2?,ask_unrelated
How to lose weight?,ask_unrelated
Best movies of 2024?,ask_unrelated
What's the capital of France?,ask_unrelated
How to make money online?,ask_unrelated
What's Bitcoin?,ask_unrelated
Tell me about dinosaurs,ask_unrelated
What is AI?,ask_unrelated
How to cook an egg?,ask_unrelated
Recipe for chocolate cake?,ask_unrelated
Flight tickets to Bali?,ask_unrelated
Hotels in Jakarta?,ask_unrelated
Best universities in Indonesia?,ask_unrelated
How to get a visa?,ask_unrelated
What's the time?,ask_unrelated
I'm bored,ask_unrelated
Who are you?,ask_unrelated
Are you a robot?,ask_unrelated
Do you have feelings?,ask_unrelated
Sing me a song,ask_unrelated
Tell me a story,ask_unrelated
What's love?,ask_unrelated
How to move on?,ask_unrelated
