text,label
Maaf mau tanya Palembang punya masjid apa sih,ask_category
"Hi, first time in Palembang",greet
Kak jadwal sholat hari ini?,ask_unrelated
1+1 berapa? ya,ask_unrelated
Bang What's the weather today deh,ask_unrelated
Maaf mau tanya Great bot nih,provide_feedback
Kak Kapan kiamat? ya,ask_unrelated
Taman Kambang Iwak Besak tutup jam berapa?,ask_operating_hours
Jakabaring ada tempat istirahat?,ask_facilities
Min Wisata anti mainstream Palembang ya,ask_hidden_gems
Mau nanya dong Underrated tourist spots in Palembang nih,ask_hidden_gems
Kak Recommend historical sites in Palembang nih,ask_category
Oke deh bye,goodbye
Info taman Palembang dong,ask_category
Permisi Wah keren infonya? dong,provide_feedback
Bang Palembang punya taman apa? ya,ask_category
Halo Address of Sultan Mahmud Badaruddin II Museum nih,ask_location_access
Mau nanya dong Kapan sih Palembang Trade Center buka dong,ask_operating_hours
Min Ada wifi di OPI Mall?,ask_facilities
Jelas banget penjelasannya? ya,provide_feedback
Mau nanya dong Taman di Palembang ada apa aja,ask_category
min harga masuk KI berapa?,ask_ticket_price
Halo saran wisata dong? ya,ask_recommendation
Maaf mau tanya Mantul kak? ya,provide_feedback
Wisata wisata sejarah di Palembang apa aja?,ask_category
off the beaten path places in palembang?,ask_hidden_gems
Mau nanya dong Wisata apa yang cocok untuk foto-foto nih,ask_recommendation
Bang Info wisata yang terjangkau LRT deh,ask_lrt_destinations
Is Monpera open today?,ask_operating_hours
"Hello, where can i go by lrt for sightseeing?",ask_lrt_destinations
Eh SMB buka jam berapa?,ask_operating_hours
Fasilitasnya apa aja?,ask_facilities
Min ada fasilitas apa di Bukit Siguntang?,ask_facilities
Bang Tempat-tempat wisata yang aksesibel LRT?,ask_lrt_destinations
Hey how to reach grand mosque of palembang?,ask_location_access
Min does OPI Mall have food stalls?,ask_facilities
Kak Info fasilitas Amanzi Waterpark dong,ask_facilities
Resep nasi goreng dong,ask_unrelated
Min Cuaca hari ini gimana dong,ask_unrelated
Kak Tempat makan di sekitar Al-Munawar ada? ya,ask_facilities
Destinasi kategori alam?,ask_category
Maaf mau tanya Kak dimana ya Museum Balaputra Dewa? ya,ask_location_access
Min Destinasi yang dekat stasiun LRT sih,ask_lrt_destinations
Alamat Monpera dimana?,ask_location_access
asal usul Palembang Square ini gimana ceritanya?,ask_destination_info
Apakah Ampera dekat LRT?,ask_lrt_destinations
"Please good morning, i have a question please",greet
"Excuse me, Are there toilets at Pasar 16 Ilir Park?",ask_facilities
Bang tiket Al-Munawar berapa?,ask_ticket_price
Apa keunikan Monpera?,ask_destination_info
Min alamat Masjid Cheng Ho apa ya?,ask_location_access
"Hello, what time does grand mosque of palembang open??",ask_operating_hours
weekend BKB buka?,ask_operating_hours
Alamat lengkap Kemaro dong,ask_location_access
Bang Lokasi Jakabaring dimana kak?,ask_location_access
Kemaro ada kantin gak?,ask_facilities
Permisi apa itu ai? dong,ask_unrelated
Min alamat SMB apa ya?,ask_location_access
Jelaskan dong,ask_destination_info
Maaf mau tanya Destinasi tersembunyi Palembang ada gak deh,ask_hidden_gems
Kak Jakabaring itu tempat apa sih?,ask_destination_info
Kak hallloo dong,greet
Eh lagi pengen liat pemandangan kota dari atas nih,ask_recommendation
Eh Ada wisata yang jarang orang tau ya,ask_hidden_gems
Halo Oke paham? ya,provide_feedback
Halo Wisata yang belum banyak orang tau di Palembang deh,ask_hidden_gems
"Min Hi, I'd like to ask something nih",greet
Bang mau ke tempat yang unik dan sepi nih,ask_hidden_gems
Amanzi buka jam berapa?,ask_operating_hours
Halo Jelas banget penjelasannya deh,provide_feedback
Bang Haai?,greet
Siang kak? dong,greet
Kak Bagus infonya deh,provide_feedback
Is Punti Kayu Forest child-friendly?,ask_facilities
cek,greet
Min Rekomendasi wisata budaya Palembang dong,ask_category
Ceritakan tentang Jembatan Ampera,ask_destination_info
Mau nanya dong kamu bot beneran ya,ask_unrelated
"Hi, What can I see at Sultan Mahmud Badaruddin II Museum please",ask_destination_info
Mau nanya dong alternative tourist spots in palembang?,ask_hidden_gems
How much does it cost to enter Kambang Iwak Park?,ask_ticket_price
Bang rekomendasi wisata alam palembang deh,ask_category
Halo Masuk Bukit Siguntang gratis atau bayar?,ask_ticket_price
Mau nanya dong mau tau sejarah Kampung Kapitan dong,ask_destination_info
Permisi Fasilitas apa saja di Bukit Siguntang dong,ask_facilities
Permisi Wisata wisata alam di Palembang apa aja dong,ask_category
Eh Hidden gem Palembang yang recommended sih,ask_hidden_gems
Kak Rekomendasikan tempat wisata di Palembang dong,ask_recommendation
Terima kasih banyak,goodbye
Permisi Mau ke tempat bersejarah di Palembang sih,ask_category
Eh LRT berhenti dekat wisata mana ya,ask_lrt_destinations
Maaf mau tanya kak ada wisata budaya gak di palembang?,ask_category
Maaf mau tanya Biaya tiket Jakabaring Sport City berapa kak,ask_ticket_price
Maaf mau tanya Oke sip mantap,provide_feedback
Bang weekend Bukit Siguntang buka?,ask_operating_hours
Halo Akses ke Taman Kambang Iwak Besak mudah gak? ya,ask_location_access
Eh historical sites places in palembang? dong,ask_category
Taman Kambang Iwak Besak bayar berapa?,ask_ticket_price
Permisi Great bot? ya,provide_feedback
Permisi Weekday Punti Kayu buka jam berapa dong,ask_operating_hours
Good job,provide_feedback
Mau nanya dong Ada wisata sejarah di Palembang deh,ask_category
What time does Benteng Kuto Besak close?,ask_operating_hours
Bang hallloo nih,greet
Maaf mau tanya informasinya membantu dong,provide_feedback
Bang Thank you nih,goodbye
"hi, can you help me??",greet
Min Jadwal sholat hari ini? ya,ask_unrelated
Eh Cara daftar CPNS gimana,ask_unrelated
Berapa biaya masuk ke Museum Balaputra Dewa?,ask_ticket_price
Infonya akurat?,provide_feedback
Bang Hidden gem Palembang yang recommended sih,ask_hidden_gems
Mau nanya dong LRT accessible tourist spots in Palembang dong,ask_lrt_destinations
Mau nanya dong Fasilitas apa saja di Museum Sultan Mahmud Badaruddin II,ask_facilities
Lagu hits 2024 apa?,ask_unrelated
Maaf mau tanya hey bot,greet
"Hi, What days is Kampung Arab Al-Munawar open?",ask_operating_hours
OPI Mall jauh gak dari pusat kota?,ask_location_access
Permisi lengkap banget infonya sih,provide_feedback
Woi,greet
Maaf mau tanya Permisi,greet
Kak Bye for now? ya,goodbye
Eh hotels in jakarta?,ask_unrelated
Tiket masuk ke Siguntang sekarang berapa ya?,ask_ticket_price
Maaf mau tanya Okay thanks dong,goodbye
Palembang Square ada tempat istirahat?,ask_facilities
Min apakah Monpera dekat lrt?,ask_lrt_destinations
"Hi, Can I take LRT to Kampung Kapitan Bridge?",ask_lrt_destinations
"Hello, What's the location of Sultan Mahmud Badaruddin II Museum",ask_location_access
Permisi KI buka setiap hari?,ask_operating_hours
Mau tau sejarah Ampera,ask_destination_info
Bagaimana cara ke Kampung Kapitan?,ask_location_access
Halo infonya oke banget ya,provide_feedback
Min Popular tourist spots in Palembang deh,ask_recommendation
Bang Places that tourists don't usually go ya,ask_hidden_gems
Eh Hello TanyaKito deh,greet
aku lagi pengen makan enak sambil liat sungai,ask_recommendation
Kak Kenapa Pasar 16 Ilir terkenal nih,ask_destination_info
Min Siapa presiden Indonesia?,ask_unrelated
Mau nanya dong Bukit Siguntang di mana ya,ask_location_access
Bang Kampung Arab Al-Munawar terkenal karena apa ya,ask_destination_info
Halo Secret places in Palembang,ask_hidden_gems
Maaf mau tanya Tempat wisata unik di Palembang nih,ask_hidden_gems
can i take public transport to Kawah Tengkurep park?,ask_location_access
Monpera deket stasiun LRT mana?,ask_location_access
Maaf mau tanya kak ada masjid gak di palembang? ya,ask_category
Bang mau jalan-jalan pakai lrt bisa kemana? dong,ask_lrt_destinations
Mau nanya dong Palembang punya wisata alam apa nih,ask_category
Please list of cultural tourism in palembang?,ask_category
Halo oke terima kasih sih,goodbye
Min Bayar berapa kalo masuk PIM?,ask_ticket_price
Bang sing me a song nih,ask_unrelated
Halo Jawabannya memuaskan deh,provide_feedback
Maaf mau tanya Tolong kasih tau alamat Pasar 16 Ilir,ask_location_access
"Excuse me, Is Hutan Wisata Punti Kayu far from the city center?",ask_location_access
Halo Parks in Palembang? dong,ask_category
Halo What's cryptocurrency nih,ask_unrelated
Halo,greet
Info harga tiket Kampung Kapitan dong,ask_ticket_price
Bang Fasilitas apa saja di Pulau Kemaro?,ask_facilities
Permisi Fasilitas pendukung KI sih,ask_facilities
Mau nanya dong oke paham deh,provide_feedback
Bang bisa naik lrt ke Punti Kayu?,ask_lrt_destinations
Off the beaten path places in Palembang?,ask_hidden_gems
Assalamualaikum bye,goodbye
Infonya akurat,provide_feedback
Kak ada wisata religi gak di Palembang?,ask_category
Eh mau jalan-jalan pakai lrt bisa kemana? dong,ask_lrt_destinations
Wisata gratis di Palembang ada gak sih,ask_recommendation
Harga tiket masuk Kambang Iwak sekarang berapa? dong,ask_ticket_price
Maaf mau tanya Mau tanya nih,greet
"Maaf mau tanya Hi there, I need some information sih",greet
What's the entry fee?,ask_ticket_price
Halo is Jakabaring forest open on sunday?,ask_operating_hours
Permisi palembang punya wisata kuliner apa?,ask_category
LRT Palembang stop di wisata mana dong,ask_lrt_destinations
Wisata yang cocok untuk keluarga?,ask_recommendation
Apakah Ampera buka hari Minggu?,ask_operating_hours
Can I take public transport to Kampung Kapitan?,ask_location_access
HTM Jembatan Ampera berapa?,ask_ticket_price
Maaf mau tanya Makasih udah bantu?,goodbye
Hari ini Siguntang buka gak ya?,ask_operating_hours
Min Kampung Kapitan ada kantin gak deh,ask_facilities
Bang tiket Monpera berapa?,ask_ticket_price
Please What tourism spots are on the LRT line please,ask_lrt_destinations
"Permisi anakku suka main air, enaknya bawa kemana ya? dong",ask_recommendation
Mau nanya dong suka sama aplikasinya dong,provide_feedback
Halo Sing me a song sih,ask_unrelated
Kak Bagaimana cara belajar coding? dong,ask_unrelated
"Kak Mau keliling Palembang naik LRT, kemana aja sih",ask_lrt_destinations
Maaf mau tanya which tourist spots are near lrt stations?,ask_lrt_destinations
Permisi Yang termasuk taman apa aja sih,ask_category
asalamualaikum deh,greet
kenapa orang-orang suka ke Bukit Siguntang?,ask_destination_info
Tempat wisata yang dilalui LRT?,ask_lrt_destinations
Maaf mau tanya lrt palembang stop di wisata mana?,ask_lrt_destinations
Halo Alright thanks,goodbye
Palembang punya wisata kuliner apa?,ask_category
Mau nanya dong jos deh,provide_feedback
Please Is there an entry fee for Amanzi Waterpark Park,ask_ticket_price
Location of Jakabaring Sport City?,ask_location_access
Mau nanya dong hidden gems in palembang?,ask_hidden_gems
Bang fasilitas Taman Kambang Iwak Besak apa aja ya,ask_facilities
Halo Thanks udah bantu ya? ya,goodbye
Kak Price to enter Benteng Kuto Besak?,ask_ticket_price
Museum Balaputra Dewa buka jam berapa?,ask_operating_hours
Halo OPI Mall deket stasiun LRT mana?,ask_location_access
Bang Prediksi cuaca besok? dong,ask_unrelated
Kak Mau cari museum di Palembang deh,ask_category
Mau nanya dong mau cari museum di palembang sih,ask_category
Permisi OPI Mall ada tempat parkir dong,ask_facilities
Eh Wisata tersembunyi di Palembang sih,ask_hidden_gems
Eh wisata yang cocok untuk keluarga?,ask_recommendation
Eh Hai boleh tanya? ya,greet
Permisi Fasilitas pendukung Monpera nih,ask_facilities
Selamat tinggal,goodbye
Mau nanya dong Quiet but beautiful places in Palembang,ask_hidden_gems
Eh Tempat wisata yang dilalui LRT,ask_lrt_destinations
Mau nanya dong fasilitas umum di BKB apa aja? ya,ask_facilities
Please Is Museum Sultan Mahmud Badaruddin II Bridge open in the morning??,ask_operating_hours
Eh Mau tanya nih? dong,greet
Maaf mau tanya Tempat yang belum terkenal di Palembang? ya,ask_hidden_gems
Hey list of religious tourism in palembang??,ask_category
Dari jam berapa Masjid Cheng Ho buka?,ask_operating_hours
Please Are there toilets at Jembatan Ampera?,ask_facilities
Maaf mau tanya Responnya cepat ya? ya,provide_feedback
Min Film terbaru 2024 apa,ask_unrelated
Tell me a joke,ask_unrelated
Bang Cara menuju Kampung Kapitan gimana deh,ask_location_access
I want to know the answer is very detailed,provide_feedback
Bang clear explanation ya,provide_feedback
Min Apakah Kambang Iwak gratis ya,ask_ticket_price
Min Mau jalan-jalan di Palembang kemana ya?,ask_recommendation
Fasilitas Siguntang lengkap gak?,ask_facilities
Maaf mau tanya What's Taman Kambang Iwak Besak Park like?,ask_destination_info
Thanks,goodbye
Min Bisa naik LRT ke Fantasy Island dong,ask_lrt_destinations
Kak ada ide tempat buat nongkrong sore dong,ask_recommendation
"Eh bye, thanks for everything dong",goodbye
PTC ramah anak gak?,ask_facilities
Mau nanya dong Ada hidden gems gak di Palembang deh,ask_hidden_gems
"Excuse me, What can I see at Grand Mosque of Palembang?",ask_destination_info
Apa keunikan Pulau Kemaro?,ask_destination_info
Bang Tourist spots along LRT route,ask_lrt_destinations
Bang Kapan sih Pulau Kemaro buka dong,ask_operating_hours
ada ide tempat buat nongkrong sore?,ask_recommendation
Maaf mau tanya ping sih,greet
"Hello, What days is Grand Mosque of Palembang open",ask_operating_hours
Min Kenapa Amanzi Waterpark terkenal? ya,ask_destination_info
kak ada wisata kuliner gak di palembang?,ask_category
Kak Wisata yang cocok untuk keluarga? ya,ask_recommendation
Maaf mau tanya Smart bot sih,provide_feedback
Bang Kamu bodoh? dong,ask_unrelated
Hey Can I take LRT to visit tourist places,ask_lrt_destinations
Eh What's available at Punti Kayu Island dong,ask_facilities
Eh Location of SMB Forest ya,ask_location_access
Wisata museum di Palembang apa aja?,ask_category
Permisi Okay thanks?,goodbye
Min Wisata yang paling sering dikunjungi sih,ask_recommendation
Update harga tiket SMB dong,ask_ticket_price
Mau ke Jakabaring lewat mana?,ask_location_access
Are there restrooms?,ask_facilities
Bang Harga tiket Taman Kebon Rojo berapa ya,ask_ticket_price
halo saya turis nih,greet
Min Ceritakan tentang BKB?,ask_destination_info
Halo Apakah ada wisata yang bisa dijangkau LRT?,ask_lrt_destinations
Please Is Kawah Tengkurep Park open in the morning?,ask_operating_hours
What is Al-Munawar Arab Village?,ask_destination_info
Eh Apakah Jakabaring dekat LRT?,ask_lrt_destinations
How much is the ticket to Kemaro Island?,ask_ticket_price
Kak ? ya,greet
is PIM open today? ya,ask_operating_hours
Please What should I visit in Palembang thanks,ask_recommendation
How to reach Monpera?,ask_location_access
Kak berapa harga tiket Taman Kebon Rojo?,ask_ticket_price
Rute ke Jembatan Ampera gimana?,ask_location_access
Permisi Any hidden gems to visit sih,ask_hidden_gems
Bang hidden gems di palembang apa?,ask_hidden_gems
Maaf mau tanya Wah makasih infonya lengkap dong,provide_feedback
Kak berapa harga tiket Taman Kambang Iwak Besak?,ask_ticket_price
Haai,greet
Permisi bingung mau bawa keluarga jalan-jalan kemana sih,ask_recommendation
I want to know Unique places to visit in Palembang thanks,ask_hidden_gems
Kak masuk Pasar 16 Ilir gratis atau bayar?,ask_ticket_price
Eh berguna banget deh,provide_feedback
Monpera ada toilet gak?,ask_facilities
Maaf mau tanya kak mau tanya ya,greet
Can I take public transport to Ampera Bridge?,ask_location_access
Permisi Masjid Cheng Ho dekat stasiun LRT mana dong,ask_lrt_destinations
Kak Punti Kayu bisa ditempuh pakai apa?,ask_location_access
Bang siapa di sini dong,greet
Taxi online di Palembang?,ask_unrelated
What does it cost to visit Kemaro Island?,ask_ticket_price
Halo ada fasilitas apa di Siguntang? dong,ask_facilities
Bayar berapa kalo masuk Palembang Trade Center?,ask_ticket_price
Bang Nais,provide_feedback
ada apa aja sih di Museum Sultan Mahmud Badaruddin II?,ask_destination_info
Amanzi hari libur buka gak?,ask_operating_hours
What amenities does KI offer nih,ask_facilities
Kak rekomendasi wisata yang dekat stasiun lrt dong,ask_lrt_destinations
Maaf mau tanya ceritain dong kenapa tempat ini viral nih,ask_destination_info
"Halo Thank you, goodbye",goodbye
Eh info tentang Kemaro ya,ask_destination_info
Is admission to Kambang Iwak Park free?,ask_ticket_price
Tempat wisata yang wajib dikunjungi di Palembang?,ask_recommendation
Palembang punya wisata alam apa?,ask_category
Min taman di palembang ada apa aja? dong,ask_category
"Mau nanya dong great, thanks",goodbye
"Hi, where is SMB bridge?",ask_location_access
"Halo great, thanks",goodbye
Bang terima kasih sih,goodbye
Eh Kemaro fasilitasnya apa aja? ya,ask_facilities
Hey When is PTC open thanks,ask_operating_hours
Do I need to pay to enter Kampung Kapitan?,ask_ticket_price
Tiket masuk Kemaro berapa?,ask_ticket_price
Min Local favorites in Palembang? dong,ask_hidden_gems
That's helpful,provide_feedback
Maaf mau tanya What's the time? dong,ask_unrelated
Kak Tempat wisata yang gak rame dong,ask_hidden_gems
Maaf mau tanya What's Taman Kebon Rojo like? dong,ask_destination_info
Min See you? dong,goodbye
Kak jadwal buka Hutan Wisata Punti Kayu kapan ya?,ask_operating_hours
Min Bye kak makasih ya? dong,goodbye
Kak Monpera ada area bermain anak?,ask_facilities
Eh Wisata yang bisa pake LRT deh,ask_lrt_destinations
Dari mana ke Kemaro?,ask_location_access
Permisi Ticket price nih,ask_ticket_price
Opening hours for Grand Mosque of Palembang?,ask_operating_hours
Maaf mau tanya I need assistance? ya,greet
Museum Sultan Mahmud Badaruddin II buka hari apa aja?,ask_operating_hours
Selamat malam,greet
Mau nanya dong wisata yang bisa dikunjungi sehari,ask_recommendation
Ada gak wisata yang bisa ditempuh LRT?,ask_lrt_destinations
Bang Suka sama jawabannya deh,provide_feedback
Please What's the price of iPhone?,ask_unrelated
good day sih,greet
What time does Ampera Bridge close?,ask_operating_hours
Maaf mau tanya mau ke Museum Sultan Mahmud Badaruddin II bayar berapa?,ask_ticket_price
Bang Flight tickets to Bali nih,ask_unrelated
Halo Siap kak?,provide_feedback
Hai saya wisatawan,greet
"Hi, can you help me?",greet
5 stars sih,provide_feedback
Kak thanks for your help ya,goodbye
kamu bisa jawab apa aja sih? ya,ask_unrelated
What are the opening hours of Jakabaring Sport City?,ask_operating_hours
Halo Oke makasih deh,goodbye
Mau nanya dong Oke sip mantap sih,provide_feedback
Good answer,provide_feedback
Eh siapa penemu lampu? dong,ask_unrelated
Wisata outdoor Palembang ya,ask_category
Min Mau ke Museum Balaputra Dewa lewat mana? ya,ask_location_access
Min Info wisata religi Palembang dong? ya,ask_category
PIM hari libur buka gak?,ask_operating_hours
Ada wisata budaya di Palembang?,ask_category
Tolong kasih tau alamat PTC,ask_location_access
Mau nanya dong Penjelasannya bagus kak? ya,provide_feedback
Fasilitas Palembang Trade Center lengkap gak?,ask_facilities
Eh Palembang tourism recommendations? dong,ask_recommendation
Is Ampera Bridge open on Sunday?,ask_operating_hours
Maaf mau tanya Info wisata religi Palembang dong? ya,ask_category
Bang Oke paham? dong,provide_feedback
Weekend Hutan Wisata Punti Kayu buka ya,ask_operating_hours
Kak Useful information? ya,provide_feedback
Maaf mau tanya price to enter sultan mahmud badaruddin ii museum?,ask_ticket_price
Halo bagaimana cara move on?,ask_unrelated
Bang SMB II buka jam berapa ya? ya,ask_operating_hours
I want to know what historical sites are in palembang??,ask_category
"anakku suka main air, enaknya bawa kemana ya? ya",ask_recommendation
Permisi nice,provide_feedback
Does Sultan Mahmud Badaruddin II Museum open every day?,ask_operating_hours
Mau nanya dong Wisata Palembang yang aesthetic tapi sepi? ya,ask_hidden_gems
Eh Ampera buka setiap hari? dong,ask_operating_hours
Eh Terima kasih infonya sangat berguna? ya,provide_feedback
Min bingung mau bawa keluarga jalan-jalan kemana dong,ask_recommendation
Suggest places for sightseeing in Palembang,ask_recommendation
Eh Wisata Bali yang bagus sih,ask_unrelated
Mau nanya dong Tourist spots along LRT route dong,ask_lrt_destinations
Alamat lengkap Museum Balaputra Dewa?,ask_location_access
Fasilitas umum di Taman Kebon Rojo apa aja?,ask_facilities
Rute LRT melewati wisata apa?,ask_lrt_destinations
Mau nanya dong rumus pythagoras? dong,ask_unrelated
"Hello, Is Sultan Mahmud Badaruddin II Museum open in the morning??",ask_operating_hours
Bang rekomendasi wisata untuk liburan singkat sih,ask_recommendation
Kak what's available at sultan mahmud badaruddin ii museum? dong,ask_facilities
Permisi terima kasih atas informasinya ya,goodbye
Any cultural tourism in Palembang?,ask_category
Please what are the iconic places in palembang??,ask_recommendation
Can you tell me What is Museum Balaputra Dewa??,ask_destination_info
Min jelas banget penjelasannya ya,provide_feedback
Bang Quiet but beautiful places in Palembang dong,ask_hidden_gems
Kak Ada mushola,ask_facilities
Ada wisata alam di Palembang?,ask_category
Can I take LRT to visit tourist places??,ask_lrt_destinations
Kak sangat membantu ya,provide_feedback
Mau nanya dong Sampai jumpa?,goodbye
Halo Gambar kucing dong?,ask_unrelated
Hey Recommend places to see in Palembang?,ask_recommendation
Maaf mau tanya Rekomendasi hidden gems dong?,ask_hidden_gems
Bang dimana ya Ampera sih,ask_location_access
Can you tell me What religious tourism are in Palembang??,ask_category
Siang min,greet
Halo ada wisata alam gak di palembang?,ask_category
Mau nanya dong Tempat wisata yang wajib dikunjungi di Palembang deh,ask_recommendation
Permisi palembang punya masjid apa? ya,ask_category
mau cari masjid di palembang dong,ask_category
apa yang bikin Fantasy Island ini spesial?,ask_destination_info
Bang Wisata yang bisa pake LRT sih,ask_lrt_destinations
Mau nanya dong Mau tanya fasilitas di Kambang Iwak?,ask_facilities
Eh wisata yang belum mainstream? dong,ask_hidden_gems
jam buka Masjid Cheng Ho kapan? dong,ask_operating_hours
Is Punti Kayu Forest open on Sunday?,ask_operating_hours
Kasih tau dong tentang Fantasy Island,ask_destination_info
Mau nanya dong Apakah Museum Balaputra Dewa gratis nih,ask_ticket_price
Maaf mau tanya Palembang tourism recommendations deh,ask_recommendation
Mau nanya dong Cukup dulu ya?,goodbye
Kak Wisata yang belum banyak orang tau di Palembang? dong,ask_hidden_gems
Rekomendasi wisata yang dekat stasiun LRT,ask_lrt_destinations
Terima kasih banyak? dong,goodbye
Halo Keren banget infonya sih,provide_feedback
Dari pusat kota ke Taman Kebon Rojo berapa lama?,ask_location_access
Jelaskan tentang Jakabaring Sport City,ask_destination_info
Maaf mau tanya Kamu robot ya? dong,ask_unrelated
oke segitu dulu sih,goodbye
Good info,provide_feedback
Why is Jakabaring Sport City famous?,ask_destination_info
Mau nanya dong Hutan Wisata Punti Kayu ada toilet gak,ask_facilities
Maaf mau tanya mantap sih,provide_feedback
Maaf mau tanya Hello there sih,greet
What are the opening hours of Kampung Kapitan?,ask_operating_hours
Bang asal usul Pulau Kemaro ini gimana ceritanya ya,ask_destination_info
Please recommend places to see in palembang?,ask_recommendation
Eh Suka deh?,provide_feedback
Berapa harga tiket masuk Kawah Tengkurep?,ask_ticket_price
Tempat wisata yang gak rame nih,ask_hidden_gems
Bang dari stasiun lrt bisa ke wisata apa?,ask_lrt_destinations
Maaf mau tanya Smart bot deh,provide_feedback
Rekomendasi wisata yang dekat stasiun LRT dong,ask_lrt_destinations
History of Ampera Bridge?,ask_destination_info
Eh Tempat wisata budaya Palembang dong,ask_category
Mau jalan-jalan di Palembang kemana ya?,ask_recommendation
Halo Ada wisata apa aja di Palembang sih,ask_recommendation
Pagi?,greet
Min Update harga tiket OPI Mall dong? ya,ask_ticket_price
Halo Kapan piala dunia? ya,ask_unrelated
Min oke kak noted deh,provide_feedback
Masjid Cheng Ho dekat stasiun LRT mana nih,ask_lrt_destinations
Al-Munawar buka hari apa aja?,ask_operating_hours
Permisi tempat yang bagus buat foto-foto keluarga di mana ya? dong,ask_recommendation
Kak Wisata tersembunyi di Palembang nih,ask_hidden_gems
Bang penjelasannya bagus kak,provide_feedback
Mau nanya dong apakah Ampera dekat lrt?,ask_lrt_destinations
Kasih info Jakabaring ya,ask_destination_info
Bang famous places in palembang? ya,ask_recommendation
Halo apa yang bikin Amanzi Waterpark ini spesial?,ask_destination_info
Pagi kak,greet
Kak kenapa orang-orang suka ke Jakabaring Sport City deh,ask_destination_info
"Hi, What's the entrance fee at Monpera Arab Village??",ask_ticket_price
Halo ada wisata yang jarang orang tau? dong,ask_hidden_gems
"Hello, how to reach Kemaro island??",ask_location_access
Min Jam buka KI kapan?,ask_operating_hours
Eh Tourist spots along LRT route? ya,ask_lrt_destinations
Min harga masuk SMB berapa?,ask_ticket_price
Min kasih tau alamat Museum Balaputra Dewa deh,ask_location_access
Can you tell me How much is it,ask_ticket_price
Bagaimana cara move on?,ask_unrelated
Mau tanya jam operasional Amanzi Waterpark,ask_operating_hours
Ke PIM bayar berapa ya?,ask_ticket_price
Pasar 16 Ilir ada toilet gak?,ask_facilities
Harga masuk Bukit Siguntang berapa ya ?,ask_ticket_price
Kak Amazing response? ya,provide_feedback
Permisi goodbye ya,goodbye
Tempat wisata ikonik Palembang?,ask_recommendation
Permisi rekomendasi wisata budaya palembang,ask_category
Tips perawatan kulit?,ask_unrelated
Min Sampai ketemu lagi nih,goodbye
Mau nanya dong Suka deh,provide_feedback
BKB bayar berapa?,ask_ticket_price
Mau ke Monpera lewat mana?,ask_location_access
Maaf mau tanya Waalaikumsalam ya,goodbye
Maaf mau tanya Dari pusat kota ke Masjid Cheng Ho berapa lama?,ask_location_access
Min wassalamualaikum sih,goodbye
Info lengkap Benteng Kuto Besak dong,ask_destination_info
"Hi, where can i find culinary tourism in palembang?",ask_category
Mau nanya dong Wisata wisata kuliner di Palembang apa aja sih,ask_category
mau cari wisata yang seru di palembang,ask_recommendation
Cara menuju Jakabaring Sport City gimana?,ask_location_access
"Hello, I need help",greet
Tell me about Punti Kayu Forest,ask_destination_info
Halo kasih tau wisata dekat LRT?,ask_lrt_destinations
Eh Apakah Benteng Kuto Besak buka hari Minggu dong,ask_operating_hours
Bang hello there nih,greet
Sejarah BKB apa ya?,ask_destination_info
Kak aplikasi deh,greet
LRT bisa ke Monpera gak?,ask_lrt_destinations
Bang Cara menghilangkan jerawat sih,ask_unrelated
Apa Jakabaring Sport City bayar?,ask_ticket_price
Kak what's cryptocurrency?,ask_unrelated
Maaf mau tanya lrt friendly tourist destinations? ya,ask_lrt_destinations
Eh Permisi saya ingin bertanya dong,greet
Bang Sip terima kasih kak,goodbye
Bang siang,greet
How to reach Kemaro Island?,ask_location_access
Kak Kalo hari Sabtu Benteng Kuto Besak buka? ya,ask_operating_hours
Permisi Ada wisata apa aja di Palembang dong,ask_recommendation
Eh Halo?,greet
Are you a robot?,ask_unrelated
Permisi suka sama aplikasinya deh,provide_feedback
Amanzi bisa ditempuh pakai apa?,ask_location_access
Kak ada wisata sejarah gak di Palembang,ask_category
Kak ke Jakabaring bayar berapa ya?,ask_ticket_price
Kak mau tanya?,greet
Is there WiFi at Grand Mosque of Palembang please,ask_facilities
Can you tell me how far is it?,ask_location_access
mahal gak tiketnya? dong,ask_ticket_price
Saran tempat wisata di Palembang?,ask_recommendation
Halo Jam tutup SMB kapan ya,ask_operating_hours
Bang Opening hours for Amanzi Park nih,ask_operating_hours
Kak Kasih info SMB II ya?,ask_destination_info
Permisi Museums in Palembang? dong,ask_category
Eh Oke deh sampai jumpa? ya,goodbye
Bang Dimana lokasi Kemaro nih,ask_location_access
Halo Harga emas hari ini dong,ask_unrelated
Kak Destinasi favorit di Palembang? dong,ask_recommendation
Maaf mau tanya Kasih rekomendasi wisata dong,ask_recommendation
Eh Any religious tourism in Palembang deh,ask_category
Ceritakan tentang dinosaurus,ask_unrelated
Eh rekomendasi wisata palembang dong,ask_recommendation
Kampung Kapitan itu tempat apa sih?,ask_destination_info
Alternative tourist spots in Palembang sih,ask_hidden_gems
Halo Wisata yang paling dekat LRT nih,ask_lrt_destinations
Permisi Info jam buka Monpera dong,ask_operating_hours
Maaf mau tanya tempat wisata sejarah di palembang? ya,ask_category
History of Monpera?,ask_destination_info
Kasih info Kawah Tengkurep ya,ask_destination_info
Halo siapa yang bikin kamu? ya,ask_unrelated
LRT berhenti dekat wisata mana?,ask_lrt_destinations
Kak Rumus pythagoras sih,ask_unrelated
Maaf mau tanya Thank you very much nih,goodbye
Bang Destinasi tersembunyi Palembang ada gak deh,ask_hidden_gems
Maaf mau tanya cukup sekian,goodbye
Permisi Berapa ya tiket Jakabaring Sport City sih,ask_ticket_price
Maaf mau tanya Bisa naik LRT ke Palembang Icon nih,ask_lrt_destinations
Info lengkap Museum Sultan Mahmud Badaruddin II dong,ask_destination_info
Bang Suka deh? ya,provide_feedback
Kak Wisata weekend di Palembang dong,ask_recommendation
Mau nanya dong Terima kasih sudah membantu deh,goodbye
Please Are there toilets at Grand Mosque of Palembang??,ask_facilities
Bang Wisata yang paling dekat LRT? dong,ask_lrt_destinations
Bang Seru gak Kampung Arab Al-Munawar ya,ask_destination_info
Maaf mau tanya bingung mau bawa keluarga jalan-jalan kemana sih,ask_recommendation
Permisi Ada fasilitas apa di Jakabaring Sport City sih,ask_facilities
Permisi recommend historical sites in palembang ya,ask_category
Rekomendasi wisata kuliner Palembang,ask_category
Kak apa bahasa inggrisnya kucing? dong,ask_unrelated
Kak Hay? dong,greet
Min Siap kak? ya,provide_feedback
Kasih info PTC ya,ask_destination_info
Maaf mau tanya berguna banget,provide_feedback
Permisi posisi Benteng Kuto Besak dimana ya?,ask_location_access
Halo Parkiran Kampung Arab Al-Munawar luas gak? ya,ask_facilities
Permisi Destinasi yang LRT accessible? ya,ask_lrt_destinations
"Hello, what should i visit in palembang?",ask_recommendation
Oke terima kasih banyak ya,goodbye
How much to get into Kampung Kapitan?,ask_ticket_price
Kak Harga tiket masuk Kampung Kapitan sekarang berapa?,ask_ticket_price
I want to know What nature tourism are in Palembang??,ask_category
Film terbaru 2024 apa deh,ask_unrelated
hidden gems di palembang apa?,ask_hidden_gems
Maaf mau tanya Ada wisata yang jarang orang tau sih,ask_hidden_gems
Hi there,greet
Eh Baik terima kasih sih,goodbye
Halo Clear explanation sih,provide_feedback
Bang rute ke KI gimana?,ask_location_access
"Bang thank you, goodbye deh",goodbye
"Can you tell me Hello, I want to explore Palembang",greet
Min Monpera bayar berapa ya,ask_ticket_price
Destinasi wisata kuliner Palembang?,ask_category
Benteng Kuto Besak tutup jam berapa?,ask_operating_hours
Kak Hay mau nanya ya,greet
Maaf mau tanya Fasilitasnya apa aja deh,ask_facilities
Rekomendasi wisata alam Palembang,ask_category
Min kamu punya perasaan? ya,ask_unrelated
Halo jam operasional Museum Balaputra Dewa?,ask_operating_hours
Permisi Fantasy Island buka jam berapa? dong,ask_operating_hours
Siang,greet
Permisi OK that's all I needed nih,goodbye
Eh Jakabaring itu apa?,ask_destination_info
Does Benteng Kuto Besak have food stalls?,ask_facilities
Eh Thanks a lot? dong,goodbye
Eh Pinter ya botnya nih,provide_feedback
Eh jam tutup Masjid Cheng Ho kapan?,ask_operating_hours
Min Kemana aja bisa naik LRT untuk wisata dong,ask_lrt_destinations
Eh Rekomendasi wisata religi Palembang?,ask_category
Thanks for the help please,goodbye
Min Asalamualaikum deh,greet
Bang kasih tau hidden gems palembang,ask_hidden_gems
Info tentang Pasar 16 Ilir,ask_destination_info
Min Wisata Arab di Palembang dong,ask_category
Bayar berapa kalo masuk Amanzi Waterpark?,ask_ticket_price
Maaf mau tanya weekend Pulau Kemaro buka?,ask_operating_hours
Bisa naik angkot ke Amanzi Waterpark?,ask_location_access
Eh sejarah Masjid Cheng Ho apa ya?,ask_destination_info
Opening hours for Kemaro Island?,ask_operating_hours
Jam operasional OPI Mall?,ask_operating_hours
Review tentang Jakabaring Sport City,ask_destination_info
Does Al-Munawar Arab Village have food stalls?,ask_facilities
Kasih tau dong tentang SMB,ask_destination_info
Kak Arah ke Palembang Icon gimana deh,ask_location_access
Bang recommend nature tourism in palembang nih,ask_category
Kak ada wisata sejarah gak di Palembang?,ask_category
Is Punti Kayu Forest free?,ask_ticket_price
Baik terima kasih,goodbye
Kak PIM mulai buka jam berapa?,ask_operating_hours
Kak Tempat wisata yang dilalui LRT? ya,ask_lrt_destinations
Mau nanya dong Pagi-pagi Museum Balaputra Dewa sudah buka belum ya,ask_operating_hours
Kak Menarik gak Jakabaring? ya,ask_destination_info
Kak tempat wisata yang gak rame? dong,ask_hidden_gems
Can you tell me What tourism spots are on the LRT line?,ask_lrt_destinations
Permisi Ada fasilitas apa di Amanzi deh,ask_facilities
Min Address of Grand Mosque of Palembang sih,ask_location_access
"Excuse me, Off the beaten path places in Palembang",ask_hidden_gems
"Eh Hey, anyone there? dong",greet
Bang Bisa rekomendasikan tempat wisata deh,ask_recommendation
"Hi, Where can I go by LRT for sightseeing??",ask_lrt_destinations
Halo siapa gubernur palembang? ya,ask_unrelated
"Hi, are there toilets at SMB II?",ask_facilities
Halo masuk Pasar 16 Ilir gratis atau bayar? dong,ask_ticket_price
Mau nanya dong apa Jembatan Ampera bisa dijangkau lrt?,ask_lrt_destinations
Permisi kamu bot beneran ya?,ask_unrelated
Hey What's the entry fee for Masjid Cheng Ho thanks,ask_ticket_price
Bang recommend museums in palembang sih,ask_category
Apa bahasa Inggrisnya kucing?,ask_unrelated
Permisi Bukit Siguntang ada tempat istirahat?,ask_facilities
Monpera buka jam berapa?,ask_operating_hours
Maaf mau tanya Woi dong,greet
infonya akurat nih,provide_feedback
Hey What facilities are available at Amanzi please,ask_facilities
Mau nanya dong religious tourism places in Palembang? dong,ask_category
Halo Tempat wisata alternatif Palembang nih,ask_hidden_gems
Kak Wisata Palembang yang LRT friendly dong,ask_lrt_destinations
Hari ini Ampera buka gak ya?,ask_operating_hours
I want to know Is admission to Kampung Arab Al-Munawar Park free??,ask_ticket_price
Permisi mau tanya harga tiket Museum Balaputra Dewa,ask_ticket_price
Bang Terima kasih? ya,goodbye
Posisi Amanzi dimana ya?,ask_location_access
Apa itu?,ask_destination_info
Kak oi,greet
"Hello, what religious tourism are in palembang??",ask_category
Kak Film terbaru 2024 apa?,ask_unrelated
Kak Oke sip makasih? ya,goodbye
Mau nanya dong Terima kasih infonya? ya,goodbye
Permisi di dalem situ ada apa aja sih,ask_destination_info
Min Apakah Benteng Kuto Besak buka hari Minggu?,ask_operating_hours
Yang termasuk wisata kuliner apa aja?,ask_category
Kak Assalamualaikum kak? dong,greet
Mau tau tentang Jembatan Ampera,ask_destination_info
Bang Directions to Sultan Mahmud Badaruddin II Museum,ask_location_access
Oke thanks sih,goodbye
Maaf mau tanya kapan kiamat? ya,ask_unrelated
Palembang punya wisata apa aja?,ask_recommendation
Tempat wisata religi di Palembang nih,ask_category
Permisi mau ke KI bayar berapa? dong,ask_ticket_price
Yo,greet
Permisi Mau tanya fasilitas di Museum Balaputra Dewa?,ask_facilities
Permisi Museum Balaputra Dewa ada tempat parkir?,ask_facilities
Seru gak Hutan Wisata Punti Kayu?,ask_destination_info
Lokasi Kawah Tengkurep dimana kak?,ask_location_access
Bang Nature spots in Palembang?,ask_category
Bang Info harga tiket BKB dong,ask_ticket_price
"Hi, list of parks in palembang??",ask_category
Kak Wisata paling bagus di Palembang nih,ask_recommendation
Mau nanya dong Hidden gem Palembang yang recommended sih,ask_hidden_gems
Arah ke Siguntang gimana?,ask_location_access
kenapa orang-orang suka ke Al Quran Al Akbar?,ask_destination_info
Halo Museum Sultan Mahmud Badaruddin II jauh gak dari pusat kota sih,ask_location_access
Bang lokasi Jakabaring Sport City dimana kak? ya,ask_location_access
Can you tell me Can I take LRT to Jakabaring Sport City Bridge?,ask_lrt_destinations
Eh Kak Kampung Kapitan buka jam berapa ya,ask_operating_hours
Are there toilets at Grand Mosque of Palembang?,ask_facilities
Can I reach tourist places by LRT thanks,ask_lrt_destinations
Permisi Oke deh bye dong,goodbye
Permisi waalaikumsalam deh,greet
Pulau Kemaro buka hari apa aja?,ask_operating_hours
See you ya,goodbye
Bot nya pintar ya? ya,provide_feedback
Eh ticket price for Kawah Tengkurep?,ask_ticket_price
Hey The answer is very detailed??,provide_feedback
Mau nanya dong Tourist recommendations for Palembang dong,ask_recommendation
Fasilitas apa saja di PIM?,ask_facilities
Min Good day nih,greet
"Hello, What tourism spots are on the LRT line thanks",ask_lrt_destinations
Mau nanya dong Best destinations in Palembang? ya,ask_recommendation
Seru gak Monpera?,ask_destination_info
Permisi oke thanks ya,goodbye
Permisi Greetings ya,greet
Permisi mau tanya deh,greet
Halo Wisata yang belum mainstream,ask_hidden_gems
Seru gak OPI Mall?,ask_destination_info
Kak Pagi-pagi PIM sudah buka belum sih,ask_operating_hours
Halo great info dong,provide_feedback
Bang Tempat wisata yang bisa diakses LRT dong,ask_lrt_destinations
Bang Wah makasih infonya lengkap? ya,provide_feedback
Update harga tiket Kambang Iwak dong,ask_ticket_price
Bang Monpera ada toilet gak nih,ask_facilities
Permisi Nice sih,provide_feedback
tiket masuk Amanzi berapa?,ask_ticket_price
Bang Segitu dulu kak thanks nih,goodbye
Kak Bagaimana cara ke Palembang Square nih,ask_location_access
Permisi Mantap makasih sih,goodbye
Can I take LRT to visit tourist places,ask_lrt_destinations
"Hello, How to go to BKB Forest??",ask_location_access
Kak Does Siguntang Forest have parking nih,ask_facilities
Mau tau tentang Palembang Icon,ask_destination_info
Bang di Ampera itu kita bisa ngapain aja?,ask_destination_info
Min what's up sih,greet
What are the opening hours of Benteng Kuto Besak?,ask_operating_hours
Mau nanya dong kamu cantik sih,ask_unrelated
Kak Wisata Bali yang bagus sih,ask_unrelated
is Palembang Icon arab village child-friendly? dong,ask_facilities
"Hi, What's the price of iPhone?",ask_unrelated
Bang Ada taman di Palembang dong,ask_category
Mau nanya dong Stasiun LRT dekat tempat wisata dong,ask_lrt_destinations
Min chatbot? dong,greet
Wisata air di Palembang ada?,ask_category
Very helpful,provide_feedback
Halo Ada tempat wisata baru di Palembang? dong,ask_hidden_gems
Jam tutup Masjid Cheng Ho kapan?,ask_operating_hours
Is Kampung Kapitan open on weekends?,ask_operating_hours
Menarik gak Monpera?,ask_destination_info
Halo fasilitas Museum Balaputra Dewa apa aja ya?,ask_facilities
Mau cari wisata kuliner di Palembang,ask_category
Wisata Palembang yang aesthetic tapi sepi?,ask_hidden_gems
Kak bayar berapa? ya,ask_ticket_price
kamu bot beneran ya?,ask_unrelated
Eh Stasiun LRT terdekat ke tempat wisata mana dong,ask_lrt_destinations
Permisi any parks in palembang? dong,ask_category
"Hi, I'm visiting Palembang",greet
What are the opening hours of Grand Mosque of Palembang?,ask_operating_hours
Maaf mau tanya kak berapa harga tiket Al-Munawar?,ask_ticket_price
Where is Jakabaring Sport City located?,ask_location_access
Bang Perfect? ya,provide_feedback
Tempat wisata yang gak rame?,ask_hidden_gems
Apakah kamu AI?,ask_unrelated
Palembang Trade Center gratis gak sih?,ask_ticket_price
Tolong kasih tau wisata dekat LRT sih,ask_lrt_destinations
Kak Al-Munawar bagus gak? ya,ask_destination_info
Bang What's special about OPI Mall,ask_destination_info
Eh wisata arab di palembang? ya,ask_category
assalamualaikum kak,greet
Min wisata apa yang bisa dijangkau lrt? dong,ask_lrt_destinations
Bang Kemaro ada area bermain anak? ya,ask_facilities
Min Deskripsi Ampera ya,ask_destination_info
Eh what's cryptocurrency? ya,ask_unrelated
Mau nanya dong Wisata yang bisa dikunjungi sehari ya,ask_recommendation
Mau nanya dong Kamu robot ya?,ask_unrelated
Maaf mau tanya cultural tourism places in Palembang ya,ask_category
"Mau keliling Palembang naik LRT, kemana aja nih",ask_lrt_destinations
Misi,greet
parks places in palembang? dong,ask_category
Halo wisata yang gak pasaran di palembang?,ask_hidden_gems
Kak fasilitas Palembang Trade Center apa aja ya?,ask_facilities
Harga tiket Amanzi Waterpark berapa ya?,ask_ticket_price
"Excuse me, how to reach PIM park??",ask_location_access
Min wassalamualaikum deh,goodbye
"hello, i need help ya",greet
Palembang punya wisata apa aja? dong,ask_recommendation
What nature tourism are in Palembang?,ask_category
Permisi opening hours for Jembatan Ampera?,ask_operating_hours
Gimana Palembang Icon?,ask_destination_info
Info fasilitas Kampung Arab Al-Munawar dong,ask_facilities
Eh Tempat wisata murah di Palembang deh,ask_recommendation
Maaf mau tanya Min rekomendasi wisata Palembang apa,ask_recommendation
Jam buka Jembatan Ampera kapan?,ask_operating_hours
Rekomendasi hidden gems dong? dong,ask_hidden_gems
Taman Kambang Iwak Besak ada toilet gak?,ask_facilities
Weekday Palembang Icon buka jam berapa?,ask_operating_hours
Halo Mau tanya harga tiket Taman Kebon Rojo? ya,ask_ticket_price
Eh Are there tourist attractions near LRT stations ya,ask_lrt_destinations
Halo ada ide tempat buat nongkrong sore? dong,ask_recommendation
Maaf mau tanya destinasi kategori alam? ya,ask_category
Eh Info tentang Amanzi Waterpark,ask_destination_info
Bang Kambang Iwak tutup jam berapa dong,ask_operating_hours
Naik apa ke Pasar 16 Ilir?,ask_location_access
"Hello, Best places for tourists in Palembang please",ask_recommendation
wisata romantis di palembang? ya,ask_recommendation
Wisata terbaik di Palembang apa?,ask_recommendation
Buka setiap hari?,ask_operating_hours
Min Tes tes sih,greet
Kak Fasilitasnya gimana dong,ask_facilities
Halo Undiscovered places in Palembang,ask_hidden_gems
Halo Wisata apa yang recommended di Palembang dong,ask_recommendation
Punti Kayu ada tempat istirahat?,ask_facilities
Eh Ada fasilitas apa di Ampera ya,ask_facilities
Cara menuju OPI Mall gimana?,ask_location_access
Mau nanya dong Makasih kak nanti saya tanya lagi,goodbye
Permisi Parkiran Ampera luas gak?,ask_facilities
Apa Benteng Kuto Besak bayar?,ask_ticket_price
Mau nanya dong Kurs dollar hari ini berapa?,ask_unrelated
Kak Cukup sekian,goodbye
Mau nanya dong Info jam buka Palembang Trade Center dong? dong,ask_operating_hours
Permisi wisata apa aja yang dekat jalur lrt? dong,ask_lrt_destinations
Halo hi chatbot,greet
Permisi parks places in palembang? ya,ask_category
5 stars,provide_feedback
Mau nanya dong Curhatan aku dong? ya,ask_unrelated
Wisata tersembunyi di Palembang sih,ask_hidden_gems
kenapa orang-orang suka ke Monpera?,ask_destination_info
Address of Grand Mosque of Palembang?,ask_location_access
"Min Hello, I'm a tourist ya",greet
Eh Tiket pesawat ke Bali berapa nih,ask_unrelated
cukup sekian dong,goodbye
Halo Very accurate nih,provide_feedback
Info tentang KI,ask_destination_info
Halo well explained ya,provide_feedback
Eh Apotek 24 jam di Palembang? dong,ask_unrelated
Bang Siapa gubernur Palembang nih,ask_unrelated
Eh rekomendasikan destinasi wisata palembang ya,ask_recommendation
Mau nanya dong Rumah sakit terdekat deh,ask_unrelated
Mau nanya dong Ceritakan tentang dinosaurus ya,ask_unrelated
Mau nanya dong ok bye dong,goodbye
"hi there, i need some information ya",greet
Bang oke deh sampai jumpa sih,goodbye
Sore min? ya,greet
Eh Yang termasuk wisata budaya apa aja dong,ask_category
Permisi Mau cari wisata religi di Palembang nih,ask_category
Kak Posisi Al Quran Al Akbar dimana ya,ask_location_access
How much is the admission to Kambang Iwak Park?,ask_ticket_price
Mau nanya dong Top wisata Palembang dong,ask_recommendation
Bukit Siguntang jauh gak dari pusat kota?,ask_location_access
Halo Tempat makan di sekitar Pulau Kemaro ada? dong,ask_facilities
Ada wisata yang jarang orang tau?,ask_hidden_gems
"Min that's enough, thank you dong",goodbye
Kak saya baru ke Palembang deh,greet
Fasilitas apa saja di Kampung Kapitan?,ask_facilities
Wisata yang belum mainstream?,ask_hidden_gems
Eh Membantu banget kak?,provide_feedback
Kambang Iwak ada area bermain anak?,ask_facilities
Mau nanya dong aplikasi?,greet
Maaf mau tanya Bang?,greet
Bang Jawabannya memuaskan,provide_feedback
ada taman kota di palembang?,ask_category
Bang PTC hari libur buka gak?,ask_operating_hours
Halo Very accurate dong,provide_feedback
Ada mushola di Museum Balaputra Dewa?,ask_facilities
Halo very helpful sih,provide_feedback
Min Masjid Agung Palembang buka hari apa aja deh,ask_operating_hours
Bye for now,goodbye
Maaf mau tanya Apakah Al Quran Al Akbar buka 24 jam deh,ask_operating_hours
top wisata palembang? dong,ask_recommendation
Permisi bagaimana cara diet?,ask_unrelated
Halo makasih ya infonya sih,goodbye
Halo Destinasi rahasia Palembang dong,ask_hidden_gems
Mau nanya dong Wisata yang paling sering dikunjungi? ya,ask_recommendation
Bang Resep kue bolu nih,ask_unrelated
Bang Mau liburan di Palembang kemana ya? ya,ask_recommendation
Halo TanyaKito,greet
Aku lagi sedih nih,ask_unrelated
Eh Alamat KI dimana ya,ask_location_access
Palembang punya wisata sejarah apa?,ask_category
Bang jadwal buka PTC kapan ya?,ask_operating_hours
Maaf mau tanya Bagaimana cara ke Kampung Arab Al-Munawar sih,ask_location_access
Maaf mau tanya menarik gak Ampera?,ask_destination_info
Maaf mau tanya Tempat wisata alternatif Palembang ya,ask_hidden_gems
Mau nanya dong wisata paling bagus di palembang?,ask_recommendation
Halo wisata gratis di palembang ada gak? ya,ask_recommendation
Min Mantul kak? dong,provide_feedback
Halo Oke mantap kak?,goodbye
Eh Tiket masuk Pasar 16 Ilir berapa dong,ask_ticket_price
Bang mau jalan-jalan di palembang kemana ya? ya,ask_recommendation
Halo makasih atas bantuannya deh,goodbye
Halo Makasih udah bantu?,goodbye
Address of Al-Munawar Arab Village?,ask_location_access
Apa itu machine learning?,ask_unrelated
Permisi recipe for chocolate cake?,ask_unrelated
Maaf mau tanya info lengkap Fantasy Island dong,ask_destination_info
Permisi LRT Palembang lewat wisata mana dong,ask_lrt_destinations
Kalo hari Sabtu Al-Munawar buka dong,ask_operating_hours
Permisi kamu punya perasaan? dong,ask_unrelated
Is Jakabaring Sport City free?,ask_ticket_price
What's the weather today?,ask_unrelated
What time does Sultan Mahmud Badaruddin II Museum close?,ask_operating_hours
Mau nanya dong Assalamualaikum,greet
Mau tau tentang Jakabaring,ask_destination_info
"Excuse me, off the beaten path places in palembang?",ask_hidden_gems
Kak Tell me about Museum Sultan Mahmud Badaruddin II Island ya,ask_destination_info
Mau nanya dong Does KI Bridge have parking dong,ask_facilities
Al-Munawar ada spot foto gak?,ask_facilities
Wisata sungai Palembang?,ask_category
Useful information,provide_feedback
Kak Keren banget infonya? dong,provide_feedback
Do you have feelings please,ask_unrelated
I want to know which places can i visit using lrt?,ask_lrt_destinations
Maaf mau tanya pinter ya botnya nih,provide_feedback
Ada mushola di Kampung Kapitan ya,ask_facilities
Eh oke noted makasih ya,goodbye
Halo what's the time? ya,ask_unrelated
Halo appreciate it ya,goodbye
Permisi ? ya,greet
Amanzi ada tempat parkir?,ask_facilities
Bang Great info,provide_feedback
Kawah Tengkurep terkenal karena apa?,ask_destination_info
Kak fasilitas BKB apa aja ya?,ask_facilities
Maaf mau tanya Ada mushola di Ampera?,ask_facilities
Mau nanya dong posisi Pulau Kemaro dimana ya?,ask_location_access
"Hello, thanks for the info",provide_feedback
Exactly what I needed,provide_feedback
Kak Rute LRT melewati wisata apa deh,ask_lrt_destinations
Min Oke mantul,provide_feedback
Tiket masuk ke PIM sekarang berapa ya?,ask_ticket_price
Bang Oke sip mantap nih,provide_feedback
Eh Makasih ya infonya nih,goodbye
Kak Fantasy Island buka sampai malam gak deh,ask_operating_hours
Mau nanya dong Tempat wisata alternatif Palembang dong,ask_hidden_gems
Info fasilitas Benteng Kuto Besak dong,ask_facilities
Mau tanya dong harga tiket Pulau Kemaro,ask_ticket_price
Kak Cara menuju Fantasy Island gimana?,ask_location_access
Mau cari taman di Palembang,ask_category
"Excuse me, Where can I go by LRT for sightseeing please",ask_lrt_destinations
Maaf mau tanya Thanks udah bantu ya? dong,goodbye
bingung mau bawa keluarga jalan-jalan kemana,ask_recommendation
Eh bye deh,goodbye
Permisi Taman Kambang Iwak Besak lokasinya dimana?,ask_location_access
Mau ke Palembang Square lewat mana?,ask_location_access
Pagi kak? dong,greet
kenapa orang-orang suka ke Palembang Square?,ask_destination_info
Mau nanya dong apa obat sakit kepala? ya,ask_unrelated
Baik kak terima kasih,goodbye
Di daerah mana?,ask_location_access
BKB di mana ya?,ask_location_access
Mau nanya dong slmat pagi dong,greet
Please How to learn programming?,ask_unrelated
Min Undiscovered places in Palembang deh,ask_hidden_gems
Bang ada taman gak di palembang? ya,ask_category
Min bye bye makasih,goodbye
Mau nanya dong Tempat yang underrated di Palembang nih,ask_hidden_gems
Min Tiket pesawat ke Bali berapa,ask_unrelated
Min Yang termasuk masjid apa aja dong,ask_category
Oke segitu dulu? dong,goodbye
"Hi, how to go to Siguntang??",ask_location_access
Info fasilitas Pulau Kemaro dong?,ask_facilities
Bang Sudah cukup terima kasih dong,goodbye
Halo kasih tau hidden gems Palembang ya,ask_hidden_gems
Permisi best places to visit by lrt? ya,ask_lrt_destinations
Info tentang SMB II,ask_destination_info
Permisi Hey there deh,greet
Maaf mau tanya Is Al-Munawar free?,ask_ticket_price
Mau nanya dong ok bye deh,goodbye
Mau nanya dong Info jam buka Kampung Arab Al-Munawar dong?,ask_operating_hours
Permisi Jembatan Ampera itu tempat apa sih? ya,ask_destination_info
Permisi ada gak wisata yang bisa ditempuh lrt? ya,ask_lrt_destinations
Kak Kamu pintar ya,ask_unrelated
Bang Parkiran Al Quran Al Akbar luas gak deh,ask_facilities
asal usul Palembang Square ini gimana ceritanya sih,ask_destination_info
Halo mau liburan di palembang kemana ya?,ask_recommendation
Permisi what time does Kambang Iwak island open?,ask_operating_hours
Permisi Wonderful sih,provide_feedback
Mau nanya dong Hay? dong,greet
Maaf mau tanya apa keunikan Palembang Square?,ask_destination_info
Maaf mau tanya Any museums in Palembang? ya,ask_category
Bang Wisata sore hari di Palembang? ya,ask_recommendation
Halo naik apa ke Kampung Kapitan? ya,ask_location_access
Halo Fasilitas pendukung Kampung Kapitan ya,ask_facilities
Bang dimana ya Amanzi ya,ask_location_access
Bang alamat Kampung Kapitan apa ya,ask_location_access
Mau nanya dong Helo? dong,greet
Kak ada gak wisata yang masih asri di palembang? ya,ask_hidden_gems
Min kasih tau alamat SMB?,ask_location_access
Permisi Python atau Java lebih bagus deh,ask_unrelated
Halo Wisata apa yang bisa dijangkau LRT sih,ask_lrt_destinations
Rekomendasi museum Palembang,ask_category
"Excuse me, Where is Sultan Mahmud Badaruddin II Museum",ask_location_access
Please what are the best places to visit in palembang?,ask_recommendation
Kak Dimana lokasi Siguntang?,ask_location_access
Eh alright thanks sih,goodbye
Kak Ada wisata dekat LRT gak dong,ask_lrt_destinations
Mau nanya dong tes tes,greet
Mau nanya dong Apa itu cryptocurrency,ask_unrelated
Eh Jelas banget penjelasannya ya,provide_feedback
Ada gak wisata yang masih asri di Palembang? dong,ask_hidden_gems
Palembang Square mulai buka jam berapa?,ask_operating_hours
Aku mau cerita,ask_unrelated
Min info wisata dekat LRT dong,ask_lrt_destinations
Maaf mau tanya sip makasih ya,goodbye
Bang nature spots in palembang? ya,ask_category
Permisi Membantu banget sih,provide_feedback
Details about Monpera?,ask_destination_info
Permisi Al-Munawar buka hari apa aja?,ask_operating_hours
Wisata yang bisa dikunjungi sehari ya,ask_recommendation
Berapa harga tiket masuk Palembang Trade Center?,ask_ticket_price
"Hello, I'm a tourist",greet
"Thank you, goodbye?",goodbye
kamu siapa?,ask_unrelated
Halo kasih tau wisata dekat LRT nih,ask_lrt_destinations
Permisi mau tanya harga tiket OPI Mall,ask_ticket_price
Tell me more,ask_destination_info
Mau nanya dong Mau cari wisata alam di Palembang? ya,ask_category
Min aplikasinya keren nih,provide_feedback
Maaf mau tanya Tempat makan di sekitar SMB II ada ya,ask_facilities
Eh Tempat wisata yang bisa diakses LRT?,ask_lrt_destinations
Kak Tempat wisata yang jarang dikunjungi di Palembang? dong,ask_hidden_gems
"Excuse me, What's the address of Taman Kambang Iwak Besak Arab Village?",ask_location_access
What is Kampung Kapitan?,ask_destination_info
Eh Kasih tau dong tentang Museum Sultan Mahmud Badaruddin II?,ask_destination_info
Bang Alternative tourist spots in Palembang ya,ask_hidden_gems
Bukit Siguntang berbayar atau gratis?,ask_ticket_price
Weekend Ampera buka?,ask_operating_hours
Kasih info Palembang Icon ya,ask_destination_info
Hey Where can I go by LRT for sightseeing?,ask_lrt_destinations
Bang deskripsi Jakabaring Sport City dong,ask_destination_info
Maaf mau tanya good info dong,provide_feedback
Halo berapa harga tiket masuk OPI Mall?,ask_ticket_price
Maaf mau tanya Ada yang aktif nih,greet
I need assistance,greet
Min Jadwal buka Masjid Cheng Ho kapan ya?,ask_operating_hours
Min Ada hidden gems gak di Palembang,ask_hidden_gems
Mau nanya dong parks in palembang? ya,ask_category
Bang cara menuju SMB gimana? dong,ask_location_access
Tess? ya,greet
Halo hidden spots in palembang? dong,ask_hidden_gems
"Hello, What to see in Palembang thanks",ask_recommendation
Min Taxi online di Palembang ya,ask_unrelated
Kak noted kak,provide_feedback
Is Kemaro Island free?,ask_ticket_price
Kak Wisata anti mainstream Palembang sih,ask_hidden_gems
Permisi Mau tanya fasilitas di Kampung Kapitan?,ask_facilities
Tempat wisata bertema budaya Melayu?,ask_category
Halo got it nih,provide_feedback
Halo Is Museum Balaputra Dewa Island child-friendly sih,ask_facilities
Permisi Tempat yang belum terkenal di Palembang deh,ask_hidden_gems
Posisi Taman Kebon Rojo dimana ya?,ask_location_access
Bang What's available at Masjid Cheng Ho ya,ask_facilities
What amenities does Al Quran Al Akbar Park offer?,ask_facilities
Kak wisata sore hari di palembang? dong,ask_recommendation
that makes sense,provide_feedback
Min jam operasional OPI Mall?,ask_operating_hours
ada apa aja sih di Kampung Kapitan?,ask_destination_info
Dari mana ke Palembang Square?,ask_location_access
Permisi Terima kasih sangat membantu?,goodbye
Permisi Kampung Kapitan buka jam berapa ya,ask_operating_hours
Min Wah keren infonya,provide_feedback
Min Tempat makan di sekitar Benteng Kuto Besak ada?,ask_facilities
Permisi Oke terima kasih jawabannya dong,provide_feedback
Bang Tempat wisata bertema budaya Melayu ya,ask_category
Min Ada wifi di BKB deh,ask_facilities
Permisi mau tanya harga tiket Siguntang,ask_ticket_price
Eh Tempat wisata kuliner di Palembang,ask_category
Min Parks in Palembang sih,ask_category
What's cryptocurrency?,ask_unrelated
Eh Min harga masuk Ampera berapa dong,ask_ticket_price
Gimana Kawah Tengkurep?,ask_destination_info
Kak OK thank you dong,goodbye
Info jam buka Jakabaring dong?,ask_operating_hours
Permisi Berapa biaya masuk ke Kampung Kapitan sih,ask_ticket_price
Halo ? dong,greet
Eh Ada gak wisata yang masih asri di Palembang? ya,ask_hidden_gems
Bang wisata gratis di palembang ada gak? ya,ask_recommendation
Halo LRT accessible tourist spots in Palembang deh,ask_lrt_destinations
What's available at Sultan Mahmud Badaruddin II Museum?,ask_facilities
Fasilitas umum di Punti Kayu apa aja,ask_facilities
Does Sultan Mahmud Badaruddin II Museum have food stalls?,ask_facilities
Do I need to pay to enter Benteng Kuto Besak?,ask_ticket_price
Bang dimana lokasi Taman Kambang Iwak Besak?,ask_location_access
Eh Wisata yang bisa dikunjungi sehari nih,ask_recommendation
Halo fasilitas Fantasy Island lengkap gak?,ask_facilities
Maaf mau tanya Dari jam berapa Kampung Kapitan buka nih,ask_operating_hours
Permisi Mau minta saran wisata Palembang ya,ask_recommendation
Info harga tiket Benteng Kuto Besak dong,ask_ticket_price
Maaf mau tanya Apa bahasa Inggrisnya kucing? ya,ask_unrelated
"Hi, How much for Al-Munawar tickets please",ask_ticket_price
Eh Great bot sih,provide_feedback
Alamat lengkap Kampung Arab Al-Munawar sih,ask_location_access
Bang Ada wisata apa aja di Palembang,ask_recommendation
Bang BKB bisa ditempuh pakai apa? ya,ask_location_access
Min Kapan Kambang Iwak buka ya,ask_operating_hours
Halo describe grand mosque of palembang,ask_destination_info
Deskripsi Punti Kayu,ask_destination_info
Eh Rekomendasi hidden gems dong?,ask_hidden_gems
Masjid Cheng Ho ada toilet gak?,ask_facilities
Eh Palembang Icon ramah anak gak?,ask_facilities
Bang Rekomendasi wisata yang dekat stasiun LRT? ya,ask_lrt_destinations
Mau nanya dong Kasih tau dong tentang Palembang Icon ya,ask_destination_info
Ada wisata yang jarang orang tau sih,ask_hidden_gems
Halo saya mau jalan-jalan di palembang ya,greet
Halo Ada tempat wisata baru di Palembang nih,ask_hidden_gems
"Excuse me, what are the iconic places in palembang?",ask_recommendation
Eh Nature spots in Palembang? ya,ask_category
Ceritakan tentang Taman Kambang Iwak Besak,ask_destination_info
Permisi Udah itu aja kak makasih nih,goodbye
How to make money online?,ask_unrelated
Min Is Pulau Kemaro Forest open on Sunday dong,ask_operating_hours
PTC buka jam berapa?,ask_operating_hours
Permisi Noted kak?,provide_feedback
Bang Tempat keren tapi belum terkenal di Palembang ya,ask_hidden_gems
Eh Ada yang aktif,greet
Halo kalo hari sabtu SMB II buka?,ask_operating_hours
Hey What facilities are available at Kambang Iwak Park,ask_facilities
Maaf mau tanya Seru gak BKB?,ask_destination_info
Mau tanya fasilitas di Kemaro,ask_facilities
Mau tau tentang Taman Kambang Iwak Besak,ask_destination_info
Kak lrt berhenti dekat wisata mana? ya,ask_lrt_destinations
"Hi, Can I take LRT to visit tourist places thanks",ask_lrt_destinations
Mau nanya dong Bukit Siguntang buka dari jam berapa sampai jam berapa? dong,ask_operating_hours
Berapa duit masuk Amanzi?,ask_ticket_price
How much is the ticket?,ask_ticket_price
What makes Benteng Kuto Besak unique?,ask_destination_info
Eh pinter ya botnya,provide_feedback
I want to know Is SMB near an LRT station?,ask_lrt_destinations
Permisi Tempat wisata alternatif Palembang sih,ask_hidden_gems
Mau nanya dong Destinasi yang dekat stasiun LRT?,ask_lrt_destinations
Siapa presiden Indonesia?,ask_unrelated
Mau nanya dong makasih kak,goodbye
Mau nanya dong tempat wisata yang wajib dikunjungi di palembang? ya,ask_recommendation
Thank you very much?,goodbye
Mau nanya dong Fasilitas Masjid Agung Palembang lengkap gak,ask_facilities
Eh Min saran wisata dong? dong,ask_recommendation
destinasi tersembunyi palembang ada gak? dong,ask_hidden_gems
Maaf mau tanya Jadwal kereta api Jakarta? ya,ask_unrelated
What's love? ya,ask_unrelated
Bang Jelaskan tentang PTC dong,ask_destination_info
Ada fasilitas apa di Ampera?,ask_facilities
Permisi hidden spots in palembang? ya,ask_hidden_gems
Min kamu bisa jawab apa aja sih?,ask_unrelated
KI tutup jam berapa?,ask_operating_hours
Maaf mau tanya wisata palembang yang aesthetic tapi sepi? dong,ask_hidden_gems
Sampai jumpa,goodbye
Eh misi mau tanya nih,greet
Wah keren infonya,provide_feedback
Hey tell me a story please,ask_unrelated
Eh Destinasi tersembunyi Palembang ada gak dong,ask_hidden_gems
Eh Great bot dong,provide_feedback
Eh Wisata yang belum mainstream sih,ask_hidden_gems
Halo Underrated tourist spots in Palembang nih,ask_hidden_gems
How much is the admission to Kemaro Island?,ask_ticket_price
Eh Pagi-pagi Taman Kebon Rojo sudah buka belum deh,ask_operating_hours
Hi,greet
Can you tell me how much does it cost to enter Museum Sultan Mahmud Badaruddin II island?,ask_ticket_price
Eh kak rekomendasiin dong wisata di palembang ya,ask_recommendation
"Hello, I'm looking for help",greet
Can you tell me How to go to Al Quran Al Akbar Bridge?,ask_location_access
Mau nanya dong Nice,provide_feedback
Bang Good afternoon,greet
Kak Oke sip sih,provide_feedback
Min bye bye deh,goodbye
Mau tanya fasilitas di Masjid Cheng Ho,ask_facilities
Kak Secret places in Palembang?,ask_hidden_gems
Can you tell me What amenities does Grand Mosque of Palembang offer thanks,ask_facilities
Min Rumah sakit terdekat deh,ask_unrelated
Mau nanya dong Destinasi yang LRT accessible deh,ask_lrt_destinations
Permisi stasiun lrt dekat tempat wisata?,ask_lrt_destinations
Palembang Icon fasilitasnya apa aja?,ask_facilities
Apotek 24 jam di Palembang?,ask_unrelated
Maaf mau tanya Kak fasilitas Pulau Kemaro apa aja ya,ask_facilities
Eh Lesser known attractions in Palembang,ask_hidden_gems
Fasilitas umum di Palembang Trade Center apa aja?,ask_facilities
Eh tempat yang belum terkenal di palembang?,ask_hidden_gems
Maaf mau tanya Pulau Kemaro ada spot foto gak ya,ask_facilities
Tempat makan di sekitar Museum Balaputra Dewa ada?,ask_facilities
Permisi Kemaro tutup jam berapa sih,ask_operating_hours
Can you tell me what destinations are accessible by lrt?,ask_lrt_destinations
Bang Alternative tourist spots in Palembang? dong,ask_hidden_gems
Apa itu Kemaro?,ask_destination_info
Maaf mau tanya bye for now nih,goodbye
Please How much is the admission to Taman Kebon Rojo Park?,ask_ticket_price
Mau nanya dong Nanti tanya lagi ya,goodbye
Harga tiket masuk Ampera sekarang berapa?,ask_ticket_price
Apa yang menarik dari Museum Sultan Mahmud Badaruddin II?,ask_destination_info
Eh Kemaro aksesnya lewat lrt bisa? dong,ask_lrt_destinations
Kak wisata palembang yang aesthetic tapi sepi?,ask_hidden_gems
Palembang tourism recommendations?,ask_recommendation
apakah Benteng Kuto Besak dekat lrt?,ask_lrt_destinations
Bang Parkiran Taman Kambang Iwak Besak luas gak?,ask_facilities
Mau ke Fantasy Island lewat mana?,ask_location_access
Kak wisata palembang yang populer apa? ya,ask_recommendation
Bang Jadwal buka OPI Mall kapan ya?,ask_operating_hours
Min Undiscovered places in Palembang?,ask_hidden_gems
Maaf mau tanya ada wisata apa aja di palembang? ya,ask_recommendation
Kak Siapa pemenang Liga Champions nih,ask_unrelated
Destinasi tersembunyi Palembang ada gak sih,ask_hidden_gems
Famous places in Palembang?,ask_recommendation
Halo Is Jakabaring Island worth visiting nih,ask_destination_info
Best things to do in Palembang thanks,ask_recommendation
Maaf mau tanya Helo sih,greet
Hey where is it located?,ask_location_access
Permisi Palembang Square itu tempat apa sih?,ask_destination_info
Museums in Palembang?,ask_category
"Hello, What tourism spots are on the LRT line please",ask_lrt_destinations
Halo palembang punya wisata apa aja?,ask_recommendation
Secret places in Palembang?,ask_hidden_gems
Local favorites in Palembang? dong,ask_hidden_gems
Rumus pythagoras?,ask_unrelated
Review tentang Punti Kayu,ask_destination_info
Tempat wisata sejarah di Palembang?,ask_category
Can you tell me what's the capital of france??,ask_unrelated
Segitu dulu kak thanks? ya,goodbye
Is it worth visiting?,ask_destination_info
Min Kemaro terkenal karena apa nih,ask_destination_info
"Hi, thank you for the information?",goodbye
Halo Mau tanya fasilitas di Siguntang? dong,ask_facilities
Palembang Square deket stasiun LRT mana?,ask_location_access
Bang Responnya cepat ya? ya,provide_feedback
Min Ada mushola di Taman Kebon Rojo?,ask_facilities
Maaf mau tanya keren banget infonya dong,provide_feedback
Weekend Kampung Kapitan buka?,ask_operating_hours
Min Apa itu machine learning ya,ask_unrelated
Pagi-pagi Kawah Tengkurep sudah buka belum?,ask_operating_hours
Bang rekomendasi wisata yang dekat stasiun lrt ya,ask_lrt_destinations
Bang kira-kira berapa ya tiketnya? dong,ask_ticket_price
Is Kemaro Island open today?,ask_operating_hours
Min is Ampera arab village open on weekends?,ask_operating_hours
Permisi Clear explanation deh,provide_feedback
Eh KI ada tempat istirahat? ya,ask_facilities
"Excuse me, Tell me a joke?",ask_unrelated
What's the meaning of life?,ask_unrelated
Is Monpera open on weekends?,ask_operating_hours
Apa itu cryptocurrency deh,ask_unrelated
Bang Useful information deh,provide_feedback
bot nya pintar ya,provide_feedback
Maaf mau tanya culinary tourism places in Palembang nih,ask_category
Halo Oke cukup kak makasih banyak? dong,goodbye
Bang aku lagi pengen makan enak sambil liat sungai? ya,ask_recommendation
Bang Apa aja fasilitas di sana ya,ask_facilities
Min Wisata apa yang bisa dijangkau LRT deh,ask_lrt_destinations
Bang Oke makasih kak sangat membantu? ya,goodbye
Wisata Tionghoa di Palembang?,ask_category
Jam operasional Kambang Iwak?,ask_operating_hours
Kak Selamat tinggal nih,goodbye
Eh tempat-tempat wisata yang aksesibel lrt? ya,ask_lrt_destinations
Is admission to Kemaro Forest free??,ask_ticket_price
Tiket Museum Balaputra Dewa berapa sih?,ask_ticket_price
Halo Bagaimana cara ke Al-Munawar? dong,ask_location_access
Bang Makasih ya sangat berguna infonya ya,goodbye
Hey Which places can I visit using LRT please,ask_lrt_destinations
Kak Oke kak noted nih,provide_feedback
What are the best places to visit in Palembang?,ask_recommendation
What is it please,ask_destination_info
Rekomendasi taman Palembang,ask_category
Eh Biaya tiket Kambang Iwak berapa kak? dong,ask_ticket_price
Permisi Apa obat sakit kepala dong,ask_unrelated
What are the operating hours of Sultan Mahmud Badaruddin II Museum?,ask_operating_hours
Permisi fasilitas Jembatan Ampera apa aja ya? dong,ask_facilities
Apakah Kawah Tengkurep buka 24 jam?,ask_operating_hours
Kira-kira harga tiket Hutan Wisata Punti Kayu berapa?,ask_ticket_price
Bang Tempat-tempat wisata yang aksesibel LRT deh,ask_lrt_destinations
Mau nanya dong Tempat taman di Palembang dong,ask_category
"Excuse me, Where to go in Palembang please",ask_recommendation
Kak Stasiun LRT dekat tempat wisata? ya,ask_lrt_destinations
When does Ampera Bridge close?,ask_operating_hours
Kak what's the time? ya,ask_unrelated
Kak info wisata yang terjangkau lrt nih,ask_lrt_destinations
Halo ada admin?,greet
Permisi Tempat wisata alternatif Palembang nih,ask_hidden_gems
Min Sip lanjut kak? dong,provide_feedback
Museum Balaputra Dewa bagus gak?,ask_destination_info
What's the entrance fee at Ampera Bridge?,ask_ticket_price
Min Popular tourist spots in Palembang nih,ask_recommendation
Bang Good job sih,provide_feedback
Halo ceritain BKB dong,ask_destination_info
"Hi, How to lose weight??",ask_unrelated
Jadwal buka Palembang Square kapan ya?,ask_operating_hours
I want to know list of culinary tourism in palembang??,ask_category
Hari ini Museum Sultan Mahmud Badaruddin II buka gak ya?,ask_operating_hours
Numpang tanya dong?,greet
Min Wisata Palembang yang populer apa,ask_recommendation
Bang Goodbye? dong,goodbye
"Excuse me, what's the meaning of life?",ask_unrelated
Bang Bye deh,goodbye
Can you tell me what destinations are accessible by lrt??,ask_lrt_destinations
Maaf mau tanya Hello ya,greet
Bang fasilitas umum di Kambang Iwak apa aja?,ask_facilities
Maaf mau tanya haii sih,greet
Halo saya dari Jakarta mau tanya,greet
Permisi cek,greet
Eh Min alamat Taman Kebon Rojo apa ya?,ask_location_access
Good afternoon,greet
Dari jam berapa Pulau Kemaro buka ya,ask_operating_hours
Maaf mau tanya hay mau nanya ya,greet
Min What's special about Punti Kayu Island? ya,ask_destination_info
Wisata romantis di Palembang dong,ask_recommendation
Maaf mau tanya Apakah kamu AI? dong,ask_unrelated
Halo Info wisata yang terjangkau LRT? ya,ask_lrt_destinations
Mau nanya dong Alright thanks ya,goodbye
Bang tiket Palembang Icon berapa?,ask_ticket_price
Info fasilitas Taman Kebon Rojo dong,ask_facilities
Halo mau ke tempat bersejarah di palembang deh,ask_category
Min Wisata murah yang bisa naik LRT nih,ask_lrt_destinations
Eh Great info? dong,provide_feedback
What's available at Benteng Kuto Besak?,ask_facilities
"Hi, How much does it cost please",ask_ticket_price
OK bye,goodbye
Menarik gak Siguntang?,ask_destination_info
"Hello, What days is Kampung Kapitan open?",ask_operating_hours
Kak Non-touristy places in Palembang? dong,ask_hidden_gems
Permisi wisata alam di palembang ada apa aja?,ask_category
Ada taman kota di Palembang sih,ask_category
Min Top wisata Palembang dong,ask_recommendation
Maaf mau tanya Kapan sih SMB buka sih,ask_operating_hours
Location of Kampung Kapitan?,ask_location_access
Permisi mau tanya harga tiket Kampung Arab Al-Munawar?,ask_ticket_price
I want to know what tourism spots are on the lrt line??,ask_lrt_destinations
Kak Jakabaring ada kantin gak sih,ask_facilities
Tempat wisata yang wajib dikunjungi di Palembang dong,ask_recommendation
Eh akses ke Taman Kebon Rojo mudah gak? dong,ask_location_access
Rute ke Museum Sultan Mahmud Badaruddin II gimana?,ask_location_access
Wisata Palembang yang belum banyak orang kunjungi? dong,ask_hidden_gems
Please is there an entry fee for Masjid Agung Palembang?,ask_ticket_price
Mau nanya dong quiet but beautiful places in palembang? ya,ask_hidden_gems
Eh Info lengkap Museum Balaputra Dewa dong?,ask_destination_info
Does Benteng Kuto Besak have a mosque?,ask_facilities
Min Good job,provide_feedback
Min Tempat paling menarik di Palembang?,ask_recommendation
See you later deh,goodbye
Halo Makasih infonya?,goodbye
Kenapa SMB II terkenal?,ask_destination_info
Dari stasiun LRT bisa ke wisata apa nih,ask_lrt_destinations
Kak Posisi Hutan Wisata Punti Kayu dimana ya,ask_location_access
Fasilitas umum di BKB apa aja?,ask_facilities
Bang perfect deh,provide_feedback
Permisi makasih infonya kak,provide_feedback
Asalamualaikum,greet
How much to get into Monpera?,ask_ticket_price
Yang termasuk museum apa aja?,ask_category
destinasi wisata lrt palembang? ya,ask_lrt_destinations
Permisi alamat Amanzi Waterpark apa ya,ask_location_access
Can you tell me what to see in palembang?,ask_recommendation
Ada wifi di Fantasy Island?,ask_facilities
Tiket masuk ke Museum Balaputra Dewa sekarang berapa ya?,ask_ticket_price
Mau tau sejarah Taman Kambang Iwak Besak,ask_destination_info
When is Kemaro Island open?,ask_operating_hours
Permisi That's helpful sih,provide_feedback
Kak Facilities at SMB nih,ask_facilities
Mau tau sejarah PIM,ask_destination_info
Bye bye kak,goodbye
Eh Palembang Icon buka hari apa aja? dong,ask_operating_hours
Halo Oke makasih nih,goodbye
Halo Top tourist attractions in Palembang ya,ask_recommendation
"Hey good morning, i have a question?",greet
Kak Oke makasih kak sangat membantu?,goodbye
Recommend historical sites in Palembang,ask_category
Maaf mau tanya Oke noted makasih nih,goodbye
Is there an entry fee for Kambang Iwak Park?,ask_ticket_price
Does Ampera Bridge have a mosque?,ask_facilities
Maaf mau tanya LRT bisa ke SMB II gak,ask_lrt_destinations
Tolong kasih tau wisata dekat LRT,ask_lrt_destinations
Mau nanya dong thanks nih,goodbye
Halo asal usul Jakabaring ini gimana ceritanya?,ask_destination_info
I want to know How much is the ticket to Palembang Trade Center Island?,ask_ticket_price
Price to enter Monpera?,ask_ticket_price
Halo Destinasi wisata budaya Palembang nih,ask_category
Permisi Destinasi wisata LRT Palembang nih,ask_lrt_destinations
Kak Cerita sejarah Siguntang dong,ask_destination_info
Ceritain SMB dong,ask_destination_info
Halo lagi pengen liat pemandangan kota dari atas deh,ask_recommendation
Bayar berapa kalo masuk Monpera?,ask_ticket_price
Halo Canggih botnya deh,provide_feedback
Destinasi tersembunyi Palembang ada gak?,ask_hidden_gems
Biaya tiket Kampung Kapitan berapa kak?,ask_ticket_price
Eh Wisata gratis di Palembang ada gak,ask_recommendation
Hey what's the ticket price for Pulau Kemaro?,ask_ticket_price
Bang mau cari taman di palembang sih,ask_category
Permisi naik apa ke Benteng Kuto Besak?,ask_location_access
Bang Kampung Kapitan ada tempat parkir? ya,ask_facilities
Halo Apakah Jembatan Ampera buka hari Minggu nih,ask_operating_hours
Permisi tempat wisata unik di palembang? ya,ask_hidden_gems
Bisa bantu saya?,greet
Eh Places that tourists don't usually go nih,ask_hidden_gems
"Hi, Is Kawah Tengkurep Island far from the city center please",ask_location_access
Lowongan kerja di Palembang?,ask_unrelated
"Excuse me, Who is the president of Indonesia please",ask_unrelated
How much does it cost to enter Ampera Bridge?,ask_ticket_price
Eh Good answer,provide_feedback
Halo Mau tau tentang Museum Sultan Mahmud Badaruddin II ya,ask_destination_info
Mau nanya dong Waalaikumsalam sih,greet
Min Alamat Al-Munawar dimana?,ask_location_access
Info wisata sejarah Palembang dong,ask_category
Eh Top tourist attractions in Palembang deh,ask_recommendation
"Mau nanya dong Hi, I'd like to ask something ya",greet
resep nasi goreng dong,ask_unrelated
Permisi wisata sepi tapi bagus di palembang? ya,ask_hidden_gems
Tolong kasih tau alamat Punti Kayu,ask_location_access
Lewat mana ya?,ask_location_access
"Excuse me, thanks for the info?",provide_feedback
Halo mau tanya nih,greet
Halo Berapa duit masuk Palembang Square dong,ask_ticket_price
Maaf mau tanya Curhatan aku dong? dong,ask_unrelated
Maaf mau tanya apa itu cryptocurrency? dong,ask_unrelated
Hey Where is Palembang Icon Park located please,ask_location_access
I want to know thanks for the info please,goodbye
Mau nanya dong Info tentang Museum Balaputra Dewa?,ask_destination_info
Mau nanya dong Wisata romantis di Palembang dong,ask_recommendation
Fasilitas Taman Kebon Rojo lengkap gak?,ask_facilities
Mau nanya dong Wisata Palembang yang belum banyak orang kunjungi dong,ask_hidden_gems
What amenities does Monpera offer?,ask_facilities
Bukit Siguntang fasilitasnya apa aja?,ask_facilities
OK that's all I needed,goodbye
Mau nanya dong Ada wisata dekat LRT gak? dong,ask_lrt_destinations
Mau nanya dong Sampai nanti kak,goodbye
Permisi Wisata untuk anak-anak di Palembang? ya,ask_recommendation
Min ada fasilitas apa di Museum Balaputra Dewa? ya,ask_facilities
Kak Destinasi wisata budaya Palembang?,ask_category
Maaf mau tanya Popular tourist spots in Palembang dong,ask_recommendation
Recommend nature tourism in Palembang,ask_category
Bang Tempat wisata religi di Palembang deh,ask_category
Is admission to Punti Kayu Forest free?,ask_ticket_price
Destinasi museum Palembang?,ask_category
thanks for the info,goodbye
PTC gratis gak sih?,ask_ticket_price
Halo rekomendasi wisata yang dekat stasiun lrt sih,ask_lrt_destinations
Oke mantap kak,goodbye
Maaf mau tanya Siapa pemenang Liga Champions? dong,ask_unrelated
I want to know How much is the ticket to Museum Balaputra Dewa Bridge?,ask_ticket_price
Permisi wisata apa yang cocok untuk foto-foto?,ask_recommendation
Maaf mau tanya Ada mushola di Hutan Wisata Punti Kayu ya,ask_facilities
Bisa naik apa ke sana?,ask_location_access
Min masih aktif? dong,greet
Maaf mau tanya ada wisata budaya di palembang? dong,ask_category
Mau nanya dong Ada orang deh,greet
More information please,ask_destination_info
Min Lowongan kerja di Palembang ya,ask_unrelated
Please best things to do in palembang?,ask_recommendation
oke deh sampai jumpa dong,goodbye
Permisi rekomendasi hidden gems dong,ask_hidden_gems
"Hi, how to move on?",ask_unrelated
Halo Suka deh?,provide_feedback
Bang Ada wisata apa aja di Palembang dong,ask_recommendation
Eh Jam tutup Monpera kapan?,ask_operating_hours
Maaf mau tanya Apotek 24 jam di Palembang sih,ask_unrelated
ada mushola di Kemaro?,ask_facilities
Maaf mau tanya Bagaimana cara ke Kambang Iwak,ask_location_access
Akses ke Punti Kayu mudah gak?,ask_location_access
Min Mau tanya fasilitas di Monpera?,ask_facilities
Min rekomendasi wisata Palembang apa?,ask_recommendation
Kapan Palembang Icon buka?,ask_operating_hours
Bang adminnya mana ya,ask_unrelated
Tempat makan di sekitar Masjid Cheng Ho ada?,ask_facilities
Permisi KI ada tempat istirahat ya,ask_facilities
Min apa itu ai?,ask_unrelated
Maaf mau tanya Kak wisata yang bisa naik LRT apa aja ya,ask_lrt_destinations
Eh Ada gak wisata yang masih asri di Palembang?,ask_hidden_gems
Kak aku mau cerita dong,ask_unrelated
Kak Mau tanya nih? ya,greet
Bang ada wisata kuliner gak di Palembang?,ask_category
Eh Smart bot nih,provide_feedback
Maaf mau tanya Bisa naik angkot ke Monpera?,ask_location_access
Halo Seru gak Pasar 16 Ilir deh,ask_destination_info
Kak Non-touristy places in Palembang nih,ask_hidden_gems
Details about Ampera Bridge?,ask_destination_info
What time does Grand Mosque of Palembang open?,ask_operating_hours
Very detailed? dong,provide_feedback
What are the opening hours of Punti Kayu Forest?,ask_operating_hours
"Hi, which places can i visit using lrt?",ask_lrt_destinations
"Hi, What parks are in Palembang thanks",ask_category
Bang OK that's all I needed? ya,goodbye
Bang ada yang bisa dibantu sih,greet
Permisi lengkap gak fasilitasnya? dong,ask_facilities
PIM ramah anak gak?,ask_facilities
Kak Wisata sore hari di Palembang,ask_recommendation
Recommend museums in Palembang,ask_category
Halo Apakah Jakabaring Sport City dekat stasiun LRT? dong,ask_lrt_destinations
Halo Baik terima kasih dong,goodbye
Eh Mau jalan-jalan di Palembang kemana ya? dong,ask_recommendation
Permisi tempat yang bagus buat foto-foto keluarga di mana ya,ask_recommendation
Kenapa KI terkenal?,ask_destination_info
Berapa ya tiket Kampung Kapitan?,ask_ticket_price
How to cook an egg?,ask_unrelated
Bang Cukup dulu ya? ya,goodbye
Bang Rute ke Monpera gimana?,ask_location_access
Kak Weekend OPI Mall buka?,ask_operating_hours
Maaf mau tanya assalamualaikum bye,goodbye
Kak Jam operasionalnya nih,ask_operating_hours
Permisi Hidden gems in Palembang? ya,ask_hidden_gems
Berapa duit masuk Kawah Tengkurep?,ask_ticket_price
Selaamt pagi ya,greet
Min Oke cukup kak makasih banyak nih,goodbye
Mau nanya dong stasiun lrt terdekat ke tempat wisata mana? ya,ask_lrt_destinations
Mau nanya dong Mau jalan-jalan pakai LRT bisa kemana sih,ask_lrt_destinations
Mau nanya dong Tempat wisata yang jarang dikunjungi di Palembang?,ask_hidden_gems
Can you tell me Can I reach tourist places by LRT please,ask_lrt_destinations
Halo pagi deh,greet
Please things to do in palembang??,ask_recommendation
Please where is KI located?,ask_location_access
Understood dong,provide_feedback
How to reach PTC?,ask_location_access
Eh Sampai jumpa lagi?,goodbye
Permisi info masjid palembang dong,ask_category
Eh mau jalan-jalan di palembang kemana ya? dong,ask_recommendation
historical sites places in Palembang?,ask_category
Halo dimana ya Jembatan Ampera?,ask_location_access
Kak mau tanya harga tiket Museum Balaputra Dewa,ask_ticket_price
Apakah Bukit Siguntang buka 24 jam?,ask_operating_hours
Taman Kebon Rojo itu tempat apa sih?,ask_destination_info
Kak Bye bye makasih dong,goodbye
Permisi Wisata yang belum mainstream,ask_hidden_gems
Masjid Agung Palembang bayar berapa?,ask_ticket_price
Pasar 16 Ilir buka hari apa aja?,ask_operating_hours
Kak Mau cari wisata yang seru di Palembang? dong,ask_recommendation
Kak haii sih,greet
Yang termasuk masjid apa aja?,ask_category
Thanks for the info,provide_feedback
Permisi Resep nasi goreng dong? dong,ask_unrelated
Kak kasih tau hidden gems Palembang?,ask_hidden_gems
Kak Tempat wisata ikonik Palembang?,ask_recommendation
Where is Punti Kayu Forest?,ask_location_access
Permisi aplikasinya keren deh,provide_feedback
See you later,goodbye
Oke sip makasih,goodbye
Mau nanya dong Keren sih ini botnya,provide_feedback
Menarik gak Kambang Iwak?,ask_destination_info
"Hello, List of nature tourism in Palembang please",ask_category
Siguntang gratis gak sih? ya,ask_ticket_price
Min Rating 5 untuk botnya sih,provide_feedback
Min Kemaro buka jam berapa ya,ask_operating_hours
Bang Infonya detail banget,provide_feedback
Bang Hay nih,greet
Bang Oke noted terima kasih banyak kak? ya,goodbye
Kenapa Punti Kayu terkenal?,ask_destination_info
What's the price of iPhone?,ask_unrelated
Halo berapa harga tiket PTC?,ask_ticket_price
Bang aku lagi ngomong sama komputer ya? ya,ask_unrelated
Eh oke kak noted deh,provide_feedback
Ada wisata kuliner gak di Palembang?,ask_category
ada museum di palembang? ya,ask_category
Is Monpera far from the city center?,ask_location_access
Min Kambang Iwak dekat stasiun lrt mana? dong,ask_lrt_destinations
I want to know Recommend places to see in Palembang?,ask_recommendation
How much for Kampung Kapitan tickets?,ask_ticket_price
Bang Informatif banget sih,provide_feedback
Bang Nyanyiin lagu dong? dong,ask_unrelated
Bang ada admin dong,greet
Mau nanya dong tempat taman di palembang? dong,ask_category
Hey What can I see at Hutan Wisata Punti Kayu please,ask_destination_info
Bisa naik angkot ke SMB?,ask_location_access
Permisi mau tanya harga tiket Kampung Kapitan,ask_ticket_price
ini jawaban template ya?,ask_unrelated
Is it free?,ask_ticket_price
Permisi Kampung Kapitan itu tempat apa sih?,ask_destination_info
"Hello, What's the address of Kemaro Bridge thanks",ask_location_access
Mau nanya dong Pasar 16 Ilir ada toilet gak?,ask_facilities
Mau nanya dong apa yang menarik dari Pasar 16 Ilir?,ask_destination_info
Permisi mau ke tempat yang unik dan sepi ya,ask_hidden_gems
Mau tanya jam operasional Taman Kebon Rojo,ask_operating_hours
Bang Bye ya,goodbye
Mau ke Palembang Icon bayar berapa?,ask_ticket_price
Min Bagaimana cara move on ya,ask_unrelated
Permisi jos deh,provide_feedback
Halo Wisata yang aksesnya lewat LRT apa aja ya,ask_lrt_destinations
Kak rekomendasiin dong wisata di palembang nih,ask_recommendation
Min Tempat museum di Palembang ya,ask_category
Bang info wisata dekat lrt dong,ask_lrt_destinations
Min tempat wisata unik di palembang?,ask_hidden_gems
Halo Punti Kayu buka jam berapa ya,ask_operating_hours
Eh Hi there?,greet
Kak makasih ya infonya,goodbye
Kak Nice deh,provide_feedback
"anakku suka main air, enaknya bawa kemana ya",ask_recommendation
Bang Arah ke Fantasy Island gimana deh,ask_location_access
Akar kuadrat dari 144,ask_unrelated
What should I visit in Palembang?,ask_recommendation
Bang Info harga tiket Kampung Kapitan dong,ask_ticket_price
Mau nanya dong Cara menuju KI gimana nih,ask_location_access
Bang Ada wifi di Jakabaring Sport City?,ask_facilities
Hey How much to get into Grand Mosque of Palembang,ask_ticket_price
fasilitas umum di Kampung Arab Al-Munawar apa aja?,ask_facilities
Mau nanya dong Ada tempat wisata baru di Palembang,ask_hidden_gems
Kak Jakabaring buka jam berapa ya?,ask_operating_hours
Halo lengkap banget infonya dong,provide_feedback
Min Seru gak Monpera sih,ask_destination_info
Mau nanya dong Heyy nih,greet
"Excuse me, The answer is very detailed??",provide_feedback
Hey What does it cost to visit Grand Mosque of Palembang?,ask_ticket_price
Destinasi wisata budaya Palembang?,ask_category
Bang tempat wisata yang dilalui lrt?,ask_lrt_destinations
Kak oke makasih kak sangat membantu sih,goodbye
Great bot,provide_feedback
Hey Do I need to pay to enter Palembang Square thanks,ask_ticket_price
Selamat siang,greet
"Hello, unique places to visit in palembang??",ask_hidden_gems
Tempat wisata kuliner di Palembang?,ask_category
Min Oke terima kasih jawabannya dong,provide_feedback
Oke sip,provide_feedback
Lokasi Masjid Agung Palembang dimana kak?,ask_location_access
Eh Is Kawah Tengkurep open on weekends?,ask_operating_hours
Naik apa ke Amanzi Waterpark?,ask_location_access
Bang Wisata terbaik di Palembang apa,ask_recommendation
Permisi Amazing response sih,provide_feedback
Halo Sangat membantu?,provide_feedback
Kak Tempat wisata yang gak rame ya,ask_hidden_gems
Weekday Museum Sultan Mahmud Badaruddin II buka jam berapa?,ask_operating_hours
Eh wisata yang belum viral di palembang? dong,ask_hidden_gems
Terima kasih,goodbye
Min non-touristy places in palembang? dong,ask_hidden_gems
Min Tempat wisata yang jarang dikunjungi di Palembang sih,ask_hidden_gems
Fasilitas pendukung Palembang Icon?,ask_facilities
asal usul Al-Munawar ini gimana ceritanya?,ask_destination_info
Mau nanya dong Does Palembang Square have food stalls ya,ask_facilities
Halo Sip lanjut kak?,provide_feedback
weekday Kampung Arab Al-Munawar buka jam berapa?,ask_operating_hours
Min Mau jalan-jalan pakai LRT bisa kemana,ask_lrt_destinations
"Min bye, thanks for everything dong",goodbye
Permisi Cara menuju Kampung Arab Al-Munawar gimana?,ask_location_access
Maaf mau tanya Salam kenal dong,greet
Tes tes,greet
dulu tempat ini bekas apa?,ask_destination_info
Maaf mau tanya Best universities in Indonesia?,ask_unrelated
Mau nanya dong Wisata yang belum banyak orang tau di Palembang?,ask_hidden_gems
Mau nanya dong ada museum gak di Palembang nih,ask_category
Kambang Iwak mulai buka jam berapa sih,ask_operating_hours
Kak rekomendasiin dong wisata di Palembang,ask_recommendation
How much does it cost to enter Punti Kayu Forest?,ask_ticket_price
Mau nanya dong Masjid Agung Palembang ada tempat parkir? ya,ask_facilities
Tempat wisata yang bisa diakses LRT?,ask_lrt_destinations
Bagaimana cara memasak telur ya,ask_unrelated
Permisi Tiket pesawat ke Bali berapa? ya,ask_unrelated
Eh Membantu banget dong,provide_feedback
kasih pantun dong,ask_unrelated
Where is Kampung Kapitan located?,ask_location_access
Mau nanya dong terima kasih sangat membantu,goodbye
Apa arti cinta?,ask_unrelated
"Hi, how to cook an egg?",ask_unrelated
Halo Wisata accessible by LRT,ask_lrt_destinations
Cara menuju Jakabaring gimana,ask_location_access
Tolong kasih tau alamat Jembatan Ampera,ask_location_access
"Hello, list of religious tourism in palembang?",ask_category
Tempat wisata yang dilalui LRT ya,ask_lrt_destinations
Permisi Pasar 16 Ilir dekat stasiun lrt mana?,ask_lrt_destinations
Halo Ada mushola di Kemaro nih,ask_facilities
Permisi SMB ada tempat parkir?,ask_facilities
Kak saya mau jalan-jalan di Palembang?,greet
Maaf mau tanya OK that's all I needed?,goodbye
Eh kapan kiamat? dong,ask_unrelated
Maaf mau tanya Kayak apa sih Taman Kambang Iwak Besak?,ask_destination_info
Sejarah Al-Munawar apa ya?,ask_destination_info
Kak selamat siang ya,greet
I want to know Can I take LRT to visit tourist places??,ask_lrt_destinations
Min kira-kira harga tiket Taman Kebon Rojo berapa? dong,ask_ticket_price
What is Monpera?,ask_destination_info
Facilities at Jakabaring Sport City?,ask_facilities
Info tentang Palembang Trade Center,ask_destination_info
Sangat membantu,provide_feedback
Hi bot,greet
Eh Tempat wisata alam di Palembang?,ask_category
Maaf mau tanya Mau ke Kemaro lewat mana?,ask_location_access
Min Jembatan Ampera buka sampai malam gak?,ask_operating_hours
Min helloo deh,greet
Maaf mau tanya good info,provide_feedback
Mantap,provide_feedback
Bang Boleh tanya ya,greet
info wisata yang terjangkau lrt ya,ask_lrt_destinations
Jakabaring deket stasiun LRT mana?,ask_location_access
thanks for the info please,goodbye
Halo bot nya pintar ya,provide_feedback
Kak apa yang menarik dari Taman Kebon Rojo?,ask_destination_info
Eh Top tourist attractions in Palembang dong,ask_recommendation
Apa itu BKB?,ask_destination_info
Lokasi KI dimana kak?,ask_location_access
Min alright thanks deh,goodbye
What facilities are available at Amanzi,ask_facilities
Halo kamu manusia apa robot,ask_unrelated
Maaf mau tanya top tourist attractions in palembang?,ask_recommendation
Min apa keunikan Jakabaring?,ask_destination_info
"Excuse me, Best places for tourists in Palembang please",ask_recommendation
Permisi dimana ya Hutan Wisata Punti Kayu?,ask_location_access
Mau tanya harga tiket Amanzi,ask_ticket_price
Min bye kak,goodbye
Halo Tourist spots along LRT route? ya,ask_lrt_destinations
Kak Quiet but beautiful places in Palembang? dong,ask_hidden_gems
Bang Berapa harga tiketnya?,ask_ticket_price
Where can I find historical sites in Palembang?,ask_category
Mau tau tentang Benteng Kuto Besak dong,ask_destination_info
Mau tau tentang Kawah Tengkurep,ask_destination_info
Bang Weekday Ampera buka jam berapa ya,ask_operating_hours
Eh thanks kak,goodbye
Kak ceritakan tentang Museum Balaputra Dewa ya,ask_destination_info
Permisi Why is Kampung Kapitan famous ya,ask_destination_info
very detailed nih,provide_feedback
Min nice info deh,provide_feedback
Halo Destinasi favorit di Palembang dong,ask_recommendation
Min Pagi-pagi Palembang Square sudah buka belum? dong,ask_operating_hours
Permisi kasih tau hidden gems Palembang deh,ask_hidden_gems
Halo very detailed deh,provide_feedback
Al Quran Al Akbar deket stasiun lrt mana?,ask_location_access
Eh Cultural attractions in Palembang ya,ask_category
Halo Di daerah mana sih,ask_location_access
Eh Pagi min?,greet
Wisata yang paling sering dikunjungi?,ask_recommendation
Halo Makasih kak? ya,goodbye
Naik apa ke Jakabaring?,ask_location_access
Maaf mau tanya destinasi wisata lrt palembang?,ask_lrt_destinations
Dimana lokasi OPI Mall?,ask_location_access
Tiketnya mahal gak?,ask_ticket_price
got it sih,provide_feedback
Mau nanya dong That's helpful dong,provide_feedback
How to get a visa,ask_unrelated
Halo Hidden gems in Palembang nih,ask_hidden_gems
Directions to Kemaro Island?,ask_location_access
Maaf mau tanya Tempat wisata kuliner di Palembang ya,ask_category
Halo rekomendasikan tempat wisata di palembang dong,ask_recommendation
What are the operating hours of Punti Kayu Forest?,ask_operating_hours
Eh Hai mau konsultasi dong? ya,greet
Maaf mau tanya Makasih ya sangat berguna infonya sih,goodbye
Mau nanya dong Masjid Agung Palembang di mana ya?,ask_location_access
Kak Jam tutup PTC kapan?,ask_operating_hours
Permisi mau nanya? dong,greet
Min recommend tourist places in palembang nih,ask_recommendation
Maaf mau tanya Min saran wisata dong? dong,ask_recommendation
Bang Tempat yang underrated di Palembang? ya,ask_hidden_gems
Deskripsi SMB II,ask_destination_info
Maaf mau tanya Review tentang OPI Mall ya,ask_destination_info
"Got it, thanks",goodbye
Kak Tempat wisata yang jarang dikunjungi di Palembang? ya,ask_hidden_gems
Kak that makes sense deh,provide_feedback
Mau nanya dong hello ya,greet
Pinter ya botnya,provide_feedback
Eh infonya oke banget nih,provide_feedback
Permisi LRT accessible tourist spots in Palembang? ya,ask_lrt_destinations
Permisi Hotels in Jakarta,ask_unrelated
Maaf mau tanya review tentang Masjid Cheng Ho ya,ask_destination_info
Min Rumus pythagoras nih,ask_unrelated
Rumus pythagoras nih,ask_unrelated
Eh Hari ini Monpera buka gak ya,ask_operating_hours
"Excuse me, How to cook an egg",ask_unrelated
Permisi Kasih rekomendasi wisata dong? ya,ask_recommendation
Eh Lowongan kerja di Palembang ya,ask_unrelated
Min Wisata sepi tapi bagus di Palembang? ya,ask_hidden_gems
cara daftar cpns gimana? ya,ask_unrelated
Eh fasilitas Monpera lengkap gak?,ask_facilities
Min Tips belajar bahasa Inggris? ya,ask_unrelated
Bang Hidden spots in Palembang?,ask_hidden_gems
Bang chatbot nya bagus sih,provide_feedback
Bang Ada fasilitas apa di Taman Kambang Iwak Besak? dong,ask_facilities
Bang Apakah ada wisata yang bisa dijangkau LRT? dong,ask_lrt_destinations
Fasilitas umum di Al-Munawar apa aja?,ask_facilities
Kak ada wisata budaya gak di Palembang?,ask_category
di Kampung Kapitan itu kita bisa ngapain aja?,ask_destination_info
Wisata taman di Palembang apa aja?,ask_category
Segitu dulu kak thanks,goodbye
Kak Wisata yang paling sering dikunjungi dong,ask_recommendation
Permisi Jam tutup Ampera kapan,ask_operating_hours
Maaf mau tanya Well explained? ya,provide_feedback
Parkiran Amanzi Waterpark luas gak?,ask_facilities
"Hello, is anyone available",greet
Permisi top wisata palembang?,ask_recommendation
Min mau tanya,greet
"Permisi Hi, first time in Palembang ya",greet
Bang sore sih,greet
Info lengkap Taman Kambang Iwak Besak dong? ya,ask_destination_info
Halo hi bot sih,greet
Apakah Masjid Cheng Ho gratis?,ask_ticket_price
Harga tiket masuk Monpera sekarang berapa?,ask_ticket_price
Eh non-touristy places in palembang?,ask_hidden_gems
Bang Palembang punya museum apa dong,ask_category
Min Mau ke tempat yang unik dan sepi ya,ask_hidden_gems
Eh asal usul Monpera ini gimana ceritanya ya,ask_destination_info
Bang Tempat wisata yang wajib dikunjungi di Palembang dong,ask_recommendation
Kak mau ke tempat yang unik dan sepi nih,ask_hidden_gems
Eh Membantu banget? ya,provide_feedback
Bang Stasiun LRT dekat tempat wisata ya,ask_lrt_destinations
Mau nanya dong makasih banyak nih,goodbye
Permisi Jakabaring Sport City ada tempat parkir?,ask_facilities
Recommend culinary tourism in Palembang,ask_category
Mau nanya dong Ping ya,greet
Maaf mau tanya Oke makasih ya,goodbye
Review tentang Kampung Kapitan,ask_destination_info
Maaf mau tanya Ceritain Taman Kambang Iwak Besak dong,ask_destination_info
Maaf mau tanya Kawah Tengkurep lokasinya dimana?,ask_location_access
Lengkap banget infonya,provide_feedback
Info jam buka Masjid Agung Palembang dong,ask_operating_hours
Salam kenal,greet
ceritain dong kenapa tempat ini viral,ask_destination_info
Bang Suka sama aplikasinya ya,provide_feedback
Maaf mau tanya Wisata yang aksesnya lewat LRT apa aja? dong,ask_lrt_destinations
Min Mantap nih,provide_feedback
Seru gak Al Quran Al Akbar?,ask_destination_info
Min kasih tau alamat OPI Mall?,ask_location_access
Kapan piala dunia?,ask_unrelated
Eh LRT berhenti dekat wisata mana sih,ask_lrt_destinations
Museum Sultan Mahmud Badaruddin II bayar berapa? ya,ask_ticket_price
Harga tiket masuk Amanzi Waterpark sekarang berapa?,ask_ticket_price
Kak tempat keren tapi belum terkenal di palembang? dong,ask_hidden_gems
Eh kapan sih Masjid Agung Palembang buka?,ask_operating_hours
Monpera buka dari jam berapa sampai jam berapa?,ask_operating_hours
palembang tourism recommendations? dong,ask_recommendation
Eh wisata palembang yang aesthetic tapi sepi? dong,ask_hidden_gems
Wisata tersembunyi di Palembang?,ask_hidden_gems
Eh tempat makan di sekitar Monpera ada?,ask_facilities
Any religious tourism in Palembang deh,ask_category
Fasilitas Fantasy Island lengkap gak?,ask_facilities
What's the location of Sultan Mahmud Badaruddin II Museum?,ask_location_access
Pulau Kemaro buka sampai malam gak?,ask_operating_hours
Permisi wisata wisata sejarah di palembang apa aja? ya,ask_category
Bang ada wisata dekat lrt gak?,ask_lrt_destinations
Facilities at Kambang Iwak Park?,ask_facilities
Min Oke noted makasih? ya,goodbye
Mau nanya dong Wisata yang belum banyak orang tau di Palembang nih,ask_hidden_gems
Bang Apakah Punti Kayu buka 24 jam,ask_operating_hours
Maaf mau tanya Any parks in Palembang,ask_category
Kak Tempat wisata yang bisa diakses LRT nih,ask_lrt_destinations
Mau nanya dong Wisata yang gak pasaran di Palembang dong,ask_hidden_gems
What amenities does Grand Mosque of Palembang offer?,ask_facilities
I want to know when is the world cup?,ask_unrelated
Bang Wisata tersembunyi di Palembang? dong,ask_hidden_gems
Eh kamu bot beneran ya,ask_unrelated
Mau nanya dong Must-visit places in Palembang?,ask_recommendation
Misi nanya dong,greet
Pagi-pagi Jembatan Ampera sudah buka belum?,ask_operating_hours
Is Kambang Iwak Park open in the morning?,ask_operating_hours
Mau cari wisata budaya di Palembang,ask_category
Eh LRT Palembang lewat wisata mana?,ask_lrt_destinations
Kak Sore kak?,greet
Min Museum Balaputra Dewa ada toilet gak dong,ask_facilities
Kak destinasi tersembunyi palembang ada gak? dong,ask_hidden_gems
Mau nanya dong sampai ketemu lagi sih,goodbye
Ke Kampung Kapitan bayar berapa ya?,ask_ticket_price
wisata yang bisa pake lrt? dong,ask_lrt_destinations
Sup,greet
Kak assalamu'alaikum deh,greet
Jelaskan tentang Jakabaring dong,ask_destination_info
Maaf mau tanya hidden gems di palembang apa? ya,ask_hidden_gems
Cara menuju Al Quran Al Akbar gimana?,ask_location_access
"Min Perfect, thank you?",goodbye
Eh Is Kawah Tengkurep Arab Village open today nih,ask_operating_hours
Eh apa Amanzi Waterpark bisa dijangkau lrt?,ask_lrt_destinations
Min Seru gak Ampera sih,ask_destination_info
Permisi mau cari wisata budaya di palembang sih,ask_category
Kak Palembang Square itu apa,ask_destination_info
Kak Amanzi ada tempat istirahat?,ask_facilities
Resep kue bolu?,ask_unrelated
Information about Taman Kambang Iwak Besak Forest? dong,ask_destination_info
Apa keunikan Museum Balaputra Dewa?,ask_destination_info
Please What historical sites are in Palembang,ask_category
Info wisata budaya Palembang dong,ask_category
what's the capital of france??,ask_unrelated
Min Info masjid Palembang dong? ya,ask_category
Maaf mau tanya Ada gak wisata yang bisa ditempuh LRT dong,ask_lrt_destinations
Jam tutup Museum Balaputra Dewa kapan?,ask_operating_hours
What are the best places to visit in Palembang,ask_recommendation
Min stasiun lrt dekat tempat wisata?,ask_lrt_destinations
Bang Wisata air di Palembang ada? ya,ask_category
Alamat lengkap Kambang Iwak?,ask_location_access
Tiket Masjid Cheng Ho berapa sih?,ask_ticket_price
Misi mau tanya,greet
Mau nanya dong apakah botnya aktif? dong,greet
Maaf mau tanya siang dong,greet
Permisi Ada gak wisata yang masih asri di Palembang? ya,ask_hidden_gems
Kak Saranin wisata di Palembang dong? dong,ask_recommendation
Kak Info tentang Punti Kayu? ya,ask_destination_info
Min oke cukup kak makasih banyak nih,goodbye
Permisi adminnya mana? dong,ask_unrelated
Eh bisa rekomendasikan tempat wisata? ya,ask_recommendation
Jam buka Taman Kambang Iwak Besak kapan?,ask_operating_hours
Can you tell me exactly what i needed?,provide_feedback
Dari pusat kota ke SMB II berapa lama?,ask_location_access
"Hi, is there wifi at Museum Balaputra Dewa bridge?",ask_facilities
Assalamualaikum mau tanya,greet
Maaf mau tanya Heyy nih,greet
Min Secret places in Palembang nih,ask_hidden_gems
Halo makasih udah bantu nih,goodbye
Eh Bayar berapa kalo masuk Palembang Trade Center ya,ask_ticket_price
Bang mau ke tempat yang unik dan sepi dong,ask_hidden_gems
Test bot? ya,greet
Akses ke Museum Sultan Mahmud Badaruddin II mudah gak?,ask_location_access
Tiket masuk PIM berapa?,ask_ticket_price
Mau nanya dong sampai ketemu lagi dong,goodbye
Menarik gak Museum Balaputra Dewa?,ask_destination_info
Kambang Iwak fasilitasnya apa aja?,ask_facilities
Min Jam tutup Palembang Square kapan? dong,ask_operating_hours
Apakah Kampung Kapitan buka hari Minggu?,ask_operating_hours
Jelaskan tentang Pulau Kemaro,ask_destination_info
Where is Monpera located?,ask_location_access
Min Bisa naik LRT ke Bukit Siguntang ya,ask_lrt_destinations
Maaf mau tanya Apa aja fasilitas di sana?,ask_facilities
Sejarah SMB apa ya?,ask_destination_info
Min ada ide tempat buat nongkrong sore dong,ask_recommendation
Hey where can i find culinary tourism in palembang?,ask_category
Maaf mau tanya oke thanks nih,goodbye
Eh Apa obat sakit kepala nih,ask_unrelated
Bang apa arti cinta?,ask_unrelated
Kak Sampai nanti kak?,goodbye
Mau nanya dong Wah keren infonya ya,provide_feedback
Bang LRT accessible tourist spots in Palembang ya,ask_lrt_destinations
"Excuse me, What are the best places to visit in Palembang",ask_recommendation
Bang bye for now deh,goodbye
Permisi Bisa rekomendasikan tempat wisata? dong,ask_recommendation
Kak kamu manusia apa robot,ask_unrelated
Halo Apa itu Punti Kayu,ask_destination_info
Maaf mau tanya good job deh,provide_feedback
"Bang Hi, I'm visiting Palembang? ya",greet
"Hello, What's the ticket price for Siguntang",ask_ticket_price
Dari jam berapa Kambang Iwak buka?,ask_operating_hours
Mau nanya dong Bayar berapa kalo masuk Jembatan Ampera nih,ask_ticket_price
Kak Mau ke Kambang Iwak lewat mana deh,ask_location_access
Min Kasih pantun dong,ask_unrelated
Kak apa yang bikin Pasar 16 Ilir ini spesial? dong,ask_destination_info
Permisi Apa itu machine learning? ya,ask_unrelated
Permisi bye for now deh,goodbye
Eh oke kak sampai jumpa,goodbye
di Punti Kayu itu kita bisa ngapain aja ya,ask_destination_info
Maaf mau tanya Wisata terbaik di Palembang apa,ask_recommendation
Eh Punti Kayu buka dari jam berapa sampai jam berapa nih,ask_operating_hours
Permisi kasih tau wisata dekat LRT sih,ask_lrt_destinations
Bang Tempat wisata unik di Palembang nih,ask_hidden_gems
I want to know what are the best places to visit in palembang?,ask_recommendation
Info lokasi Amanzi dong? ya,ask_location_access
Mau cari wisata religi di Palembang,ask_category
"Halo thanks, see you next time",goodbye
Ada wifi di Jakabaring?,ask_facilities
Tiket Jakabaring berapa sih?,ask_ticket_price
Makasih ya,goodbye
Kak Hlo sih,greet
Maaf mau tanya Wisata weekend di Palembang dong,ask_recommendation
Permisi Makasih ya? dong,goodbye
Eh see you,goodbye
Maaf mau tanya Tourist spots along LRT route?,ask_lrt_destinations
Ada wisata religi di Palembang?,ask_category
Mau nanya dong Jam operasional Kemaro?,ask_operating_hours
Maaf mau tanya Tempat wisata alternatif Palembang? ya,ask_hidden_gems
Bang sampai jumpa lagi sih,goodbye
Maaf mau tanya appreciate it deh,goodbye
Maaf mau tanya dari jam berapa Kawah Tengkurep buka?,ask_operating_hours
Maaf mau tanya Membantu banget kak,provide_feedback
Halo Tempat wisata yang wajib dikunjungi di Palembang,ask_recommendation
P,greet
Maaf mau tanya Places that tourists don't usually go?,ask_hidden_gems
Min Makasih atas bantuannya,goodbye
Maaf mau tanya Apakah ada wisata yang bisa dijangkau LRT sih,ask_lrt_destinations
Maaf mau tanya Underrated tourist spots in Palembang? dong,ask_hidden_gems
Mau nanya dong Mau ke Masjid Agung Palembang lewat mana dong,ask_location_access
Mau nanya dong Jadwal kereta api Jakarta,ask_unrelated
Jakabaring buka setiap hari?,ask_operating_hours
Kak Hari ini buka deh,ask_operating_hours
Palembang tourism recommendations dong,ask_recommendation
Permisi ini jawaban template ya? dong,ask_unrelated
Tiket Siguntang berapa sih?,ask_ticket_price
Maaf mau tanya kamu siapa?,ask_unrelated
Masjid Agung Palembang itu tempat apa sih?,ask_destination_info
Min Which tourist spots are near LRT stations? dong,ask_lrt_destinations
Harga masuk Museum Sultan Mahmud Badaruddin II berapa ya ?,ask_ticket_price
Mau nanya dong Review tentang Kampung Kapitan?,ask_destination_info
Oke deh sampai jumpa,goodbye
Bang Aku mau cerita dong,ask_unrelated
Mau nanya dong makasih kak nanti saya tanya lagi dong,goodbye
Halo Tell me about dinosaurs dong,ask_unrelated
Mau nanya dong Resep kue bolu sih,ask_unrelated
Permisi Fasilitas Ampera lengkap gak ya,ask_facilities
Eh Wisata yang cocok untuk keluarga nih,ask_recommendation
Min TanyaKito?,greet
Menarik gak?,ask_destination_info
"Hi, Are there toilets at Hutan Wisata Punti Kayu Park thanks",ask_facilities
Bang Does Pulau Kemaro Forest open every day?,ask_operating_hours
Maaf mau tanya Bagus infonya deh,provide_feedback
Maaf mau tanya Palembang Icon ada di daerah mana?,ask_location_access
Eh Mau ke BKB bayar berapa dong,ask_ticket_price
Mau nanya dong Undiscovered places in Palembang nih,ask_hidden_gems
Masjid Cheng Ho ada di daerah mana?,ask_location_access
Kak why is Jembatan Ampera park famous?,ask_destination_info
Al Quran Al Akbar fasilitasnya apa aja?,ask_facilities
Mau nanya dong ada wifi di Amanzi Waterpark?,ask_facilities
Kak Hey bot nih,greet
what's the price of iphone??,ask_unrelated
Kak siapa di sini,greet
What's special about Ampera Bridge?,ask_destination_info
Info fasilitas KI dong,ask_facilities
Tess,greet
What can I see at Grand Mosque of Palembang?,ask_destination_info
Permisi Wisata yang bisa pake LRT dong,ask_lrt_destinations
Jadwal buka Kampung Arab Al-Munawar kapan ya?,ask_operating_hours
Min kasih tau hidden gems palembang dong,ask_hidden_gems
Mau nanya dong Gambar kucing dong,ask_unrelated
Lengkap gak fasilitasnya?,ask_facilities
Maaf mau tanya I'm bored? dong,ask_unrelated
Mau nanya dong PTC ada di daerah mana?,ask_location_access
thanks kak,goodbye
Mau nanya dong Alternative tourist spots in Palembang nih,ask_hidden_gems
Min infonya oke banget,provide_feedback
Can you tell me List of nature tourism in Palembang thanks,ask_category
Got it,provide_feedback
Bang Rekomendasikan tempat wisata di Palembang nih,ask_recommendation
Halo Kambang Iwak berbayar atau gratis? ya,ask_ticket_price
Permisi jam operasional PIM?,ask_operating_hours
Dari mana ke Palembang Icon?,ask_location_access
Eh Lesser known attractions in Palembang nih,ask_hidden_gems
Eh recommend nature tourism in palembang ya,ask_category
Tiket masuk KI berapa?,ask_ticket_price
Info lengkap Jakabaring Sport City dong,ask_destination_info
Halo Hi there,greet
Permisi Bagus infonya?,provide_feedback
Permisi LRT bisa ke Amanzi gak?,ask_lrt_destinations
Mau nanya dong Hello deh,greet
"Hello, what amenities are available?",ask_facilities
Mau cari wisata sejarah di Palembang,ask_category
Eh What makes Masjid Cheng Ho Forest unique? ya,ask_destination_info
Min Famous places in Palembang? ya,ask_recommendation
"Min Mau naik LRT, wisata apa yang dekat deh",ask_lrt_destinations
Mau nanya dong kamu robot ya?,ask_unrelated
Halo culinary tourism places in palembang? ya,ask_category
Mau tanya jam operasional Masjid Cheng Ho,ask_operating_hours
Eh historical sites places in Palembang?,ask_category
Kak berguna banget dong,provide_feedback
Halo Canggih botnya dong,provide_feedback
Permisi Kemana aja bisa naik LRT untuk wisata? dong,ask_lrt_destinations
Info jam buka Punti Kayu dong,ask_operating_hours
Bang Bye bye?,goodbye
Permisi oke mantul ya,provide_feedback
Maaf mau tanya Info lengkap Kampung Kapitan dong,ask_destination_info
Mau nanya dong terima kasih sudah membantu,goodbye
Permisi Rekomendasi wisata Palembang dong? dong,ask_recommendation
Bang wisata yang gak pasaran di palembang? dong,ask_hidden_gems
Info lokasi Kemaro dong,ask_location_access
Bang Wisata gratis di Palembang ada gak dong,ask_recommendation
Please What amenities does Grand Mosque of Palembang offer??,ask_facilities
Permisi LRT accessible tourist spots in Palembang dong,ask_lrt_destinations
Permisi Good evening ya,greet
Bang Buka sampai malam nih,ask_operating_hours
Ada rekomendasi wisata gak?,ask_recommendation
Please How to move on??,ask_unrelated
Kak Fasilitas PIM lengkap gak nih,ask_facilities
Baiklah terima kasih banyak,goodbye
Maaf mau tanya Wisata malam di Palembang kemana deh,ask_recommendation
Berapa ya tiket SMB?,ask_ticket_price
Tempat makan di sekitar Pulau Kemaro ada?,ask_facilities
Kak Oke noted terima kasih banyak kak? dong,goodbye
Wisata yang belum viral di Palembang?,ask_hidden_gems
religious tourism places in Palembang?,ask_category
Bang wisata malam di palembang kemana? ya,ask_recommendation
Maaf mau tanya LRT Palembang lewat wisata mana?,ask_lrt_destinations
Kak Religious sites in Palembang nih,ask_category
Eh Undiscovered places in Palembang dong,ask_hidden_gems
mau tau tentang PIM,ask_destination_info
Amazing response,provide_feedback
Mau nanya dong good answer dong,provide_feedback
Mau nanya dong aplikasi nih,greet
Can you tell me Can I take LRT to Museum Sultan Mahmud Badaruddin II Bridge??,ask_lrt_destinations
What's the location of Punti Kayu Forest?,ask_location_access
Halo secret places in palembang? dong,ask_hidden_gems
Apakah Amanzi buka hari Minggu nih,ask_operating_hours
Eh terima kasih sudah membantu ya,goodbye
Location of Monpera?,ask_location_access
Halo OPI Mall buka sampai malam gak?,ask_operating_hours
Siguntang di mana ya?,ask_location_access
Kapan Pasar 16 Ilir buka?,ask_operating_hours
Maaf mau tanya Hidden gems di Palembang apa ya,ask_hidden_gems
Cerita sejarah Kampung Kapitan dong,ask_destination_info
Kayak apa sih SMB?,ask_destination_info
Min kasih tau alamat Jakabaring Sport City?,ask_location_access
Palembang Icon terkenal karena apa?,ask_destination_info
Wisata yang gak pasaran di Palembang?,ask_hidden_gems
Mau nanya dong kasih tau hidden gems Palembang deh,ask_hidden_gems
"Permisi Hello, I need help nih",greet
Mau tanya jam operasional PTC,ask_operating_hours
Bang rekomendasi wisata yang dekat stasiun lrt,ask_lrt_destinations
Quiet but beautiful places in Palembang? ya,ask_hidden_gems
List of nature tourism in Palembang?,ask_category
Permisi wisata palembang yang aesthetic tapi sepi? dong,ask_hidden_gems
take care dong,goodbye
Eh Info lokasi Punti Kayu dong?,ask_location_access
Min Thanks kak? ya,goodbye
Maaf mau tanya Malam min? dong,greet
Eh wisata wisata alam di palembang apa aja? ya,ask_category
Kak tempat makan di sekitar Pasar 16 Ilir ada?,ask_facilities
Min Any parks in Palembang,ask_category
How much is the ticket to Ampera Bridge?,ask_ticket_price
"Bang perfect, thank you",goodbye
Halo Apa yang menarik dari SMB dong,ask_destination_info
Kak dimana lokasi Kampung Arab Al-Munawar?,ask_location_access
Can you tell me unique places to visit in palembang??,ask_hidden_gems
Eh Wisata yang paling dekat LRT?,ask_lrt_destinations
assalamualaikum min,greet
Kak wisata yang belum mainstream?,ask_hidden_gems
Permisi Terima kasih sih,goodbye
Seru gak Bukit Siguntang?,ask_destination_info
Bisa naik LRT ke Kambang Iwak? dong,ask_lrt_destinations
Permisi saya ingin bertanya,greet
Sore min,greet
Mau nanya dong Dari mana ke Hutan Wisata Punti Kayu sih,ask_location_access
Pagi-pagi Bukit Siguntang sudah buka belum?,ask_operating_hours
Eh Al-Munawar buka dari jam berapa sampai jam berapa dong,ask_operating_hours
Halo bisa tanya sesuatu?,greet
Bagaimana cara belajar coding nih,ask_unrelated
Facilities? dong,ask_facilities
Halo bisa naik lrt ke OPI Mall?,ask_lrt_destinations
Mau nanya dong Aplikasinya keren? dong,provide_feedback
Halo Sip lanjut kak? ya,provide_feedback
Halo mau tanya harga tiket Jembatan Ampera ya,ask_ticket_price
Maaf mau tanya akses ke Kambang Iwak mudah gak?,ask_location_access
Halo Rekomendasikan destinasi wisata Palembang nih,ask_recommendation
Permisi Ada gak wisata yang bisa ditempuh LRT nih,ask_lrt_destinations
Tell me about Kemaro Island,ask_destination_info
Mau nanya dong Weekend Siguntang buka dong,ask_operating_hours
Bang Menarik gak Palembang Trade Center deh,ask_destination_info
Mau nanya dong any hidden gems to visit? dong,ask_hidden_gems
Kak Ke Al Quran Al Akbar bayar berapa ya,ask_ticket_price
Ada fasilitas apa di Masjid Agung Palembang?,ask_facilities
Bang Kamu robot ya?,ask_unrelated
Cerita sejarah Amanzi dong?,ask_destination_info
Bang Understood sih,provide_feedback
Halo Tempat makan di sekitar Palembang Trade Center ada ya,ask_facilities
Mau nanya dong Wisata Palembang yang LRT friendly ya,ask_lrt_destinations
Kak Masjid Agung Palembang aksesnya lewat LRT bisa ya,ask_lrt_destinations
Min Wisata Palembang yang aesthetic tapi sepi deh,ask_hidden_gems
How much is it?,ask_ticket_price
Halo Harga masuk PTC berapa ya ?,ask_ticket_price
What's the entry fee for SMB II?,ask_ticket_price
Good job? ya,provide_feedback
Min Wisata sore hari di Palembang,ask_recommendation
Eh Tourist spots along LRT route,ask_lrt_destinations
Min Sing me a song? dong,ask_unrelated
Kemana aja bisa naik LRT untuk wisata deh,ask_lrt_destinations
museums places in Palembang nih,ask_category
Min assalamualaikum bye,goodbye
Mau nanya dong love this bot nih,provide_feedback
Hey is there an entry fee for Fantasy Island?,ask_ticket_price
Any cultural tourism in Palembang ya,ask_category
Bisa naik angkot ke Benteng Kuto Besak?,ask_location_access
Bye kak makasih ya,goodbye
Min Membantu banget,provide_feedback
Maaf mau tanya kak rekomendasiin dong wisata di palembang dong,ask_recommendation
Mau nanya dong cara bikin cuko pempek nih,ask_unrelated
PIM mulai buka jam berapa?,ask_operating_hours
Min Weekday Taman Kambang Iwak Besak buka jam berapa dong,ask_operating_hours
Mau nanya dong LRT bisa ke Al Quran Al Akbar gak? ya,ask_lrt_destinations
Permisi rating 5 untuk botnya nih,provide_feedback
Kak Oke makasih kak sangat membantu deh,goodbye
cerita sejarah Ampera dong,ask_destination_info
Posisi Palembang Trade Center dimana ya?,ask_location_access
Min Bukit Siguntang buka jam berapa?,ask_operating_hours
Oi,greet
Halo Buka setiap hari? dong,ask_operating_hours
Bang excellent information nih,provide_feedback
Bang Yang termasuk masjid apa aja sih,ask_category
Opening hours for Kampung Kapitan?,ask_operating_hours
cultural tourism places in Palembang?,ask_category
Maaf mau tanya Baik kak terima kasih ya,goodbye
Oke sip?,provide_feedback
Permisi Pagi kak?,greet
Taman di Palembang ada apa aja?,ask_category
Maaf mau tanya tempat wisata ikonik palembang?,ask_recommendation
Bang info wisata dekat LRT dong,ask_lrt_destinations
Permisi Tempat wisata murah di Palembang? dong,ask_recommendation
"Maaf mau tanya Mau explore Palembang pakai LRT, kemana aja bisa",ask_lrt_destinations
Permisi Makasih ya sangat berguna infonya dong,goodbye
Bang Destinasi masjid Palembang ya,ask_category
Ke Punti Kayu bayar berapa ya?,ask_ticket_price
Mau nanya dong kasih tau hidden gems Palembang,ask_hidden_gems
Min Oke cukup kak makasih banyak ya,goodbye
Siguntang buka hari apa aja?,ask_operating_hours
Bang terima kasih sangat membantu nih,goodbye
Min destinasi yang lrt accessible? dong,ask_lrt_destinations
Alamat Palembang Square dimana?,ask_location_access
Bang Ada mushola di SMB II?,ask_facilities
Mau nanya dong Ada gak wisata yang masih asri di Palembang nih,ask_hidden_gems
Eh tell me about Museum Sultan Mahmud Badaruddin II sih,ask_destination_info
Kak Dimana lokasi SMB?,ask_location_access
Eh destinasi wisata lrt palembang?,ask_lrt_destinations
Eh Jam operasional Kampung Kapitan,ask_operating_hours
Biaya tiket Kambang Iwak berapa kak?,ask_ticket_price
what's up nih,greet
Permisi Which tourist spots are near LRT stations nih,ask_lrt_destinations
Siapa pemenang Liga Champions?,ask_unrelated
"Excuse me, Can I take LRT to visit tourist places??",ask_lrt_destinations
Kampung Kapitan ada tempat parkir?,ask_facilities
Min Kenapa langit biru? ya,ask_unrelated
What amenities does Sultan Mahmud Badaruddin II Museum offer?,ask_facilities
"Maaf mau tanya thank you, goodbye nih",goodbye
Halo sip makasih ya,goodbye
Kawah Tengkurep lokasinya dimana?,ask_location_access
Harga masuk Amanzi berapa ya,ask_ticket_price
Permisi Recipe for chocolate cake?,ask_unrelated
Min Ampera ramah anak gak?,ask_facilities
Halo well explained nih,provide_feedback
Can you tell me where can i find parks in palembang?,ask_category
Permisi LRT Palembang lewat wisata mana sih,ask_lrt_destinations
Bang religious tourism places in palembang? dong,ask_category
Eh Tiket Pasar 16 Ilir berapa sih?,ask_ticket_price
Is there WiFi at Kampung Kapitan?,ask_facilities
Halo Popular tourist spots in Palembang? dong,ask_recommendation
Min Wisata Palembang yang belum banyak orang kunjungi,ask_hidden_gems
Min alamat Kawah Tengkurep apa ya,ask_location_access
Is Kampung Kapitan worth visiting?,ask_destination_info
Min Ada wisata religi di Palembang? dong,ask_category
Destinasi yang dekat stasiun LRT sih,ask_lrt_destinations
Dimana lokasi Taman Kambang Iwak Besak?,ask_location_access
"Excuse me, Where can I find parks in Palembang",ask_category
Makasih atas bantuannya,goodbye
Mau nanya dong wisata untuk anak-anak di palembang?,ask_recommendation
Halo mantap makasih ya,goodbye
Kak Tempat yang belum terkenal di Palembang dong,ask_hidden_gems
Permisi is sultan mahmud badaruddin ii museum open on sunday?,ask_operating_hours
Halo membantu banget kak,provide_feedback
"Mau keliling Palembang naik LRT, kemana aja?",ask_lrt_destinations
Kak bisa naik lrt ke SMB? ya,ask_lrt_destinations
PTC ada tempat parkir?,ask_facilities
Mau nanya dong hello bot sih,greet
Permisi Info fasilitas Al Quran Al Akbar dong,ask_facilities
Halo Fasilitas Jakabaring lengkap gak?,ask_facilities
Oke thanks,goodbye
Halo Secret places in Palembang? dong,ask_hidden_gems
wassalamualaikum dong,goodbye
Hey Can I take LRT to Monpera Bridge??,ask_lrt_destinations
Mau nanya dong harga masuk Siguntang berapa deh,ask_ticket_price
Permisi Taxi online di Palembang ya,ask_unrelated
Bang makasih ya infonya nih,goodbye
Can you tell me is it open today??,ask_operating_hours
Mau nanya dong Alamat Benteng Kuto Besak dimana?,ask_location_access
Rute ke Monpera gimana?,ask_location_access
Bang tiket Amanzi Waterpark berapa?,ask_ticket_price
Eh Very detailed sih,provide_feedback
What facilities are available at Benteng Kuto Besak?,ask_facilities
Eh Fasilitas Jakabaring Sport City lengkap gak ya,ask_facilities
Tell me a story,ask_unrelated
"Mau naik LRT, wisata apa yang dekat?",ask_lrt_destinations
Weekday Siguntang buka jam berapa?,ask_operating_hours
Wisata apa yang recommended di Palembang?,ask_recommendation
HTM Al-Munawar berapa?,ask_ticket_price
Min Rekomendasi masjid Palembang nih,ask_category
Eh bot nya pintar ya,provide_feedback
asal usul Palembang Icon ini gimana ceritanya?,ask_destination_info
Wisata accessible by LRT deh,ask_lrt_destinations
Naik apa ke Al-Munawar?,ask_location_access
Eh destinasi rahasia palembang?,ask_hidden_gems
Bang aku lagi pengen makan enak sambil liat sungai deh,ask_recommendation
Apakah Pasar 16 Ilir buka 24 jam?,ask_operating_hours
Bang chatbot nya bagus dong,provide_feedback
Mau nanya dong bye bye,goodbye
Min wisata yang paling sering dikunjungi? ya,ask_recommendation
Halo Al Quran Al Akbar buka dari jam berapa sampai jam berapa? dong,ask_operating_hours
Min harga masuk PTC berapa?,ask_ticket_price
Kak Mau tau sejarah Kambang Iwak?,ask_destination_info
Halo LRT Palembang lewat wisata mana ya,ask_lrt_destinations
Kak Wisata romantis di Palembang,ask_recommendation
Eh Halloo? dong,greet
"Hi, What's the entry fee for Kampung Arab Al-Munawar Arab Village thanks",ask_ticket_price
I want to know How to go to Ampera Arab Village thanks,ask_location_access
Maaf mau tanya Wisata wisata religi di Palembang apa aja deh,ask_category
Is there an entry fee for Jakabaring Sport City?,ask_ticket_price
Eh Fasilitas pendukung PIM sih,ask_facilities
Eh Jembatan Ampera ada kantin gak ya,ask_facilities
Kak Terima kasih sudah membantu ya,goodbye
Mau nanya dong siapa yang bikin kamu deh,ask_unrelated
Maaf mau tanya Siapa BTS? dong,ask_unrelated
Parks in Palembang?,ask_category
Halo Nanti tanya lagi ya? ya,goodbye
Maaf mau tanya Numpang tanya dong? ya,greet
Monpera bayar berapa?,ask_ticket_price
Mau nanya dong berapa harga tiket Benteng Kuto Besak dong,ask_ticket_price
"Hello, Suggest places for sightseeing in Palembang please",ask_recommendation
Halo Mau ke tempat bersejarah di Palembang deh,ask_category
I want to know What are the opening hours of Masjid Agung Palembang please,ask_operating_hours
I want to know Are you a robot??,ask_unrelated
"Hey Hi, can you help me",greet
Permisi Tempat wisata yang gak rame dong,ask_hidden_gems
Halo Rekomendasi wisata Palembang dong? ya,ask_recommendation
Eh Fasilitas pendukung PTC dong,ask_facilities
Eh Siang min? ya,greet
Permisi mau ke Kampung Kapitan bayar berapa?,ask_ticket_price
Maaf mau tanya jam operasional Hutan Wisata Punti Kayu?,ask_operating_hours
apa Jembatan Ampera bayar?,ask_ticket_price
Kak Sip makasih ya,goodbye
I want to know The answer is very detailed?,provide_feedback
what facilities are available at Palembang Trade Center?,ask_facilities
museums places in Palembang?,ask_category
Bang Wisata apa yang bisa dijangkau LRT deh,ask_lrt_destinations
Wisata yang belum mainstream? ya,ask_hidden_gems
I want to know Where should I go in Palembang,ask_recommendation
Mau nanya dong unexplored attractions in palembang? ya,ask_hidden_gems
Min Sip lanjut kak? ya,provide_feedback
Permisi Tips belajar bahasa Inggris nih,ask_unrelated
Min PTC ada area bermain anak sih,ask_facilities
Mau nanya dong ada admin dong,greet
"Hi, How to learn programming?",ask_unrelated
Mau nanya dong ada ide tempat buat nongkrong sore ya,ask_recommendation
Mau nanya dong Woi deh,greet
Permisi Cerita sejarah Kampung Arab Al-Munawar dong,ask_destination_info
Halo Does Palembang Square have parking?,ask_facilities
Wisata anti mainstream Palembang?,ask_hidden_gems
Apakah Pulau Kemaro gratis?,ask_ticket_price
Akses ke Jembatan Ampera mudah gak?,ask_location_access
lagu hits 2024 apa? ya,ask_unrelated
rute ke Kambang Iwak gimana? ya,ask_location_access
Kak Kambang Iwak buka jam berapa ya?,ask_operating_hours
Mau nanya dong Wonderful? ya,provide_feedback
Bang baik terima kasih dong,goodbye
Min Destinasi yang dekat stasiun LRT dong,ask_lrt_destinations
Is Al-Munawar Arab Village open today?,ask_operating_hours
Permisi Makasih infonya kak? ya,provide_feedback
Berapa harga tiket masuk Kampung Arab Al-Munawar?,ask_ticket_price
Hey where to go in palembang??,ask_recommendation
Cara menuju Palembang Square gimana nih,ask_location_access
Kak Assalamualaikum bye sih,goodbye
Permisi Hello mau tanya,greet
Kenapa langit biru?,ask_unrelated
Biaya tiket Masjid Agung Palembang berapa kak?,ask_ticket_price
Siguntang deket stasiun LRT mana?,ask_location_access
Mau nanya dong Oke terima kasih jawabannya sih,provide_feedback
Permisi Kenapa langit biru? ya,ask_unrelated
Halo dari pusat kota ke Kambang Iwak berapa lama?,ask_location_access
Terima kasih infonya,goodbye
Recipe for chocolate cake?,ask_unrelated
Permisi Bisa naik LRT ke Taman Kambang Iwak Besak?,ask_lrt_destinations
Bang Tourist recommendations for Palembang? dong,ask_recommendation
Halo wisata yang paling dekat lrt?,ask_lrt_destinations
Eh Jawabannya cepat? ya,provide_feedback
selamat pagi dong,greet
Bang Info jam buka Al Quran Al Akbar dong?,ask_operating_hours
Permisi is Hutan Wisata Punti Kayu bridge free? ya,ask_ticket_price
Min Good info,provide_feedback
Maaf mau tanya Cara bikin cuko pempek? ya,ask_unrelated
How much for Monpera tickets?,ask_ticket_price
Maaf mau tanya Museum Balaputra Dewa ada tempat istirahat ya,ask_facilities
Kak Clear explanation dong,provide_feedback
Bang Famous places in Palembang,ask_recommendation
Min Destinasi rahasia Palembang nih,ask_hidden_gems
Menarik gak Masjid Agung Palembang?,ask_destination_info
Bang Wisata outdoor Palembang? ya,ask_category
Permisi Nanti tanya lagi ya?,goodbye
Kak Recommend culinary tourism in Palembang nih,ask_category
Clear explanation,provide_feedback
Mau nanya dong jawaban yang memuaskan,provide_feedback
Mau nanya dong terima kasih infonya sih,goodbye
Maaf mau tanya Assalamualaikum mau tanya?,greet
Bang Awesome thanks? dong,goodbye
Halo Sudah cukup terima kasih,goodbye
What days is Kampung Kapitan open?,ask_operating_hours
Halo Any hidden gems to visit?,ask_hidden_gems
Maaf mau tanya Bisa bantu saya deh,greet
Kak kasih tau wisata dekat LRT sih,ask_lrt_destinations
"Excuse me, Are there toilets at Sultan Mahmud Badaruddin II Museum??",ask_facilities
Which tourist spots are near LRT stations?,ask_lrt_destinations
Maaf mau tanya very informative dong,provide_feedback
Min kira-kira harga tiket Jembatan Ampera berapa?,ask_ticket_price
Permisi info lokasi Kambang Iwak dong,ask_location_access
Mau nanya dong Bye kak makasih ya? dong,goodbye
bagaimana cara move on? ya,ask_unrelated
Kampung Kapitan itu apa?,ask_destination_info
Bang arah ke Jakabaring Sport City gimana?,ask_location_access
Helloo,greet
What days is Grand Mosque of Palembang open?,ask_operating_hours
Hutan Wisata Punti Kayu itu apa?,ask_destination_info
Permisi saya mau jalan-jalan di Palembang,greet
Kak Amanzi ada di daerah mana?,ask_location_access
Bang rekomendasi wisata Palembang apa ya,ask_recommendation
Dari pusat kota ke Amanzi berapa lama?,ask_location_access
Info masjid Palembang dong,ask_category
Eh wisata sore hari di palembang? ya,ask_recommendation
Kak Terima kasih infonya?,goodbye
Maaf mau tanya jawaban yang memuaskan dong,provide_feedback
PIM ada tempat parkir?,ask_facilities
Eh Tempat wisata yang gak rame,ask_hidden_gems
unexplored attractions in palembang? dong,ask_hidden_gems
Bang Lengkap gak fasilitasnya ya,ask_facilities
Mau nanya dong Recommend tourist places in Palembang nih,ask_recommendation
Mau nanya dong ada hidden gems gak nih,ask_hidden_gems
Bang Wisata baru yang belum terkenal deh,ask_hidden_gems
Min ada wisata apa aja di palembang? ya,ask_recommendation
Maaf mau tanya Kawah Tengkurep ada kantin gak?,ask_facilities
Very informative deh,provide_feedback
Sore,greet
Maaf mau tanya Lowongan kerja di Palembang ya,ask_unrelated
Halo aplikasi,greet
Maaf mau tanya LRT bisa ke Jakabaring gak?,ask_lrt_destinations
Please suggest places for sightseeing in palembang please,ask_recommendation
Permisi Awesome thanks nih,goodbye
Min Prediksi cuaca besok ya,ask_unrelated
Maaf mau tanya Infonya oke banget dong,provide_feedback
Bang thanks infonya dong,goodbye
Kampung Kapitan hari libur buka gak? dong,ask_operating_hours
Eh Masjid Cheng Ho buka jam berapa? ya,ask_operating_hours
Kak Ada wisata religi di Palembang,ask_category
Min kapan piala dunia? dong,ask_unrelated
OPI Mall ada di daerah mana?,ask_location_access
Mau nanya dong Naik apa ke Kampung Kapitan nih,ask_location_access
Kak Places that tourists don't usually go,ask_hidden_gems
Jakabaring Sport City ada area bermain anak?,ask_facilities
Harga masuk Palembang Icon berapa ya ?,ask_ticket_price
Rekomendasi wisata Palembang dong,ask_recommendation
Details about Al-Munawar Arab Village?,ask_destination_info
Where to go in Palembang,ask_recommendation
Where can I find culinary tourism in Palembang?,ask_category
Maaf mau tanya Mau nanya dong,greet
ada apa aja sih di Punti Kayu?,ask_destination_info
Kak Weekday Jakabaring buka jam berapa?,ask_operating_hours
Maaf mau tanya Details about Sultan Mahmud Badaruddin II Museum? ya,ask_destination_info
Eh Bagaimana cara belajar coding dong,ask_unrelated
Bang Taman Kebon Rojo aksesnya lewat LRT bisa nih,ask_lrt_destinations
Maaf mau tanya Hai saya wisatawan? dong,greet
Bang bisa naik lrt ke Pasar 16 Ilir? dong,ask_lrt_destinations
Where is it located?,ask_location_access
Bang Very detailed ya,provide_feedback
Apakah Kemaro gratis?,ask_ticket_price
Mau nanya dong wisata yang belum banyak orang tau di palembang? dong,ask_hidden_gems
Bang lengkap banget infonya ya,provide_feedback
Maaf mau tanya Tiket masuk ke Palembang Icon sekarang berapa ya,ask_ticket_price
Destinasi favorit di Palembang?,ask_recommendation
Kak selamat siang,greet
kayak apa sih Bukit Siguntang?,ask_destination_info
Eh Jembatan Ampera deket stasiun lrt mana?,ask_location_access
Fasilitas BKB lengkap gak?,ask_facilities
Bang Appreciate it nih,goodbye
rekomendasikan destinasi wisata palembang dong,ask_recommendation
Taman Kebon Rojo itu apa?,ask_destination_info
hidden gem palembang yang recommended? dong,ask_hidden_gems
Unexplored attractions in Palembang nih,ask_hidden_gems
Please How to cook fried rice?,ask_unrelated
Kayak apa sih Fantasy Island?,ask_destination_info
"Eh Mau naik LRT, wisata apa yang dekat? ya",ask_lrt_destinations
Info fasilitas Kambang Iwak dong,ask_facilities
"Mau explore Palembang pakai LRT, kemana aja bisa dong",ask_lrt_destinations
Bang Address of SMB Arab Village?,ask_location_access
location of Amanzi Waterpark?,ask_location_access
Kasih tau dong tentang OPI Mall,ask_destination_info
Min wisata yang gampang dijangkau lrt? dong,ask_lrt_destinations
Undiscovered places in Palembang?,ask_hidden_gems
Maaf mau tanya see you ya,goodbye
Palembang Icon ada toilet gak?,ask_facilities
Apakah ada wisata yang bisa dijangkau LRT?,ask_lrt_destinations
Eh Jakabaring Sport City buka setiap hari?,ask_operating_hours
Permisi Wisata yang belum mainstream sih,ask_hidden_gems
Hey list of parks in palembang??,ask_category
Min Undiscovered places in Palembang? ya,ask_hidden_gems
Hay mau nanya,greet
What's Kemaro Island like?,ask_destination_info
Eh Tempat wisata yang dilalui LRT sih,ask_lrt_destinations
Kak info wisata yang terjangkau lrt sih,ask_lrt_destinations
Info lengkap Punti Kayu dong,ask_destination_info
"Hello, Is there WiFi at Grand Mosque of Palembang please",ask_facilities
Tempat-tempat wisata yang aksesibel LRT?,ask_lrt_destinations
Kak Ada gak wisata yang bisa ditempuh LRT sih,ask_lrt_destinations
Mau nanya dong Jelaskan tentang Palembang Square?,ask_destination_info
Siang min?,greet
Maaf mau tanya pinter ya botnya ya,provide_feedback
Tiket PIM berapa sih?,ask_ticket_price
Min Palembang punya museum apa nih,ask_category
Bang wisata off the beaten path palembang? dong,ask_hidden_gems
fasilitas apa saja di Taman Kebon Rojo?,ask_facilities
Maaf mau tanya udah cukup nih,goodbye
Jam buka Kampung Arab Al-Munawar kapan?,ask_operating_hours
Eh jelaskan tentang Siguntang sih,ask_destination_info
Naik apa ke Ampera?,ask_location_access
Mau nanya dong local favorites in palembang?,ask_hidden_gems
Maaf mau tanya kapan Kampung Arab Al-Munawar buka?,ask_operating_hours
Min aplikasinya keren,provide_feedback
Maaf mau tanya Mau ke PIM lewat mana dong,ask_location_access
Wisata murah yang bisa naik LRT?,ask_lrt_destinations
Min Berapa ya tiket Al-Munawar? ya,ask_ticket_price
Permisi Benteng Kuto Besak ada spot foto gak dong,ask_facilities
Maaf mau tanya Lowongan kerja di Palembang dong,ask_unrelated
Helloo ya,greet
Permisi ada gak wisata yang bisa ditempuh lrt?,ask_lrt_destinations
Kak Mau jalan-jalan pakai LRT bisa kemana sih,ask_lrt_destinations
Eh Cara mengobati flu? ya,ask_unrelated
Halo lokasi Al Quran Al Akbar dimana kak?,ask_location_access
Min nice info nih,provide_feedback
Mau nanya dong Cara daftar kuliah deh,ask_unrelated
Min wisata tersembunyi di palembang? ya,ask_hidden_gems
Kak Nais nih,provide_feedback
Can you tell me which places can i visit using lrt??,ask_lrt_destinations
Mau nanya dong Jam operasionalnya ya,ask_operating_hours
Eh Lesser known attractions in Palembang dong,ask_hidden_gems
Is Sultan Mahmud Badaruddin II Museum open in the morning??,ask_operating_hours
Min Masjid Cheng Ho ada di daerah mana?,ask_location_access
Bang Makasih infonya?,goodbye
Kak Sip terima kasih kak?,goodbye
Kak berapa harga tiket Monpera?,ask_ticket_price
Min bisa naik lrt ke Kemaro? ya,ask_lrt_destinations
Eh Siang dong,greet
Jembatan Ampera lokasinya dimana?,ask_location_access
Halo Oke noted terima kasih banyak kak? ya,goodbye
Bang apakah kamu ai? ya,ask_unrelated
Halo ada wifi di Pulau Kemaro? ya,ask_facilities
Bang Siapa penemu lampu nih,ask_unrelated
Maaf mau tanya Makasih infonya kak? ya,provide_feedback
Halo Mau minta saran wisata Palembang ya,ask_recommendation
Halo ada ide tempat buat nongkrong sore?,ask_recommendation
Maaf mau tanya Chatbot nya bagus?,provide_feedback
Kak Bisa rekomendasikan tempat wisata?,ask_recommendation
Maaf mau tanya Parkiran Kemaro luas gak?,ask_facilities
Apa itu Taman Kambang Iwak Besak ya,ask_destination_info
What's the address of Al-Munawar Arab Village?,ask_location_access
Tolong kasih tau alamat KI,ask_location_access
What are the iconic places in Palembang?,ask_recommendation
Min Bye for now?,goodbye
Tempat wisata alternatif Palembang?,ask_hidden_gems
Mau tanya fasilitas di Museum Balaputra Dewa,ask_facilities
Cara menuju Palembang Square gimana ya,ask_location_access
Halo saya pengunjung baru deh,greet
Ticket price for Kemaro Island?,ask_ticket_price
Mau nanya dong wisata alam di palembang ada apa aja?,ask_category
Bang tempat wisata alternatif palembang? dong,ask_hidden_gems
"Excuse me, What's the address of Jakabaring Sport City??",ask_location_access
Ke Masjid Cheng Ho bayar berapa ya?,ask_ticket_price
Eh assalamualaikum bye deh,goodbye
Apa Kampung Kapitan bayar?,ask_ticket_price
Oke bagus?,provide_feedback
Bang Wisata accessible by LRT sih,ask_lrt_destinations
Aplikasinya keren,provide_feedback
Mau nanya dong ada hidden gems gak ya,ask_hidden_gems
Kak Ada wisata yang jarang orang tau?,ask_hidden_gems
Bang Wisata apa aja yang dekat jalur LRT nih,ask_lrt_destinations
Kak oke makasih kak sangat membantu deh,goodbye
Mau nanya dong Infonya akurat,provide_feedback
Harga tiket Bukit Siguntang berapa ya?,ask_ticket_price
"Hello, Is admission to BKB Island free??",ask_ticket_price
Eh Mau tanya harga tiket BKB sih,ask_ticket_price
Can you tell me what to see in palembang??,ask_recommendation
Kak Apa yang menarik dari SMB nih,ask_destination_info
Min Wisata yang belum banyak orang tau di Palembang sih,ask_hidden_gems
Wisata anti mainstream Palembang dong,ask_hidden_gems
Min kamu cantik?,ask_unrelated
wisata apa yang recommended di palembang? ya,ask_recommendation
Ada mushola di Amanzi Waterpark?,ask_facilities
Min info wisata dekat lrt dong,ask_lrt_destinations
Directions to Benteng Kuto Besak?,ask_location_access
Permisi Yang termasuk wisata alam apa aja deh,ask_category
Kak Taman Kebon Rojo ada spot foto gak?,ask_facilities
Maaf mau tanya aku butuh tempat healing yang tenang dong,ask_recommendation
Eh Understood?,provide_feedback
ada gak wisata yang bisa ditempuh lrt? dong,ask_lrt_destinations
Smart bot ya,provide_feedback
Bye,goodbye
"Hello, How much for Monpera Arab Village tickets?",ask_ticket_price
Halo Tess ya,greet
Apa keunikan Siguntang?,ask_destination_info
Kak Very accurate ya,provide_feedback
Lokasi Amanzi dimana kak?,ask_location_access
Min assalamualaikum mau tanya nih,greet
Kak Mau tanya jam operasional PIM?,ask_operating_hours
Mau nanya dong Naik LRT bisa ke wisata mana aja nih,ask_lrt_destinations
Eh terima kasih atas informasinya ya,goodbye
Permisi Kampung Kapitan ada spot foto gak nih,ask_facilities
Info jam buka Fantasy Island dong,ask_operating_hours
Permisi Kapan kiamat ya,ask_unrelated
Eh Mau cari masjid di Palembang sih,ask_category
Oke cukup kak makasih banyak ya,goodbye
Kak Hutan Wisata Punti Kayu bayar berapa? ya,ask_ticket_price
Kak Mau tanya dong harga tiket Kambang Iwak? ya,ask_ticket_price
Mau nanya dong cara daftar kuliah? ya,ask_unrelated
"Maaf mau tanya Mau explore Palembang pakai LRT, kemana aja bisa ya",ask_lrt_destinations
What's the location of Ampera Bridge?,ask_location_access
Halo apa yang menarik dari BKB?,ask_destination_info
Kayak apa sih Taman Kambang Iwak Besak?,ask_destination_info
Hey What parks are in Palembang??,ask_category
Mau nanya dong tips menurunkan berat badan?,ask_unrelated
Hotel murah di Jakarta?,ask_unrelated
What can I see at Jakabaring Sport City?,ask_destination_info
Permisi Tempat bersejarah apa aja ya,ask_category
Bang prediksi cuaca besok?,ask_unrelated
Maaf mau tanya Jawaban yang sangat membantu,provide_feedback
Rekomendasi wisata budaya Palembang,ask_category
OPI Mall ada tempat parkir?,ask_facilities
Halo wisata sepi tapi bagus di palembang? ya,ask_hidden_gems
Mau nanya dong Tempat-tempat wisata yang aksesibel LRT,ask_lrt_destinations
Halo Tempat wisata yang wajib dikunjungi di Palembang? dong,ask_recommendation
How much for Benteng Kuto Besak tickets?,ask_ticket_price
"Min Mau explore Palembang pakai LRT, kemana aja bisa nih",ask_lrt_destinations
Mau nanya dong Apa Palembang Trade Center bisa dijangkau LRT dong,ask_lrt_destinations
Halo wisata tersembunyi di palembang?,ask_hidden_gems
Mau nanya dong Kayak apa sih tempatnya ya,ask_destination_info
Mau nanya dong tempat yang bagus buat foto-foto keluarga di mana ya? ya,ask_recommendation
Waalaikumsalam,greet
Masuk Jakabaring Sport City gratis atau bayar?,ask_ticket_price
Kak Segitu dulu kak thanks sih,goodbye
Min alamat Jakabaring Sport City apa ya? ya,ask_location_access
Info harga tiket Hutan Wisata Punti Kayu dong,ask_ticket_price
Min wisata yang paling sering dikunjungi?,ask_recommendation
Bang Berapa ya tiket SMB deh,ask_ticket_price
Ada mushola di Jakabaring Sport City?,ask_facilities
Halo Bisa naik angkot ke Taman Kebon Rojo?,ask_location_access
Mau nanya dong Berapa biaya masuk ke Fantasy Island,ask_ticket_price
Recommend cultural tourism in Palembang,ask_category
Amanzi Waterpark bagus gak?,ask_destination_info
Masjid Cheng Ho buka jam berapa?,ask_operating_hours
Min Rekomendasi hidden gems dong,ask_hidden_gems
Min Kenapa Museum Sultan Mahmud Badaruddin II terkenal dong,ask_destination_info
Palembang punya museum apa?,ask_category
HTM Amanzi berapa?,ask_ticket_price
Hey The answer is very detailed?,provide_feedback
Bang Wisata accessible by LRT?,ask_lrt_destinations
local favorites in palembang?,ask_hidden_gems
Permisi Tiket masuk Al Quran Al Akbar berapa dong,ask_ticket_price
Min dadah sih,goodbye
Permisi ? dong,greet
Bang that makes sense,provide_feedback
"Hi, how much is the admission to Palembang Trade Center forest??",ask_ticket_price
Mau nanya dong Wisata murah yang bisa naik LRT nih,ask_lrt_destinations
How to get a visa?,ask_unrelated
Berapa biaya masuk ke Benteng Kuto Besak?,ask_ticket_price
Mau nanya dong Wisata weekend di Palembang sih,ask_recommendation
Bang Hidden gems in Palembang? dong,ask_hidden_gems
I want to know where should i go in palembang??,ask_recommendation
Kampung Kapitan ada area bermain anak?,ask_facilities
Mau cari masjid di Palembang,ask_category
Min ada wisata kuliner gak di palembang? ya,ask_category
"Permisi Hello, I'm a tourist ya",greet
Min Makasih infonya deh,goodbye
I want to know What religious tourism are in Palembang please,ask_category
Eh Tutup jam berapa deh,ask_operating_hours
Nanti tanya lagi ya? ya,goodbye
Mau ke PTC lewat mana?,ask_location_access
"Hello, where can i find cultural tourism in palembang??",ask_category
Bang Info wisata sejarah Palembang dong,ask_category
Mau nanya dong oke paham dong,provide_feedback
Maaf mau tanya Ada rekomendasi wisata gak dong,ask_recommendation
Eh Masuk Siguntang gratis atau bayar dong,ask_ticket_price
Maaf mau tanya hlo nih,greet
Eh HTM Jembatan Ampera berapa?,ask_ticket_price
apa yang bikin Taman Kambang Iwak Besak ini spesial?,ask_destination_info
Eh Palembang punya wisata apa aja?,ask_recommendation
Where is Punti Kayu Forest located?,ask_location_access
Bang wisata weekend di palembang? ya,ask_recommendation
Mau nanya dong Wisata tersembunyi di Palembang? dong,ask_hidden_gems
Halo masuk Palembang Trade Center gratis atau bayar?,ask_ticket_price
What's the entrance fee at Monpera?,ask_ticket_price
Mau nanya dong Hidden gems di Palembang apa sih,ask_hidden_gems
Bagaimana cara ke Kampung Arab Al-Munawar?,ask_location_access
Informatif banget,provide_feedback
Maaf mau tanya Oke kak noted? ya,provide_feedback
Eh Akses ke Kampung Arab Al-Munawar mudah gak deh,ask_location_access
Bang LRT Palembang lewat wisata mana,ask_lrt_destinations
jawabannya memuaskan nih,provide_feedback
Pagi,greet
Permisi apa Taman Kambang Iwak Besak bisa dijangkau lrt? dong,ask_lrt_destinations
Mau nanya dong Oke deh makasih,goodbye
Eh Akses ke Monpera mudah gak dong,ask_location_access
Mau tanya jam operasional Monpera,ask_operating_hours
Maaf mau tanya Tempat wisata yang jarang dikunjungi di Palembang ya,ask_hidden_gems
KI berbayar atau gratis?,ask_ticket_price
I want to know What are the operating hours of Hutan Wisata Punti Kayu??,ask_operating_hours
Kak fasilitas Al-Munawar apa aja ya?,ask_facilities
"Min That's enough, thank you? ya",goodbye
Maaf mau tanya Local favorites in Palembang deh,ask_hidden_gems
Mau nanya dong akar kuadrat dari 144? ya,ask_unrelated
"Perfect, thank you",goodbye
Bang Apakah Monpera dekat stasiun LRT sih,ask_lrt_destinations
aku lagi ngomong sama komputer ya?,ask_unrelated
Maaf mau tanya tempat wisata yang gak rame? ya,ask_hidden_gems
Maaf mau tanya Hi there dong,greet
Permisi Flight tickets to Bali,ask_unrelated
Parkiran Jakabaring Sport City luas gak?,ask_facilities
Eh Permisi mau tanya harga tiket SMB II dong,ask_ticket_price
Halo udah cukup deh,goodbye
Greetings,greet
Maaf mau tanya biaya tiket Monpera berapa kak?,ask_ticket_price
Where can I find cultural tourism in Palembang?,ask_category
Wisata apa yang bisa dijangkau LRT?,ask_lrt_destinations
Maaf mau tanya Oke deh makasih dong,goodbye
Info fasilitas Punti Kayu dong,ask_facilities
Bang Ke Palembang Square bayar berapa ya,ask_ticket_price
How to learn programming?,ask_unrelated
Mau nanya dong Taman Kambang Iwak Besak ada toilet gak nih,ask_facilities
Bang Dari pusat kota ke Kemaro berapa lama,ask_location_access
Permisi see you later deh,goodbye
Mau nanya dong Oke sip mantap,provide_feedback
Dadah,goodbye
Jawabannya cepat,provide_feedback
Halo Destinasi rahasia Palembang nih,ask_hidden_gems
How much is the ticket to Punti Kayu Forest?,ask_ticket_price
Kak berapa harga tiket Kampung Arab Al-Munawar?,ask_ticket_price
Mau nanya dong Mau cari wisata yang seru di Palembang sih,ask_recommendation
Good evening,greet
Bang wisata apa yang recommended di palembang? dong,ask_recommendation
Eh Cuaca hari ini gimana,ask_unrelated
Kawah Tengkurep tutup jam berapa?,ask_operating_hours
"Hello, how to cook an egg?",ask_unrelated
Halo Tempat keren tapi belum terkenal di Palembang nih,ask_hidden_gems
"Hello, Directions to Grand Mosque of Palembang thanks",ask_location_access
Halo wisata tersembunyi di palembang? ya,ask_hidden_gems
Do I need to pay to enter Grand Mosque of Palembang?,ask_ticket_price
Jelaskan tentang Siguntang,ask_destination_info
Kak apa yang bikin Palembang Square ini spesial?,ask_destination_info
I want to know What are the opening hours of Grand Mosque of Palembang please,ask_operating_hours
Eh Harga tiket Kawah Tengkurep berapa ya? dong,ask_ticket_price
Gimana Kampung Arab Al-Munawar?,ask_destination_info
Eh Ada wisata dekat LRT gak? dong,ask_lrt_destinations
"Excuse me, Where can I find cultural tourism in Palembang",ask_category
Eh See you later? dong,goodbye
Biaya tiket Kawah Tengkurep berapa kak?,ask_ticket_price
Tes,greet
Bang does Kawah Tengkurep island have food stalls?,ask_facilities
Eh alright thanks deh,goodbye
selamat datang sih,greet
Dadah kak,goodbye
Halo Saranin wisata di Palembang dong?,ask_recommendation
Maaf mau tanya Hutan Wisata Punti Kayu ramah anak gak deh,ask_facilities
Permisi Info lokasi PTC dong,ask_location_access
Does Kemaro Island have food stalls?,ask_facilities
Min Mau tanya fasilitas di Benteng Kuto Besak deh,ask_facilities
"Hello, What tourism spots are on the LRT line??",ask_lrt_destinations
Maaf mau tanya sangat membantu nih,provide_feedback
Permisi mau tanya harga tiket Fantasy Island,ask_ticket_price
Maaf mau tanya info wisata yang terjangkau lrt deh,ask_lrt_destinations
Mau tau sejarah Jembatan Ampera,ask_destination_info
Jawaban yang memuaskan,provide_feedback
Wisata Arab di Palembang?,ask_category
Kak Baiklah terima kasih banyak nih,goodbye
Bagus infonya,provide_feedback
Bang berapa harga tiket Jakabaring Sport City?,ask_ticket_price
Halo Kambang Iwak jauh gak dari pusat kota deh,ask_location_access
Permisi mau tanya harga tiket PIM,ask_ticket_price
Min apa yang bikin Masjid Cheng Ho ini spesial ya,ask_destination_info
Maaf mau tanya What's the ticket price deh,ask_ticket_price
Kambang Iwak berbayar atau gratis?,ask_ticket_price
Permisi who are you?,ask_unrelated
Min Informatif banget deh,provide_feedback
Maaf mau tanya Pulau Kemaro bayar berapa?,ask_ticket_price
Mau nanya dong Wisata taman di Palembang apa aja,ask_category
Alamat Palembang Icon dimana?,ask_location_access
Arah ke Amanzi Waterpark gimana?,ask_location_access
Maaf mau tanya Palembang Trade Center bisa ditempuh pakai apa nih,ask_location_access
Hello deh,greet
Min Wisata wisata kuliner di Palembang apa aja,ask_category
Permisi Wisata yang cocok untuk keluarga ya,ask_recommendation
Eh Food tourism in Palembang? dong,ask_category
Anime yang bagus apa?,ask_unrelated
Nanti tanya lagi ya,goodbye
Sekarang masih buka?,ask_operating_hours
Halo Price to enter Palembang Square Arab Village dong,ask_ticket_price
Eh Terima kasih banyak?,goodbye
Maaf mau tanya Dimana lokasi Kampung Kapitan dong,ask_location_access
Tempat bersejarah apa aja?,ask_category
Hari ini Pulau Kemaro buka gak ya?,ask_operating_hours
Mau nanya dong Oke bagus nih,provide_feedback
"Min Mau naik LRT, wisata apa yang dekat? ya",ask_lrt_destinations
Bang Harga tiket masuk Kampung Kapitan sekarang berapa dong,ask_ticket_price
Ada wisata yang jarang orang tau nih,ask_hidden_gems
Halo Famous places in Palembang sih,ask_recommendation
"Kak bye, thanks for everything",goodbye
What's the entry fee for Sultan Mahmud Badaruddin II Museum?,ask_ticket_price
Halo Mau tanya harga tiket Hutan Wisata Punti Kayu sih,ask_ticket_price
Ke Benteng Kuto Besak bayar berapa ya?,ask_ticket_price
Halo keren sih,provide_feedback
Kak Recipe for chocolate cake dong,ask_unrelated
museums places in palembang? ya,ask_category
Quiet but beautiful places in Palembang?,ask_hidden_gems
Apakah Museum Balaputra Dewa gratis?,ask_ticket_price
Hai boleh tanya?,greet
Bang Palembang Square ramah anak gak? dong,ask_facilities
Eh Wisata untuk anak-anak di Palembang ya,ask_recommendation
Bang Hotels in Jakarta?,ask_unrelated
Lokasi Punti Kayu dimana kak?,ask_location_access
Bisa naik angkot ke Masjid Cheng Ho?,ask_location_access
Helo,greet
Bang wisata apa yang recommended di palembang? ya,ask_recommendation
Bang Is Monpera Bridge child-friendly?,ask_facilities
Min Masjid Agung Palembang buka setiap hari?,ask_operating_hours
perfect sih,provide_feedback
Maaf mau tanya Kak dimana ya OPI Mall dong,ask_location_access
Halo Good info? ya,provide_feedback
Mau nanya dong Bisa naik angkot ke Hutan Wisata Punti Kayu?,ask_location_access
Wisata wisata religi di Palembang apa aja?,ask_category
Hutan Wisata Punti Kayu ada area bermain anak?,ask_facilities
Halo rekomendasi wisata palembang apa? ya,ask_recommendation
Min Ada mushola di Palembang Trade Center?,ask_facilities
Where is Benteng Kuto Besak?,ask_location_access
Rekomendasi wisata religi Palembang,ask_category
Flight tickets to Bali?,ask_unrelated
Permisi details about Kawah Tengkurep?,ask_destination_info
Berapa harga tiket masuk Monpera?,ask_ticket_price
Bang mau jalan-jalan pakai lrt bisa kemana?,ask_lrt_destinations
Maaf mau tanya Dadah kak? dong,goodbye
Maaf mau tanya ada gak wisata yang masih asri di palembang? dong,ask_hidden_gems
"Hello, what is ai?",ask_unrelated
Maaf mau tanya Rekomendasi wisata kuliner Palembang nih,ask_category
Mau nanya dong Oke paham? ya,provide_feedback
Halo Any culinary tourism in Palembang deh,ask_category
Halo what's 2+2? dong,ask_unrelated
Berapa ya tiket OPI Mall?,ask_ticket_price
Halo fasilitasnya apa aja? ya,ask_facilities
Apa itu OPI Mall?,ask_destination_info
"Hello, what are the best places to visit in palembang?",ask_recommendation
I want to know how to move on?,ask_unrelated
Eh Bye kak,goodbye
Mau nanya dong informasinya membantu sih,provide_feedback
Jam buka Kawah Tengkurep kapan?,ask_operating_hours
Apa keunikan Kambang Iwak?,ask_destination_info
good answer dong,provide_feedback
Maaf mau tanya Bot dong,greet
Halo ada wisata alam gak di palembang? ya,ask_category
Eh Hotel murah di Jakarta? ya,ask_unrelated
Kak Good job?,provide_feedback
Mau nanya dong Museum Balaputra Dewa dekat stasiun LRT mana?,ask_lrt_destinations
Maaf mau tanya Wisata malam di Palembang kemana ya,ask_recommendation
Kenapa Pasar 16 Ilir terkenal?,ask_destination_info
Eh Tempat-tempat wisata yang aksesibel LRT? ya,ask_lrt_destinations
Gimana Jakabaring?,ask_destination_info
Eh oke kak noted sih,provide_feedback
Mau nanya dong oke terima kasih banyak ya,goodbye
Permisi ceritakan tentangnya nih,ask_destination_info
I want to know Where should I go in Palembang?,ask_recommendation
Berapa harga tiket masuk BKB?,ask_ticket_price
Cultural attractions in Palembang? ya,ask_category
Permisi Wisata gratis di Palembang ada gak,ask_recommendation
Bisa naik angkot ke Ampera?,ask_location_access
Hari ini Kambang Iwak buka gak ya?,ask_operating_hours
What can I see at Kambang Iwak Park?,ask_destination_info
Mau nanya dong Useful information dong,provide_feedback
Halo saran tempat wisata di palembang?,ask_recommendation
ada rekomendasi wisata gak? dong,ask_recommendation
Halo ada wisata dekat lrt gak?,ask_lrt_destinations
Mau ke Fantasy Island bayar berapa?,ask_ticket_price
Eh oke paham,provide_feedback
Mau nanya dong wisata terbaik di palembang apa? ya,ask_recommendation
Maaf mau tanya bayar berapa kalo masuk PTC? ya,ask_ticket_price
Update harga tiket Kampung Kapitan dong,ask_ticket_price
Berapa biaya masuk ke Pulau Kemaro?,ask_ticket_price
Mau nanya dong assalamu'alaikum ya,greet
Halo wisata yang bisa naik LRT apa aja nih,ask_lrt_destinations
Permisi are there restrooms? ya,ask_facilities
Halo destinasi favorit di palembang? ya,ask_recommendation
Makasih infonya kak,provide_feedback
Mau nanya dong SMB ada spot foto gak dong,ask_facilities
Kambang Iwak jauh gak dari pusat kota?,ask_location_access
Min rekomendasi taman palembang sih,ask_category
Maaf mau tanya halo saya dari jakarta mau tanya,greet
Maaf mau tanya siapa pemenang liga champions? dong,ask_unrelated
Jam buka Benteng Kuto Besak kapan?,ask_operating_hours
Thank you very much,goodbye
Bang rekomendasi wisata kuliner palembang ya,ask_category
Eh Tempat wisata yang gak rame ya,ask_hidden_gems
Alamat Kambang Iwak dimana?,ask_location_access
kamu manusia apa robot? ya,ask_unrelated
ada apa aja sih di Monpera?,ask_destination_info
Mau nanya dong aku butuh tempat healing yang tenang dong,ask_recommendation
Kak fasilitas KI apa aja ya?,ask_facilities
What's the entrance fee at Grand Mosque of Palembang?,ask_ticket_price
"Halo hello, is anyone available?",greet
Bang Akar kuadrat dari 144?,ask_unrelated
Halo Bagaimana cara ke Jakabaring sih,ask_location_access
Min Jembatan Ampera ada area bermain anak?,ask_facilities
Kak Kayak apa sih Punti Kayu?,ask_destination_info
"Excuse me, What facilities are available at Jakabaring?",ask_facilities
kenapa orang-orang suka ke SMB?,ask_destination_info
Eh Mau ke tempat yang unik dan sepi sih,ask_hidden_gems
Maaf mau tanya Wisata sepi tapi bagus di Palembang,ask_hidden_gems
Kampung Kapitan ramah anak gak?,ask_facilities
"Excuse me, what's the ticket price for Amanzi Waterpark??",ask_ticket_price
Maaf mau tanya Dari pusat kota ke Kambang Iwak berapa lama?,ask_location_access
Min what's bitcoin?,ask_unrelated
Permisi Gimana Museum Sultan Mahmud Badaruddin II?,ask_destination_info
Amanzi Waterpark buka setiap hari?,ask_operating_hours
Halo oke sip makasih deh,goodbye
Bang Kasih tau dong tentang Kampung Kapitan dong,ask_destination_info
Halo 5 stars ya,provide_feedback
Kak rekomendasi wisata alam palembang dong,ask_category
Min Deskripsi Ampera nih,ask_destination_info
Kalo hari Sabtu Masjid Cheng Ho buka?,ask_operating_hours
Is there an entry fee for Al-Munawar Arab Village?,ask_ticket_price
Min Canggih botnya? dong,provide_feedback
Maaf mau tanya Rating 5 untuk botnya? dong,provide_feedback
Kak Quiet but beautiful places in Palembang ya,ask_hidden_gems
Permisi saran wisata dong? ya,ask_recommendation
Halo Kayak apa sih SMB II nih,ask_destination_info
"Bang got it, thanks sih",goodbye
What's the ticket price for Benteng Kuto Besak?,ask_ticket_price
Parkiran Kampung Kapitan luas gak?,ask_facilities
Bang non-touristy places in palembang? ya,ask_hidden_gems
Bang Masuk Kemaro gratis atau bayar? dong,ask_ticket_price
Eh 5 stars,provide_feedback
Lokasi Museum Sultan Mahmud Badaruddin II dimana kak?,ask_location_access
"Hi, What's the entry fee for Sultan Mahmud Badaruddin II Museum thanks",ask_ticket_price
Eh Rekomendasi wisata untuk liburan singkat ya,ask_recommendation
Mau nanya dong Mau cari wisata sejarah di Palembang deh,ask_category
Arah ke Al-Munawar gimana?,ask_location_access
Kak Apakah kamu AI ya,ask_unrelated
Maaf mau tanya mau ke Siguntang lewat mana?,ask_location_access
Kambang Iwak terkenal karena apa?,ask_destination_info
Stasiun LRT terdekat ke tempat wisata mana deh,ask_lrt_destinations
Kasih tau dong tentang Bukit Siguntang,ask_destination_info
kira-kira harga tiket Kampung Arab Al-Munawar berapa? dong,ask_ticket_price
Bang Thank you,goodbye
Permisi Destinasi yang dekat stasiun LRT ya,ask_lrt_destinations
Maaf mau tanya Apa Masjid Cheng Ho bayar nih,ask_ticket_price
Masuk Taman Kebon Rojo gratis atau bayar?,ask_ticket_price
Min bingung mau bawa keluarga jalan-jalan kemana? dong,ask_recommendation
Eh Apakah Palembang Trade Center dekat LRT?,ask_lrt_destinations
Maaf mau tanya Min saran wisata dong,ask_recommendation
Kak Hidden spots in Palembang? dong,ask_hidden_gems
Maaf mau tanya Kak Hutan Wisata Punti Kayu buka jam berapa ya?,ask_operating_hours
Can you tell me Recommend places to see in Palembang?,ask_recommendation
Eh Wisata yang cocok untuk keluarga dong,ask_recommendation
Fasilitas umum di Palembang Icon apa aja?,ask_facilities
Bang Hidden gems di Palembang apa? dong,ask_hidden_gems
Al Quran Al Akbar ada di daerah mana?,ask_location_access
Halo PIM hari libur buka gak? dong,ask_operating_hours
5 bintang deh,provide_feedback
Goodbye,goodbye
Eh oke deh bye ya,goodbye
Bang Ping?,greet
halo siapa di sini? ya,greet
Bot nya pintar ya,provide_feedback
Eh Arah ke Kambang Iwak gimana? dong,ask_location_access
Is there an entry fee for Sultan Mahmud Badaruddin II Museum?,ask_ticket_price
Maaf mau tanya who are you?,ask_unrelated
What tourism spots are on the LRT line?,ask_lrt_destinations
Permisi Makasih kak?,goodbye
Halo Mantap kak,provide_feedback
Facilities at Museum Balaputra Dewa Park ya,ask_facilities
Selamat sore,greet
Address of Al-Munawar Arab Village? dong,ask_location_access
Eh Kamu siapa deh,ask_unrelated
What's available at Sultan Mahmud Badaruddin II Museum nih,ask_facilities
Destinasi wisata sejarah Palembang?,ask_category
Permisi Infonya akurat ya,provide_feedback
Permisi Sip makasih dong,goodbye
"Min mau naik lrt, wisata apa yang dekat? dong",ask_lrt_destinations
Kak Museum Balaputra Dewa ada toilet gak?,ask_facilities
Mau nanya dong Kenapa Museum Balaputra Dewa terkenal sih,ask_destination_info
Mau nanya dong Popular tourist spots in Palembang? ya,ask_recommendation
Bang tiket Kampung Arab Al-Munawar berapa sih,ask_ticket_price
"Hello, Hey, can I ask a question?",greet
Halo wisata yang gak pasaran di palembang? dong,ask_hidden_gems
Kak Masjid Agung Palembang mulai buka jam berapa?,ask_operating_hours
Kak Bisa rekomendasikan tempat wisata? ya,ask_recommendation
Kak fasilitas Masjid Agung Palembang apa aja ya?,ask_facilities
Min jawaban yang sangat membantu dong,provide_feedback
Jam operasional BKB?,ask_operating_hours
Maaf mau tanya Wisata anti mainstream Palembang dong,ask_hidden_gems
Eh recommend religious tourism in palembang,ask_category
What time does Punti Kayu Forest close?,ask_operating_hours
Eh Bisa naik LRT ke Kampung Arab Al-Munawar? dong,ask_lrt_destinations
What's the entry fee for Benteng Kuto Besak?,ask_ticket_price
Amanzi ada tempat istirahat?,ask_facilities
Min fasilitas Taman Kebon Rojo lengkap gak?,ask_facilities
Maaf mau tanya,greet
Wisata yang aksesnya lewat LRT apa aja?,ask_lrt_destinations
Permisi Siapa presiden Indonesia nih,ask_unrelated
Hey Where can I find cultural tourism in Palembang please,ask_category
Kak Destinasi rahasia Palembang?,ask_hidden_gems
Bang OPI Mall ada kantin gak?,ask_facilities
Bang Bukit Siguntang deket stasiun lrt mana?,ask_location_access
Amanzi bagus gak?,ask_destination_info
Min Kemaro buka dari jam berapa sampai jam berapa?,ask_operating_hours
Kak Terima kasih infonya sangat berguna ya,provide_feedback
Permisi Mau nanya dong? dong,greet
Kak PIM aksesnya lewat LRT bisa? dong,ask_lrt_destinations
Permisi tourist spots along lrt route?,ask_lrt_destinations
Please list of culinary tourism in palembang??,ask_category
Ada wifi di Punti Kayu?,ask_facilities
"Hi, Things to do in Palembang??",ask_recommendation
Unique places to visit in Palembang?,ask_hidden_gems
oke paham dong,provide_feedback
What makes Punti Kayu Forest unique?,ask_destination_info
Hey How to make money online,ask_unrelated
oke terima kasih sih,goodbye
Eh kayak apa sih BKB?,ask_destination_info
Kak Canggih botnya nih,provide_feedback
Kak Hutan Wisata Punti Kayu deket stasiun LRT mana ya,ask_location_access
Halo wisata yang aksesnya lewat lrt apa aja?,ask_lrt_destinations
Min Quiet but beautiful places in Palembang? ya,ask_hidden_gems
Kak Palembang LRT tourism destinations? dong,ask_lrt_destinations
Kawah Tengkurep gratis gak sih?,ask_ticket_price
Min Palembang punya masjid apa? dong,ask_category
Kasih info Masjid Cheng Ho ya,ask_destination_info
Permisi ada fasilitas apa di Monpera? dong,ask_facilities
Mau nanya dong Operating hours nih,ask_operating_hours
Jam operasional Hutan Wisata Punti Kayu?,ask_operating_hours
Mau nanya dong Destinasi yang LRT accessible? ya,ask_lrt_destinations
Eh Jadwal buka Siguntang kapan ya,ask_operating_hours
apa yang bikin Kambang Iwak ini spesial?,ask_destination_info
Does Jakabaring Sport City have parking?,ask_facilities
Kak OK bye ya,goodbye
Min Info fasilitas Pasar 16 Ilir dong,ask_facilities
Maaf mau tanya ada wisata religi di palembang? ya,ask_category
Mau nanya dong Museum Balaputra Dewa buka setiap hari ya,ask_operating_hours
Kak Gimana Amanzi Waterpark nih,ask_destination_info
Min Tempat wisata yang gak rame deh,ask_hidden_gems
Maaf mau tanya Oke thanks?,goodbye
What cultural tourism are in Palembang?,ask_category
Parkiran Kawah Tengkurep luas gak?,ask_facilities
Can you tell me List of religious tourism in Palembang thanks,ask_category
Mau nanya dong Rekomendasi wisata untuk liburan singkat sih,ask_recommendation
Bang i'm bored,ask_unrelated
Min Assalamualaikum min? ya,greet
is Museum Balaputra Dewa arab village open today? ya,ask_operating_hours
Eh Oke segitu aja dulu ya,goodbye
Eh hai mau konsultasi dong,greet
Siang kak?,greet
Eh Wisata indoor Palembang sih,ask_category
Dari jam berapa Hutan Wisata Punti Kayu buka?,ask_operating_hours
what time does Siguntang forest close?,ask_operating_hours
When is the World Cup?,ask_unrelated
Prediksi cuaca besok?,ask_unrelated
Halo Any culinary tourism in Palembang?,ask_category
Halo wisata sore hari di palembang?,ask_recommendation
Min apakah Hutan Wisata Punti Kayu dekat lrt?,ask_lrt_destinations
Any hidden gems to visit? ya,ask_hidden_gems
Min Terima kasih infonya sangat berguna nih,provide_feedback
Eh Hallloo ya,greet
Bang Mau liburan di Palembang kemana ya,ask_recommendation
Berapa duit masuk Kampung Arab Al-Munawar?,ask_ticket_price
Describe Kampung Kapitan,ask_destination_info
Maaf mau tanya Ada tempat wisata baru di Palembang,ask_hidden_gems
Maaf mau tanya LRT Palembang lewat wisata mana sih,ask_lrt_destinations
Arah ke Hutan Wisata Punti Kayu gimana?,ask_location_access
Mau nanya dong PIM fasilitasnya apa aja?,ask_facilities
Amanzi Waterpark buka jam berapa?,ask_operating_hours
Maaf mau tanya Clear explanation,provide_feedback
Parkiran OPI Mall luas gak?,ask_facilities
Info fasilitas Palembang Icon dong?,ask_facilities
Maaf mau tanya Apakah Siguntang buka 24 jam,ask_operating_hours
Permisi ada hidden gems gak di palembang?,ask_hidden_gems
Halo selamat siang sih,greet
Halo Yang termasuk wisata kuliner apa aja?,ask_category
Recommended banget aplikasinya ya,provide_feedback
Mau nanya dong wisata terbaik di palembang apa? dong,ask_recommendation
Where can I find nature tourism in Palembang please,ask_category
Permisi jawabannya lengkap deh,provide_feedback
Min oke kak sampai jumpa deh,goodbye
I want to know Off the beaten path places in Palembang?,ask_hidden_gems
Maaf mau tanya Wisata sore hari di Palembang sih,ask_recommendation
Min Pagi sih,greet
Halo Sore? ya,greet
Permisi Masjid Agung Palembang itu apa nih,ask_destination_info
Bang Mau tanya harga tiket SMB?,ask_ticket_price
Mau tanya jam operasional Amanzi,ask_operating_hours
Bang berapa ya tiket Al Quran Al Akbar?,ask_ticket_price
Maaf mau tanya Mau ke tempat yang unik dan sepi ya,ask_hidden_gems
What does it cost to visit Kampung Kapitan?,ask_ticket_price
Mau nanya dong nice info ya,provide_feedback
Maaf mau tanya Jam buka Ampera kapan dong,ask_operating_hours
Halo Cara mengobati flu dong,ask_unrelated
Tiket masuk Palembang Square berapa?,ask_ticket_price
Permisi nature tourism places in Palembang? ya,ask_category
Maaf mau tanya Ada taman di Palembang dong,ask_category
Halo Best destinations in Palembang? ya,ask_recommendation
Mau tanya nih,greet
KI ada kantin gak?,ask_facilities
Apa yang menarik dari Monpera?,ask_destination_info
Min Wisata baru yang belum terkenal? dong,ask_hidden_gems
Mau nanya dong Tempat wisata unik di Palembang deh,ask_hidden_gems
Halo Thanks ya,goodbye
Wisata malam di Palembang kemana?,ask_recommendation
SMB berbayar atau gratis?,ask_ticket_price
list of cultural tourism in palembang??,ask_category
Permisi makasih udah bantu dong,goodbye
Halo Wisata off the beaten path Palembang dong,ask_hidden_gems
Kak Info museum Palembang dong? dong,ask_category
Halo saya turis,greet
What's Benteng Kuto Besak like?,ask_destination_info
Fasilitas umum di SMB apa aja?,ask_facilities
Halo tiket masuk PIM berapa?,ask_ticket_price
Halo saya wisatawan ya,greet
Bang Oke mantap kak?,goodbye
Min Any hidden gems to visit? ya,ask_hidden_gems
how to cook an egg?,ask_unrelated
Kak haai ya,greet
apa yang bikin Palembang Square ini spesial?,ask_destination_info
Please Which places can I visit using LRT please,ask_lrt_destinations
Bang tiket Ampera berapa?,ask_ticket_price
"Mau nanya dong Hello, I'm looking for help dong",greet
Film terbaru 2024 apa?,ask_unrelated
Kak What time does Palembang Trade Center Bridge close?,ask_operating_hours
Translate bahasa Inggris dong,ask_unrelated
Hey What cultural tourism are in Palembang please,ask_category
Parkiran Al Quran Al Akbar luas gak?,ask_facilities
Maaf mau tanya kak ada hidden gems gak? dong,ask_hidden_gems
Bang Palembang punya wisata apa aja ya,ask_recommendation
Kasih tau dong tentang BKB,ask_destination_info
Info lengkap SMB II dong,ask_destination_info
Min rekomendasi wisata palembang apa? dong,ask_recommendation
Mau nanya dong lrt berhenti dekat wisata mana? ya,ask_lrt_destinations
Alamat lengkap Kampung Kapitan?,ask_location_access
Halo Kasih tau deskripsinya dong,ask_destination_info
Min harga masuk Pasar 16 Ilir berapa?,ask_ticket_price
Alternative tourist spots in Palembang?,ask_hidden_gems
Hari ini SMB II buka gak ya?,ask_operating_hours
Maaf mau tanya Kawah Tengkurep gratis gak sih?,ask_ticket_price
Permisi bye bye kak,goodbye
Kak that's helpful deh,provide_feedback
Min Palembang Square terkenal karena apa? dong,ask_destination_info
Kak Palembang punya wisata budaya apa dong,ask_category
Mau nanya dong Wisata wisata budaya di Palembang apa aja dong,ask_category
Makasih ya infonya,goodbye
Mau ke SMB bayar berapa?,ask_ticket_price
Hidden gems di Palembang apa?,ask_hidden_gems
Ada mushola?,ask_facilities
Eh Masjid Agung Palembang deket stasiun LRT mana?,ask_location_access
Maaf mau tanya oke bagus dong,provide_feedback
Min Does Masjid Cheng Ho Island have food stalls nih,ask_facilities
Eh Oke cukup kak makasih banyak ya,goodbye
Siapa BTS?,ask_unrelated
Kamu bodoh deh,ask_unrelated
asal usul Kambang Iwak ini gimana ceritanya?,ask_destination_info
Good afternoon sih,greet
Halo Alternative tourist spots in Palembang?,ask_hidden_gems
Min Wisata accessible by LRT nih,ask_lrt_destinations
Halo hey bot dong,greet
Eh wisata wisata sejarah di palembang apa aja? ya,ask_category
Maaf mau tanya Tempat-tempat wisata yang aksesibel LRT,ask_lrt_destinations
"Excuse me, What museums are in Palembang please",ask_category
Fasilitasnya gimana?,ask_facilities
Mau tanya dong harga tiket SMB II,ask_ticket_price
Halo BKB mulai buka jam berapa?,ask_operating_hours
Permisi Ceritain Museum Balaputra Dewa dong?,ask_destination_info
Mau ke tempat yang unik dan sepi,ask_hidden_gems
Permisi Info masjid Palembang dong? ya,ask_category
Is Kambang Iwak Park far from the city center?,ask_location_access
Eh Kampung Arab Al-Munawar ada di daerah mana deh,ask_location_access
Amanzi Waterpark di mana ya?,ask_location_access
Info fasilitas Fantasy Island dong,ask_facilities
"Hi, How much to get into Monpera?",ask_ticket_price
Min Hello mau tanya sih,greet
Eh Helo? ya,greet
hai masih aktif?,greet
"Hi, can you help me please",greet
Kak Tempat bersejarah apa aja deh,ask_category
Hello,greet
Kak Oke terima kasih banyak ya? dong,goodbye
Taman Kebon Rojo hari libur buka gak?,ask_operating_hours
Maaf mau tanya Ada wisata apa aja di Palembang deh,ask_recommendation
Halo wisata apa aja yang dekat jalur lrt? ya,ask_lrt_destinations
Ceritain Bukit Siguntang dong,ask_destination_info
Jadwal buka KI kapan ya?,ask_operating_hours
info lokasi Museum Sultan Mahmud Badaruddin II dong,ask_location_access
Permisi Sip makasih,goodbye
Halo Yang termasuk wisata religi apa aja dong,ask_category
Kak Kalo hari Sabtu Palembang Icon buka ya,ask_operating_hours
Halo Rekomendasi wisata yang dekat stasiun LRT? ya,ask_lrt_destinations
Eh Kak ada museum gak di Palembang?,ask_category
Wisata Palembang yang populer apa?,ask_recommendation
Permisi good answer ya,provide_feedback
Halo Wisata apa aja yang dekat jalur LRT?,ask_lrt_destinations
Kambang Iwak ada tempat istirahat?,ask_facilities
Mau tanya fasilitas di Bukit Siguntang,ask_facilities
Buka jam berapa?,ask_operating_hours
Destinasi rahasia Palembang nih,ask_hidden_gems
Min harga masuk Kampung Kapitan berapa?,ask_ticket_price
Kak Siang min? ya,greet
Maaf mau tanya Kasih info Benteng Kuto Besak ya? dong,ask_destination_info
Permisi kasih tau hidden gems Palembang dong,ask_hidden_gems
Maaf mau tanya Apakah BKB buka hari Minggu? ya,ask_operating_hours
Mau nanya dong Fasilitas pendukung Masjid Cheng Ho?,ask_facilities
Hai chatbot,greet
Permisi Monpera dekat stasiun LRT mana?,ask_lrt_destinations
Benteng Kuto Besak jauh gak dari pusat kota,ask_location_access
Halo ada gak wisata yang masih asri di palembang? ya,ask_hidden_gems
Masjid Agung Palembang buka dari jam berapa sampai jam berapa?,ask_operating_hours
Min Kapan piala dunia,ask_unrelated
Eh Misi nanya dong? dong,greet
"Hello, Can I reach tourist places by LRT?",ask_lrt_destinations
Kak Rekomendasi hidden gems dong? ya,ask_hidden_gems
Gratis atau bayar?,ask_ticket_price
Permisi mantul kak,provide_feedback
Halo Is Fantasy Island Bridge worth visiting?,ask_destination_info
Maaf mau tanya info harga tiket Kampung Kapitan dong,ask_ticket_price
Halo Makasih ya sangat berguna infonya? dong,goodbye
Local favorites in Palembang?,ask_hidden_gems
Info lebih lanjut dong,ask_destination_info
Rute ke Kampung Kapitan gimana sih,ask_location_access
tell me a joke?,ask_unrelated
Sip lanjut kak,provide_feedback
Permisi wisata off the beaten path palembang? dong,ask_hidden_gems
Halo apakah ada yang bisa bantu?,greet
Mau nanya dong Udah itu aja kak makasih ya,goodbye
asal usul BKB ini gimana ceritanya?,ask_destination_info
Min Wisata yang gampang dijangkau LRT nih,ask_lrt_destinations
Maaf mau tanya membantu banget kak,provide_feedback
Maaf mau tanya ada wisata sejarah di palembang? dong,ask_category
underrated tourist spots in palembang? ya,ask_hidden_gems
Pagi min,greet
Pulau Kemaro lokasinya dimana?,ask_location_access
Halo Jam buka Pasar 16 Ilir kapan nih,ask_operating_hours
Min nice dong,provide_feedback
Bang Tempat-tempat wisata yang aksesibel LRT? dong,ask_lrt_destinations
Min Taman Kambang Iwak Besak ada tempat istirahat?,ask_facilities
Permisi mau tanya? dong,greet
Wah makasih infonya lengkap deh,provide_feedback
Can you tell me What is Museum Balaputra Dewa Arab Village?,ask_destination_info
Nais,provide_feedback
Halo Tell me about dinosaurs deh,ask_unrelated
Halo Selamat tinggal deh,goodbye
Min What's available at PIM Forest?,ask_facilities
Halo ada toilet gak?,ask_facilities
Bang tanya dong,greet
Stasiun LRT dekat tempat wisata dong,ask_lrt_destinations
Halo Ada fasilitas apa di Kawah Tengkurep? dong,ask_facilities
Min harga masuk Kambang Iwak berapa?,ask_ticket_price
Kenapa Palembang Trade Center terkenal? ya,ask_destination_info
Kak Jembatan Ampera hari libur buka gak nih,ask_operating_hours
I want to know what's the location of SMB arab village?,ask_location_access
Bang Jam tutup Museum Balaputra Dewa kapan? ya,ask_operating_hours
Kak Kawah Tengkurep bayar berapa sih,ask_ticket_price
Seru gak Kampung Kapitan?,ask_destination_info
Bang Ada fasilitas apa di SMB II deh,ask_facilities
Apakah Siguntang gratis?,ask_ticket_price
Halo Tempat makan di sekitar Palembang Trade Center ada,ask_facilities
Cara menuju Taman Kambang Iwak Besak gimana?,ask_location_access
"Excuse me, how to go to PIM?",ask_location_access
Mau nanya dong Anime yang bagus apa,ask_unrelated
Min Info wisata sejarah Palembang dong? dong,ask_category
Permisi wisata yang paling dekat lrt?,ask_lrt_destinations
Dari mana ke Masjid Cheng Ho,ask_location_access
Berapa harga tiket masuk Taman Kambang Iwak Besak?,ask_ticket_price
Wisata yang belum mainstream dong,ask_hidden_gems
Appreciate it,goodbye
Halo Address of Grand Mosque of Palembang dong,ask_location_access
Hello TanyaKito,greet
Min BKB bisa ditempuh pakai apa?,ask_location_access
Kak hey deh,greet
Bang wisata yang gampang dijangkau lrt?,ask_lrt_destinations
Eh Best places to visit by LRT?,ask_lrt_destinations
Maaf mau tanya Wisata apa yang cocok untuk foto-foto deh,ask_recommendation
Kayak apa sih BKB?,ask_destination_info
Kak Are there tourist attractions near LRT stations deh,ask_lrt_destinations
Maaf mau tanya Masjid Agung Palembang ada tempat parkir?,ask_facilities
Min Apakah Kampung Kapitan buka 24 jam?,ask_operating_hours
Selamat datang,greet
Bang What's the weather today,ask_unrelated
Maaf mau tanya Taman Kambang Iwak Besak fasilitasnya apa aja nih,ask_facilities
Halo Infonya akurat? ya,provide_feedback
Mau nanya dong Mantap kak?,provide_feedback
suggest places for sightseeing in palembang please,ask_recommendation
Eh Ceritakan tentang Masjid Cheng Ho?,ask_destination_info
Mau nanya dong selamat siang,greet
Maaf mau tanya Berguna banget ya,provide_feedback
"Hello, thank you for the information?",goodbye
Please How do I get to Hutan Wisata Punti Kayu?,ask_location_access
Does Ampera Bridge open every day?,ask_operating_hours
Mau nanya dong Sup? ya,greet
Permisi pagi deh,greet
What time does it open?,ask_operating_hours
Mau nanya dong Ada wisata alam di Palembang sih,ask_category
Bang Destinasi masjid Palembang? dong,ask_category
Halo Fantasy Island bagus gak ya,ask_destination_info
Kak Ada tempat wisata baru di Palembang deh,ask_hidden_gems
Eh Infonya detail banget dong,provide_feedback
Kak Jawabannya memuaskan deh,provide_feedback
Info jam buka Ampera dong,ask_operating_hours
Halo Yang termasuk wisata sejarah apa aja,ask_category
Can you tell me What culinary tourism are in Palembang please,ask_category
Maaf mau tanya Bagaimana cara move on deh,ask_unrelated
Min terima kasih infonya sangat berguna,provide_feedback
Min Suka sama jawabannya nih,provide_feedback
Eh Apakah kamu AI?,ask_unrelated
Maaf mau tanya Nyanyiin lagu dong? dong,ask_unrelated
Is there parking?,ask_facilities
Thanks a lot,goodbye
Kak Ada wisata yang jarang orang tau? ya,ask_hidden_gems
Bang kenapa orang-orang suka ke SMB II?,ask_destination_info
Bang kira-kira harga tiket Palembang Trade Center berapa?,ask_ticket_price
Halo PIM deket stasiun LRT mana?,ask_location_access
Eh Mau cari wisata budaya di Palembang deh,ask_category
Halo Biaya tiket Al-Munawar berapa kak? ya,ask_ticket_price
Maaf mau tanya Wisata taman di Palembang apa aja nih,ask_category
When does Sultan Mahmud Badaruddin II Museum close?,ask_operating_hours
Maaf mau tanya LRT Palembang stop di wisata mana?,ask_lrt_destinations
Min kurs dollar hari ini berapa?,ask_unrelated
Address of Sultan Mahmud Badaruddin II Museum?,ask_location_access
Wisata wisata kuliner di Palembang apa aja?,ask_category
Permisi Masjid Agung Palembang lokasinya dimana dong,ask_location_access
Oke kak noted,provide_feedback
Maaf mau tanya see you later deh,goodbye
Maaf mau tanya Aku mau cerita? ya,ask_unrelated
Eh Palembang punya taman apa? ya,ask_category
Eh What's cryptocurrency? ya,ask_unrelated
Where to go in Palembang?,ask_recommendation
Mau nanya dong Mau cari wisata yang seru di Palembang? ya,ask_recommendation
What's Bitcoin? ya,ask_unrelated
Maaf mau tanya Oke terima kasih jawabannya? ya,provide_feedback
Kamu punya perasaan?,ask_unrelated
Eh Makasih banyak deh,goodbye
Halo Dari pusat kota ke Taman Kambang Iwak Besak berapa lama?,ask_location_access
"Excuse me, Thanks for the help",goodbye
Maaf mau tanya Terima kasih banyak dong,goodbye
Wisata sore hari di Palembang?,ask_recommendation
Bang Palembang punya wisata apa aja,ask_recommendation
Membantu banget,provide_feedback
Fantasy Island tutup jam berapa?,ask_operating_hours
Mau nanya dong Wisata yang gampang dijangkau LRT sih,ask_lrt_destinations
Eh ok thank you sih,goodbye
Please Where to go in Palembang??,ask_recommendation
Kak Siapa penemu lampu deh,ask_unrelated
Eh Naik LRT bisa ke wisata mana aja,ask_lrt_destinations
Wisata edukasi di Palembang?,ask_category
Min Info wisata yang terjangkau LRT ya,ask_lrt_destinations
Min Rekomendasi hidden gems dong?,ask_hidden_gems
"Hello, Is Monpera far from the city center?",ask_location_access
Bang Masjid Cheng Ho ada spot foto gak?,ask_facilities
Maaf mau tanya palembang lrt tourism destinations?,ask_lrt_destinations
Maaf mau tanya Wisata Palembang yang aesthetic tapi sepi sih,ask_hidden_gems
What's 2+2?,ask_unrelated
Min Makasih kak nanti saya tanya lagi? dong,goodbye
Permisi Assalamualaikum bye,goodbye
Deskripsi Kampung Kapitan,ask_destination_info
Min jawaban yang memuaskan nih,provide_feedback
Sejarahnya gimana?,ask_destination_info
Permisi useful information,provide_feedback
Rekomendasi wisata sejarah Palembang? dong,ask_category
Dari jam berapa Al Quran Al Akbar buka?,ask_operating_hours
Kak saya mau jalan-jalan di Palembang sih,greet
Maaf mau tanya is Hutan Wisata Punti Kayu island open today? ya,ask_operating_hours
Maaf mau tanya Kenapa Monpera terkenal dong,ask_destination_info
"hello, i'm looking for help nih",greet
Kak berapa harga tiket Amanzi?,ask_ticket_price
suggest tourist spots in palembang sih,ask_recommendation
Any hidden gems to visit?,ask_hidden_gems
"Halo anakku suka main air, enaknya bawa kemana ya",ask_recommendation
min alamat Museum Sultan Mahmud Badaruddin II apa ya?,ask_location_access
Tiket masuk ke Kemaro sekarang berapa ya?,ask_ticket_price
Eh Oke mantap kak?,goodbye
Eh Tolong kasih tau alamat Kampung Kapitan?,ask_location_access
Kak slmt siang,greet
Min 1 2 3 test ya,greet
Eh Wisata yang bernuansa Islami ya,ask_category
Bang Rekomendasi hidden gems dong? ya,ask_hidden_gems
When is Kambang Iwak Park open?,ask_operating_hours
Kak Posisi Siguntang dimana ya? dong,ask_location_access
Bang Taman Kebon Rojo ada tempat istirahat?,ask_facilities
Permisi Tempat wisata alam di Palembang?,ask_category
Kira-kira berapa ya tiketnya?,ask_ticket_price
Fasilitas Al-Munawar lengkap gak?,ask_facilities
Maaf mau tanya Saranin wisata di Palembang dong,ask_recommendation
I want to know Things to do in Palembang,ask_recommendation
Taman Kambang Iwak Besak terkenal karena apa?,ask_destination_info
Bang saran wisata dong?,ask_recommendation
Permisi Suka deh?,provide_feedback
Bang Tempat wisata sejarah di Palembang,ask_category
Maaf mau tanya kamu punya perasaan?,ask_unrelated
Min Wisata air di Palembang ada sih,ask_category
Halo Ke SMB II bayar berapa ya?,ask_ticket_price
Halo Oke deh makasih deh,goodbye
Bang Berapa duit masuk Pasar 16 Ilir ya,ask_ticket_price
Kak canggih botnya ya,provide_feedback
Kak thank you very much ya,goodbye
Min Update harga tiket PIM dong,ask_ticket_price
I want to know Suggest places for sightseeing in Palembang thanks,ask_recommendation
Halo Rekomendasikan tempat wisata di Palembang ya,ask_recommendation
Bang ada gak wisata yang masih asri di palembang?,ask_hidden_gems
Halo Kasih rekomendasi wisata dong,ask_recommendation
Mau nanya dong directions to Ampera island?,ask_location_access
Maaf mau tanya Tempat wisata unik di Palembang?,ask_hidden_gems
Eh Oke terima kasih banyak ya?,goodbye
Tutup jam berapa?,ask_operating_hours
Bang oke mantul sih,provide_feedback
Kasih info PIM ya? dong,ask_destination_info
Eh Kampung Kapitan buka setiap hari?,ask_operating_hours
Permisi LRT friendly tourist destinations? dong,ask_lrt_destinations
Kak perfect nih,provide_feedback
Eh Palembang LRT tourism destinations? ya,ask_lrt_destinations
Maaf mau tanya Wisata apa yang bisa dijangkau LRT?,ask_lrt_destinations
Eh Destinasi favorit di Palembang sih,ask_recommendation
Bang Rumah sakit terdekat dong,ask_unrelated
Bang Palembang LRT tourism destinations sih,ask_lrt_destinations
"Excuse me, Are you a robot thanks",ask_unrelated
Kak mau ke Al-Munawar bayar berapa?,ask_ticket_price
Halo Kampung Kapitan buka jam berapa?,ask_operating_hours
Where can I go by LRT for sightseeing?,ask_lrt_destinations
Min enaknya kemana ya di palembang?,ask_recommendation
naik lrt bisa ke wisata mana aja? ya,ask_lrt_destinations
Museum Sultan Mahmud Badaruddin II ada kantin gak?,ask_facilities
Mau nanya dong Mau tau tentang Palembang Icon?,ask_destination_info
Maaf mau tanya cara masak rendang gimana?,ask_unrelated
Permisi Undiscovered places in Palembang deh,ask_hidden_gems
Makasih udah bantu,goodbye
Bang Naik apa ke OPI Mall,ask_location_access
Permisi Oke deh bye? dong,goodbye
"Excuse me, What are the iconic places in Palembang",ask_recommendation
List of museums in Palembang?,ask_category
Can you tell me What are the operating hours of Ampera Forest??,ask_operating_hours
Maaf mau tanya Got it?,provide_feedback
Maaf mau tanya Kak ada museum gak di Palembang,ask_category
Min What's 2+2 dong,ask_unrelated
What is AI?,ask_unrelated
Maaf mau tanya Taman Kebon Rojo gratis gak sih? dong,ask_ticket_price
Eh kapan piala dunia? dong,ask_unrelated
Kak appreciate it dong,goodbye
Permisi Yang termasuk wisata sejarah apa aja? dong,ask_category
Bang Akar kuadrat dari 144? dong,ask_unrelated
Permisi Mau minta saran wisata Palembang? ya,ask_recommendation
"Excuse me, Do you have feelings?",ask_unrelated
Eh wisata murah yang bisa naik lrt? ya,ask_lrt_destinations
Hey what nature tourism are in palembang?,ask_category
Eh Jawabannya cepat nih,provide_feedback
Mau nanya dong Facilities at Monpera dong,ask_facilities
Kak Lesser known attractions in Palembang dong,ask_hidden_gems
Eh Kak ada hidden gems gak,ask_hidden_gems
Kak terima kasih sangat membantu ya,goodbye
Kamu bodoh,ask_unrelated
Min Oke sip makasih? dong,goodbye
Halo Kapan piala dunia deh,ask_unrelated
Harga tiket Pasar 16 Ilir berapa ya?,ask_ticket_price
Mau nanya dong any hidden gems to visit? ya,ask_hidden_gems
Maaf mau tanya Must-visit places in Palembang ya,ask_recommendation
Bang Saran tempat wisata di Palembang,ask_recommendation
Assalamu'alaikum,greet
Hey What is AI thanks,ask_unrelated
Min kasih tau alamat PIM?,ask_location_access
Kira-kira harga tiket Taman Kebon Rojo berapa?,ask_ticket_price
Mau nanya dong Oke deh makasih nih,goodbye
Kak Apa PIM bayar,ask_ticket_price
Min ke KI bayar berapa ya? dong,ask_ticket_price
Apa Jakabaring bayar?,ask_ticket_price
Min mau keliling Palembang nih?,greet
Maaf mau tanya tess dong,greet
"Eh Perfect, thank you?",goodbye
"Mau explore Palembang pakai LRT, kemana aja bisa?",ask_lrt_destinations
Halo Mau cari wisata kuliner di Palembang deh,ask_category
Min Ada masjid di Palembang? ya,ask_category
Halo 5 bintang deh?,provide_feedback
makasih banyak,goodbye
Kalo hari Sabtu Al Quran Al Akbar buka?,ask_operating_hours
"Hello, Can I take LRT to visit tourist places",ask_lrt_destinations
Mau nanya dong kamu bisa jawab apa aja sih? dong,ask_unrelated
Bang rekomendasi wisata sejarah palembang dong,ask_category
Directions to Sultan Mahmud Badaruddin II Museum?,ask_location_access
Underrated tourist spots in Palembang nih,ask_hidden_gems
Thanks so much,goodbye
"Mau nanya dong Hello, I'm a tourist sih",greet
Permisi berapa harga tiket Amanzi Waterpark? ya,ask_ticket_price
Permisi Palembang Trade Center buka setiap hari nih,ask_operating_hours
Min Pasar 16 Ilir ada spot foto gak deh,ask_facilities
Tempat wisata budaya di Palembang?,ask_category
Min kayak apa sih Pasar 16 Ilir?,ask_destination_info
Eh Min mau tanya nih,greet
Jadwal buka Taman Kambang Iwak Besak kapan ya?,ask_operating_hours
Dari pusat kota ke Kampung Kapitan berapa lama?,ask_location_access
"Excuse me, Best places for tourists in Palembang",ask_recommendation
Mau nanya dong Any religious tourism in Palembang? dong,ask_category
Permisi Siap kak,provide_feedback
Maaf mau tanya Oke sip ya,provide_feedback
Halo best destinations in palembang? ya,ask_recommendation
What's the entry fee for Monpera?,ask_ticket_price
tempat wisata yang bisa diakses lrt?,ask_lrt_destinations
Halo tempat wisata yang dilalui lrt? ya,ask_lrt_destinations
Tiket masuk ke Fantasy Island sekarang berapa ya?,ask_ticket_price
Mau nanya dong Sampai ketemu lagi dong,goodbye
Kak bot nya pintar ya,provide_feedback
Mau nanya dong Apa itu Masjid Cheng Ho?,ask_destination_info
Mau nanya dong Tips menurunkan berat badan deh,ask_unrelated
Halo Destinasi yang dekat stasiun LRT sih,ask_lrt_destinations
Maaf mau tanya Wisata yang bisa dikunjungi sehari deh,ask_recommendation
Location of Kambang Iwak Park?,ask_location_access
Maaf mau tanya Kasih rekomendasi wisata dong? dong,ask_recommendation
Mau tau sejarah Palembang Square,ask_destination_info
Mau nanya dong Haii,greet
Is Kemaro Island far from the city center?,ask_location_access
Permisi Wisata anti mainstream Palembang?,ask_hidden_gems
Kak Membantu banget ya,provide_feedback
Mau nanya dong info jam buka Fantasy Island dong,ask_operating_hours
Sore kak,greet
ok thank you sih,goodbye
Permisi museum di palembang apa aja? ya,ask_category
Mau nanya dong Kawah Tengkurep buka dari jam berapa sampai jam berapa? dong,ask_operating_hours
Kak Mau minta saran wisata Palembang sih,ask_recommendation
Maaf mau tanya hai chatbot nih,greet
Tempat yang underrated di Palembang?,ask_hidden_gems
Eh Apa yang menarik dari Kemaro?,ask_destination_info
Halo tiket Pasar 16 Ilir berapa?,ask_ticket_price
Kak Dadah kak? ya,goodbye
Permisi Oke mantul?,provide_feedback
"Mau keliling Palembang naik LRT, kemana aja? ya",ask_lrt_destinations
malam kak,greet
Kak Appreciate it deh,goodbye
Mau nanya dong bye bye kak,goodbye
Top tourist attractions in Palembang?,ask_recommendation
Ampera lokasinya dimana?,ask_location_access
Maaf mau tanya Wisata Palembang yang LRT friendly nih,ask_lrt_destinations
Where is it?,ask_location_access
Mau nanya dong Seru gak PTC?,ask_destination_info
Any museums in Palembang?,ask_category
Halo Wisata Palembang yang aesthetic tapi sepi deh,ask_hidden_gems
Halo test nih,greet
Maaf mau tanya Ada hidden gems gak di Palembang? ya,ask_hidden_gems
"Eh Perfect, thank you? dong",goodbye
Any parks in Palembang?,ask_category
Kak Monpera ada kantin gak?,ask_facilities
Maaf mau tanya Waalaikumsalam,greet
Mau nanya dong oke terima kasih jawabannya sih,provide_feedback
Permisi aku lagi ngomong sama komputer ya? ya,ask_unrelated
Mau nanya dong Any nature tourism in Palembang? ya,ask_category
Permisi 5 bintang deh?,provide_feedback
Permisi Oke mantap kak? ya,goodbye
Ada fasilitas apa di Pulau Kemaro?,ask_facilities
Mau nanya dong tempat wisata murah di palembang?,ask_recommendation
Ke Pulau Kemaro bayar berapa ya?,ask_ticket_price
Maaf mau tanya Unexplored attractions in Palembang nih,ask_hidden_gems
Maaf mau tanya Kak ada hidden gems gak dong,ask_hidden_gems
Bayar berapa kalo masuk Bukit Siguntang?,ask_ticket_price
Mau nanya dong Mau tau tentang SMB II nih,ask_destination_info
Maaf mau tanya Recommended banget aplikasinya dong,provide_feedback
Bang ada hidden gems gak deh,ask_hidden_gems
Eh Tes tes nih,greet
Min Alamat lengkap SMB sih,ask_location_access
Hey Is Pasar 16 Ilir far from the city center?,ask_location_access
Mau nanya dong aku butuh tempat healing yang tenang deh,ask_recommendation
Permisi Rute LRT melewati wisata apa ya,ask_lrt_destinations
Apakah Jembatan Ampera buka 24 jam?,ask_operating_hours
Mau nanya dong Sejarah Amanzi apa ya,ask_destination_info
Kak Ada wisata sejarah di Palembang? ya,ask_category
Mau nanya dong makasih infonya dong,goodbye
Kapan Jakabaring Sport City buka?,ask_operating_hours
Masjid Cheng Ho terkenal karena apa?,ask_destination_info
Maaf mau tanya Wisata yang belum viral di Palembang ya,ask_hidden_gems
Bang bingung mau bawa keluarga jalan-jalan kemana? ya,ask_recommendation
Harga tiket Palembang Icon berapa ya?,ask_ticket_price
Universitas terbaik Indonesia?,ask_unrelated
Eh Ampera ada area bermain anak?,ask_facilities
Oke makasih,goodbye
Tiket Benteng Kuto Besak berapa sih?,ask_ticket_price
what tourism spots are on the lrt line?,ask_lrt_destinations
Mau nanya dong apa itu PTC? ya,ask_destination_info
Is Ampera Bridge free?,ask_ticket_price
Eh Thanks,goodbye
Cerita sejarah Masjid Agung Palembang dong,ask_destination_info
Mau nanya dong Makasih ya?,goodbye
Mau nanya dong wassalamualaikum deh,goodbye
Can you tell me Thanks for the help??,goodbye
Info fasilitas Taman Kambang Iwak Besak dong,ask_facilities
Very detailed,provide_feedback
"Hi, list of cultural tourism in palembang??",ask_category
Eh thank you very much ya,goodbye
Any historical sites in Palembang?,ask_category
Min informatif banget nih,provide_feedback
aku butuh tempat healing yang tenang sih,ask_recommendation
Is Kemaro Island open on weekends?,ask_operating_hours
Tourist recommendations for Palembang?,ask_recommendation
Permisi fasilitas Museum Sultan Mahmud Badaruddin II lengkap gak? ya,ask_facilities
Permisi best destinations in palembang? ya,ask_recommendation
Hotels in Jakarta?,ask_unrelated
"Permisi that's enough, thank you nih",goodbye
ada wisata budaya di palembang? ya,ask_category
Kak ada masjid gak di Palembang deh,ask_category
Permisi Apakah Taman Kambang Iwak Besak gratis ya,ask_ticket_price
Mau nanya dong Apa keunikan Taman Kebon Rojo nih,ask_destination_info
Eh Alamat lengkap BKB?,ask_location_access
can someone help me? dong,greet
How far is it?,ask_location_access
Permisi got it deh,provide_feedback
Halo saya mau bertanya,greet
Kasih rekomendasi wisata dong,ask_recommendation
Permisi Wisata yang belum banyak orang tau di Palembang sih,ask_hidden_gems
Permisi Location of Benteng Kuto Besak?,ask_location_access
Maaf mau tanya Which tourist spots are near LRT stations? dong,ask_lrt_destinations
Kak Dadah dong,goodbye
I'm bored,ask_unrelated
Maaf mau tanya good evening nih,greet
Weekday SMB II buka jam berapa?,ask_operating_hours
Maaf mau tanya Akar kuadrat dari 144,ask_unrelated
Bang Apakah Masjid Agung Palembang dekat stasiun LRT nih,ask_lrt_destinations
Please What are the opening hours of Amanzi Waterpark Forest??,ask_operating_hours
Mau nanya dong Best destinations in Palembang dong,ask_recommendation
Bang palembang lrt tourism destinations? dong,ask_lrt_destinations
Info fasilitas Kambang Iwak dong?,ask_facilities
where is OPI Mall forest??,ask_location_access
PIM ada di daerah mana?,ask_location_access
HTM Taman Kambang Iwak Besak berapa?,ask_ticket_price
Eh Bagaimana cara memasak telur,ask_unrelated
Min Fasilitas umum di Monpera apa aja?,ask_facilities
Bang Goodbye,goodbye
how much for Kampung Kapitan tickets?,ask_ticket_price
Kak Museum Balaputra Dewa ada tempat istirahat?,ask_facilities
Buka hari apa aja?,ask_operating_hours
Kak berapa duit masuk Kampung Kapitan?,ask_ticket_price
Halo mau tau sejarah Bukit Siguntang dong,ask_destination_info
Kak Palembang punya wisata sejarah apa? ya,ask_category
Kak Kapan Hutan Wisata Punti Kayu buka?,ask_operating_hours
Kak infonya oke banget nih,provide_feedback
Update harga tiket Bukit Siguntang dong,ask_ticket_price
Mau nanya dong Dadah?,goodbye
Permisi Jelaskan tentang Jakabaring Sport City dong,ask_destination_info
Eh resep pempek palembang,ask_unrelated
Eh PTC itu apa?,ask_destination_info
Halo Jakabaring berbayar atau gratis?,ask_ticket_price
Berapa biaya masuk ke Siguntang?,ask_ticket_price
"Hi, Where can I find religious tourism in Palembang thanks",ask_category
Maaf mau tanya Tempat wisata yang gak rame deh,ask_hidden_gems
Halo Kambang Iwak lokasinya dimana?,ask_location_access
Smart bot,provide_feedback
Monpera itu tempat apa sih?,ask_destination_info
Kak 1+1 berapa ya,ask_unrelated
"Hello, list of nature tourism in palembang??",ask_category
Bayar berapa?,ask_ticket_price
Permisi Kira-kira harga tiket PIM berapa dong,ask_ticket_price
berapa duit masuk Jakabaring?,ask_ticket_price
Maaf mau tanya Bagus gak tempatnya? dong,ask_destination_info
Tempat makan di sekitar Museum Balaputra Dewa ada,ask_facilities
Maaf mau tanya Arah ke BKB gimana?,ask_location_access
Min lagi pengen liat pemandangan kota dari atas?,ask_recommendation
Maaf mau tanya Howdy? dong,greet
Maaf mau tanya Famous places in Palembang? dong,ask_recommendation
Min tempat yang underrated di palembang?,ask_hidden_gems
Min Destinasi wisata kuliner Palembang,ask_category
oke noted makasih,goodbye
Min saran wisata dong,ask_recommendation
oke bagus ya,provide_feedback
"Hi, Can I reach tourist places by LRT?",ask_lrt_destinations
Kak Thanks for your help nih,goodbye
Can you tell me What days is PTC open please,ask_operating_hours
akses ke Kemaro mudah gak?,ask_location_access
lagi pengen liat pemandangan kota dari atas deh,ask_recommendation
directions to Kambang Iwak?,ask_location_access
Apa Hutan Wisata Punti Kayu bayar?,ask_ticket_price
Permisi Boleh tanya?,greet
Eh Tempat keren tapi belum terkenal di Palembang?,ask_hidden_gems
Bang Wisata accessible by LRT ya,ask_lrt_destinations
Bang makasih banyak sih,goodbye
Mau nanya dong Sip lanjut kak? dong,provide_feedback
Mau nanya dong ada hidden gems gak?,ask_hidden_gems
Ping,greet
Halo Understood ya,provide_feedback
Maaf mau tanya Selamat sore dong,greet
Mau nanya dong Python atau Java lebih bagus ya,ask_unrelated
Mau nanya dong Thanks for your help?,goodbye
Maaf mau tanya I need assistance deh,greet
Maaf mau tanya Keren banget infonya nih,provide_feedback
Permisi Mau cari wisata sejarah di Palembang,ask_category
Eh That makes sense,provide_feedback
Wisata yang belum viral di Palembang ya,ask_hidden_gems
Sejarah Fantasy Island apa ya?,ask_destination_info
Hari ini Museum Sultan Mahmud Badaruddin II buka gak ya,ask_operating_hours
Permisi OK thank you dong,goodbye
Maaf mau tanya Kamu siapa? ya,ask_unrelated
Halo Wisata off the beaten path Palembang,ask_hidden_gems
Kak Enaknya kemana ya di Palembang? dong,ask_recommendation
Mau jalan-jalan pakai LRT bisa kemana?,ask_lrt_destinations
How much is the admission to Punti Kayu Forest?,ask_ticket_price
"Hi, when is the world cup?",ask_unrelated
Harga masuk Al Quran Al Akbar berapa ya,ask_ticket_price
ada apa aja sih di Museum Sultan Mahmud Badaruddin II sih,ask_destination_info
Maaf mau tanya suka sama jawabannya ya,provide_feedback
Halo recommend cultural tourism in palembang sih,ask_category
Masjid bersejarah di Palembang?,ask_category
Bang Jam tutup Ampera kapan,ask_operating_hours
Dari mana ke Punti Kayu ya,ask_location_access
Bang Ada wifi di Ampera sih,ask_facilities
Maaf mau tanya asal usul Al-Munawar ini gimana ceritanya? dong,ask_destination_info
Min Bye bye kak?,goodbye
Halo Siguntang ramah anak gak? ya,ask_facilities
Mau nanya dong bye kak makasih ya,goodbye
Halo wisata edukasi di palembang?,ask_category
Ada wisata apa aja di Palembang?,ask_recommendation
Halo Mau minta saran wisata Palembang,ask_recommendation
Eh palembang lrt tourism destinations? ya,ask_lrt_destinations
Halo Mau tau sejarah PIM ya,ask_destination_info
"Hello, does Palembang Square forest have a mosque?",ask_facilities
Mau nanya dong Ticket price for KI ya,ask_ticket_price
Mau nanya dong Oke bagus? dong,provide_feedback
Min LRT Palembang stop di wisata mana nih,ask_lrt_destinations
Permisi howdy deh,greet
Weekend Kemaro buka?,ask_operating_hours
Keren,provide_feedback
Eh Info taman Palembang dong? ya,ask_category
Eh i need assistance ya,greet
Min alamat Jakabaring Sport City apa ya?,ask_location_access
Eh nature tourism places in Palembang,ask_category
Halo Tempat wisata sejarah di Palembang nih,ask_category
Permisi ada wisata religi gak di Palembang deh,ask_category
Permisi hidden gems in palembang? dong,ask_hidden_gems
Bang ping sih,greet
Kak Very helpful nih,provide_feedback
Min wisata yang belum banyak orang tau di palembang?,ask_hidden_gems
Please What should I visit in Palembang??,ask_recommendation
I want to know are there toilets at SMB island??,ask_facilities
Alamatnya dimana?,ask_location_access
Apa itu Palembang Square?,ask_destination_info
Min Tempat wisata alternatif Palembang?,ask_hidden_gems
What historical sites are in Palembang?,ask_category
Can you tell me Thanks for the info??,goodbye
Can you tell me suggest places for sightseeing in palembang please,ask_recommendation
Bang why is sultan mahmud badaruddin ii museum famous? ya,ask_destination_info
Kak best movies of 2024? dong,ask_unrelated
Akar kuadrat dari 144?,ask_unrelated
"Bang thanks, see you next time nih",goodbye
Ada museum di Palembang?,ask_category
Min tempat yang bagus buat foto-foto keluarga di mana ya? dong,ask_recommendation
Eh Jam buka Taman Kebon Rojo kapan deh,ask_operating_hours
"Bang Hi, I'd like to ask something nih",greet
Eh Saranin wisata di Palembang dong,ask_recommendation
Mau nanya dong Any hidden gems to visit,ask_hidden_gems
Kapan sih OPI Mall buka?,ask_operating_hours
What are the operating hours of Sultan Mahmud Badaruddin II Museum please,ask_operating_hours
Permisi Selamat tinggal nih,goodbye
Min palembang punya wisata religi apa? dong,ask_category
Masjid bersejarah di Palembang ya,ask_category
Maaf mau tanya Selamat tinggal? ya,goodbye
Kemaro itu tempat apa sih?,ask_destination_info
What's the entry fee for Kampung Kapitan?,ask_ticket_price
Please Where can I find culinary tourism in Palembang,ask_category
Jakabaring Sport City ada di daerah mana?,ask_location_access
Biaya tiket Jakabaring Sport City berapa kak?,ask_ticket_price
Kak SMB II ada area bermain anak?,ask_facilities
Bang Makasih infonya kak? ya,provide_feedback
Min Malam min?,greet
Bang bingung mau bawa keluarga jalan-jalan kemana?,ask_recommendation
Halo Kambang Iwak ada tempat istirahat?,ask_facilities
info fasilitas PTC dong,ask_facilities
Siapa gubernur Palembang?,ask_unrelated
Permisi Greetings sih,greet
Bagaimana cara ke Kambang Iwak?,ask_location_access
Mau nanya dong Tempat wisata yang wajib dikunjungi di Palembang?,ask_recommendation
Describe Al-Munawar Arab Village,ask_destination_info
Bagaimana cara ke SMB?,ask_location_access
Cerita sejarah Bukit Siguntang dong,ask_destination_info
Eh Tempat keren tapi belum terkenal di Palembang sih,ask_hidden_gems
Jelaskan tentang Amanzi,ask_destination_info
Universitas terbaik Indonesia sih,ask_unrelated
Udah itu aja kak makasih,goodbye
Eh info wisata budaya palembang dong,ask_category
"Excuse me, What's the location of Museum Sultan Mahmud Badaruddin II Forest please",ask_location_access
Tempat wisata unik di Palembang?,ask_hidden_gems
Bang understood ya,provide_feedback
How to go to Punti Kayu Forest?,ask_location_access
Rekomendasi masjid Palembang,ask_category
Permisi Which tourist spots are near LRT stations,ask_lrt_destinations
Min Fasilitas Museum Balaputra Dewa lengkap gak dong,ask_facilities
"Permisi anakku suka main air, enaknya bawa kemana ya",ask_recommendation
Cerita sejarah Monpera dong,ask_destination_info
Halo Underrated tourist spots in Palembang,ask_hidden_gems
Halo Dari pusat kota ke KI berapa lama,ask_location_access
Halo Bagaimana cara diet sih,ask_unrelated
Maaf mau tanya Kak ada wisata budaya gak di Palembang ya,ask_category
Permisi Mantap makasih? dong,goodbye
Kak wisata sepi tapi bagus di palembang? dong,ask_hidden_gems
Mau nanya dong Kira-kira harga tiket Ampera berapa?,ask_ticket_price
"Hello, is OPI Mall near an lrt station??",ask_lrt_destinations
Kampung Kapitan bisa ditempuh pakai apa?,ask_location_access
Mau nanya dong kok jawabannya lambat dong,ask_unrelated
Eh Wisata edukasi di Palembang nih,ask_category
Halo Oi?,greet
Permisi Hidden gems di Palembang apa?,ask_hidden_gems
Where should I go in Palembang?,ask_recommendation
Min Siapa penemu lampu deh,ask_unrelated
Kak Ada wisata alam di Palembang deh,ask_category
Mau tanya fasilitas di Kambang Iwak,ask_facilities
Palembang Trade Center lokasinya dimana?,ask_location_access
Kak boleh tanya,greet
Facilities?,ask_facilities
Mau nanya dong Masuk Palembang Icon gratis atau bayar?,ask_ticket_price
Deskripsi PTC,ask_destination_info
Kak Hi bot dong,greet
Curhatan aku dong?,ask_unrelated
Mau tanya dong harga tiket Benteng Kuto Besak,ask_ticket_price
Palembang punya taman apa?,ask_category
Permisi Tempat wisata yang dilalui LRT? dong,ask_lrt_destinations
Kak Thanks a lot? dong,goodbye
Halo tiket Museum Balaputra Dewa berapa? ya,ask_ticket_price
alamat lengkap PIM? dong,ask_location_access
Eh Hari ini Masjid Cheng Ho buka gak ya? ya,ask_operating_hours
Min apa keunikan Palembang Icon? dong,ask_destination_info
Mau nanya dong Fasilitas apa saja di Kawah Tengkurep?,ask_facilities
What facilities are available at Kemaro Island?,ask_facilities
Harga tiket masuk PTC sekarang berapa?,ask_ticket_price
Kak Dadah kak,goodbye
Maaf mau tanya Cukup dulu ya? dong,goodbye
Tempat wisata alam di Palembang?,ask_category
Halo suggest tourist spots in palembang sih,ask_recommendation
sangat membantu dong,provide_feedback
Help me please,greet
Mau nanya dong OPI Mall deket stasiun lrt mana?,ask_location_access
Halo Places that tourists don't usually go? ya,ask_hidden_gems
SMB II bisa ditempuh pakai apa?,ask_location_access
Eh Halo selamat pagi ya,greet
Kak Kemaro ada spot foto gak ya,ask_facilities
Eh Malam?,greet
Masuk Kampung Kapitan gratis atau bayar?,ask_ticket_price
"Hello, What to see in Palembang",ask_recommendation
Min Wisata baru yang belum terkenal dong,ask_hidden_gems
Bisa rekomendasikan tempat wisata,ask_recommendation
Bang Masjid Cheng Ho buka sampai malam gak? dong,ask_operating_hours
Kak What's the weather today sih,ask_unrelated
Mau nanya dong apakah Museum Sultan Mahmud Badaruddin II dekat stasiun lrt?,ask_lrt_destinations
I want to know thank you for the information,goodbye
Can I take LRT to Ampera Bridge?,ask_lrt_destinations
Permisi Wisata off the beaten path Palembang? dong,ask_hidden_gems
Halo well explained dong,provide_feedback
Permisi Kapan bukanya dong,ask_operating_hours
Mau jalan-jalan pakai LRT bisa kemana deh,ask_lrt_destinations
Mau nanya dong berapa ya tiket Museum Sultan Mahmud Badaruddin II?,ask_ticket_price
Kak Great info nih,provide_feedback
Bang Tiket masuk ke Kampung Kapitan sekarang berapa ya,ask_ticket_price
Hey Where can I go by LRT for sightseeing??,ask_lrt_destinations
Biaya tiket Hutan Wisata Punti Kayu berapa kak?,ask_ticket_price
Does Monpera open every day?,ask_operating_hours
Oke bagus,provide_feedback
Bayar berapa kalo masuk Museum Sultan Mahmud Badaruddin II?,ask_ticket_price
Permisi Rute ke Jakabaring gimana?,ask_location_access
Fasilitas apa saja di Kawah Tengkurep?,ask_facilities
Test bot,greet
Are there tourist attractions near LRT stations?,ask_lrt_destinations
apakah Jakabaring dekat stasiun lrt?,ask_lrt_destinations
Eh Kak ada taman gak di Palembang sih,ask_category
Halo Dari mana ke Ampera?,ask_location_access
Min noted kak,provide_feedback
Eh Kak ada taman gak di Palembang?,ask_category
Bagaimana cara ke Museum Balaputra Dewa?,ask_location_access
Mau nanya dong rekomendasiin dong wisata di Palembang deh,ask_recommendation
Malam kak,greet
Kak dimana ya BKB?,ask_location_access
Can you tell me list of nature tourism in palembang?,ask_category
Ceritakan tentang Ampera,ask_destination_info
I want to know How to make money online please,ask_unrelated
Wisata yang belum banyak orang tau di Palembang?,ask_hidden_gems
Kira-kira harga tiket Jakabaring Sport City berapa?,ask_ticket_price
Halloo,greet
Bang mau ke tempat yang unik dan sepi sih,ask_hidden_gems
OPI Mall buka setiap hari?,ask_operating_hours
Bang Yang termasuk wisata alam apa aja ya,ask_category
Kak ada parkiran?,ask_facilities
Kak Dadah kak? dong,goodbye
Mau nanya dong Does Masjid Cheng Ho open every day nih,ask_operating_hours
Halo seru gak Taman Kebon Rojo?,ask_destination_info
Min Apakah Al Quran Al Akbar buka 24 jam ya,ask_operating_hours
Can you tell me Best things to do in Palembang??,ask_recommendation
Min apakah Kambang Iwak buka 24 jam?,ask_operating_hours
Seru gak Kemaro?,ask_destination_info
Tiketnya berapa?,ask_ticket_price
Permisi Ada hidden gems gak di Palembang nih,ask_hidden_gems
Halo Palembang Trade Center ada spot foto gak?,ask_facilities
Eh wonderful dong,provide_feedback
Kasih info Kambang Iwak ya,ask_destination_info
Mau nanya dong LRT berhenti dekat wisata mana deh,ask_lrt_destinations
Siguntang ada spot foto gak?,ask_facilities
"Hello, what days is Museum Sultan Mahmud Badaruddin II island open??",ask_operating_hours
Eh Tempat wisata budaya di Palembang deh,ask_category
Halo Wisata yang gak pasaran di Palembang nih,ask_hidden_gems
Kasih tau dong tentang PIM,ask_destination_info
Places that tourists don't usually go?,ask_hidden_gems
Min Suka deh,provide_feedback
Mau nanya dong hari ini PIM buka gak ya? dong,ask_operating_hours
Kak Wisata sungai Palembang?,ask_category
Maaf mau tanya Quiet but beautiful places in Palembang? ya,ask_hidden_gems
What facilities are available at Kambang Iwak Park?,ask_facilities
Eh tiket masuk Al Quran Al Akbar berapa?,ask_ticket_price
Min Historical places in Palembang?,ask_category
How to cook fried rice?,ask_unrelated
Python atau Java lebih bagus?,ask_unrelated
Best universities in Indonesia?,ask_unrelated
Kak historical places in palembang? ya,ask_category
Kak dulu tempat ini bekas apa deh,ask_destination_info
Mau nanya dong Facilities at OPI Mall deh,ask_facilities
Please Is there an entry fee for Palembang Square Arab Village?,ask_ticket_price
Hallloo,greet
Bang Resep nasi goreng dong,ask_unrelated
"Hi, The answer is very detailed thanks",provide_feedback
Mau tanya dong harga tiket Kambang Iwak,ask_ticket_price
Mau nanya dong destinasi museum palembang?,ask_category
SMB II fasilitasnya apa aja?,ask_facilities
Wisata yang gak pasaran di Palembang nih,ask_hidden_gems
Permisi Wisata tersembunyi di Palembang? ya,ask_hidden_gems
Kak Suka sama aplikasinya ya,provide_feedback
Min Yang termasuk masjid apa aja,ask_category
Lesser known attractions in Palembang? ya,ask_hidden_gems
kok jawabannya lambat,ask_unrelated
Tiket masuk ke Masjid Cheng Ho sekarang berapa ya?,ask_ticket_price
Jam tutup Amanzi kapan?,ask_operating_hours
Tempat wisata yang jarang dikunjungi di Palembang,ask_hidden_gems
Min Tempat museum di Palembang deh,ask_category
Hutan Wisata Punti Kayu buka sampai malam gak?,ask_operating_hours
Min Local favorites in Palembang deh,ask_hidden_gems
The answer is very detailed,provide_feedback
Permisi Taman Kebon Rojo ada toilet gak?,ask_facilities
Maaf mau tanya Dari jam berapa Al Quran Al Akbar buka?,ask_operating_hours
Min Non-touristy places in Palembang deh,ask_hidden_gems
How much is the admission to Sultan Mahmud Badaruddin II Museum?,ask_ticket_price
Kak ada wisata kuliner gak di Palembang nih,ask_category
Kak rute ke Masjid Cheng Ho gimana?,ask_location_access
Bang Apakah Kampung Arab Al-Munawar dekat LRT dong,ask_lrt_destinations
Min Bagaimana cara memasak telur deh,ask_unrelated
Is Al-Munawar Arab Village worth visiting?,ask_destination_info
Kak Naik LRT bisa ke wisata mana aja,ask_lrt_destinations
Halo Jawaban yang sangat membantu,provide_feedback
kenapa orang-orang suka ke Hutan Wisata Punti Kayu?,ask_destination_info
Permisi Excellent information,provide_feedback
What facilities are there?,ask_facilities
Keren sih ini botnya,provide_feedback
Eh Ada tempat wisata baru di Palembang nih,ask_hidden_gems
Maaf mau tanya Makasih atas bantuannya,goodbye
Tiket masuk Fantasy Island berapa?,ask_ticket_price
Permisi LRT accessible tourist spots in Palembang,ask_lrt_destinations
Eh Fasilitas umum di Punti Kayu apa aja? dong,ask_facilities
Non-touristy places in Palembang?,ask_hidden_gems
Permisi excellent information sih,provide_feedback
Min Rute LRT melewati wisata apa sih,ask_lrt_destinations
Mau nanya dong What's available at Bukit Siguntang Forest? dong,ask_facilities
Nyanyiin lagu dong,ask_unrelated
Kak,greet
Kak ada museum gak di Palembang?,ask_category
Mau nanya dong Rekomendasi hidden gems dong? dong,ask_hidden_gems
Does Punti Kayu Forest have food stalls?,ask_facilities
Halo Tes?,greet
Min Wisata sepi tapi bagus di Palembang? dong,ask_hidden_gems
Permisi Bye bye makasih deh,goodbye
Permisi is Palembang Square arab village worth visiting?,ask_destination_info
Bang Does PTC open every day?,ask_operating_hours
Mau tau tentang Ampera,ask_destination_info
Thanks infonya,goodbye
Maaf mau tanya Naik apa ke Monpera?,ask_location_access
Mau nanya dong kemana aja bisa naik lrt untuk wisata? ya,ask_lrt_destinations
Is Monpera open on Sunday?,ask_operating_hours
Halo Lokasi Monpera dimana kak,ask_location_access
Eh permisi saya ingin bertanya dong,greet
Berapa duit masuk Masjid Agung Palembang?,ask_ticket_price
Mau nanya dong wisata murah yang bisa naik lrt? dong,ask_lrt_destinations
Mau nanya dong wisata apa aja yang dekat jalur lrt?,ask_lrt_destinations
Where is Ampera Bridge?,ask_location_access
Mau nanya dong Tiket Monpera berapa sih? ya,ask_ticket_price
Bang Oke terima kasih,goodbye
Maaf mau tanya Wisata yang belum banyak orang tau di Palembang dong,ask_hidden_gems
Bang tiket Museum Sultan Mahmud Badaruddin II berapa?,ask_ticket_price
"Hi, list of museums in palembang?",ask_category
Selaamt pagi,greet
Eh OK bye nih,goodbye
Kak Sip terima kasih kak? dong,goodbye
Permisi Thanks a lot sih,goodbye
Maaf mau tanya Underrated tourist spots in Palembang sih,ask_hidden_gems
Kak wisata yang bisa naik lrt apa aja? dong,ask_lrt_destinations
Masuk Hutan Wisata Punti Kayu gratis atau bayar?,ask_ticket_price
See you,goodbye
Permisi Hari ini SMB buka gak ya,ask_operating_hours
Halo Thanks so much sih,goodbye
jawabannya cepat,provide_feedback
Eh Wisata Palembang yang aesthetic tapi sepi,ask_hidden_gems
Maaf mau tanya Info wisata alam Palembang dong? dong,ask_category
Eh Biaya masuknya berapa deh,ask_ticket_price
Permisi Tempat wisata religi di Palembang sih,ask_category
Eh Wisata sepi tapi bagus di Palembang deh,ask_hidden_gems
Sip terima kasih kak,goodbye
Maaf mau tanya assalamualaikum sih,greet
Kapan Bukit Siguntang buka?,ask_operating_hours
Berapa harga iPhone terbaru deh,ask_unrelated
Thanks for the info,goodbye
very informative ya,provide_feedback
Mau nanya dong Wisata baru yang belum terkenal nih,ask_hidden_gems
Halo Tempat yang underrated di Palembang? dong,ask_hidden_gems
Kak OPI Mall buka jam berapa ya?,ask_operating_hours
Palembang Icon mulai buka jam berapa? dong,ask_operating_hours
Permisi cara daftar kuliah? dong,ask_unrelated
review tentang Jakabaring ya,ask_destination_info
Eh Kampung Arab Al-Munawar buka jam berapa deh,ask_operating_hours
Kak Wisata yang gampang dijangkau LRT,ask_lrt_destinations
Permisi palembang punya wisata apa aja? ya,ask_recommendation
Mau nanya dong Siap kak,provide_feedback
What's the time?,ask_unrelated
Masuk Kambang Iwak gratis atau bayar?,ask_ticket_price
Mau nanya dong ada mushola? ya,ask_facilities
Bang Ada wifi di Al-Munawar?,ask_facilities
Bang Enaknya kemana ya di Palembang nih,ask_recommendation
How do I get to Kambang Iwak Park?,ask_location_access
Bang kasih tau hidden gems Palembang sih,ask_hidden_gems
HTM nya berapa?,ask_ticket_price
Kalo hari Sabtu Amanzi Waterpark buka?,ask_operating_hours
Halo wisata romantis di palembang? ya,ask_recommendation
Halo Biaya tiket KI berapa kak?,ask_ticket_price
Min ada apa aja sih di Taman Kambang Iwak Besak? dong,ask_destination_info
Mau nanya dong Tempat taman di Palembang deh,ask_category
What's the ticket price for Jakabaring Sport City?,ask_ticket_price
Cara daftar CPNS gimana?,ask_unrelated
How to go to Kampung Kapitan?,ask_location_access
Min bye bye nih,goodbye
Ceritain Kemaro dong,ask_destination_info
Maaf mau tanya ada wisata dekat lrt gak? ya,ask_lrt_destinations
Permisi LRT Palembang lewat wisata mana deh,ask_lrt_destinations
Bang wisata wisata religi di palembang apa aja?,ask_category
List of parks in Palembang?,ask_category
Please which places can i visit using lrt??,ask_lrt_destinations
Palembang Square hari libur buka gak?,ask_operating_hours
Eh Bang tiket Palembang Square berapa ya,ask_ticket_price
Where is Jakabaring Arab Village?,ask_location_access
Info lengkap Pasar 16 Ilir dong,ask_destination_info
Bang LRT Palembang stop di wisata mana dong,ask_lrt_destinations
Bang Rating 5 untuk botnya ya,provide_feedback
I want to know Where is Palembang Icon located?,ask_location_access
Mau nanya dong Mau cari wisata yang seru di Palembang ya,ask_recommendation
"Min that's all, thanks nih",goodbye
"Bang Great, thanks sih",goodbye
Permisi saya pengunjung baru,greet
Mau nanya dong ada ide tempat buat nongkrong sore,ask_recommendation
Permisi berapa biaya masuk ke Kemaro?,ask_ticket_price
Mau ke Palembang Square bayar berapa?,ask_ticket_price
Eh Oke kak sampai jumpa,goodbye
Kak Tourist spots along LRT route deh,ask_lrt_destinations
Halo hidden gem palembang yang recommended?,ask_hidden_gems
Min harga masuk Bukit Siguntang berapa?,ask_ticket_price
Cek,greet
Wisata yang paling dekat LRT?,ask_lrt_destinations
Eh Makasih kak,goodbye
Tell me about Jakabaring Sport City,ask_destination_info
wisata yang aksesnya lewat lrt apa aja? ya,ask_lrt_destinations
Yang termasuk wisata kuliner apa aja ya,ask_category
Min mau tanya nih,greet
Hi chatbot,greet
bagus infonya,provide_feedback
Min alamat Hutan Wisata Punti Kayu apa ya?,ask_location_access
Halo Cara masak rendang gimana ya,ask_unrelated
Dari mana ke Monpera?,ask_location_access
Halo jawabannya lengkap,provide_feedback
Permisi dadah,goodbye
Bang Take care? dong,goodbye
Gimana Ampera?,ask_destination_info
KI lokasinya dimana?,ask_location_access
Bang Oke sip mantap,provide_feedback
Permisi test ya,greet
Kak Amanzi ramah anak gak?,ask_facilities
Excellent information nih,provide_feedback
Maaf mau tanya good info nih,provide_feedback
Bang Hey? dong,greet
Halo Apakah Al Quran Al Akbar buka 24 jam? dong,ask_operating_hours
Min alamat Benteng Kuto Besak apa ya?,ask_location_access
Eh Anime yang bagus apa sih,ask_unrelated
Min tempat wisata ikonik palembang?,ask_recommendation
"Eh Mau explore Palembang pakai LRT, kemana aja bisa? dong",ask_lrt_destinations
Permisi Jawabannya memuaskan sih,provide_feedback
Permisi makasih atas bantuannya dong,goodbye
"Hello, Is there WiFi at Punti Kayu Park?",ask_facilities
di Monpera itu kita bisa ngapain aja?,ask_destination_info
Great info,provide_feedback
Ada mushola di Kampung Kapitan?,ask_facilities
Mau nanya dong bingung mau bawa keluarga jalan-jalan kemana deh,ask_recommendation
Halo Fantasy Island buka jam berapa ya?,ask_operating_hours
Update harga tiket OPI Mall dong,ask_ticket_price
Eh Rumus pythagoras nih,ask_unrelated
"Eh mau naik lrt, wisata apa yang dekat? dong",ask_lrt_destinations
Mau nanya dong Mau tau tentang Masjid Agung Palembang ya,ask_destination_info
Min Tempat yang belum terkenal di Palembang deh,ask_hidden_gems
Permisi mau jalan-jalan di palembang kemana ya? ya,ask_recommendation
Aku lagi sedih nih?,ask_unrelated
Information about Kemaro Island,ask_destination_info
Min kasih tau hidden gems Palembang,ask_hidden_gems
Maaf mau tanya tourist spots along lrt route? dong,ask_lrt_destinations
Bang amazing response sih,provide_feedback
Kampung Kapitan ada tempat istirahat?,ask_facilities
Resep pempek palembang,ask_unrelated
Mau nanya dong Informasinya membantu sih,provide_feedback
"Hello, how do i get to Benteng Kuto Besak?",ask_location_access
Eh kasih info Bukit Siguntang ya,ask_destination_info
Information about Punti Kayu Forest,ask_destination_info
Mau nanya dong Wisata apa yang recommended di Palembang? ya,ask_recommendation
Kak Resep pempek palembang?,ask_unrelated
Kak Does Masjid Cheng Ho Arab Village open every day deh,ask_operating_hours
Halo What's available at Museum Balaputra Dewa Island? ya,ask_facilities
Permisi wisata edukasi di palembang?,ask_category
Permisi ada wifi di SMB II?,ask_facilities
PIM jauh gak dari pusat kota?,ask_location_access
SMB II jauh gak dari pusat kota?,ask_location_access
"Excuse me, What to see in Palembang??",ask_recommendation
Maaf mau tanya Best universities in Indonesia ya,ask_unrelated
Maaf mau tanya aku butuh tempat healing yang tenang sih,ask_recommendation
Taman Kambang Iwak Besak ada di daerah mana?,ask_location_access
Palembang Icon deket stasiun LRT mana?,ask_location_access
apa yang bikin Al-Munawar ini spesial?,ask_destination_info
Maaf mau tanya Oke noted terima kasih banyak kak? dong,goodbye
Min does Ampera arab village have parking?,ask_facilities
SMB II buka sampai malam gak?,ask_operating_hours
Tes tes dong,greet
Permisi Saranin wisata di Palembang dong? dong,ask_recommendation
"Hi, Where to go in Palembang please",ask_recommendation
Min Wisata terbaik di Palembang apa nih,ask_recommendation
Min saranin wisata di palembang dong,ask_recommendation
Cerita sejarah Hutan Wisata Punti Kayu dong,ask_destination_info
Min Bukit Siguntang fasilitasnya apa aja ya,ask_facilities
Halo info wisata dekat LRT dong,ask_lrt_destinations
Penjelasannya bagus kak?,provide_feedback
Halo alamat Amanzi Waterpark apa ya,ask_location_access
"Hi, Does Hutan Wisata Punti Kayu have a mosque?",ask_facilities
Biaya tiket Al Quran Al Akbar berapa kak?,ask_ticket_price
Min kasih tau alamat Pasar 16 Ilir ya,ask_location_access
Eh lokasi Masjid Agung Palembang dimana kak?,ask_location_access
Kapan sih Kemaro buka?,ask_operating_hours
culinary tourism places in Palembang?,ask_category
Halo mau tanya harga tiket Jakabaring Sport City?,ask_ticket_price
Alamat Fantasy Island dimana?,ask_location_access
Pagi-pagi Pasar 16 Ilir sudah buka belum?,ask_operating_hours
kamu manusia apa robot?,ask_unrelated
Kak Wisata apa yang cocok untuk foto-foto dong,ask_recommendation
Mau nanya dong infonya oke banget,provide_feedback
Please how much does it cost to enter Ampera bridge??,ask_ticket_price
Jakabaring Sport City buka sampai malam gak?,ask_operating_hours
Bang Oke segitu aja dulu ya? dong,goodbye
Halo are there tourist attractions near lrt stations? dong,ask_lrt_destinations
Berguna banget,provide_feedback
Maaf mau tanya Ada hidden gems gak di Palembang deh,ask_hidden_gems
Maaf mau tanya Ada museum di Palembang? dong,ask_category
Kak Okay thanks nih,goodbye
Suggest tourist spots in Palembang,ask_recommendation
Halo fasilitas Kemaro apa aja ya?,ask_facilities
Eh Directions to Benteng Kuto Besak deh,ask_location_access
Eh Translate bahasa Inggris dong?,ask_unrelated
Min Wisata yang belum viral di Palembang ya,ask_hidden_gems
What days is Jakabaring Sport City open?,ask_operating_hours
Halo bot ya,greet
Recommended banget aplikasinya,provide_feedback
Mau nanya dong tiket pesawat ke bali berapa?,ask_unrelated
Bang Opening hours for Kambang Iwak?,ask_operating_hours
Permisi Jam tutup Kampung Kapitan kapan?,ask_operating_hours
Permisi Recommend tourist places in Palembang dong,ask_recommendation
Yang termasuk wisata alam apa aja?,ask_category
Permisi information about Kambang Iwak bridge nih,ask_destination_info
Bang Wisata apa yang bisa dijangkau LRT sih,ask_lrt_destinations
Where can I go by LRT for sightseeing,ask_lrt_destinations
Bang destinasi wisata sejarah palembang? ya,ask_category
apa yang bikin BKB ini spesial?,ask_destination_info
Bang what's the weather today? ya,ask_unrelated
Eh Info lokasi BKB dong?,ask_location_access
Mau nanya dong rekomendasi wisata Palembang apa deh,ask_recommendation
Maaf mau tanya parkiran Amanzi Waterpark luas gak?,ask_facilities
Mau nanya dong kira-kira harga tiket Amanzi Waterpark berapa? dong,ask_ticket_price
"Excuse me, what should i visit in palembang?",ask_recommendation
Mau nanya dong Jelas banget penjelasannya sih,provide_feedback
Halo Wisata yang gak pasaran di Palembang sih,ask_hidden_gems
Mau nanya dong cek deh,greet
"Eh hey, anyone there? ya",greet
Halo Hay mau nanya,greet
Jam tutup PIM kapan?,ask_operating_hours
Kak boleh tanya deh,greet
Berapa biaya masuk ke Jakabaring?,ask_ticket_price
Permisi Saran tempat wisata di Palembang sih,ask_recommendation
Min Wisata sore hari di Palembang deh,ask_recommendation
What's Kambang Iwak Park like?,ask_destination_info
Maaf mau tanya Hai saya wisatawan dong,greet
Permisi good morning deh,greet
Please How to cook fried rice please,ask_unrelated
Kak ada apa aja sih di Benteng Kuto Besak ya,ask_destination_info
Mau nanya dong Keren sih ini botnya ya,provide_feedback
Kak Bukit Siguntang ada kantin gak?,ask_facilities
Mau nanya dong mau cari wisata kuliner di palembang dong,ask_category
Mau nanya dong clear explanation sih,provide_feedback
Maaf mau tanya Tell me more sih,ask_destination_info
Kak Wisata apa aja yang dekat jalur LRT dong,ask_lrt_destinations
Facilities at Monpera?,ask_facilities
"Excuse me, Is Grand Mosque of Palembang far from the city center?",ask_location_access
Eh Sudah cukup terima kasih deh,goodbye
Bisa naik apa ke sana dong,ask_location_access
Maaf mau tanya Apa Jembatan Ampera bisa dijangkau LRT,ask_lrt_destinations
Mau nanya dong Tourist recommendations for Palembang?,ask_recommendation
Mau nanya dong Jadwal sholat hari ini sih,ask_unrelated
Who are you?,ask_unrelated
Eh love this bot,provide_feedback
Mau nanya dong Thanks? ya,goodbye
Mau nanya dong Baik kak terima kasih? ya,goodbye
Permisi Dadah ya,goodbye
Maaf mau tanya Kak rekomendasiin dong wisata di Palembang dong,ask_recommendation
Is there an entry fee for Benteng Kuto Besak?,ask_ticket_price
Harga tiket Kambang Iwak berapa ya?,ask_ticket_price
Halo Yang termasuk wisata alam apa aja sih,ask_category
Mau ke Kemaro bayar berapa?,ask_ticket_price
Bang Non-touristy places in Palembang sih,ask_hidden_gems
Kapan OPI Mall buka?,ask_operating_hours
Min info lengkap Museum Balaputra Dewa dong,ask_destination_info
Eh Info harga tiket Masjid Cheng Ho dong?,ask_ticket_price
What's available at Kemaro Island?,ask_facilities
Berapa duit masuk Taman Kambang Iwak Besak?,ask_ticket_price
Does Punti Kayu Forest have a mosque?,ask_facilities
Bang LRT bisa ke Monpera gak?,ask_lrt_destinations
Mau nanya dong bisa naik lrt ke Jakabaring?,ask_lrt_destinations
Popular tourist spots in Palembang?,ask_recommendation
Bang Who are you dong,ask_unrelated
Min arah ke Al Quran Al Akbar gimana?,ask_location_access
Mau nanya dong SMB buka hari apa aja?,ask_operating_hours
Halo Apakah Punti Kayu dekat stasiun LRT ya,ask_lrt_destinations
Kak hi chatbot deh,greet
Min Does Sultan Mahmud Badaruddin II Museum open every day,ask_operating_hours
Apa yang menarik dari Kambang Iwak?,ask_destination_info
Update harga tiket KI dong,ask_ticket_price
Kak Tips perawatan kulit deh,ask_unrelated
Min Resep kue bolu deh,ask_unrelated
What time does Grand Mosque of Palembang close?,ask_operating_hours
Kamu pintar ya,ask_unrelated
Maaf mau tanya Places that tourists don't usually go? ya,ask_hidden_gems
When does Al-Munawar Arab Village close?,ask_operating_hours
Eh Posisi Al-Munawar dimana ya? dong,ask_location_access
Halo Hotel murah di Jakarta,ask_unrelated
Eh Yang termasuk taman apa aja deh,ask_category
Kapan Pulau Kemaro buka?,ask_operating_hours
Halo Oke mantul,provide_feedback
Min tiket Taman Kambang Iwak Besak berapa deh,ask_ticket_price
Mau nanya dong Infonya detail banget,provide_feedback
Ceritakan tentang Kawah Tengkurep,ask_destination_info
Can you tell me How to cook fried rice please,ask_unrelated
Bang Local favorites in Palembang? ya,ask_hidden_gems
Bang Any cultural tourism in Palembang,ask_category
Please How to get a visa?,ask_unrelated
Maaf mau tanya wisata wisata religi di palembang apa aja? ya,ask_category
Review tentang KI,ask_destination_info
Mau nanya dong Assalamualaikum min,greet
How much is the ticket to Grand Mosque of Palembang?,ask_ticket_price
Biaya tiket Jembatan Ampera berapa kak?,ask_ticket_price
Eh Taxi online di Palembang sih,ask_unrelated
Is Sultan Mahmud Badaruddin II Museum open in the morning?,ask_operating_hours
Eh Min alamat PIM apa ya,ask_location_access
Any religious tourism in Palembang?,ask_category
Museum Balaputra Dewa hari libur buka gak?,ask_operating_hours
"Hello, can i take lrt to Punti Kayu bridge?",ask_lrt_destinations
Kak Underrated tourist spots in Palembang sih,ask_hidden_gems
Monpera itu apa?,ask_destination_info
SMB hari libur buka gak?,ask_operating_hours
Jadwal sholat hari ini?,ask_unrelated
Maaf mau tanya Good answer deh,provide_feedback
Mau nanya dong Jelaskan tentang Jakabaring dong,ask_destination_info
Hey What does it cost to visit Hutan Wisata Punti Kayu Bridge?,ask_ticket_price
What does it cost to visit Palembang Trade Center?,ask_ticket_price
Mau nanya dong enaknya kemana ya di palembang?,ask_recommendation
mau cari wisata yang seru di palembang nih,ask_recommendation
Halo Kambang Iwak ada tempat parkir?,ask_facilities
Min Quiet but beautiful places in Palembang dong,ask_hidden_gems
Kak Museum Sultan Mahmud Badaruddin II bagus gak? ya,ask_destination_info
"Hi, Where should I go in Palembang please",ask_recommendation
Halo bot sih,greet
Bang Wisata instagramable Palembang? dong,ask_recommendation
Jawabannya lengkap,provide_feedback
Who is the president of Indonesia?,ask_unrelated
Maaf mau tanya dari mana ke Jembatan Ampera?,ask_location_access
Bang Bye kak? ya,goodbye
Min Food tourism in Palembang sih,ask_category
Permisi When does Sultan Mahmud Badaruddin II Museum close? ya,ask_operating_hours
Kak malam,greet
Mau nanya dong P nih,greet
Mau nanya dong What time does Hutan Wisata Punti Kayu close sih,ask_operating_hours
Mau nanya dong SMB II dekat stasiun LRT mana sih,ask_lrt_destinations
Permisi dari pusat kota ke Masjid Agung Palembang berapa lama?,ask_location_access
Min Membantu banget? ya,provide_feedback
Bang suka sama jawabannya,provide_feedback
Siapa penemu lampu?,ask_unrelated
Tell me about OPI Mall Forest,ask_destination_info
Stasiun LRT dekat tempat wisata ya,ask_lrt_destinations
Maaf mau tanya best places to visit by lrt?,ask_lrt_destinations
Min LRT Palembang stop di wisata mana ya,ask_lrt_destinations
Kak Is Kemaro Forest child-friendly? ya,ask_facilities
Any parks in Palembang? ya,ask_category
Hai TanyaKito,greet
Bang Apa itu Kawah Tengkurep?,ask_destination_info
Permisi lokasi KI dimana kak?,ask_location_access
Maaf mau tanya What's Jakabaring Sport City like ya,ask_destination_info
Eh BKB ada spot foto gak? dong,ask_facilities
"Hello, best things to do in palembang??",ask_recommendation
Maaf mau tanya Fasilitas pendukung Jakabaring Sport City nih,ask_facilities
Bang Destinasi museum Palembang dong,ask_category
Eh LRT bisa ke Palembang Icon gak?,ask_lrt_destinations
Permisi wisata off the beaten path palembang?,ask_hidden_gems
ada orang?,greet
Dari pusat kota ke Museum Balaputra Dewa berapa lama?,ask_location_access
Permisi Alamat Jembatan Ampera dimana sih,ask_location_access
Halo Makasih ya infonya? ya,goodbye
Eh Secret places in Palembang? ya,ask_hidden_gems
Halo Recipe for chocolate cake nih,ask_unrelated
"Hello, Tell me a joke thanks",ask_unrelated
Min LRT bisa ke Pulau Kemaro gak?,ask_lrt_destinations
Kak dimana ya Bukit Siguntang?,ask_location_access
Jauh gak dari sini?,ask_location_access
Bang Al Quran Al Akbar ada di daerah mana dong,ask_location_access
Kampung Arab Al-Munawar ada toilet gak?,ask_facilities
Bang Destinasi wisata LRT Palembang? dong,ask_lrt_destinations
Oke makasih kak sangat membantu,goodbye
Can you tell me Who is the president of Indonesia,ask_unrelated
Bang Oke deh makasih nih,goodbye
Mau nanya dong Hello there,greet
Eh Bisa rekomendasikan tempat wisata ya,ask_recommendation
Wisata Bali yang bagus?,ask_unrelated
Kak Tempat masjid di Palembang nih,ask_category
"Hi, Suggest places for sightseeing in Palembang please",ask_recommendation
Mau nanya dong Wisata Palembang yang aesthetic tapi sepi nih,ask_hidden_gems
Hey Unique places to visit in Palembang??,ask_hidden_gems
Mau nanya dong Sore kak,greet
Jembatan Ampera ada kantin gak?,ask_facilities
Maaf mau tanya Wisata masjid di Palembang apa aja ya,ask_category
"Hi, what's the capital of france??",ask_unrelated
Maaf mau tanya Destinasi favorit di Palembang deh,ask_recommendation
Halo update harga tiket PTC dong,ask_ticket_price
Permisi Alternative tourist spots in Palembang? dong,ask_hidden_gems
wisata yang bernuansa islami? ya,ask_category
Are there toilets at Sultan Mahmud Badaruddin II Museum?,ask_facilities
Halo Berguna banget?,provide_feedback
Info harga tiket Punti Kayu dong,ask_ticket_price
Mau nanya dong Punti Kayu fasilitasnya apa aja?,ask_facilities
Bang info harga tiket Al Quran Al Akbar dong,ask_ticket_price
Mau nanya dong tiket Palembang Trade Center berapa? ya,ask_ticket_price
OK thank you,goodbye
"Great, thanks",goodbye
Kira-kira harga tiket Al Quran Al Akbar berapa?,ask_ticket_price
Permisi Taman Kebon Rojo fasilitasnya apa aja,ask_facilities
Bagaimana cara diet?,ask_unrelated
Halo berapa harga tiket Al-Munawar? ya,ask_ticket_price
Permisi mau tanya harga tiket Kemaro,ask_ticket_price
Mau nanya dong ada fasilitas apa?,ask_facilities
Dimana lokasi Al Quran Al Akbar?,ask_location_access
Ceritakan tentang Kambang Iwak,ask_destination_info
Halo hidden gem palembang yang recommended? dong,ask_hidden_gems
Min Price to enter PIM ya,ask_ticket_price
What parks are in Palembang?,ask_category
Kak Undiscovered places in Palembang? ya,ask_hidden_gems
Maaf mau tanya Selamat pagi,greet
How much to get into Grand Mosque of Palembang?,ask_ticket_price
Min very informative ya,provide_feedback
Mau nanya dong ada wisata yang jarang orang tau?,ask_hidden_gems
Kak Museum Sultan Mahmud Badaruddin II ramah anak gak,ask_facilities
Min tempat keren tapi belum terkenal di palembang?,ask_hidden_gems
Halo naik apa ke OPI Mall?,ask_location_access
Kak Wisata romantis di Palembang deh,ask_recommendation
Ada fasilitas apa di Bukit Siguntang?,ask_facilities
Maaf mau tanya Wisata accessible by LRT? dong,ask_lrt_destinations
oke mantul nih,provide_feedback
Eh What's Kampung Kapitan Island like?,ask_destination_info
Maaf mau tanya Good afternoon dong,greet
Bang Al Quran Al Akbar ada toilet gak?,ask_facilities
Min mantap kak,provide_feedback
Halo biaya tiket Hutan Wisata Punti Kayu berapa kak?,ask_ticket_price
Are there toilets at Kemaro Island?,ask_facilities
Bang Kampung Kapitan lokasinya dimana?,ask_location_access
Maaf mau tanya jelaskan tentang Hutan Wisata Punti Kayu,ask_destination_info
Mau nanya dong Makasih deh,goodbye
Eh informatif banget deh,provide_feedback
Maaf mau tanya ada wisata alam di palembang? dong,ask_category
Ada mushola di Kambang Iwak?,ask_facilities
Tolong kasih tau alamat Monpera,ask_location_access
Jadwal buka Benteng Kuto Besak kapan ya?,ask_operating_hours
Maaf mau tanya alamat lengkapnya? ya,ask_location_access
Bang Ada wisata kuliner gak di Palembang,ask_category
deskripsi Monpera,ask_destination_info
Take care,goodbye
What's love?,ask_unrelated
"Hello, Where should I go in Palembang please",ask_recommendation
Ada wifi di Kampung Arab Al-Munawar?,ask_facilities
Kak Jadwal buka Fantasy Island kapan ya,ask_operating_hours
what cultural tourism are in palembang??,ask_category
Arah ke Ampera gimana?,ask_location_access
I want to know How to lose weight?,ask_unrelated
Min wisata malam di palembang kemana? dong,ask_recommendation
Permisi Wisata sepi tapi bagus di Palembang ya,ask_hidden_gems
Maaf mau tanya very accurate deh,provide_feedback
Wisata gratis di Palembang ada gak?,ask_recommendation
Destinasi wisata sejarah Palembang deh,ask_category
Wisata wisata alam di Palembang apa aja?,ask_category
Fasilitas pendukung Fantasy Island?,ask_facilities
Cerita sejarah Taman Kebon Rojo dong,ask_destination_info
Maaf mau tanya any museums in palembang?,ask_category
Permisi Rekomendasi hidden gems dong?,ask_hidden_gems
Info lokasi Palembang Square dong,ask_location_access
Mau nanya dong secret places in palembang? dong,ask_hidden_gems
Bang Helloo,greet
Bang Apa yang menarik dari Kambang Iwak?,ask_destination_info
Perfect,provide_feedback
What's Bitcoin?,ask_unrelated
Kak Mau tanya dong harga tiket Amanzi Waterpark ya,ask_ticket_price
Bang Berapa harga iPhone terbaru sih,ask_unrelated
Kak Wisata untuk anak-anak di Palembang?,ask_recommendation
Destinasi yang LRT accessible sih,ask_lrt_destinations
Info lokasi Siguntang dong,ask_location_access
Maaf mau tanya review tentang Punti Kayu sih,ask_destination_info
LRT accessible tourist spots in Palembang?,ask_lrt_destinations
Top tourist attractions in Palembang? ya,ask_recommendation
Kapan sih Monpera buka?,ask_operating_hours
Permisi hi nih,greet
what time does it open??,ask_operating_hours
Eh wisata baru yang belum terkenal? ya,ask_hidden_gems
Permisi mau tanya? ya,greet
Is Al-Munawar Arab Village child-friendly?,ask_facilities
Bang any historical sites in palembang? ya,ask_category
Maaf mau tanya Halo selamat pagi nih,greet
Halo OK thank you dong,goodbye
Siguntang buka sampai malam gak?,ask_operating_hours
Min Wisata yang aksesnya lewat LRT apa aja,ask_lrt_destinations
Eh min rekomendasi wisata palembang apa?,ask_recommendation
Mau nanya dong udah cukup nih,goodbye
Min Naik LRT bisa ke wisata mana aja,ask_lrt_destinations
What amenities does Kambang Iwak Park offer?,ask_facilities
Why is Kambang Iwak Park famous?,ask_destination_info
Bang Great info?,provide_feedback
Please what's the location of Jembatan Ampera bridge?,ask_location_access
Info fasilitas Siguntang dong,ask_facilities
Tips menurunkan berat badan?,ask_unrelated
Kak wisata yang bisa naik LRT apa aja?,ask_lrt_destinations
Eh Malam ya,greet
Eh rute ke OPI Mall gimana?,ask_location_access
Mau nanya dong Fantasy Island deket stasiun LRT mana deh,ask_location_access
Maaf mau tanya When does PIM Bridge close nih,ask_operating_hours
Bang Tes dong,greet
"Permisi Mau keliling Palembang naik LRT, kemana aja?",ask_lrt_destinations
Hey Which places can I visit using LRT thanks,ask_lrt_destinations
Is there WiFi at Jakabaring Sport City?,ask_facilities
Okay thanks,goodbye
I want to know When is Kawah Tengkurep Island open thanks,ask_operating_hours
"Maaf mau tanya That's all, thanks?",goodbye
Fasilitas umum di Siguntang apa aja?,ask_facilities
Eh Bisa naik LRT ke Hutan Wisata Punti Kayu? ya,ask_lrt_destinations
Min apa itu machine learning?,ask_unrelated
Oke paham,provide_feedback
Min What's up,greet
Mau nanya dong Ada masjid di Palembang? ya,ask_category
Kak Jawaban yang memuaskan? dong,provide_feedback
Min Wassalamualaikum dong,goodbye
Yang termasuk taman apa aja?,ask_category
Kak Cukup sekian? dong,goodbye
Permisi Ada mushola di Palembang Icon? dong,ask_facilities
What's the entrance fee at Al-Munawar Arab Village?,ask_ticket_price
Min Info wisata yang terjangkau LRT deh,ask_lrt_destinations
what's the location of BKB bridge?,ask_location_access
Permisi wisata palembang yang belum banyak orang kunjungi? ya,ask_hidden_gems
Makasih ya? ya,goodbye
Maaf mau tanya Is SMB Park open today sih,ask_operating_hours
Help me please ya,greet
Mau nanya dong Wisata Tionghoa di Palembang,ask_category
Permisi Recommend nature tourism in Palembang nih,ask_category
Eh Destinasi rahasia Palembang dong,ask_hidden_gems
Min Prediksi cuaca besok deh,ask_unrelated
Eh Help me please nih,greet
Maaf mau tanya Permisi mau tanya ya,greet
Halo kamu manusia apa robot? ya,ask_unrelated
Halo Destinasi yang dekat stasiun LRT dong,ask_lrt_destinations
Can you tell me can i reach tourist places by lrt?,ask_lrt_destinations
Eh Hidden spots in Palembang dong,ask_hidden_gems
Eh Price to enter Ampera?,ask_ticket_price
Wisata religi Palembang apa aja?,ask_category
Hai mau konsultasi dong? ya,greet
Ada tempat wisata baru di Palembang?,ask_hidden_gems
Halo Wisata sungai Palembang,ask_category
Sejarah Jembatan Ampera apa ya?,ask_destination_info
Mau nanya dong Al Quran Al Akbar buka jam berapa?,ask_operating_hours
"Hi, What's the meaning of life??",ask_unrelated
Alamat lengkap Amanzi?,ask_location_access
Maaf mau tanya Kak fasilitas Pulau Kemaro apa aja ya? ya,ask_facilities
Jam tutup Monpera kapan?,ask_operating_hours
Kak ada mushola di Monpera? dong,ask_facilities
Permisi Wisata yang belum viral di Palembang?,ask_hidden_gems
Kak hey ya,greet
ceritakan tentang PIM nih,ask_destination_info
Hey list of historical sites in palembang?,ask_category
Min Tempat yang underrated di Palembang?,ask_hidden_gems
Bang Jawaban yang sangat membantu deh,provide_feedback
Very informative,provide_feedback
Naik apa ke SMB?,ask_location_access
Terima kasih sangat membantu,goodbye
What are the operating hours of Grand Mosque of Palembang?,ask_operating_hours
SMB mulai buka jam berapa?,ask_operating_hours
Mau nanya dong Wah keren infonya? dong,provide_feedback
Min Jam buka BKB kapan?,ask_operating_hours
"Excuse me, What should I visit in Palembang please",ask_recommendation
Mau nanya dong Tempat wisata yang gak rame? dong,ask_hidden_gems
Permisi Very accurate?,provide_feedback
Kak dimana ya Museum Balaputra Dewa?,ask_location_access
How to lose weight?,ask_unrelated
Permisi Taman Kambang Iwak Besak di mana ya,ask_location_access
Mau nanya dong Wisata malam di Palembang kemana ya,ask_recommendation
Eh Numpang tanya dong? ya,greet
Mau nanya dong oke thanks deh,goodbye
Permisi Apotek 24 jam di Palembang sih,ask_unrelated
Bang Ada hidden gems gak di Palembang? dong,ask_hidden_gems
Min Tempat wisata yang bisa diakses LRT? dong,ask_lrt_destinations
Museums in Palembang sih,ask_category
Permisi Hidden gems di Palembang apa,ask_hidden_gems
Eh Wonderful ya,provide_feedback
Who invented electricity?,ask_unrelated
Can you tell me What's the meaning of life please,ask_unrelated
Mau nanya dong wisata accessible by lrt? dong,ask_lrt_destinations
"Hi, How do I get to BKB Park??",ask_location_access
Maaf mau tanya wisata museum di palembang apa aja? ya,ask_category
Bang Palembang Icon mulai buka jam berapa deh,ask_operating_hours
Hey What museums are in Palembang please,ask_category
Ada wifi di Palembang Icon?,ask_facilities
List of religious tourism in Palembang?,ask_category
Hari ini buka?,ask_operating_hours
ada apa aja sih di Benteng Kuto Besak?,ask_destination_info
Eh wisata sepi tapi bagus di palembang?,ask_hidden_gems
Halo Berapa ya tiket PTC deh,ask_ticket_price
Kak lrt friendly tourist destinations? dong,ask_lrt_destinations
Monpera ada tempat istirahat?,ask_facilities
Wisata accessible by LRT?,ask_lrt_destinations
Permisi Posisi Amanzi Waterpark dimana ya?,ask_location_access
Eh Are there tourist attractions near LRT stations sih,ask_lrt_destinations
Kak kasih tau wisata dekat LRT ya,ask_lrt_destinations
Yang termasuk wisata religi apa aja?,ask_category
Permisi Thanks so much dong,goodbye
Permisi keren,provide_feedback
Ada fasilitas apa di Jembatan Ampera?,ask_facilities
Mau nanya dong Mau tanya harga tiket SMB II ya,ask_ticket_price
Maaf mau tanya Fasilitas apa saja di Kampung Arab Al-Munawar?,ask_facilities
Halo religious tourism places in Palembang,ask_category
Eh Very informative nih,provide_feedback
How to go to Al-Munawar Arab Village?,ask_location_access
Unexplored attractions in Palembang ya,ask_hidden_gems
Eh More information please? dong,ask_destination_info
Halo rekomendasi wisata untuk liburan singkat,ask_recommendation
List of historical sites in Palembang,ask_category
Permisi PTC ada tempat istirahat?,ask_facilities
Permisi Mau ke tempat yang unik dan sepi,ask_hidden_gems
Bang ada ide tempat buat nongkrong sore? dong,ask_recommendation
When does it close?,ask_operating_hours
Bang Rekomendasi hidden gems dong?,ask_hidden_gems
Bang Numpang tanya dong,greet
Maaf mau tanya mau cari wisata alam di palembang deh,ask_category
Kak fasilitas pendukung Kampung Kapitan?,ask_facilities
"hey, can i ask a question??",greet
Halo Tempat wisata yang wajib dikunjungi di Palembang sih,ask_recommendation
Mau nanya dong rekomendasi wisata Palembang apa,ask_recommendation
Kenapa Jakabaring Sport City terkenal?,ask_destination_info
Min Aku lagi sedih nih,ask_unrelated
Kak Recommend tourist places in Palembang deh,ask_recommendation
Jelaskan tentang Museum Sultan Mahmud Badaruddin II,ask_destination_info
Permisi Mau liburan di Palembang kemana ya? dong,ask_recommendation
Details about Kampung Kapitan?,ask_destination_info
Min Chatbot nya bagus sih,provide_feedback
Permisi wisata yang paling sering dikunjungi? dong,ask_recommendation
kak wisata yang bisa naik lrt apa aja? ya,ask_lrt_destinations
Mau ke tempat bersejarah di Palembang,ask_category
Bang What time does OPI Mall close?,ask_operating_hours
Mau nanya dong sampai jumpa ya,goodbye
Mau nanya dong Bagus infonya,provide_feedback
Kak Hidden spots in Palembang deh,ask_hidden_gems
Permisi rekomendasiin dong wisata di palembang sih,ask_recommendation
Min Rekomendasi hidden gems dong? dong,ask_hidden_gems
Ada wisata dekat LRT gak?,ask_lrt_destinations
"Maaf mau tanya That's enough, thank you?",goodbye
Bang understood nih,provide_feedback
Kak dimana ya Pulau Kemaro nih,ask_location_access
Museum Balaputra Dewa itu apa?,ask_destination_info
Permisi Good morning?,greet
Maaf mau tanya Cultural attractions in Palembang sih,ask_category
Mau nanya dong Wisata yang belum mainstream sih,ask_hidden_gems
Halo Wisata baru yang belum terkenal? ya,ask_hidden_gems
Permisi yang termasuk taman apa aja?,ask_category
Kak Terima kasih sudah membantu? ya,goodbye
"Halo Thank you, goodbye deh",goodbye
Maaf mau tanya Apa yang menarik dari Monpera deh,ask_destination_info
How to go to Ampera Bridge?,ask_location_access
Jawabannya memuaskan,provide_feedback
Tempat masjid di Palembang,ask_category
di dalem situ ada apa aja sih?,ask_destination_info
Mau nanya dong Yo dong,greet
"Excuse me, Off the beaten path places in Palembang thanks",ask_hidden_gems
Kak Al Quran Al Akbar buka jam berapa ya?,ask_operating_hours
When is Kampung Kapitan open?,ask_operating_hours
slmt siang nih,greet
Mau nanya dong Siapa BTS deh,ask_unrelated
Amanzi buka dari jam berapa sampai jam berapa?,ask_operating_hours
Kak PIM buka jam berapa?,ask_operating_hours
Maaf mau tanya akses ke Jembatan Ampera mudah gak?,ask_location_access
Weekday Jakabaring Sport City buka jam berapa?,ask_operating_hours
Berapa biaya masuk ke SMB II?,ask_ticket_price
Min info wisata budaya palembang dong,ask_category
What are the best places to visit in Palembang please,ask_recommendation
I want to know can i take lrt to OPI Mall bridge?,ask_lrt_destinations
Kode pos Palembang berapa?,ask_unrelated
Mau nanya dong yo sih,greet
Apa aja fasilitas di sana?,ask_facilities
Any hidden gems to visit? dong,ask_hidden_gems
Min suggest tourist spots in palembang dong,ask_recommendation
Maaf mau tanya Membantu banget kak?,provide_feedback
Maaf mau tanya wisata tersembunyi di palembang? ya,ask_hidden_gems
Ada rekomendasi wisata gak,ask_recommendation
Maaf mau tanya nais sih,provide_feedback
Permisi Wisata off the beaten path Palembang dong,ask_hidden_gems
Bang Wisata paling bagus di Palembang deh,ask_recommendation
Masih buka gak ya?,ask_operating_hours
culinary tourism places in Palembang sih,ask_category
"Hello, What museums are in Palembang??",ask_category
Kayak apa sih Jembatan Ampera?,ask_destination_info
Apa SMB II bayar?,ask_ticket_price
Halo Thanks kak? dong,goodbye
Permisi Bye kak makasih ya,goodbye
Kak Masjid Cheng Ho hari libur buka gak?,ask_operating_hours
Maaf mau tanya i need assistance dong,greet
Bang yang termasuk wisata budaya apa aja?,ask_category
Fasilitas pendukung Benteng Kuto Besak?,ask_facilities
Maaf mau tanya Weekday Jakabaring Sport City buka jam berapa,ask_operating_hours
Bang does PTC arab village have food stalls?,ask_facilities
Mau nanya dong Apa itu machine learning,ask_unrelated
Makasih udah bantu deh,goodbye
Bang bot aktif?,greet
Eh Lewat mana ya? ya,ask_location_access
Mau nanya dong What amenities does Sultan Mahmud Badaruddin II Museum offer,ask_facilities
Eh siapa bts?,ask_unrelated
Kak Fasilitas Fantasy Island lengkap gak?,ask_facilities
Min slmat pagi,greet
Eh Okay thanks ya,goodbye
Min ada admin? dong,greet
Mau nanya dong info wisata dekat lrt dong,ask_lrt_destinations
How to reach Monpera Island?,ask_location_access
Permisi Thanks a lot,goodbye
Halo Apa itu Pasar 16 Ilir?,ask_destination_info
Ada wifi di Taman Kambang Iwak Besak?,ask_facilities
Hidden gems in Palembang?,ask_hidden_gems
Mau nanya dong Resep pempek palembang? dong,ask_unrelated
Fasilitas apa saja di Kambang Iwak?,ask_facilities
Halo Pasar 16 Ilir di mana ya? ya,ask_location_access
Bang Recommended banget aplikasinya nih,provide_feedback
Bang alamat Fantasy Island dimana?,ask_location_access
Al Quran Al Akbar buka jam berapa?,ask_operating_hours
Rumah sakit terdekat ya,ask_unrelated
Bagaimana cara ke SMB II?,ask_location_access
Makasih kak,goodbye
Sangat membantu?,provide_feedback
"Thanks, see you next time",goodbye
Halo bye for now dong,goodbye
Kak wisata off the beaten path palembang? dong,ask_hidden_gems
Stasiun LRT terdekat ke tempat wisata mana? ya,ask_lrt_destinations
Mau nanya dong Infonya detail banget nih,provide_feedback
Maaf mau tanya Bayar berapa kalo masuk Kampung Kapitan nih,ask_ticket_price
Price to enter Al-Munawar Arab Village?,ask_ticket_price
Palembang Icon buka hari apa aja?,ask_operating_hours
Fasilitas apa saja di PTC?,ask_facilities
Permisi Enaknya kemana ya di Palembang sih,ask_recommendation
Permisi bingung mau bawa keluarga jalan-jalan kemana? dong,ask_recommendation
Bang buka hari apa aja?,ask_operating_hours
Destinasi wisata LRT Palembang?,ask_lrt_destinations
Halo who invented electricity?,ask_unrelated
Bang Monpera buka setiap hari?,ask_operating_hours
Eh Halo saya mau bertanya? ya,greet
Any historical sites in Palembang,ask_category
What parks are in Palembang,ask_category
Information about Benteng Kuto Besak,ask_destination_info
Eh jawabannya cepat deh,provide_feedback
Jelaskan tentang Benteng Kuto Besak,ask_destination_info
"Excuse me, Are you a robot",ask_unrelated
Where can I find religious tourism in Palembang?,ask_category
Where is it located,ask_location_access
"Excuse me, Unique places to visit in Palembang",ask_hidden_gems
Can you tell me What facilities are available at Sultan Mahmud Badaruddin II Museum?,ask_facilities
Kak Wisata Palembang yang LRT friendly? ya,ask_lrt_destinations
Bang LRT friendly tourist destinations? dong,ask_lrt_destinations
Permisi tempat keren tapi belum terkenal di palembang? dong,ask_hidden_gems
Lokasinya dimana ya?,ask_location_access
Halo very informative sih,provide_feedback
Permisi Who are you nih,ask_unrelated
Bang Amanzi Waterpark deket stasiun LRT mana?,ask_location_access
Sampai ketemu lagi,goodbye
Kak Palembang Square buka hari apa aja? ya,ask_operating_hours
Mau nanya dong wisata wisata kuliner di palembang apa aja? dong,ask_category
Is BKB Bridge open on Sunday ya,ask_operating_hours
"Bang Hey, anyone there",greet
Please is Jembatan Ampera near an lrt station?,ask_lrt_destinations
Is Monpera worth visiting?,ask_destination_info
Maaf mau tanya wisata air di palembang ada? dong,ask_category
Min harga masuk KI berapa?,ask_ticket_price
Mau nanya dong Masjid Cheng Ho hari libur buka gak?,ask_operating_hours
Alamat lengkapnya?,ask_location_access
Eh Oke sip ya,provide_feedback
Posisi Masjid Agung Palembang dimana ya?,ask_location_access
Permisi Quiet but beautiful places in Palembang,ask_hidden_gems
Suka sama aplikasinya sih,provide_feedback
"Maaf mau tanya Mau explore Palembang pakai LRT, kemana aja bisa? ya",ask_lrt_destinations
Ada mushola di Palembang Square nih,ask_facilities
Bayar berapa kalo masuk Al-Munawar nih,ask_ticket_price
Min dari jam berapa Palembang Icon buka?,ask_operating_hours
Haii,greet
unique places to visit in palembang?,ask_hidden_gems
HTM Monpera berapa?,ask_ticket_price
kamu bisa jawab apa aja sih,ask_unrelated
Numpang tanya dong,greet
Min Museums in Palembang deh,ask_category
Halo Local favorites in Palembang sih,ask_hidden_gems
Eh Wisata apa yang bisa dijangkau LRT? dong,ask_lrt_destinations
Maaf mau tanya Mau tau tentang Benteng Kuto Besak? ya,ask_destination_info
Please Unique places to visit in Palembang please,ask_hidden_gems
Kayak apa sih Palembang Square?,ask_destination_info
Selamat malam ya,greet
Mau nanya dong Dari pusat kota ke Al-Munawar berapa lama?,ask_location_access
kenapa orang-orang suka ke PIM?,ask_destination_info
Min apakah Punti Kayu dekat stasiun lrt?,ask_lrt_destinations
How much to get into Punti Kayu Forest?,ask_ticket_price
Kak Apakah Fantasy Island dekat stasiun LRT?,ask_lrt_destinations
Ampera ada kantin gak?,ask_facilities
Wisata religi Palembang apa aja nih,ask_category
Prediksi cuaca besok sih,ask_unrelated
Berapa duit masuk Monpera?,ask_ticket_price
Kak Ada fasilitas apa di Museum Sultan Mahmud Badaruddin II?,ask_facilities
Maaf mau tanya Bisa naik angkot ke Museum Sultan Mahmud Badaruddin II dong,ask_location_access
Min Tempat wisata yang bisa diakses LRT deh,ask_lrt_destinations
Is Ampera Bridge child-friendly?,ask_facilities
Kira-kira harga tiket Kampung Kapitan berapa?,ask_ticket_price
Min Naik LRT bisa ke wisata mana aja dong,ask_lrt_destinations
Permisi Kapan sih Kampung Arab Al-Munawar buka nih,ask_operating_hours
Mau nanya dong membantu banget,provide_feedback
Slmt siang,greet
Apakah Kampung Kapitan gratis?,ask_ticket_price
Eh Ada gak wisata yang masih asri di Palembang nih,ask_hidden_gems
Apa yang menarik dari Siguntang?,ask_destination_info
Kak fasilitas Benteng Kuto Besak apa aja ya,ask_facilities
Mau nanya dong wah keren infonya deh,provide_feedback
Halo Tourist recommendations for Palembang ya,ask_recommendation
Min,greet
Eh must-visit places in palembang?,ask_recommendation
Kak Translate bahasa Inggris dong,ask_unrelated
What's special about Punti Kayu Forest?,ask_destination_info
Thank you for the information,goodbye
buka hari apa aja? dong,ask_operating_hours
"Thank you, goodbye",goodbye
Eh mantap makasih ya,goodbye
Kak Hidden gems di Palembang apa deh,ask_hidden_gems
Min Describe Monpera? dong,ask_destination_info
Eh apakah ada wisata yang bisa dijangkau lrt? dong,ask_lrt_destinations
Min Jembatan Ampera ada di daerah mana sih,ask_location_access
Apakah SMB II buka hari Minggu?,ask_operating_hours
Kak di Monpera itu kita bisa ngapain aja ya,ask_destination_info
Ceritakan tentang Palembang Icon,ask_destination_info
Please How to lose weight thanks,ask_unrelated
Mau nanya dong thanks infonya deh,goodbye
Dari pusat kota ke Kambang Iwak berapa lama?,ask_location_access
Kambang Iwak buka setiap hari?,ask_operating_hours
Is there WiFi at Ampera Bridge?,ask_facilities
Kampung Arab Al-Munawar jauh gak dari pusat kota?,ask_location_access
Halo aku bosan nih,ask_unrelated
Kak Gimana Palembang Square?,ask_destination_info
Bang what time does Pulau Kemaro open?,ask_operating_hours
Jam tutup SMB kapan?,ask_operating_hours
When does Kambang Iwak Park close?,ask_operating_hours
Permisi Pagi min? dong,greet
wisata palembang yang populer apa?,ask_recommendation
Permisi destinasi yang dekat stasiun lrt? dong,ask_lrt_destinations
Maaf mau tanya Wisata sepi tapi bagus di Palembang ya,ask_hidden_gems
Harga tiket masuk Kawah Tengkurep sekarang berapa?,ask_ticket_price
"Excuse me, Where can I find religious tourism in Palembang thanks",ask_category
Eh Aplikasinya keren? ya,provide_feedback
Bukit Siguntang ada kantin gak?,ask_facilities
Mau tanya dong harga tiket Kampung Kapitan,ask_ticket_price
SMB ada spot foto gak?,ask_facilities
Eh Infonya detail banget? ya,provide_feedback
Permisi Kemana aja bisa naik LRT untuk wisata sih,ask_lrt_destinations
Selamat datang? ya,greet
Bang Gimana Kemaro?,ask_destination_info
Hey How do I get there please,ask_location_access
Bang Terima kasih sudah membantu ya,goodbye
Mau nanya dong Ada tempat wisata baru di Palembang?,ask_hidden_gems
What's the capital of France?,ask_unrelated
Permisi htm Palembang Square berapa?,ask_ticket_price
"Excuse me, what tourism spots are on the lrt line??",ask_lrt_destinations
Waalaikumsalam,goodbye
Eh Which tourist spots are near LRT stations?,ask_lrt_destinations
Maaf mau tanya Ada gak wisata yang bisa ditempuh LRT deh,ask_lrt_destinations
Eh Popular tourist spots in Palembang,ask_recommendation
Mau cari wisata yang seru di Palembang,ask_recommendation
Min Harga emas hari ini?,ask_unrelated
Maaf mau tanya Taman Kebon Rojo terkenal karena apa dong,ask_destination_info
Bang apa Masjid Agung Palembang bisa dijangkau lrt?,ask_lrt_destinations
Permisi Famous places in Palembang? dong,ask_recommendation
oke segitu dulu dong,goodbye
Permisi Recipe for chocolate cake sih,ask_unrelated
Gambar kucing dong,ask_unrelated
"Hi, What are the operating hours of Grand Mosque of Palembang please",ask_operating_hours
Halo Good job sih,provide_feedback
Halo Amanzi buka dari jam berapa sampai jam berapa? ya,ask_operating_hours
Eh jawabannya lengkap nih,provide_feedback
Weekday Pulau Kemaro buka jam berapa?,ask_operating_hours
Eh selamat siang nih,greet
Mau tanya harga tiket BKB,ask_ticket_price
I want to know what should i visit in palembang?,ask_recommendation
Permisi Dari mana ke Jakabaring?,ask_location_access
Permisi Rute ke Masjid Agung Palembang gimana ya,ask_location_access
Fasilitas SMB lengkap gak?,ask_facilities
I want to know how much is the ticket to grand mosque of palembang??,ask_ticket_price
"Halo Thanks, see you next time ya",goodbye
Kak sore min,greet
Min Thank you very much? ya,goodbye
Halo Aplikasinya keren ya,provide_feedback
Permisi ada apa aja sih di Amanzi Waterpark ya,ask_destination_info
Halo yang termasuk wisata budaya apa aja? dong,ask_category
Tempat wisata religi di Palembang?,ask_category
Eh unexplored attractions in palembang?,ask_hidden_gems
Maaf mau tanya udah itu aja kak makasih ya,goodbye
Maaf mau tanya Thanks for your help? ya,goodbye
Ada wisata kuliner di Palembang?,ask_category
Halo python atau java lebih bagus? ya,ask_unrelated
I want to know Do I need to pay to enter Grand Mosque of Palembang??,ask_ticket_price
Kak Mau tanya fasilitas di Kawah Tengkurep? ya,ask_facilities
Any cultural tourism in Palembang nih,ask_category
Permisi What time does Museum Balaputra Dewa open dong,ask_operating_hours
Kak Any hidden gems to visit ya,ask_hidden_gems
"Min Bye, thanks for everything deh",goodbye
Permisi Apa bahasa Inggrisnya kucing?,ask_unrelated
Can you tell me Where is Pulau Kemaro located?,ask_location_access
Wisata yang bisa pake LRT dong,ask_lrt_destinations
Maaf mau tanya Wisata romantis di Palembang nih,ask_recommendation
Cara menghilangkan jerawat deh,ask_unrelated
Eh Sejarah Palembang Trade Center apa ya?,ask_destination_info
Halo palembang lrt tourism destinations? ya,ask_lrt_destinations
"Excuse me, What is AI thanks",ask_unrelated
Min Mantul kak? ya,provide_feedback
Eh Fasilitas pendukung Palembang Square dong,ask_facilities
Jam operasionalnya?,ask_operating_hours
Min wisata terbaik di palembang apa? dong,ask_recommendation
Kak Monpera buka jam berapa ya? ya,ask_operating_hours
Wisata yang bisa pake LRT?,ask_lrt_destinations
Permisi What's Bitcoin sih,ask_unrelated
Maaf mau tanya Hey there,greet
Can you tell me Can I take public transport to Kawah Tengkurep??,ask_location_access
Min anime yang bagus apa? dong,ask_unrelated
Wah makasih infonya lengkap?,provide_feedback
Mau ke tempat yang unik dan sepi? ya,ask_hidden_gems
Eh bye ya,goodbye
apa yang bikin Ampera ini spesial?,ask_destination_info
Why is Grand Mosque of Palembang famous?,ask_destination_info
Halo Mantul kak,provide_feedback
Info harga tiket Pulau Kemaro dong,ask_ticket_price
Thanks for the help,goodbye
Kak Tempat wisata yang bisa diakses LRT?,ask_lrt_destinations
Mau nanya dong Oke sip mantap?,provide_feedback
Kapan kiamat?,ask_unrelated
Halo Lokasi BKB dimana kak?,ask_location_access
Eh Info lengkap Ampera dong,ask_destination_info
Halo Are there tourist attractions near LRT stations?,ask_lrt_destinations
Maaf mau tanya Cara ke sana gimana dong,ask_location_access
Halo Oke kak noted deh,provide_feedback
Eh Places that tourists don't usually go?,ask_hidden_gems
Maaf mau tanya kok jawabannya lambat? dong,ask_unrelated
Min See you,goodbye
Halo Wisata apa yang bisa dijangkau LRT deh,ask_lrt_destinations
ada tempat wisata baru di palembang? ya,ask_hidden_gems
"Maaf mau tanya Hi, planning to visit Palembang? dong",greet
Halo Ceritakan joke dong? dong,ask_unrelated
Kak ada wisata kuliner gak di Palembang?,ask_category
Halo apakah botnya aktif?,greet
Kak Good afternoon nih,greet
Permisi Kasih pantun dong?,ask_unrelated
Permisi mau tanya jam operasional Kampung Arab Al-Munawar dong,ask_operating_hours
Permisi Arah ke Museum Sultan Mahmud Badaruddin II gimana?,ask_location_access
Permisi Ada parkiran,ask_facilities
Jakabaring aksesnya lewat LRT bisa?,ask_lrt_destinations
Mau nanya dong Apakah ada wisata yang bisa dijangkau LRT ya,ask_lrt_destinations
Kak fasilitas Amanzi apa aja ya,ask_facilities
Bang Fasilitas apa saja di Kampung Kapitan,ask_facilities
"Please hello, i want to explore palembang",greet
Halo parks places in Palembang dong,ask_category
Halo palembang punya wisata sejarah apa?,ask_category
Mau nanya dong Mau cari masjid di Palembang deh,ask_category
Amanzi mulai buka jam berapa?,ask_operating_hours
History of Kemaro Island?,ask_destination_info
Eh Tes? dong,greet
Mau nanya dong Tempat wisata murah di Palembang deh,ask_recommendation
Bang ada museum di palembang? ya,ask_category
Wonderful,provide_feedback
Jam buka Palembang Square kapan?,ask_operating_hours
palembang punya wisata apa aja? ya,ask_recommendation
Harga tiket masuk BKB sekarang berapa?,ask_ticket_price
Kak Best movies of 2024 dong,ask_unrelated
Eh ok that's all i needed,goodbye
Kak Harga masuknya berapa kak,ask_ticket_price
Halo lrt palembang stop di wisata mana?,ask_lrt_destinations
Halo Wisata anti mainstream Palembang,ask_hidden_gems
"Hi, recommend places to see in palembang?",ask_recommendation
Min Thanks so much deh,goodbye
Permisi Python atau Java lebih bagus nih,ask_unrelated
Halo Jakabaring Sport City ada toilet gak?,ask_facilities
Mau nanya dong Aku lagi sedih nih? ya,ask_unrelated
Bang Oi dong,greet
Halo ini jawaban template ya? dong,ask_unrelated
Tempat yang belum terkenal di Palembang?,ask_hidden_gems
Eh permisi saya ingin bertanya ya,greet
Eh Dari stasiun LRT bisa ke wisata apa dong,ask_lrt_destinations
Kak info jam buka Kambang Iwak dong,ask_operating_hours
Eh bye bye makasih ya,goodbye
"Hello, What are the operating hours of Palembang Icon Forest",ask_operating_hours
Halo Saran tempat wisata di Palembang dong,ask_recommendation
Permisi Destinasi museum Palembang nih,ask_category
Bang wisata yang gak pasaran di palembang?,ask_hidden_gems
Bang yang termasuk museum apa aja?,ask_category
"Excuse me, What facilities are there please",ask_facilities
Mau nanya dong Cuaca hari ini gimana sih,ask_unrelated
Bang Wisata Palembang yang belum banyak orang kunjungi dong,ask_hidden_gems
Alamat PTC dimana?,ask_location_access
Permisi Ceritakan tentang Amanzi?,ask_destination_info
Kak Tiket pesawat ke Bali berapa? ya,ask_unrelated
Fasilitas apa saja di OPI Mall?,ask_facilities
Tiket masuk OPI Mall berapa?,ask_ticket_price
Mau nanya dong Kayak apa sih Bukit Siguntang ya,ask_destination_info
Chatbot nya bagus,provide_feedback
Min Apa itu AI?,ask_unrelated
Min Kamu punya perasaan ya,ask_unrelated
Please Things to do in Palembang thanks,ask_recommendation
ada apa aja sih di OPI Mall?,ask_destination_info
Eh Destinasi rahasia Palembang ya,ask_hidden_gems
Hey Where can I find nature tourism in Palembang??,ask_category
Mau nanya dong tempat yang bagus buat foto-foto keluarga di mana ya?,ask_recommendation
Hutan Wisata Punti Kayu itu tempat apa sih?,ask_destination_info
When does Monpera close?,ask_operating_hours
Kak Pagi-pagi Palembang Icon sudah buka belum,ask_operating_hours
Wisata sungai Palembang? ya,ask_category
"Excuse me, Exactly what I needed",provide_feedback
Good morning,greet
Oke deh bye? dong,goodbye
Mau nanya dong Apakah ada wisata yang bisa dijangkau LRT? ya,ask_lrt_destinations
"Excuse me, Where can I find museums in Palembang thanks",ask_category
Mau nanya dong is Punti Kayu worth visiting?,ask_destination_info
Mau nanya dong Kalo hari Sabtu Kawah Tengkurep buka?,ask_operating_hours
Maaf mau tanya Masuk Hutan Wisata Punti Kayu gratis atau bayar?,ask_ticket_price
Permisi Cara menghilangkan jerawat dong,ask_unrelated
Permisi aku lagi pengen makan enak sambil liat sungai? dong,ask_recommendation
any hidden gems to visit? dong,ask_hidden_gems
Halo mau keliling Palembang nih,greet
Mau nanya dong Fasilitas apa saja di Punti Kayu ya,ask_facilities
Hay,greet
Akses ke KI mudah gak?,ask_location_access
What does it cost to visit Ampera Bridge?,ask_ticket_price
Wisata yang gak pasaran di Palembang? dong,ask_hidden_gems
Permisi Naik apa ke Hutan Wisata Punti Kayu?,ask_location_access
Eh Ada hidden gems gak di Palembang deh,ask_hidden_gems
Halo oke noted makasih dong,goodbye
Fasilitas pendukung Taman Kambang Iwak Besak?,ask_facilities
What makes Grand Mosque of Palembang unique?,ask_destination_info
Bang fasilitas pendukung Jembatan Ampera?,ask_facilities
Eh Taxi online di Palembang,ask_unrelated
Mau nanya dong Sip lanjut kak?,provide_feedback
Bang Cerita sejarah Masjid Cheng Ho dong? ya,ask_destination_info
Halo Kampung Kapitan buka hari apa aja ya,ask_operating_hours
Bang Kasih rekomendasi wisata dong? dong,ask_recommendation
Kak wisata yang belum banyak orang tau di palembang? dong,ask_hidden_gems
Maaf mau tanya Wisata accessible by LRT?,ask_lrt_destinations
Bang Rekomendasi wisata religi Palembang nih,ask_category
Kak KI buka jam berapa dong,ask_operating_hours
Can you tell me Where to go in Palembang,ask_recommendation
Mau nanya dong Al Quran Al Akbar ada kantin gak?,ask_facilities
Mau nanya dong hello tanyakito sih,greet
Mau nanya dong hotels in jakarta? ya,ask_unrelated
Maaf mau tanya Kak?,greet
"Eh Mau naik LRT, wisata apa yang dekat",ask_lrt_destinations
Min Wah keren infonya ya,provide_feedback
Dari mana ke Kambang Iwak?,ask_location_access
Maaf mau tanya bye bye makasih dong,goodbye
Kak Sampai nanti kak? dong,goodbye
Dadah? dong,goodbye
"Maaf mau tanya Mau naik LRT, wisata apa yang dekat nih",ask_lrt_destinations
Eh Museum Balaputra Dewa berbayar atau gratis?,ask_ticket_price
Kak palembang tourism recommendations? dong,ask_recommendation
Min Info wisata kuliner Palembang dong? dong,ask_category
Mau nanya dong best movies of 2024? ya,ask_unrelated
Kak i'm bored ya,ask_unrelated
Maaf mau tanya Kak ada hidden gems gak ya,ask_hidden_gems
Min ceritakan tentang dinosaurus ya,ask_unrelated
Eh Tempat wisata yang jarang dikunjungi di Palembang nih,ask_hidden_gems
Min Tempat keren tapi belum terkenal di Palembang?,ask_hidden_gems
Mau nanya dong Wisata sepi tapi bagus di Palembang?,ask_hidden_gems
Info lokasi Al-Munawar dong,ask_location_access
Maaf mau tanya Kode pos Palembang berapa? ya,ask_unrelated
aku lagi pengen makan enak sambil liat sungai sih,ask_recommendation
How much is the ticket to Kampung Kapitan?,ask_ticket_price
Price?,ask_ticket_price
Permisi Fasilitas apa saja di Pasar 16 Ilir? dong,ask_facilities
Kak Fasilitas pendukung Al-Munawar ya,ask_facilities
Min info wisata dekat LRT dong? dong,ask_lrt_destinations
adminnya mana?,ask_unrelated
Kak Wonderful ya,provide_feedback
Min Tempat wisata kuliner di Palembang?,ask_category
Min Underrated tourist spots in Palembang?,ask_hidden_gems
Permisi kenapa orang-orang suka ke Jakabaring ya,ask_destination_info
Halo Apakah Jembatan Ampera gratis ya,ask_ticket_price
Mau nanya dong wisata yang bisa naik LRT apa aja deh,ask_lrt_destinations
Kak ada hidden gems gak,ask_hidden_gems
Jawaban yang sangat membantu,provide_feedback
Kak segitu dulu kak thanks ya,goodbye
Kak Mau tanya fasilitas di PIM? ya,ask_facilities
Bang Is Punti Kayu child-friendly?,ask_facilities
Wisata Palembang yang LRT friendly?,ask_lrt_destinations
Makasih banyak,goodbye
Permisi Punti Kayu di mana ya?,ask_location_access
How much for Sultan Mahmud Badaruddin II Museum tickets?,ask_ticket_price
Mantul kak,provide_feedback
"Hello, Opening hours for Grand Mosque of Palembang",ask_operating_hours
Hidden spots in Palembang sih,ask_hidden_gems
Bang destinasi kategori alam?,ask_category
Maaf mau tanya LRT accessible tourist spots in Palembang deh,ask_lrt_destinations
Permisi Excellent information sih,provide_feedback
Permisi destinasi tersembunyi palembang ada gak? ya,ask_hidden_gems
Bang Great info deh,provide_feedback
Halo food tourism in palembang? ya,ask_category
Halo lrt bisa ke PTC gak?,ask_lrt_destinations
Kak Destinasi wisata alam Palembang deh,ask_category
Is Kambang Iwak Park free?,ask_ticket_price
Halo berapa duit masuk Kampung Kapitan?,ask_ticket_price
Sing me a song deh,ask_unrelated
What's the ticket price for Al-Munawar Arab Village?,ask_ticket_price
Eh nais nih,provide_feedback
Maaf mau tanya wisata paling bagus di palembang?,ask_recommendation
Palembang Icon berbayar atau gratis?,ask_ticket_price
Mau nanya dong destinasi tersembunyi palembang ada gak?,ask_hidden_gems
Woi deh,greet
Hello mau tanya,greet
Is Kemaro Island worth visiting?,ask_destination_info
Mau nanya dong kasih tau wisata dekat LRT dong,ask_lrt_destinations
Kak see you later,goodbye
Kak hidden gem palembang yang recommended? dong,ask_hidden_gems
Wisata yang paling sering dikunjungi,ask_recommendation
Halo Flight tickets to Bali? ya,ask_unrelated
Min Ada wisata budaya di Palembang ya,ask_category
Mau nanya dong Destinasi tersembunyi Palembang ada gak?,ask_hidden_gems
Permisi Places that tourists don't usually go nih,ask_hidden_gems
Halo Tourist recommendations for Palembang?,ask_recommendation
"Excuse me, Where can I find museums in Palembang?",ask_category
Berapa ya tiket Fantasy Island?,ask_ticket_price
Halo Clear explanation,provide_feedback
Min Ada mushola di Taman Kebon Rojo deh,ask_facilities
Eh is Ampera forest free?,ask_ticket_price
Kak Ke Ampera bayar berapa ya? ya,ask_ticket_price
Kawah Tengkurep ramah anak gak?,ask_facilities
What's Jakabaring Sport City like?,ask_destination_info
Mau nanya dong LRT friendly tourist destinations,ask_lrt_destinations
bang mau nanya deh,greet
Maaf mau tanya Wisata terbaik di Palembang apa? dong,ask_recommendation
Mau tanya fasilitas di PIM? dong,ask_facilities
Deskripsi Pasar 16 Ilir,ask_destination_info
Eh Monpera bagus gak?,ask_destination_info
Saranin wisata di Palembang dong,ask_recommendation
Tiket Punti Kayu berapa sih?,ask_ticket_price
Bang cara main saham? ya,ask_unrelated
Palembang punya masjid apa?,ask_category
apa yang bikin Jembatan Ampera ini spesial?,ask_destination_info
Is Benteng Kuto Besak far from the city center?,ask_location_access
Makasih banyak? ya,goodbye
How to lose weight??,ask_unrelated
Bang Palembang Icon itu apa,ask_destination_info
Oke noted makasih,goodbye
Makasih kak nanti saya tanya lagi,goodbye
Can you tell me tell me a story please,ask_unrelated
Lokasi Pulau Kemaro dimana kak?,ask_location_access
Maaf mau tanya Permisi mau tanya harga tiket Taman Kebon Rojo deh,ask_ticket_price
Recommend tourist places in Palembang,ask_recommendation
Parkiran Hutan Wisata Punti Kayu luas gak?,ask_facilities
Kak yang termasuk museum apa aja?,ask_category
Akses ke sana gimana?,ask_location_access
Bang selamat sore sih,greet
Dimana lokasinya?,ask_location_access
Where can I find nature tourism in Palembang?,ask_category
Min Thanks sih,goodbye
Kak dari stasiun lrt bisa ke wisata apa? ya,ask_lrt_destinations
Is there WiFi at Kambang Iwak Park?,ask_facilities
Eh best places to visit by lrt?,ask_lrt_destinations
Halo fasilitas Al-Munawar apa aja ya,ask_facilities
Does Al-Munawar Arab Village open every day?,ask_operating_hours
Taman Kebon Rojo bisa ditempuh pakai apa?,ask_location_access
Ticket price for Benteng Kuto Besak?,ask_ticket_price
Facilities at Grand Mosque of Palembang?,ask_facilities
Kak Thanks a lot ya,goodbye
Min LRT friendly tourist destinations ya,ask_lrt_destinations
Does Punti Kayu Forest open every day?,ask_operating_hours
Describe Jakabaring Sport City,ask_destination_info
Bang Amanzi buka sampai malam gak dong,ask_operating_hours
Mau nanya dong hlo nih,greet
Kak Harga masuk Benteng Kuto Besak berapa ya,ask_ticket_price
aku lagi pengen makan enak sambil liat sungai nih,ask_recommendation
Mau nanya dong Bukit Siguntang buka jam berapa,ask_operating_hours
Kak LRT friendly tourist destinations ya,ask_lrt_destinations
what does it cost to visit Palembang Trade Center forest??,ask_ticket_price
Is Kambang Iwak Park open on weekends?,ask_operating_hours
Halo Wisata yang belum banyak orang tau di Palembang,ask_hidden_gems
Halo Bagaimana cara ke Museum Balaputra Dewa dong,ask_location_access
"Hi, Good morning, I have a question",greet
Maaf mau tanya min kasih tau hidden gems palembang nih,ask_hidden_gems
Harga masuk Amanzi Waterpark berapa ya ?,ask_ticket_price
Bang hi deh,greet
Pagi-pagi Kampung Arab Al-Munawar sudah buka belum?,ask_operating_hours
Halo wisata yang bisa pake lrt? dong,ask_lrt_destinations
Mau nanya dong Terima kasih banyak sih,goodbye
Mau nanya dong Apa itu Palembang Square ya,ask_destination_info
Amanzi Waterpark fasilitasnya apa aja?,ask_facilities
Maaf mau tanya Wisata baru yang belum terkenal?,ask_hidden_gems
"Excuse me, What should I visit in Palembang??",ask_recommendation
Min Can someone help me dong,greet
Mau nanya dong Rekomendasi wisata yang dekat stasiun LRT ya,ask_lrt_destinations
Kak Sip makasih,goodbye
Mau nanya dong SMB II ramah anak gak dong,ask_facilities
Min wisata instagramable palembang? ya,ask_recommendation
Jam operasional Palembang Trade Center?,ask_operating_hours
Halo Fasilitas apa saja di Amanzi?,ask_facilities
Mau nanya dong useful information,provide_feedback
Apakah Taman Kambang Iwak Besak buka 24 jam?,ask_operating_hours
When is Jakabaring Sport City open?,ask_operating_hours
Cultural attractions in Palembang?,ask_category
Maaf mau tanya Noted kak,provide_feedback
Maaf mau tanya Rekomendasi museum Palembang? ya,ask_category
Min mau nanya dong? ya,greet
Heyy ya,greet
Eh Recommend parks in Palembang deh,ask_category
Suka sama jawabannya,provide_feedback
Min Hidden spots in Palembang ya,ask_hidden_gems
Halo Lagu hits 2024 apa nih,ask_unrelated
Permisi sangat membantu dong,provide_feedback
Wassalamualaikum,goodbye
Halo Famous places in Palembang ya,ask_recommendation
Min Gambar kucing dong?,ask_unrelated
"Hi, Does Kawah Tengkurep Bridge have a mosque?",ask_facilities
Maaf mau tanya Gambar kucing dong?,ask_unrelated
Kak Undiscovered places in Palembang?,ask_hidden_gems
Jelaskan tentang Kampung Arab Al-Munawar,ask_destination_info
Can you tell me What destinations are accessible by LRT thanks,ask_lrt_destinations
Bang ada wisata religi gak di Palembang ya,ask_category
Wisata yang aksesnya lewat LRT apa aja nih,ask_lrt_destinations
Maaf mau tanya tempat yang bagus buat foto-foto keluarga di mana ya,ask_recommendation
Min Translate bahasa Inggris dong? dong,ask_unrelated
Hey there,greet
tempat wisata yang bisa diakses lrt? ya,ask_lrt_destinations
Mau nanya dong Hi there ya,greet
Kak 1 2 3 test,greet
"Hi, Are there toilets at Sultan Mahmud Badaruddin II Museum thanks",ask_facilities
Min Ada gak wisata yang masih asri di Palembang sih,ask_hidden_gems
Halo recommended banget aplikasinya dong,provide_feedback
"Good morning, I have a question",greet
Palembang Square ramah anak gak?,ask_facilities
"Min that's all, thanks sih",goodbye
Please tell me a story?,ask_unrelated
Kak Sampai jumpa lagi sih,goodbye
What's available at Monpera?,ask_facilities
Maaf mau tanya Fasilitas umum di Ampera apa aja?,ask_facilities
Eh slmt siang nih,greet
Kak Rekomendasikan destinasi wisata Palembang ya,ask_recommendation
Maaf mau tanya Tempat paling menarik di Palembang sih,ask_recommendation
Information about Kambang Iwak Park,ask_destination_info
Eh Destinasi taman Palembang deh,ask_category
Information about Ampera Bridge,ask_destination_info
Mau nanya dong LRT accessible tourist spots in Palembang? dong,ask_lrt_destinations
Jadwal buka Jembatan Ampera kapan ya?,ask_operating_hours
Permisi info wisata dekat LRT dong,ask_lrt_destinations
Min alternative tourist spots in palembang?,ask_hidden_gems
Maaf mau tanya Wisata Palembang yang aesthetic tapi sepi deh,ask_hidden_gems
Min Lokasi Kampung Kapitan dimana kak,ask_location_access
Halo Local favorites in Palembang,ask_hidden_gems
Mau nanya dong ada ide tempat buat nongkrong sore? dong,ask_recommendation
Ampera buka dari jam berapa sampai jam berapa?,ask_operating_hours
Permisi Perfect ya,provide_feedback
Bang Ada hidden gems gak di Palembang nih,ask_hidden_gems
Min Mau tanya dong harga tiket KI ya,ask_ticket_price
assalamualaikum,greet
"Hi, Thanks for the info",provide_feedback
Kak Wisata yang belum mainstream? ya,ask_hidden_gems
Dari mana ke PTC?,ask_location_access
Eh Is Ampera Arab Village child-friendly?,ask_facilities
Min rekomendasikan destinasi wisata palembang ya,ask_recommendation
Permisi Dimana lokasinya,ask_location_access
Eh Tourist recommendations for Palembang ya,ask_recommendation
Ada taman kota di Palembang,ask_category
Halo universitas terbaik indonesia? ya,ask_unrelated
Bang mau nanya,greet
Parkiran Ampera luas gak ya,ask_facilities
Apakah Ampera dekat stasiun LRT?,ask_lrt_destinations
Punti Kayu ada toilet gak?,ask_facilities
OK thank you sih,goodbye
Ceritakan tentang Al-Munawar,ask_destination_info
Halo PIM ada tempat parkir?,ask_facilities
Membantu banget kak,provide_feedback
Hutan Wisata Punti Kayu buka setiap hari?,ask_operating_hours
Eh kurs dollar hari ini berapa? dong,ask_unrelated
Kak ok bye nih,goodbye
Permisi Jadwal buka Amanzi kapan ya,ask_operating_hours
Mau nanya dong top tourist attractions in palembang? ya,ask_recommendation
"Maaf mau tanya thank you, goodbye ya",goodbye
Mau nanya dong wisata yang bisa naik lrt apa aja? dong,ask_lrt_destinations
Kenapa Kampung Kapitan terkenal?,ask_destination_info
Kak Tempat wisata alam di Palembang? dong,ask_category
Bang what's cryptocurrency? ya,ask_unrelated
What destinations are accessible by LRT please,ask_lrt_destinations
Responnya cepat ya,provide_feedback
Museum Sultan Mahmud Badaruddin II fasilitasnya apa aja?,ask_facilities
Mau nanya dong Informasinya membantu deh,provide_feedback
selamat datang dong,greet
Please What's the entrance fee at BKB?,ask_ticket_price
"Hi, What days is Kampung Kapitan open?",ask_operating_hours
Ada hidden gems gak di Palembang?,ask_hidden_gems
Permisi what time does Palembang Trade Center open?,ask_operating_hours
What facilities are available at Monpera?,ask_facilities
Maaf mau tanya Tempat makan di sekitar Amanzi Waterpark ada nih,ask_facilities
Maaf mau tanya Wisata yang belum viral di Palembang?,ask_hidden_gems
Bang that's helpful sih,provide_feedback
Halo bayar berapa kalo masuk Kampung Kapitan?,ask_ticket_price
Permisi stasiun lrt terdekat ke tempat wisata mana?,ask_lrt_destinations
How do I get to Kampung Kapitan?,ask_location_access
Permisi Nanti tanya lagi ya,goodbye
Permisi Dari jam berapa Pulau Kemaro buka dong,ask_operating_hours
"Permisi Mau explore Palembang pakai LRT, kemana aja bisa? dong",ask_lrt_destinations
Bagaimana cara ke Taman Kebon Rojo?,ask_location_access
Bagus gak tempatnya?,ask_destination_info
Mau nanya dong saya mau bertanya ya,greet
Please What are the best places to visit in Palembang?,ask_recommendation
1+1 berapa?,ask_unrelated
Mau nanya dong test,greet
Eh Min info wisata dekat LRT dong? ya,ask_lrt_destinations
Maaf mau tanya What's available at Bukit Siguntang nih,ask_facilities
"Bang Mau keliling Palembang naik LRT, kemana aja sih",ask_lrt_destinations
Mau nanya dong Kenapa langit biru? ya,ask_unrelated
Maaf mau tanya oke terima kasih sih,goodbye
Understood,provide_feedback
Bismillah mau tanya,greet
Maaf mau tanya alamatnya dimana? dong,ask_location_access
Min Enaknya kemana ya di Palembang,ask_recommendation
Bang Aku bosan,ask_unrelated
Mau nanya dong Apa itu AI ya,ask_unrelated
wisata palembang yang lrt friendly? ya,ask_lrt_destinations
Permisi Wisata off the beaten path Palembang? ya,ask_hidden_gems
Dimana lokasi Bukit Siguntang?,ask_location_access
Mau nanya dong Pagi kak? dong,greet
Halo Ada wisata yang jarang orang tau? dong,ask_hidden_gems
Kak Wisata instagramable Palembang? dong,ask_recommendation
"Can you tell me Hey, can I ask a question thanks",greet
Eh Are there tourist attractions near LRT stations nih,ask_lrt_destinations
Museum Sultan Mahmud Badaruddin II gratis gak sih?,ask_ticket_price
Min Does Masjid Agung Palembang have parking?,ask_facilities
Permisi Kampung Arab Al-Munawar lokasinya dimana? dong,ask_location_access
Mau nanya dong Amanzi Waterpark ada spot foto gak?,ask_facilities
Permisi Taman Kebon Rojo aksesnya lewat lrt bisa?,ask_lrt_destinations
Jelaskan tentang Monpera,ask_destination_info
Recommend places to see in Palembang,ask_recommendation
Mau nanya dong Secret places in Palembang? dong,ask_hidden_gems
Eh Cuaca hari ini gimana deh,ask_unrelated
Wisata off the beaten path Palembang,ask_hidden_gems
Eh destinasi yang lrt accessible? ya,ask_lrt_destinations
Bang tempat yang belum terkenal di palembang? dong,ask_hidden_gems
Informasinya membantu,provide_feedback
Mau nanya dong mau tanya sih,greet
Tempat makan di sekitar KI ada?,ask_facilities
Makasih ya sangat berguna infonya,goodbye
Al-Munawar bayar berapa?,ask_ticket_price
Masjid Agung Palembang itu apa?,ask_destination_info
Bang sampai jumpa lagi nih,goodbye
Museum Sultan Mahmud Badaruddin II terkenal karena apa? ya,ask_destination_info
Kak Ada tempat wisata baru di Palembang?,ask_hidden_gems
Well explained,provide_feedback
What's the entrance fee at Kampung Kapitan?,ask_ticket_price
Jembatan Ampera bayar berapa?,ask_ticket_price
Makasih?,goodbye
Please what's the price of iphone?,ask_unrelated
Mau nanya dong Kemana aja bisa naik LRT untuk wisata dong,ask_lrt_destinations
Min is sultan mahmud badaruddin ii museum open on sunday?,ask_operating_hours
Palembang LRT tourism destinations?,ask_lrt_destinations
Permisi Hidden gems di Palembang apa? ya,ask_hidden_gems
Eh Non-touristy places in Palembang nih,ask_hidden_gems
Apa itu PIM?,ask_destination_info
How to reach Grand Mosque of Palembang?,ask_location_access
Min fasilitas Al-Munawar lengkap gak?,ask_facilities
Bang Jos?,provide_feedback
ok that's all i needed deh,goodbye
Kak Siapa pemenang Liga Champions? ya,ask_unrelated
Kak Palembang punya wisata budaya apa,ask_category
Maaf mau tanya Tempat wisata yang jarang dikunjungi di Palembang dong,ask_hidden_gems
Fantasy Island deket stasiun LRT mana?,ask_location_access
Min Kemana aja bisa naik LRT untuk wisata?,ask_lrt_destinations
Min Malam? dong,greet
Kampung Kapitan dekat stasiun LRT mana dong,ask_lrt_destinations
Kak What's love? dong,ask_unrelated
Eh Alamat lengkap Jakabaring?,ask_location_access
Mau nanya dong Keren? dong,provide_feedback
Kenapa Kampung Arab Al-Munawar terkenal?,ask_destination_info
Info lengkap Kampung Kapitan dong,ask_destination_info
Permisi See you later,goodbye
Mau nanya dong Wisata anti mainstream Palembang? ya,ask_hidden_gems
Halo biaya tiket Kampung Arab Al-Munawar berapa kak?,ask_ticket_price
Mau nanya dong Wisata tersembunyi di Palembang? ya,ask_hidden_gems
Destinasi rahasia Palembang?,ask_hidden_gems
Maaf mau tanya cerita sejarah Taman Kambang Iwak Besak dong,ask_destination_info
Ceritain Taman Kebon Rojo dong,ask_destination_info
Mau nanya dong Fantasy Island bisa ditempuh pakai apa?,ask_location_access
Eh kalo hari sabtu Kemaro buka?,ask_operating_hours
Ceritain Monpera dong,ask_destination_info
Kasih tau dong tentang Palembang Square,ask_destination_info
I want to know Is Kawah Tengkurep near an LRT station??,ask_lrt_destinations
Is admission to Grand Mosque of Palembang free?,ask_ticket_price
Halo mau nanya dong?,greet
Bang Assalamualaikum kak? ya,greet
Mau nanya dong deskripsi Kawah Tengkurep nih,ask_destination_info
Kambang Iwak bisa ditempuh pakai apa?,ask_location_access
Kak Facilities at Kambang Iwak,ask_facilities
Love this bot,provide_feedback
Bang Taman Kambang Iwak Besak fasilitasnya apa aja?,ask_facilities
Bang Wisata instagramable Palembang?,ask_recommendation
"Halo Great, thanks ya",goodbye
Permisi info fasilitas KI dong,ask_facilities
Mau tanya harga tiket Taman Kambang Iwak Besak,ask_ticket_price
Min That's helpful,provide_feedback
Permisi Thanks so much? ya,goodbye
Berapa duit tiketnya?,ask_ticket_price
Maaf mau tanya BKB ada kantin gak,ask_facilities
recommend parks in palembang,ask_category
Ada mushola di Al Quran Al Akbar?,ask_facilities
Kambang Iwak ada tempat parkir?,ask_facilities
Maaf mau tanya Apa itu machine learning,ask_unrelated
Mau tanya fasilitas di Ampera,ask_facilities
Palembang Icon buka sampai malam gak?,ask_operating_hours
I want to know How to cook fried rice,ask_unrelated
What is Grand Mosque of Palembang?,ask_destination_info
Taman Kebon Rojo tutup jam berapa?,ask_operating_hours
Bang Cara masak rendang gimana ya,ask_unrelated
Bang Can someone help me? ya,greet
"That's enough, thank you? dong",goodbye
Bang Lengkap banget infonya nih,provide_feedback
Maaf mau tanya kurs dollar hari ini berapa?,ask_unrelated
"Hi, where is Kambang Iwak forest located?",ask_location_access
I want to know tell me a story thanks,ask_unrelated
Sejarah OPI Mall apa ya?,ask_destination_info
Eh Mau cari taman di Palembang nih,ask_category
Ada wisata kuliner di Palembang dong,ask_category
Min Responnya cepat ya? ya,provide_feedback
"Excuse me, tell me a joke thanks",ask_unrelated
Mau nanya dong jawabannya lengkap deh,provide_feedback
Min makasih ya,goodbye
Thanks so much? ya,goodbye
Mau nanya dong Tempat yang belum terkenal di Palembang dong,ask_hidden_gems
Kira-kira harga tiket Jembatan Ampera berapa?,ask_ticket_price
"Hello, Can I take LRT to Monpera Bridge?",ask_lrt_destinations
weekend Kampung Kapitan buka? ya,ask_operating_hours
Min alamat Amanzi Waterpark apa ya?,ask_location_access
Mau nanya dong wisata yang paling dekat lrt?,ask_lrt_destinations
Tips perawatan kulit deh,ask_unrelated
Mau tanya dong harga tiket Jakabaring Sport City,ask_ticket_price
Harga emas hari ini?,ask_unrelated
Eh mau cari wisata budaya di palembang ya,ask_category
Does Jembatan Ampera Forest have parking ya,ask_facilities
Eh Kasih tau dong tentang Kemaro sih,ask_destination_info
Bang address of Kawah Tengkurep island? dong,ask_location_access
Details about Sultan Mahmud Badaruddin II Museum?,ask_destination_info
Mau nanya dong Hidden gems di Palembang apa deh,ask_hidden_gems
"Hello, Thanks for the info?",provide_feedback
I want to know Is there WiFi at Pulau Kemaro Park??,ask_facilities
Kak ada wisata sejarah gak di palembang? dong,ask_category
Can you tell me Does Taman Kambang Iwak Besak have a mosque?,ask_facilities
Maaf mau tanya Hutan Wisata Punti Kayu bayar berapa?,ask_ticket_price
Permisi Dari jam berapa Kampung Kapitan buka dong,ask_operating_hours
Min Masjid Cheng Ho bisa ditempuh pakai apa nih,ask_location_access
Is admission to Kemaro Island free?,ask_ticket_price
Kak Wisata Palembang yang LRT friendly? dong,ask_lrt_destinations
Min ada apa aja sih di Pulau Kemaro?,ask_destination_info
What time does Jakabaring Sport City open?,ask_operating_hours
Eh Wisata untuk anak-anak di Palembang?,ask_recommendation
"Hello, how much is the ticket to Kambang Iwak forest?",ask_ticket_price
Mau nanya dong Bagaimana cara ke OPI Mall? dong,ask_location_access
Kak berapa harga tiket masuk BKB?,ask_ticket_price
Hotels in Jakarta? dong,ask_unrelated
Halo ada wifi di KI?,ask_facilities
Siap kak,provide_feedback
"Maaf mau tanya thanks, see you next time",goodbye
Where is Al-Munawar Arab Village?,ask_location_access
Kampung Kapitan bagus gak?,ask_destination_info
Eh ada wifi di Ampera?,ask_facilities
Permisi When does Pasar 16 Ilir close ya,ask_operating_hours
Can you tell me thank you for the information please,goodbye
Please Best places for tourists in Palembang?,ask_recommendation
Maaf mau tanya tiket masuk ke Kampung Kapitan sekarang berapa ya?,ask_ticket_price
Opening hours for Jakabaring Sport City?,ask_operating_hours
Maaf mau tanya Anime yang bagus apa sih,ask_unrelated
ada mushola di Kambang Iwak? dong,ask_facilities
Eh Rute ke Museum Sultan Mahmud Badaruddin II gimana deh,ask_location_access
What to see in Palembang?,ask_recommendation
Halo Jam operasional Al-Munawar?,ask_operating_hours
Maaf mau tanya Wisata sepi tapi bagus di Palembang deh,ask_hidden_gems
I want to know best places for tourists in palembang??,ask_recommendation
Kak mau konsultasi dong?,greet
Permisi Jos ya,provide_feedback
Kak ? dong,greet
Halo Must-visit places in Palembang sih,ask_recommendation
"anakku suka main air, enaknya bawa kemana ya?",ask_recommendation
Min chatbot nya bagus ya,provide_feedback
Kak Secret places in Palembang? dong,ask_hidden_gems
Mau nanya dong siapa yang bikin kamu sih,ask_unrelated
I want to know Can I take public transport to Kambang Iwak Forest,ask_location_access
"Excuse me, Best places for tourists in Palembang thanks",ask_recommendation
Halo boleh tanya? dong,greet
What amenities does Kampung Kapitan offer?,ask_facilities
How to learn programming thanks,ask_unrelated
Deskripsi KI,ask_destination_info
Min Wisata indoor Palembang ya,ask_category
Mantap kak,provide_feedback
Palembang Trade Center ada spot foto gak?,ask_facilities
"Maaf mau tanya Hello, I need help?",greet
Monpera mulai buka jam berapa?,ask_operating_hours
Eh Palembang punya wisata kuliner apa sih,ask_category
Bang ada hidden gems gak ya,ask_hidden_gems
Eh test bot ya,greet
"That's all, thanks",goodbye
Maaf mau tanya Info wisata religi Palembang dong? dong,ask_category
Bang Ada rekomendasi wisata gak?,ask_recommendation
lagu hits 2024 apa? dong,ask_unrelated
"Hi, Facilities at Grand Mosque of Palembang?",ask_facilities
Kalo hari Sabtu OPI Mall buka?,ask_operating_hours
tips menurunkan berat badan?,ask_unrelated
Kak aku lagi pengen makan enak sambil liat sungai nih,ask_recommendation
Rekomendasikan tempat wisata di Palembang?,ask_recommendation
Apa keunikan Amanzi Waterpark?,ask_destination_info
Permisi saya pengunjung baru? ya,greet
Thank you,goodbye
Permisi Thank you?,goodbye
Bang Amanzi ada spot foto gak? ya,ask_facilities
Min wisata palembang yang belum banyak orang kunjungi? dong,ask_hidden_gems
Permisi Dari stasiun LRT bisa ke wisata apa,ask_lrt_destinations
"That's enough, thank you",goodbye
Halo Places that tourists don't usually go,ask_hidden_gems
Kenapa Kawah Tengkurep terkenal nih,ask_destination_info
Amanzi bayar berapa?,ask_ticket_price
Mau nanya dong nature tourism places in palembang?,ask_category
Kak Jelas banget penjelasannya? dong,provide_feedback
Kak Sejarah KI apa ya?,ask_destination_info
Siang kak,greet
Mau nanya dong What's the weather today? ya,ask_unrelated
Bang Rekomendasikan tempat wisata di Palembang sih,ask_recommendation
Apakah Punti Kayu buka hari Minggu?,ask_operating_hours
Information about Palembang Trade Center Park deh,ask_destination_info
Where is Kambang Iwak Park located?,ask_location_access
Halo Informasinya membantu?,provide_feedback
Min Places that tourists don't usually go? ya,ask_hidden_gems
"Excuse me, Does Benteng Kuto Besak Arab Village have a mosque?",ask_facilities
Eh tempat yang underrated di palembang? dong,ask_hidden_gems
Mau nanya dong Sip terima kasih kak? ya,goodbye
lokasi Museum Sultan Mahmud Badaruddin II dimana kak? ya,ask_location_access
How to reach Amanzi Waterpark?,ask_location_access
Maaf mau tanya hari ini Kemaro buka gak ya?,ask_operating_hours
I want to know When is the World Cup thanks,ask_unrelated
Kak Quiet but beautiful places in Palembang sih,ask_hidden_gems
Bang fasilitas Palembang Square apa aja ya,ask_facilities
Mau nanya dong Mau tau tentang Kemaro,ask_destination_info
Thanks for your help,goodbye
Jembatan Ampera tutup jam berapa?,ask_operating_hours
Kak sudah cukup terima kasih nih,goodbye
Halo Does Sultan Mahmud Badaruddin II Museum open every day deh,ask_operating_hours
Jam operasional Jakabaring?,ask_operating_hours
"Hi, How much is the admission to SMB Island??",ask_ticket_price
"Hi, Best places for tourists in Palembang thanks",ask_recommendation
Permisi Best destinations in Palembang ya,ask_recommendation
Kak Rekomendasi wisata budaya Palembang,ask_category
Bisa rekomendasikan tempat wisata?,ask_recommendation
Ada masjid di Palembang?,ask_category
Eh kak,greet
Mau nanya dong wisata paling bagus di palembang? ya,ask_recommendation
Mau nanya dong who invented electricity?,ask_unrelated
Can you tell me Best things to do in Palembang please,ask_recommendation
Min Kambang Iwak buka setiap hari ya,ask_operating_hours
Halo take care nih,goodbye
Apakah Benteng Kuto Besak buka 24 jam?,ask_operating_hours
Permisi mau tanya harga tiket Masjid Cheng Ho,ask_ticket_price
Bang Rekomendasi wisata untuk liburan singkat?,ask_recommendation
Naik LRT bisa ke wisata mana aja?,ask_lrt_destinations
Bang lrt berhenti dekat wisata mana? dong,ask_lrt_destinations
Kak berapa harga tiket Masjid Agung Palembang?,ask_ticket_price
Kak wisata museum di palembang apa aja? dong,ask_category
Eh Akses ke Masjid Agung Palembang mudah gak?,ask_location_access
Love this bot? ya,provide_feedback
Selamat pagi,greet
Please when is BKB park open?,ask_operating_hours
Bang Kode pos Palembang berapa? ya,ask_unrelated
Maaf mau tanya Tempat wisata ikonik Palembang? ya,ask_recommendation
Please Where can I find historical sites in Palembang?,ask_category
I want to know Can I reach tourist places by LRT??,ask_lrt_destinations
Halo Cara ke sana gimana nih,ask_location_access
Monpera hari libur buka gak?,ask_operating_hours
Halo Film terbaru 2024 apa sih,ask_unrelated
Apa itu SMB?,ask_destination_info
Bang Tempat yang belum terkenal di Palembang?,ask_hidden_gems
Destinasi wisata alam Palembang?,ask_category
Min love this bot nih,provide_feedback
Recommend parks in Palembang,ask_category
Bang Apakah Kemaro gratis ya,ask_ticket_price
Maaf mau tanya Berapa biaya masuk ke KI?,ask_ticket_price
Bang Nyanyiin lagu dong?,ask_unrelated
Jam bukanya kapan?,ask_operating_hours
Taman Kambang Iwak Besak jauh gak dari pusat kota?,ask_location_access
Mau nanya dong info taman palembang dong,ask_category
Bang adminnya mana deh,ask_unrelated
Kak Bye,goodbye
I want to know unique places to visit in palembang?,ask_hidden_gems
Bang Bagaimana cara ke Jakabaring Sport City ya,ask_location_access
Mau nanya dong ? dong,greet
must-visit places in palembang? dong,ask_recommendation
Maaf mau tanya Museum Balaputra Dewa aksesnya lewat LRT bisa?,ask_lrt_destinations
Can I take public transport to Punti Kayu Forest?,ask_location_access
Apa itu cryptocurrency?,ask_unrelated
Halo Kemaro ada tempat parkir ya,ask_facilities
Kak Sejarahnya gimana? ya,ask_destination_info
Maaf mau tanya is there parking?,ask_facilities
Min What's available at Jakabaring ya,ask_facilities
Eh hi chatbot sih,greet
Maaf mau tanya places that tourists don't usually go?,ask_hidden_gems
How to move on?,ask_unrelated
Terima kasih infonya sangat berguna,provide_feedback
"Hi, where can i find nature tourism in palembang?",ask_category
Can you tell me What to see in Palembang?,ask_recommendation
Bang Berguna banget nih,provide_feedback
Mau nanya dong destinasi wisata budaya palembang?,ask_category
Kak Destinasi masjid Palembang dong,ask_category
Hai,greet
Halo assalamualaikum mau tanya,greet
Halo tips perawatan kulit? dong,ask_unrelated
Mau nanya dong sudah cukup terima kasih nih,goodbye
Halo Makasih ya? ya,goodbye
Good day,greet
Mau nanya dong Thanks udah bantu ya? ya,goodbye
Oke deh makasih,goodbye
Posisi Kambang Iwak dimana ya?,ask_location_access
Permisi PIM bagus gak?,ask_destination_info
Cukup sekian,goodbye
Min Saranin wisata di Palembang dong? dong,ask_recommendation
Mau nanya dong rekomendasikan destinasi wisata palembang nih,ask_recommendation
Permisi ini jawaban template ya,ask_unrelated
Eh Wisata anti mainstream Palembang dong,ask_hidden_gems
Ada orang?,greet
Kak berapa harga tiket Punti Kayu? ya,ask_ticket_price
Maaf mau tanya Lengkap banget infonya dong,provide_feedback
Eh Jembatan Ampera ada area bermain anak sih,ask_facilities
Halo terima kasih sih,goodbye
Kak Lesser known attractions in Palembang,ask_hidden_gems
Permisi Berapa duit masuk Masjid Cheng Ho?,ask_ticket_price
Halo chatbot?,greet
ada apa aja sih di Jakabaring Sport City?,ask_destination_info
Cara menuju Hutan Wisata Punti Kayu gimana?,ask_location_access
I want to know Unique places to visit in Palembang,ask_hidden_gems
Mau nanya dong Rekomendasi wisata sejarah Palembang,ask_category
Mau nanya dong Lesser known attractions in Palembang?,ask_hidden_gems
Maaf mau tanya Baik kak terima kasih,goodbye
Permisi berapa harga iphone terbaru?,ask_unrelated
OPI Mall berbayar atau gratis?,ask_ticket_price
Kak Apa obat sakit kepala? ya,ask_unrelated
"Hello, how much is the admission to sultan mahmud badaruddin ii museum?",ask_ticket_price
Kak Waalaikumsalam? ya,greet
Kak Ticket price for Sultan Mahmud Badaruddin II Museum sih,ask_ticket_price
Min Oke sip nih,provide_feedback
Min recommend tourist places in palembang sih,ask_recommendation
Mau nanya dong rekomendasi wisata alam palembang deh,ask_category
Maaf mau tanya kamu manusia apa robot deh,ask_unrelated
Min responnya cepat ya,provide_feedback
Permisi Very helpful dong,provide_feedback
Eh Ceritakan tentang dinosaurus? ya,ask_unrelated
Hey What to see in Palembang,ask_recommendation
Eh Al-Munawar ada spot foto gak?,ask_facilities
Halo Suggest tourist spots in Palembang sih,ask_recommendation
Dari jam berapa Jakabaring buka?,ask_operating_hours
"Maaf mau tanya Hi, I'm visiting Palembang sih",greet
Kak Bye bye? dong,goodbye
How much to get into Ampera Bridge?,ask_ticket_price
Hey Do you have feelings??,ask_unrelated
Eh Wisata taman di Palembang apa aja ya,ask_category
Kasih tau dong tentang Kampung Arab Al-Munawar dong,ask_destination_info
Min jadwal kereta api jakarta? ya,ask_unrelated
"Hello, Best things to do in Palembang?",ask_recommendation
Bang recommend cultural tourism in palembang ya,ask_category
Min destinasi kategori alam? dong,ask_category
Wisata yang aksesnya lewat LRT apa aja deh,ask_lrt_destinations
Is Monpera open in the morning?,ask_operating_hours
Arah ke Pasar 16 Ilir gimana?,ask_location_access
aku mau cerita deh,ask_unrelated
Kak Responnya cepat ya? ya,provide_feedback
Mau nanya dong Chatbot nya bagus? ya,provide_feedback
Permisi palembang punya museum apa? ya,ask_category
Kambang Iwak bagus gak?,ask_destination_info
Mau nanya dong jawabannya lengkap sih,provide_feedback
Permisi Suka sama jawabannya?,provide_feedback
Kambang Iwak buka hari apa aja?,ask_operating_hours
Terima kasih sudah membantu,goodbye
Best movies of 2024?,ask_unrelated
Maaf mau tanya amazing response nih,provide_feedback
Min what's bitcoin? ya,ask_unrelated
Bang Tempat wisata budaya Palembang?,ask_category
Kak Recommended banget aplikasinya ya,provide_feedback
Permisi opening hours? ya,ask_operating_hours
Bang bisa tanya sesuatu sih,greet
Mau nanya dong Siapa BTS ya,ask_unrelated
Bayar berapa kalo masuk Pasar 16 Ilir?,ask_ticket_price
Permisi naik lrt bisa ke wisata mana aja? dong,ask_lrt_destinations
Maaf mau tanya Pagi-pagi OPI Mall sudah buka belum dong,ask_operating_hours
Jos,provide_feedback
Makasih infonya? dong,goodbye
Bang Palembang Icon ada di daerah mana?,ask_location_access
Eh wisata paling bagus di palembang? dong,ask_recommendation
Berapa ya tiketnya?,ask_ticket_price
Eh fasilitas umum di Museum Balaputra Dewa apa aja?,ask_facilities
Can you tell me Where can I find culinary tourism in Palembang?,ask_category
Maaf mau tanya Benteng Kuto Besak buka hari apa aja nih,ask_operating_hours
Halo Bisa naik LRT ke Al Quran Al Akbar ya,ask_lrt_destinations
Mau nanya dong i'm bored,ask_unrelated
Min harga emas hari ini? dong,ask_unrelated
Maaf mau tanya Nais?,provide_feedback
mau liburan di palembang kemana ya? ya,ask_recommendation
Eh Tempat wisata yang bisa diakses LRT sih,ask_lrt_destinations
bisa naik angkot ke Jembatan Ampera?,ask_location_access
"Hello, Unique places to visit in Palembang thanks",ask_hidden_gems
Halo bot,greet
Is there WiFi at Monpera thanks,ask_facilities
Bang Bukit Siguntang ramah anak gak sih,ask_facilities
"Eh mau keliling palembang naik lrt, kemana aja? dong",ask_lrt_destinations
Oke segitu dulu,goodbye
di Amanzi itu kita bisa ngapain aja?,ask_destination_info
Is Benteng Kuto Besak child-friendly?,ask_facilities
Apa yang menarik dari Amanzi Waterpark?,ask_destination_info
Kak Tempat-tempat wisata yang aksesibel LRT?,ask_lrt_destinations
Min Masjid bersejarah di Palembang? ya,ask_category
I want to know Who is the president of Indonesia??,ask_unrelated
Bot aktif?,greet
Bang Fasilitas pendukung Bukit Siguntang?,ask_facilities
Maaf mau tanya Any nature tourism in Palembang nih,ask_category
"Min hi, i'd like to ask something",greet
Ada wifi di Benteng Kuto Besak?,ask_facilities
Eh wisata yang bisa pake lrt? ya,ask_lrt_destinations
Mau nanya dong Keren nih,provide_feedback
Hey Can I take public transport to SMB II Bridge,ask_location_access
Mantul kak? ya,provide_feedback
Halo Universitas terbaik Indonesia deh,ask_unrelated
Weekend Monpera buka?,ask_operating_hours
Tiket masuk ke Punti Kayu sekarang berapa ya?,ask_ticket_price
Min Dimana lokasi Fantasy Island?,ask_location_access
Mahal gak tiketnya?,ask_ticket_price
Kapan sih Kampung Kapitan buka?,ask_operating_hours
Halo Wisata Palembang yang belum banyak orang kunjungi ya,ask_hidden_gems
Jakabaring terkenal karena apa?,ask_destination_info
Mau nanya dong alamat Benteng Kuto Besak dimana? dong,ask_location_access
Ke Siguntang bayar berapa ya?,ask_ticket_price
Hey bot,greet
Mau nanya dong Kasih rekomendasi wisata dong? dong,ask_recommendation
Oke terima kasih,goodbye
Fasilitas umum di Monpera apa aja?,ask_facilities
Permisi Destinasi yang dekat stasiun LRT? ya,ask_lrt_destinations
Is Ampera Bridge open today?,ask_operating_hours
Halo oke sip mantap nih,provide_feedback
Mau nanya dong info wisata dekat LRT dong? ya,ask_lrt_destinations
Menarik gak Amanzi Waterpark?,ask_destination_info
Eh that's helpful ya,provide_feedback
Mau nanya dong LRT Palembang lewat wisata mana nih,ask_lrt_destinations
Halo Bisa bantu saya dong,greet
Kak Mantap kak?,provide_feedback
Halo Siapa gubernur Palembang,ask_unrelated
What amenities are available?,ask_facilities
Destinasi taman Palembang?,ask_category
Bang Monpera ramah anak gak?,ask_facilities
Eh amazing response nih,provide_feedback
Kak Wisata yang belum viral di Palembang,ask_hidden_gems
Permisi destinasi yang dekat stasiun lrt?,ask_lrt_destinations
"great, thanks dong",goodbye
Kak Kamu bodoh ya,ask_unrelated
Min Taman Kambang Iwak Besak ada kantin gak?,ask_facilities
Kak berapa harga tiket Al Quran Al Akbar?,ask_ticket_price
"Kak hi, i'm visiting palembang nih",greet
Maaf mau tanya Assalamualaikum nih,greet
Permisi kasih tau alamat PIM?,ask_location_access
Alright thanks,goodbye
Is Al-Munawar Arab Village open on weekends?,ask_operating_hours
Halo Wisata weekend di Palembang? ya,ask_recommendation
"Eh Bye, thanks for everything? dong",goodbye
Kak Ampera ada tempat istirahat,ask_facilities
Alamat Jembatan Ampera dimana?,ask_location_access
That makes sense,provide_feedback
Halo Bisa naik angkot ke Ampera sih,ask_location_access
Mau nanya dong informasinya membantu deh,provide_feedback
Religious sites in Palembang?,ask_category
What time does Kampung Kapitan open?,ask_operating_hours
Info harga tiket Jakabaring dong,ask_ticket_price
Mau nanya dong Oke mantul nih,provide_feedback
Bang Destinasi wisata sejarah Palembang ya,ask_category
Is it open today?,ask_operating_hours
Halo saya pengunjung baru,greet
Jam buka Taman Kebon Rojo kapan?,ask_operating_hours
Halo Info tentang BKB ya,ask_destination_info
Min Siapa BTS,ask_unrelated
Min wisata paling bagus di palembang?,ask_recommendation
Bang review tentang Jakabaring Sport City ya,ask_destination_info
Kak Great bot nih,provide_feedback
Eh aku butuh tempat healing yang tenang? dong,ask_recommendation
Eh apakah Monpera dekat lrt?,ask_lrt_destinations
Halo kok jawabannya lambat?,ask_unrelated
Suka sama aplikasinya,provide_feedback
Permisi Makasih kak nanti saya tanya lagi,goodbye
Info lokasi Monpera dong,ask_location_access
Sip makasih,goodbye
Maaf mau tanya Pinter ya botnya?,provide_feedback
Fasilitas pendukung Taman Kebon Rojo?,ask_facilities
Ceritakan joke dong? ya,ask_unrelated
Kak baik terima kasih deh,goodbye
Ada wifi di Pasar 16 Ilir?,ask_facilities
Hidden gem Palembang yang recommended?,ask_hidden_gems
Best things to do in Palembang?,ask_recommendation
Min Tempat wisata alternatif Palembang? dong,ask_hidden_gems
Bang Local favorites in Palembang nih,ask_hidden_gems
Halo Jos ya,provide_feedback
Misi mau tanya nih,greet
Permisi ada gak wisata yang bisa ditempuh lrt? dong,ask_lrt_destinations
Min lagi pengen liat pemandangan kota dari atas? ya,ask_recommendation
Min Dari stasiun LRT bisa ke wisata apa? dong,ask_lrt_destinations
Kak parkiran Amanzi Waterpark luas gak?,ask_facilities
Min Pulau Kemaro fasilitasnya apa aja? dong,ask_facilities
"Maaf mau tanya Hi, first time in Palembang deh",greet
Permisi Ada hidden gems gak di Palembang,ask_hidden_gems
Naik apa ke Benteng Kuto Besak?,ask_location_access
"Hi, I'd like to ask something",greet
Min alternative tourist spots in palembang? ya,ask_hidden_gems
Berapa ya tiket Kambang Iwak?,ask_ticket_price
Harga tiket masuk Palembang Trade Center sekarang berapa?,ask_ticket_price
Bang Benteng Kuto Besak ada tempat parkir?,ask_facilities
Tell me about dinosaurs,ask_unrelated
Halo ada wisata alam gak di Palembang,ask_category
Mau nanya dong wisata yang bisa pake lrt? dong,ask_lrt_destinations
Eh Wisata untuk anak-anak di Palembang? dong,ask_recommendation
Mau tau sejarah Al-Munawar,ask_destination_info
Kak Responnya cepat ya?,provide_feedback
Mau nanya dong 5 bintang deh?,provide_feedback
Do I need to pay to enter Al-Munawar Arab Village?,ask_ticket_price
Min destinasi wisata lrt palembang?,ask_lrt_destinations
Halo rekomendasi hidden gems dong,ask_hidden_gems
Kak Tempat yang belum terkenal di Palembang? ya,ask_hidden_gems
Wisata Palembang yang belum banyak orang kunjungi?,ask_hidden_gems
Mau nanya dong Must-visit places in Palembang sih,ask_recommendation
Bang bot nya pintar ya,provide_feedback
Mau nanya dong fasilitas Punti Kayu apa aja ya?,ask_facilities
Kak lrt accessible tourist spots in palembang? dong,ask_lrt_destinations
Tempat wisata yang jarang dikunjungi di Palembang?,ask_hidden_gems
Mau nanya dong stasiun lrt terdekat ke tempat wisata mana? dong,ask_lrt_destinations
Kambang Iwak deket stasiun LRT mana?,ask_location_access
Mau nanya dong Smart bot?,provide_feedback
Min harga masuk Museum Balaputra Dewa berapa? dong,ask_ticket_price
History of SMB Arab Village deh,ask_destination_info
Maaf mau tanya fasilitas umum di Palembang Square apa aja?,ask_facilities
Min kamu cantik,ask_unrelated
Min Bagaimana cara ke Masjid Agung Palembang dong,ask_location_access
Halo Info wisata budaya Palembang dong?,ask_category
Halo Cara main saham nih,ask_unrelated
Must-visit places in Palembang?,ask_recommendation
Destinasi yang dekat stasiun LRT?,ask_lrt_destinations
Mau nanya dong Baiklah terima kasih banyak,goodbye
Can you tell me Off the beaten path places in Palembang??,ask_hidden_gems
Permisi ceritakan joke dong,ask_unrelated
siapa yang bikin kamu?,ask_unrelated
Please What are the best places to visit in Palembang,ask_recommendation
Mau nanya dong Kapan sih Amanzi buka sih,ask_operating_hours
Permisi Kapan Taman Kambang Iwak Besak buka deh,ask_operating_hours
Halo Mau tanya fasilitas di KI?,ask_facilities
Kak saya pertama kali ke palembang deh,greet
Eh harga masuk Punti Kayu berapa ya ?,ask_ticket_price
Best places for tourists in Palembang?,ask_recommendation
Maaf mau tanya suka sama jawabannya sih,provide_feedback
Eh weekend Punti Kayu buka?,ask_operating_hours
Permisi Tempat wisata unik di Palembang? dong,ask_hidden_gems
"Hi, where can i find historical sites in palembang??",ask_category
Halo Ada gak wisata yang masih asri di Palembang deh,ask_hidden_gems
Halo selamat siang deh,greet
Permisi wisata weekend di palembang? dong,ask_recommendation
Maaf mau tanya Permisi? dong,greet
Is Benteng Kuto Besak open on Sunday?,ask_operating_hours
Bang Al-Munawar ada kantin gak?,ask_facilities
parks places in Palembang?,ask_category
Kak Asalamualaikum? ya,greet
Permisi bisa naik angkot ke Palembang Trade Center?,ask_location_access
Kak dimana ya Jakabaring Sport City?,ask_location_access
Halo underrated tourist spots in palembang?,ask_hidden_gems
Permisi berapa harga tiket masuk Hutan Wisata Punti Kayu? dong,ask_ticket_price
Apa keunikan Amanzi?,ask_destination_info
Bang mau keliling Palembang nih?,greet
Destinasi yang LRT accessible?,ask_lrt_destinations
Penjelasannya bagus kak? dong,provide_feedback
I want to know Off the beaten path places in Palembang,ask_hidden_gems
Bang Wisata terbaik di Palembang apa? ya,ask_recommendation
Kak asal usul Museum Balaputra Dewa ini gimana ceritanya? dong,ask_destination_info
Maaf mau tanya Wisata outdoor Palembang deh,ask_category
Palembang punya wisata budaya apa?,ask_category
Maaf mau tanya Wisata murah yang bisa naik LRT nih,ask_lrt_destinations
Bang dimana ya Pulau Kemaro? ya,ask_location_access
BKB ada spot foto gak?,ask_facilities
Maaf mau tanya Wisata romantis di Palembang sih,ask_recommendation
Kak saya turis sih,greet
Dari jam berapa BKB buka?,ask_operating_hours
Maaf mau tanya Terima kasih deh,goodbye
"Permisi thanks, see you next time sih",goodbye
Bang kasih tau wisata dekat LRT ya,ask_lrt_destinations
Bang Unexplored attractions in Palembang? dong,ask_hidden_gems
Review tentang SMB II,ask_destination_info
Hai selamat siang? ya,greet
Maaf mau tanya quiet but beautiful places in palembang? ya,ask_hidden_gems
Permisi Info fasilitas Amanzi dong?,ask_facilities
Nice info deh,provide_feedback
Weekend Fantasy Island buka?,ask_operating_hours
Menarik gak Amanzi?,ask_destination_info
Review tentang Pasar 16 Ilir,ask_destination_info
Eh aku lagi ngomong sama komputer ya? dong,ask_unrelated
Maaf mau tanya Bagaimana cara diet?,ask_unrelated
Hey How to learn programming,ask_unrelated
Permisi Amanzi Waterpark itu tempat apa sih?,ask_destination_info
Halo Bismillah mau tanya? ya,greet
Mau nanya dong SMB II ada tempat istirahat?,ask_facilities
Mau nanya dong Smart bot sih,provide_feedback
I want to know Thank you for the information please,goodbye
Permisi Mau nanya dong? ya,greet
Halo siapa di sini?,greet
Permisi mau tanya,greet
Eh Mau cari wisata sejarah di Palembang dong,ask_category
Mau nanya dong Hello TanyaKito ya,greet
Destinasi rahasia Palembang sih,ask_hidden_gems
Mau nanya dong asal usul Al-Munawar ini gimana ceritanya dong,ask_destination_info
What's special about Monpera?,ask_destination_info
Permisi Ada wisata kuliner di Palembang dong,ask_category
Mau nanya dong Weekday Kampung Arab Al-Munawar buka jam berapa?,ask_operating_hours
Permisi Destinasi wisata religi Palembang,ask_category
Kak any museums in palembang? dong,ask_category
Weekday Masjid Agung Palembang buka jam berapa?,ask_operating_hours
Maaf mau tanya Berapa duit masuk OPI Mall ya,ask_ticket_price
Bang Gimana KI dong,ask_destination_info
Is there WiFi at Grand Mosque of Palembang?,ask_facilities
Mau nanya dong ada wisata kuliner di palembang? dong,ask_category
Kak recommended banget aplikasinya sih,provide_feedback
Maaf mau tanya wisata anti mainstream palembang? ya,ask_hidden_gems
Eh Destinasi tersembunyi Palembang ada gak ya,ask_hidden_gems
Maaf mau tanya info harga tiket Monpera dong,ask_ticket_price
thanks infonya,goodbye
Min saya mau bertanya dong,greet
Mau nanya dong Tempat keren tapi belum terkenal di Palembang?,ask_hidden_gems
Permisi SMB II ada area bermain anak,ask_facilities
Bang Sampai jumpa lagi deh,goodbye
tips perawatan kulit?,ask_unrelated
Mau nanya dong Jadwal sholat hari ini? dong,ask_unrelated
Mau nanya dong Sip terima kasih kak? dong,goodbye
Parkiran SMB II luas gak?,ask_facilities
Tiket masuk Kampung Kapitan berapa?,ask_ticket_price
Eh Ada wisata dekat LRT gak deh,ask_lrt_destinations
Eh unexplored attractions in palembang? dong,ask_hidden_gems
Halo mau tanya harga tiket Kawah Tengkurep nih,ask_ticket_price
Kamu robot ya?,ask_unrelated
"Hi, How to get a visa?",ask_unrelated
Kak mau tanya,greet
Kak dimana ya Monpera?,ask_location_access
Does Al-Munawar Arab Village have a mosque?,ask_facilities
Halo Popular tourist spots in Palembang ya,ask_recommendation
Halo Berapa ya tiket PTC sih,ask_ticket_price
Permisi Harga tiket masuk Al Quran Al Akbar sekarang berapa nih,ask_ticket_price
Halo Bye bye kak? dong,goodbye
Bang Destinasi wisata LRT Palembang?,ask_lrt_destinations
Min see you nih,goodbye
Mau nanya dong Wisata Palembang yang belum banyak orang kunjungi? dong,ask_hidden_gems
Kambang Iwak itu apa?,ask_destination_info
Bye kak,goodbye
"Permisi Thanks, see you next time?",goodbye
Permisi any hidden gems to visit? dong,ask_hidden_gems
Berapa harga tiketnya?,ask_ticket_price
Halo destinasi taman palembang? dong,ask_category
Mau nanya dong location of Jakabaring?,ask_location_access
Kak Thanks kak? ya,goodbye
Bang Wisata yang belum viral di Palembang?,ask_hidden_gems
Bisa naik LRT ke Kambang Iwak?,ask_lrt_destinations
Maaf mau tanya lagi pengen liat pemandangan kota dari atas? ya,ask_recommendation
Eh Hidden gem Palembang yang recommended? ya,ask_hidden_gems
Kak destinasi favorit di palembang? dong,ask_recommendation
Eh segitu dulu kak thanks nih,goodbye
Mau nanya dong Berguna banget deh,provide_feedback
Directions,ask_location_access
Maaf mau tanya Udah cukup deh,goodbye
"Hi, What to see in Palembang please",ask_recommendation
Eh Jadwal kereta api Jakarta deh,ask_unrelated
Permisi Information about KI deh,ask_destination_info
Kak Kemaro buka jam berapa ya?,ask_operating_hours
Apa itu Bukit Siguntang?,ask_destination_info
Bang bagaimana cara memasak telur?,ask_unrelated
Halo Kasih rekomendasi wisata dong?,ask_recommendation
"Excuse me, Do you have feelings please",ask_unrelated
Min mau tanya sih,greet
PIM ada tempat istirahat?,ask_facilities
Details about Pasar 16 Ilir Bridge ya,ask_destination_info
Halo Oke deh bye? dong,goodbye
Posisi Ampera dimana ya,ask_location_access
Mau nanya dong kamu pintar ya,ask_unrelated
Berapa harga tiket masuk Ampera?,ask_ticket_price
Min Wisata gratis di Palembang ada gak,ask_recommendation
Oke noted terima kasih banyak kak,goodbye
Kak dimana ya SMB II?,ask_location_access
Hey Things to do in Palembang,ask_recommendation
Bang mau nanya dong? dong,greet
Kak Punti Kayu ada tempat parkir?,ask_facilities
Eh Hai TanyaKito nih,greet
"Kak hi, planning to visit palembang sih",greet
Min Tempat wisata yang dilalui LRT deh,ask_lrt_destinations
Eh jam buka Amanzi Waterpark kapan?,ask_operating_hours
Bang suggest tourist spots in palembang dong,ask_recommendation
Bang alamat lengkap OPI Mall?,ask_location_access
Permisi Tempat wisata murah di Palembang deh,ask_recommendation
Min selamat tinggal nih,goodbye
Kak Kemana aja bisa naik LRT untuk wisata ya,ask_lrt_destinations
Benteng Kuto Besak di mana ya?,ask_location_access
Maaf mau tanya Tiket masuk ke Benteng Kuto Besak sekarang berapa ya,ask_ticket_price
Bang oke deh bye nih,goodbye
Permisi Wisata romantis di Palembang dong,ask_recommendation
Mau tanya harga tiket Ampera,ask_ticket_price
ada apa aja sih di Siguntang?,ask_destination_info
Kira-kira harga tiket Kambang Iwak berapa?,ask_ticket_price
Maaf mau tanya Tempat yang underrated di Palembang? ya,ask_hidden_gems
Tolong kasih tau alamat Pulau Kemaro,ask_location_access
Please List of parks in Palembang??,ask_category
"Bang Hi there, I need some information?",greet
undiscovered places in palembang? dong,ask_hidden_gems
Apakah Museum Balaputra Dewa dekat stasiun LRT?,ask_lrt_destinations
Eh jawabannya cepat,provide_feedback
Permisi Thanks infonya ya,goodbye
Eh Tiketnya mahal gak,ask_ticket_price
Bang siap kak,provide_feedback
Hey List of museums in Palembang thanks,ask_category
Kak Tempat wisata unik di Palembang deh,ask_hidden_gems
Info tentang PTC,ask_destination_info
Mau nanya dong Wisata malam di Palembang kemana,ask_recommendation
Wisata yang bernuansa Islami?,ask_category
Bang Wisata yang gak pasaran di Palembang nih,ask_hidden_gems
Naik apa ke Siguntang?,ask_location_access
Permisi Makasih ya infonya?,goodbye
How do I get there?,ask_location_access
Jam tutup Al Quran Al Akbar kapan?,ask_operating_hours
Kak Apakah Jakabaring Sport City buka 24 jam? ya,ask_operating_hours
Permisi saya dari Jakarta mau tanya?,greet
Min facilities at BKB? dong,ask_facilities
Maaf mau tanya Palembang punya wisata apa aja nih,ask_recommendation
Wisata untuk anak-anak di Palembang?,ask_recommendation
"Kak Bye, thanks for everything sih",goodbye
Kak selamat sore dong,greet
Berapa harga tiket masuk Al-Munawar?,ask_ticket_price
Terima kasih atas informasinya,goodbye
Eh Secret places in Palembang deh,ask_hidden_gems
Can I take LRT to visit tourist places?,ask_lrt_destinations
Eh Palembang punya wisata alam apa dong,ask_category
Describe Hutan Wisata Punti Kayu deh,ask_destination_info
Mau nanya dong lagi pengen liat pemandangan kota dari atas nih,ask_recommendation
Bang Oke makasih kak sangat membantu ya,goodbye
Maaf mau tanya tiket masuk Masjid Cheng Ho berapa? ya,ask_ticket_price
Halo mau tanya jam operasional Monpera dong,ask_operating_hours
Bang mau tau sejarah Kawah Tengkurep deh,ask_destination_info
Halo Oke deh sampai jumpa nih,goodbye
Please What destinations are accessible by LRT?,ask_lrt_destinations
Berapa ya tiket Kemaro?,ask_ticket_price
Mau tanya dong harga tiket Hutan Wisata Punti Kayu,ask_ticket_price
Bang kode pos palembang berapa? ya,ask_unrelated
How much for Al-Munawar Arab Village tickets?,ask_ticket_price
Al Quran Al Akbar jauh gak dari pusat kota?,ask_location_access
Maaf mau tanya Berapa harga tiket masuk Kambang Iwak?,ask_ticket_price
Baik kak terima kasih ya,goodbye
Kak Local favorites in Palembang,ask_hidden_gems
Maaf mau tanya rating 5 untuk botnya ya,provide_feedback
what is ai?,ask_unrelated
Nice info,provide_feedback
Maaf mau tanya makasih,goodbye
Halo Informasinya membantu? ya,provide_feedback
Kak Wisata yang aksesnya lewat LRT apa aja? dong,ask_lrt_destinations
Mau tanya dong harga tiket Jakabaring,ask_ticket_price
Hey is there wifi at PIM?,ask_facilities
Hai selamat siang,greet
Mau nanya dong Naik LRT bisa ke wisata mana aja deh,ask_lrt_destinations
Halo Museum Balaputra Dewa ada tempat parkir,ask_facilities
Kak Oke kak sampai jumpa sih,goodbye
Bang Apa arti cinta? dong,ask_unrelated
Permisi Got it ya,provide_feedback
Mau nanya dong Bisa naik LRT ke Pasar 16 Ilir?,ask_lrt_destinations
Bang rekomendasi wisata untuk liburan singkat ya,ask_recommendation
List of historical sites in Palembang?,ask_category
Maaf mau tanya Ada wisata sejarah di Palembang sih,ask_category
facilities? dong,ask_facilities
Please Where can I go by LRT for sightseeing,ask_lrt_destinations
Halo Kampung Kapitan mulai buka jam berapa nih,ask_operating_hours
Permisi wisata palembang yang populer apa? ya,ask_recommendation
Min Great info nih,provide_feedback
Wisata wisata budaya di Palembang apa aja?,ask_category
Bang Wisata yang bisa dikunjungi sehari dong,ask_recommendation
Wisata alam di Palembang ada apa aja?,ask_category
What does it cost to visit Grand Mosque of Palembang?,ask_ticket_price
Bang Apakah Al Quran Al Akbar dekat stasiun LRT?,ask_lrt_destinations
Ada gak wisata yang masih asri di Palembang?,ask_hidden_gems
"Kak anakku suka main air, enaknya bawa kemana ya",ask_recommendation
Permisi Tourist recommendations for Palembang,ask_recommendation
Mau nanya dong hidden spots in palembang? dong,ask_hidden_gems
Kak Mau tanya dong harga tiket Palembang Icon? ya,ask_ticket_price
Info wisata religi Palembang dong,ask_category
Min Take care? dong,goodbye
jawabannya lengkap dong,provide_feedback
Bang mau tanya deh,greet
Kemaro buka setiap hari?,ask_operating_hours
Kak Destinasi rahasia Palembang nih,ask_hidden_gems
Jos? ya,provide_feedback
Kampung Kapitan fasilitasnya apa aja?,ask_facilities
Wisata apa aja yang dekat jalur LRT?,ask_lrt_destinations
Maaf mau tanya Mau tanya dong harga tiket Taman Kebon Rojo dong,ask_ticket_price
Al Quran Al Akbar itu tempat apa sih?,ask_destination_info
Pasar 16 Ilir di mana ya?,ask_location_access
Min What's 2+2 deh,ask_unrelated
Maaf mau tanya kenapa orang-orang suka ke Siguntang dong,ask_destination_info
Min kamu bot beneran ya,ask_unrelated
Mau nanya dong mau tanya fasilitas di Kemaro ya,ask_facilities
Bang Wisata yang gak pasaran di Palembang dong,ask_hidden_gems
Permisi Tempat wisata murah di Palembang ya,ask_recommendation
Maaf mau tanya LRT accessible tourist spots in Palembang?,ask_lrt_destinations
Siguntang bagus gak?,ask_destination_info
Mau nanya dong Wisata off the beaten path Palembang nih,ask_hidden_gems
Monpera ramah anak gak?,ask_facilities
Tell me about Kambang Iwak Park,ask_destination_info
Food tourism in Palembang?,ask_category
Halo Palembang tourism recommendations sih,ask_recommendation
Permisi Mantap kak? dong,provide_feedback
Min Thanks infonya sih,goodbye
Halo Hidden gems in Palembang? dong,ask_hidden_gems
Maaf mau tanya What makes Monpera Park unique?,ask_destination_info
Mau jalan-jalan pakai LRT bisa kemana,ask_lrt_destinations
Maaf mau tanya Film terbaru 2024 apa? ya,ask_unrelated
Maaf mau tanya mau tau sejarah Kambang Iwak sih,ask_destination_info
Wisata sepi tapi bagus di Palembang?,ask_hidden_gems
Maaf mau tanya Makasih kak,goodbye
Weekday Kambang Iwak buka jam berapa?,ask_operating_hours
SMB ada area bermain anak ya,ask_facilities
Halo Sore kak? dong,greet
"Excuse me, List of cultural tourism in Palembang",ask_category
Does Ampera Bridge have parking?,ask_facilities
Dimana lokasi OPI Mall nih,ask_location_access
Penjelasannya bagus kak,provide_feedback
Hey How to cook an egg please,ask_unrelated
Min Wisata Bali yang bagus?,ask_unrelated
Kasih info Kampung Arab Al-Munawar ya,ask_destination_info
Any nature tourism in Palembang?,ask_category
Eh oke makasih sih,goodbye
Eh stasiun lrt terdekat ke tempat wisata mana?,ask_lrt_destinations
Kak jawaban yang sangat membantu,provide_feedback
Bang recommend cultural tourism in palembang sih,ask_category
Awesome thanks,goodbye
Min mau nanya sih,greet
Min Hari ini Fantasy Island buka gak ya?,ask_operating_hours
Kak siang kak,greet
Please where can i find historical sites in palembang?,ask_category
"Excuse me, Where to go in Palembang?",ask_recommendation
Bang Informatif banget? dong,provide_feedback
Eh kak fasilitas Kampung Arab Al-Munawar apa aja ya? ya,ask_facilities
Mau nanya dong mau tanya,greet
Ada wisata sejarah di Palembang?,ask_category
Min Halloo sih,greet
dadah kak,goodbye
Halo tempat keren tapi belum terkenal di palembang?,ask_hidden_gems
Halo hidden gems in palembang? ya,ask_hidden_gems
Kak makasih dong,goodbye
Maaf mau tanya Ada wifi di Amanzi? dong,ask_facilities
Bang saya wisatawan ya,greet
Bang Tempat wisata unik di Palembang?,ask_hidden_gems
Maaf mau tanya Wisata yang gampang dijangkau LRT? dong,ask_lrt_destinations
Mau tanya jam operasional PIM,ask_operating_hours
Bang siapa di sini? ya,greet
Maaf mau tanya Rekomendasikan destinasi wisata Palembang,ask_recommendation
Is BKB near an LRT station?,ask_lrt_destinations
"Mau nanya dong hey, anyone there? dong",greet
Bang BKB lokasinya dimana?,ask_location_access
Mau nanya dong Tempat wisata budaya Palembang? ya,ask_category
Halo Rekomendasi wisata yang dekat stasiun LRT ya,ask_lrt_destinations
Halo terima kasih,goodbye
Jakabaring ada toilet gak,ask_facilities
Kak When does Kambang Iwak Park close?,ask_operating_hours
Sejarah Palembang Square apa ya?,ask_destination_info
Do I need to pay to enter Monpera?,ask_ticket_price
How much does it cost?,ask_ticket_price
Ada parkiran?,ask_facilities
"Excuse me, What are the opening hours of Museum Balaputra Dewa??",ask_operating_hours
Halo Tempat wisata yang jarang dikunjungi di Palembang nih,ask_hidden_gems
Permisi Info wisata kuliner Palembang dong? ya,ask_category
Min Infonya oke banget dong,provide_feedback
Min ada wisata religi gak di Palembang?,ask_category
Kak Jawaban yang sangat membantu,provide_feedback
Fasilitas pendukung Pasar 16 Ilir?,ask_facilities
Mau nanya dong saya pertama kali ke palembang nih,greet
Eh Responnya cepat ya?,provide_feedback
Maaf mau tanya Kayak apa sih PTC? dong,ask_destination_info
Halo very detailed sih,provide_feedback
Maaf mau tanya religious sites in palembang? dong,ask_category
Mau nanya dong Cukup sekian? dong,goodbye
Maaf mau tanya wisata museum di palembang apa aja?,ask_category
Please Can I reach tourist places by LRT?,ask_lrt_destinations
Permisi noted kak,provide_feedback
Bisa naik angkot ke Pasar 16 Ilir?,ask_location_access
Mau nanya dong Lesser known attractions in Palembang deh,ask_hidden_gems
Mau nanya dong Rekomendasi museum Palembang ya,ask_category
"Excuse me, When is OPI Mall open?",ask_operating_hours
Mau nanya dong info lengkap Al Quran Al Akbar dong,ask_destination_info
Update harga tiket Pasar 16 Ilir dong,ask_ticket_price
ceritakan tentang Amanzi ya,ask_destination_info
Cara menuju Bukit Siguntang gimana?,ask_location_access
"Hey, anyone there?",greet
Kak harga tiket Kawah Tengkurep berapa ya? ya,ask_ticket_price
Mau tanya harga tiket Al-Munawar,ask_ticket_price
Can you tell me Exactly what I needed??,provide_feedback
Permisi Jadwal buka Al Quran Al Akbar kapan ya,ask_operating_hours
Kak Tips belajar bahasa Inggris deh,ask_unrelated
Cerita sejarah Al Quran Al Akbar dong,ask_destination_info
Mau nanya dong Tempat yang belum terkenal di Palembang ya,ask_hidden_gems
Permisi bisa tanya sesuatu,greet
di Museum Balaputra Dewa itu kita bisa ngapain aja?,ask_destination_info
wisata yang belum mainstream? ya,ask_hidden_gems
Eh Hari ini PIM buka gak ya? ya,ask_operating_hours
Halo Berapa duit masuk Jakabaring Sport City sih,ask_ticket_price
Halo best universities in indonesia? dong,ask_unrelated
Eh kapan Ampera buka?,ask_operating_hours
Kak assalamualaikum mau tanya deh,greet
Yang termasuk wisata budaya apa aja?,ask_category
"Hello, What facilities are available at Punti Kayu Island??",ask_facilities
Permisi Mantap dong,provide_feedback
Halo Curhatan aku dong?,ask_unrelated
Kak Tempat wisata ikonik Palembang nih,ask_recommendation
Kayak apa sih tempatnya?,ask_destination_info
Bang Ada tempat wisata baru di Palembang? ya,ask_hidden_gems
Wisata apa yang cocok untuk foto-foto sih,ask_recommendation
Halo Infonya detail banget ya,provide_feedback
Eh penjelasannya bagus kak,provide_feedback
Apa keunikan Kambang Iwak dong,ask_destination_info
Eh Wisata terbaik di Palembang apa nih,ask_recommendation
Info lengkap KI dong,ask_destination_info
Eh hai chatbot nih,greet
Kak Oke terima kasih jawabannya? dong,provide_feedback
Berapa biaya masuk ke Punti Kayu?,ask_ticket_price
Min Destinasi tersembunyi Palembang ada gak,ask_hidden_gems
I want to know Best things to do in Palembang??,ask_recommendation
Bang Wisata yang belum banyak orang tau di Palembang? dong,ask_hidden_gems
What's the address of Ampera Bridge?,ask_location_access
Bang Heyy dong,greet
Cara daftar kuliah?,ask_unrelated
Min alamat Kambang Iwak apa ya? ya,ask_location_access
Info harga tiket Kambang Iwak dong,ask_ticket_price
I want to know how to move on??,ask_unrelated
Kapan sih Fantasy Island buka?,ask_operating_hours
Mau ke KI bayar berapa?,ask_ticket_price
"Hi, Do I need to pay to enter Amanzi Waterpark?",ask_ticket_price
"Hello, what destinations are accessible by lrt??",ask_lrt_destinations
Maaf mau tanya Bisa naik LRT ke Punti Kayu dong,ask_lrt_destinations
Kak Nyanyiin lagu dong?,ask_unrelated
Kak alternative tourist spots in palembang? dong,ask_hidden_gems
"Bang Hello, I'm a tourist dong",greet
Bang Wisata tersembunyi di Palembang dong,ask_hidden_gems
Harga masuk Palembang Trade Center berapa ya ?,ask_ticket_price
Does PIM have parking?,ask_facilities
Bang Tempat paling menarik di Palembang? dong,ask_recommendation
Permisi Wisata apa yang recommended di Palembang dong,ask_recommendation
Maaf mau tanya Kak rekomendasiin dong wisata di Palembang sih,ask_recommendation
Maaf mau tanya Thanks for your help nih,goodbye
Min Makasih infonya,goodbye
Makasih,goodbye
Dimana lokasi Ampera?,ask_location_access
Eh Mau cari museum di Palembang dong,ask_category
Mau nanya dong alamat Punti Kayu apa ya?,ask_location_access
Kak Rekomendasi wisata Palembang dong?,ask_recommendation
Is Grand Mosque of Palembang far from the city center?,ask_location_access
Destinasi wisata religi Palembang?,ask_category
Mau tau sejarah BKB,ask_destination_info
Apakah Kampung Arab Al-Munawar buka 24 jam?,ask_operating_hours
Maaf mau tanya Religious sites in Palembang?,ask_category
Mau nanya dong resep nasi goreng dong,ask_unrelated
Eh Al Quran Al Akbar buka dari jam berapa sampai jam berapa ya,ask_operating_hours
Maaf mau tanya Halo bot ya,greet
Halo Assalamualaikum kak?,greet
Museum di Palembang apa aja?,ask_category
Halo Resep pempek palembang? ya,ask_unrelated
Rekomendasi wisata sejarah Palembang,ask_category
Halo Ada tempat wisata baru di Palembang? ya,ask_hidden_gems
Hey Where is OPI Mall located thanks,ask_location_access
lagi pengen liat pemandangan kota dari atas,ask_recommendation
Eh rute ke Museum Balaputra Dewa gimana? ya,ask_location_access
Bang saya dari Jakarta mau tanya sih,greet
Permisi wisata yang belum mainstream? ya,ask_hidden_gems
Permisi Ceritain Masjid Agung Palembang dong?,ask_destination_info
Halo Mau tau sejarah Kampung Kapitan?,ask_destination_info
Information about Siguntang Island?,ask_destination_info
Mau nanya dong siang min,greet
Eh siapa presiden indonesia?,ask_unrelated
Biaya tiket Taman Kebon Rojo berapa kak?,ask_ticket_price
Mau nanya dong tanyakito dong,greet
Maaf mau tanya Kasih info Kambang Iwak ya,ask_destination_info
Recommend religious tourism in Palembang,ask_category
Min What's love sih,ask_unrelated
Deskripsi Palembang Trade Center,ask_destination_info
"Hey, can I ask a question?",greet
Berapa duit masuk BKB?,ask_ticket_price
Eh Bye bye makasih dong,goodbye
Fantasy Island berbayar atau gratis?,ask_ticket_price
Kak Wisata anti mainstream Palembang dong,ask_hidden_gems
Apakah ada wisata yang bisa dijangkau LRT? ya,ask_lrt_destinations
What's it like?,ask_destination_info
Mau nanya dong wisata yang cocok untuk keluarga?,ask_recommendation
Min Dadah kak? dong,goodbye
Eh Famous places in Palembang sih,ask_recommendation
Mau nanya dong Bisa naik angkot ke Jakabaring sih,ask_location_access
"Excuse me, list of culinary tourism in palembang?",ask_category
Mau nanya dong Lagu hits 2024 apa? ya,ask_unrelated
Maaf mau tanya harga tiket Museum Sultan Mahmud Badaruddin II berapa ya? ya,ask_ticket_price
Halo Apa itu AI sih,ask_unrelated
Tempat wisata murah di Palembang?,ask_recommendation
"Hello, Where is it thanks",ask_location_access
Bang Jakabaring buka setiap hari,ask_operating_hours
Mau nanya dong Tiket Palembang Trade Center berapa sih? dong,ask_ticket_price
Mau nanya dong dimana ya Palembang Square?,ask_location_access
Maaf mau tanya Rute LRT melewati wisata apa? dong,ask_lrt_destinations
Halo Pinter ya botnya? ya,provide_feedback
Hey How much for Sultan Mahmud Badaruddin II Museum tickets?,ask_ticket_price
Tourist spots along LRT route?,ask_lrt_destinations
Permisi Sampai ketemu lagi?,goodbye
Taman Kebon Rojo di mana ya?,ask_location_access
Bang cara masak rendang gimana? ya,ask_unrelated
Alamat lengkap Taman Kebon Rojo?,ask_location_access
Bang 5 bintang deh?,provide_feedback
Min Tutup jam berapa? dong,ask_operating_hours
Bisa naik angkot ke Hutan Wisata Punti Kayu?,ask_location_access
"Hi, What can I see at KI Park?",ask_destination_info
Eh That's helpful nih,provide_feedback
Rekomendasikan tempat wisata di Palembang,ask_recommendation
Bang SMB dekat stasiun LRT mana,ask_lrt_destinations
Permisi Fantasy Island tutup jam berapa dong,ask_operating_hours
Halo Oke terima kasih banyak ya? dong,goodbye
Top wisata Palembang?,ask_recommendation
Permisi kamu pintar ya,ask_unrelated
Halo recommend tourist places in palembang dong,ask_recommendation
Kambang Iwak buka dari jam berapa sampai jam berapa?,ask_operating_hours
Eh nice,provide_feedback
Bang Jam buka Jembatan Ampera kapan ya,ask_operating_hours
Bang saya pertama kali ke Palembang dong,greet
Mau nanya dong hello mau tanya,greet
Bang Wisata yang gampang dijangkau LRT?,ask_lrt_destinations
"Mau nanya dong Mau keliling Palembang naik LRT, kemana aja ya",ask_lrt_destinations
Wisata alam di Palembang ada apa aja? ya,ask_category
Permisi goodbye nih,goodbye
I want to know Thanks for the info thanks,provide_feedback
Bang saya turis sih,greet
Rute ke Punti Kayu gimana?,ask_location_access
Weekend Punti Kayu buka?,ask_operating_hours
Maaf mau tanya Yang termasuk wisata religi apa aja sih,ask_category
Min makasih,goodbye
Halo apakah Museum Balaputra Dewa buka hari minggu? dong,ask_operating_hours
Min selaamt pagi dong,greet
Eh Wah makasih infonya lengkap sih,provide_feedback
Mau nanya dong Keren dong,provide_feedback
Is Sultan Mahmud Badaruddin II Museum open on Sunday?,ask_operating_hours
Halo parkiran Kambang Iwak luas gak? ya,ask_facilities
Jakabaring Sport City fasilitasnya apa aja?,ask_facilities
Sudah cukup terima kasih,goodbye
Can you tell me what tourism spots are on the lrt line?,ask_lrt_destinations
Oke mantul,provide_feedback
Maaf mau tanya Nais sih,provide_feedback
Tempat wisata yang dilalui LRT,ask_lrt_destinations
Permisi Info fasilitas Punti Kayu dong? ya,ask_facilities
Bang Cukup dulu ya?,goodbye
Enaknya kemana ya di Palembang?,ask_recommendation
wisata murah yang bisa naik lrt? dong,ask_lrt_destinations
Museum Sultan Mahmud Badaruddin II lokasinya dimana?,ask_location_access
Maaf mau tanya hidden gems in palembang? dong,ask_hidden_gems
"Hi, can i take lrt to visit tourist places??",ask_lrt_destinations
Maaf mau tanya parkiran Palembang Trade Center luas gak?,ask_facilities
Halo Palembang Trade Center gratis gak sih? dong,ask_ticket_price
Kak LRT Palembang stop di wisata mana ya,ask_lrt_destinations
Oke terima kasih jawabannya,provide_feedback
Permisi apa itu Taman Kebon Rojo?,ask_destination_info
Assalamualaikum,greet
Kalo hari Sabtu Jakabaring buka?,ask_operating_hours
Halo dari jam berapa Palembang Icon buka?,ask_operating_hours
Kak Amanzi Waterpark buka jam berapa ya?,ask_operating_hours
Is Kemaro Island child-friendly?,ask_facilities
Mau nanya dong mau tanya harga tiket Jakabaring Sport City?,ask_ticket_price
Info lokasi Palembang Icon dong,ask_location_access
Can you tell me What are the iconic places in Palembang??,ask_recommendation
Bang Wisata Palembang yang LRT friendly,ask_lrt_destinations
Min oke sip ya,provide_feedback
Mau nanya dong recommend religious tourism in palembang ya,ask_category
Halo Tempat paling menarik di Palembang? dong,ask_recommendation
Museum Balaputra Dewa fasilitasnya apa aja?,ask_facilities
"Min Got it, thanks",goodbye
"Permisi that's all, thanks deh",goodbye
Eh ke Kemaro bayar berapa ya?,ask_ticket_price
HTM Al Quran Al Akbar berapa?,ask_ticket_price
Maaf mau tanya Destinasi rahasia Palembang nih,ask_hidden_gems
Al-Munawar di mana ya?,ask_location_access
Permisi wisata anti mainstream palembang? dong,ask_hidden_gems
Tiket masuk PTC berapa,ask_ticket_price
Bang Suka sama aplikasinya nih,provide_feedback
Permisi Ada mushola di Al-Munawar?,ask_facilities
Wisata apa yang cocok untuk foto-foto?,ask_recommendation
Min Is Palembang Trade Center Island child-friendly?,ask_facilities
Halo Tempat makan di sekitar Kambang Iwak ada ya,ask_facilities
What is it?,ask_destination_info
Please what is grand mosque of palembang??,ask_destination_info
Ada toilet gak?,ask_facilities
Maaf mau tanya Keren sih ini botnya sih,provide_feedback
Eh Does Pasar 16 Ilir Forest have food stalls dong,ask_facilities
Eh cara daftar kuliah? dong,ask_unrelated
Rute ke Kawah Tengkurep gimana?,ask_location_access
Min tempat wisata yang jarang dikunjungi di palembang? dong,ask_hidden_gems
Baiklah terima kasih banyak dong,goodbye
ada apa aja sih di Ampera,ask_destination_info
What facilities are available at Sultan Mahmud Badaruddin II Museum?,ask_facilities
"Min anakku suka main air, enaknya bawa kemana ya? ya",ask_recommendation
Kak ada yang bisa dibantu dong,greet
"Bang hello, is anyone available?",greet
Maaf mau tanya Jawaban yang memuaskan deh,provide_feedback
Bang Wisata indoor Palembang,ask_category
Halo Nice info? ya,provide_feedback
Kak Bayar berapa kalo masuk Benteng Kuto Besak?,ask_ticket_price
Permisi Aku lagi sedih nih? ya,ask_unrelated
Bang historical places in palembang? ya,ask_category
Mau nanya dong That makes sense? dong,provide_feedback
Maaf mau tanya Ada wifi di Al Quran Al Akbar dong,ask_facilities
Kak Oke terima kasih banyak ya,goodbye
Kak fasilitas Jakabaring Sport City apa aja ya?,ask_facilities
Rekomendasi wisata untuk liburan singkat,ask_recommendation
di Kambang Iwak itu kita bisa ngapain aja?,ask_destination_info
Mau tanya harga tiket Monpera,ask_ticket_price
"Excuse me, things to do in palembang?",ask_recommendation
Bang sup nih,greet
Permisi Amanzi tutup jam berapa?,ask_operating_hours
Min Lesser known attractions in Palembang sih,ask_hidden_gems
Permisi Flight tickets to Bali? ya,ask_unrelated
Maaf mau tanya Naik apa ke Museum Sultan Mahmud Badaruddin II?,ask_location_access
Hey Where should I go in Palembang please,ask_recommendation
Kak berapa biaya masuk ke BKB?,ask_ticket_price
Berapa ya tiket Palembang Square?,ask_ticket_price
Mau nanya dong OPI Mall buka jam berapa?,ask_operating_hours
Eh cara menuju Palembang Square gimana? dong,ask_location_access
Describe Grand Mosque of Palembang,ask_destination_info
Kak top wisata palembang?,ask_recommendation
Bang tempat yang belum terkenal di palembang?,ask_hidden_gems
Min harga masuk Jakabaring Sport City berapa ya ?,ask_ticket_price
Mau nanya dong Monpera buka sampai malam gak?,ask_operating_hours
Permisi fasilitas apa saja di Kawah Tengkurep?,ask_facilities
Curhatan aku dong,ask_unrelated
Permisi useful information sih,provide_feedback
Mau ke Kemaro lewat mana?,ask_location_access
Maaf mau tanya Ada wisata yang jarang orang tau dong,ask_hidden_gems
Museum Sultan Mahmud Badaruddin II buka sampai malam gak?,ask_operating_hours
Kak when does Palembang Trade Center park close? ya,ask_operating_hours
Maaf mau tanya Misi nanya dong,greet
Mau nanya dong Benteng Kuto Besak bagus gak nih,ask_destination_info
Does Al-Munawar Arab Village have parking?,ask_facilities
Mau nanya dong Wisata Palembang yang LRT friendly dong,ask_lrt_destinations
Hey off the beaten path places in palembang?,ask_hidden_gems
Wisata weekend di Palembang?,ask_recommendation
Kak Oke noted terima kasih banyak kak? ya,goodbye
Mau nanya dong Suggest tourist spots in Palembang nih,ask_recommendation
Bang Tempat wisata yang jarang dikunjungi di Palembang nih,ask_hidden_gems
Mau nanya dong info lokasi Fantasy Island dong,ask_location_access
What are the opening hours of Kemaro thanks,ask_operating_hours
Deskripsi Kampung Arab Al-Munawar,ask_destination_info
Wisata instagramable Palembang?,ask_recommendation
Describe it,ask_destination_info
Maaf mau tanya Apa SMB bisa dijangkau LRT sih,ask_lrt_destinations
Kak berapa harga tiket Siguntang ya,ask_ticket_price
List of cultural tourism in Palembang?,ask_category
Halo wisata apa aja yang dekat jalur lrt?,ask_lrt_destinations
Maaf mau tanya Amazing response,provide_feedback
Maaf mau tanya Stasiun LRT terdekat ke tempat wisata mana nih,ask_lrt_destinations
Kak mau minta saran wisata palembang nih,ask_recommendation
Dimana lokasi Jakabaring Sport City?,ask_location_access
I want to know Exactly what I needed,provide_feedback
Permisi bisa naik lrt ke Taman Kebon Rojo?,ask_lrt_destinations
Kak Palembang Square ada di daerah mana? dong,ask_location_access
Kak Fantasy Island ada area bermain anak dong,ask_facilities
Min Which tourist spots are near LRT stations,ask_lrt_destinations
Maaf mau tanya underrated tourist spots in palembang?,ask_hidden_gems
Tanya dong,greet
Kak Bye kak,goodbye
Kak aku butuh tempat healing yang tenang nih,ask_recommendation
Bang apa yang bikin Museum Sultan Mahmud Badaruddin II ini spesial?,ask_destination_info
Eh Suggest tourist spots in Palembang sih,ask_recommendation
Kak di Bukit Siguntang itu kita bisa ngapain aja? ya,ask_destination_info
Kak Halloo,greet
PIM buka jam berapa?,ask_operating_hours
Bang Apakah Museum Balaputra Dewa buka 24 jam? dong,ask_operating_hours
Bang fasilitas Taman Kambang Iwak Besak apa aja ya?,ask_facilities
"Kak Mau keliling Palembang naik LRT, kemana aja? ya",ask_lrt_destinations
Maaf mau tanya tempat museum di palembang?,ask_category
Can you tell me what is sultan mahmud badaruddin ii museum?,ask_destination_info
Museum Balaputra Dewa mulai buka jam berapa?,ask_operating_hours
Halo Ada gak wisata yang masih asri di Palembang,ask_hidden_gems
Mau nanya dong kasih tau hidden gems Palembang sih,ask_hidden_gems
Kak apa yang bikin Palembang Icon ini spesial dong,ask_destination_info
Maaf mau tanya Wisata apa aja yang dekat jalur LRT? ya,ask_lrt_destinations
Kak Flight tickets to Bali deh,ask_unrelated
Min Kapan sih Palembang Trade Center buka?,ask_operating_hours
Ke Museum Balaputra Dewa bayar berapa ya?,ask_ticket_price
Maaf mau tanya rekomendasi wisata alam palembang nih,ask_category
Info tentang Jakabaring,ask_destination_info
Bang Hotel murah di Jakarta,ask_unrelated
Min nanya dong,greet
Cerita sejarah Kemaro dong,ask_destination_info
Kak berapa harga tiket Jembatan Ampera?,ask_ticket_price
Permisi Jam bukanya kapan ya,ask_operating_hours
Please Where is Kampung Kapitan Park located,ask_location_access
Apa keunikan Museum Sultan Mahmud Badaruddin II?,ask_destination_info
kasih info Kampung Arab Al-Munawar ya,ask_destination_info
Eh Ampera ada kantin gak?,ask_facilities
Maaf mau tanya 1 2 3 test? dong,greet
How much does it cost to enter Grand Mosque of Palembang?,ask_ticket_price
Eh Terima kasih atas informasinya ya,goodbye
Min Hidden gem Palembang yang recommended? dong,ask_hidden_gems
pagi-pagi PIM sudah buka belum?,ask_operating_hours
Bang cara mengobati flu? dong,ask_unrelated
asal usul Taman Kambang Iwak Besak ini gimana ceritanya?,ask_destination_info
Mau nanya dong di Palembang Square itu kita bisa ngapain aja?,ask_destination_info
"hello, i'm looking for help ya",greet
Do you have feelings?,ask_unrelated
Eh assalamu'alaikum dong,greet
Kak wisata paling bagus di palembang? dong,ask_recommendation
Kurs dollar hari ini berapa?,ask_unrelated
Assalamualaikum kak,greet
Permisi ada apa aja sih di Amanzi ya,ask_destination_info
I want to know What culinary tourism are in Palembang,ask_category
Permisi well explained ya,provide_feedback
Kak Info tentang Kambang Iwak nih,ask_destination_info
Assalamualaikum min,greet
Why is Sultan Mahmud Badaruddin II Museum famous?,ask_destination_info
Eh Wisata yang aksesnya lewat LRT apa aja,ask_lrt_destinations
Halo alamat Pulau Kemaro apa ya?,ask_location_access
Kapan sih Punti Kayu buka?,ask_operating_hours
Permisi Apa Al-Munawar bayar dong,ask_ticket_price
Kak Waalaikumsalam dong,goodbye
Halo Wisata murah yang bisa naik LRT,ask_lrt_destinations
Maaf mau tanya Wonderful deh,provide_feedback
Bang palembang lrt tourism destinations? ya,ask_lrt_destinations
Kak ada wisata alam gak di Palembang?,ask_category
Cukup dulu ya,goodbye
Address of Kemaro Island?,ask_location_access
Halo Opening hours for Amanzi Waterpark Island? dong,ask_operating_hours
Mau nanya dong Mau cari wisata kuliner di Palembang?,ask_category
Halo mau nanya dong,greet
Kak does Pasar 16 Ilir forest have food stalls? dong,ask_facilities
Kak hidden gem palembang yang recommended? ya,ask_hidden_gems
Maaf mau tanya wisata murah yang bisa naik lrt?,ask_lrt_destinations
Maaf mau tanya Unexplored attractions in Palembang ya,ask_hidden_gems
Bang Ampera bisa ditempuh pakai apa? dong,ask_location_access
Permisi saran wisata dong? dong,ask_recommendation
History of Punti Kayu Forest?,ask_destination_info
Permisi destinasi wisata alam palembang? ya,ask_category
Kak Alternative tourist spots in Palembang dong,ask_hidden_gems
Kak Tanya dong,greet
Tempat makan di sekitar Museum Sultan Mahmud Badaruddin II ada?,ask_facilities
"Kak mau naik lrt, wisata apa yang dekat? ya",ask_lrt_destinations
Kak cerita sejarah Pulau Kemaro dong,ask_destination_info
Where can I find religious tourism in Palembang thanks,ask_category
Bang salam kenal nih,greet
Directions?,ask_location_access
"Min perfect, thank you nih",goodbye
Kak Thanks udah bantu ya? dong,goodbye
Hey What parks are in Palembang thanks,ask_category
Kak Ada wisata dekat LRT gak sih,ask_lrt_destinations
Maaf mau tanya Rekomendasi wisata religi Palembang?,ask_category
Please is Kampung Arab Al-Munawar near an lrt station?,ask_lrt_destinations
Mau nanya dong Wisata apa aja yang dekat jalur LRT?,ask_lrt_destinations
Can you tell me How much does it cost to enter PIM Forest please,ask_ticket_price
Halo ada hidden gems gak? ya,ask_hidden_gems
Min Is Jembatan Ampera Park open on weekends deh,ask_operating_hours
Mau nanya dong Hello bot sih,greet
Permisi Sampai jumpa?,goodbye
Maaf mau tanya Jembatan Ampera hari libur buka gak?,ask_operating_hours
Info wisata alam Palembang dong? ya,ask_category
Eh Tell me about dinosaurs? dong,ask_unrelated
Kak Bye kak? ya,goodbye
Can you tell me What's the meaning of life?,ask_unrelated
Kak Kawah Tengkurep itu apa?,ask_destination_info
Min What's special about Bukit Siguntang Forest?,ask_destination_info
Maaf mau tanya Mau tanya fasilitas di Kemaro ya,ask_facilities
Halo Wisata apa yang recommended di Palembang sih,ask_recommendation
Maaf mau tanya Oke terima kasih banyak ya? ya,goodbye
Maaf mau tanya wah makasih infonya lengkap sih,provide_feedback
Mau cari museum di Palembang,ask_category
Halo historical sites places in Palembang,ask_category
I want to know Why is Grand Mosque of Palembang famous thanks,ask_destination_info
Jakabaring Sport City jauh gak dari pusat kota?,ask_location_access
"Hi, What destinations are accessible by LRT??",ask_lrt_destinations
Tempat makan di sekitar Ampera ada?,ask_facilities
Hidden spots in Palembang?,ask_hidden_gems
suka sama jawabannya nih,provide_feedback
Permisi Tempat wisata unik di Palembang nih,ask_hidden_gems
Halo aku bosan deh,ask_unrelated
Min kasih tau alamat Taman Kambang Iwak Besak,ask_location_access
Kak Kambang Iwak aksesnya lewat lrt bisa?,ask_lrt_destinations
Bang wonderful deh,provide_feedback
How to go to Jakabaring Sport City?,ask_location_access
Mau nanya dong Destinasi rahasia Palembang,ask_hidden_gems
"Hi, thanks for the info thanks",provide_feedback
Maaf mau tanya Ada rekomendasi wisata gak? ya,ask_recommendation
Fasilitas umum di Masjid Agung Palembang apa aja?,ask_facilities
Jakabaring di mana ya?,ask_location_access
Maaf mau tanya Halo apakah ada yang bisa bantu nih,greet
Min ada mushola di Museum Balaputra Dewa?,ask_facilities
Price to enter Jakabaring Sport City?,ask_ticket_price
Pagi-pagi KI sudah buka belum?,ask_operating_hours
Maaf mau tanya makasih ya,goodbye
apa Kemaro bayar?,ask_ticket_price
Masih buka gak ya,ask_operating_hours
Min Recommend tourist places in Palembang dong,ask_recommendation
Halo wisata yang bisa naik LRT apa aja? dong,ask_lrt_destinations
Eh Kode pos Palembang berapa deh,ask_unrelated
Kak Top tourist attractions in Palembang? ya,ask_recommendation
Halo Palembang punya wisata alam apa ya,ask_category
Wisata masjid di Palembang apa aja,ask_category
Tempat museum di Palembang?,ask_category
Taman Kebon Rojo fasilitasnya apa aja dong,ask_facilities
Eh halo saya mau bertanya ya,greet
Jakabaring Sport City buka hari apa aja?,ask_operating_hours
Monpera di mana ya?,ask_location_access
Maaf mau tanya Sore min?,greet
Kak Tempat yang underrated di Palembang? ya,ask_hidden_gems
Permisi Thanks infonya? ya,goodbye
Ada mushola di Hutan Wisata Punti Kayu?,ask_facilities
Info taman Palembang dong?,ask_category
Halo Alamat Monpera dimana?,ask_location_access
HTM Masjid Agung Palembang berapa?,ask_ticket_price
Halo Berapa biaya masuk ke Hutan Wisata Punti Kayu? dong,ask_ticket_price
Kampung Arab Al-Munawar bayar berapa?,ask_ticket_price
Masjid Agung Palembang ada spot foto gak?,ask_facilities
Min Wisata gratis di Palembang ada gak?,ask_recommendation
Halo Wisata Tionghoa di Palembang sih,ask_category
Kak fasilitas Monpera apa aja ya?,ask_facilities
Ampera ada tempat istirahat sih,ask_facilities
Apakah Masjid Agung Palembang buka hari Minggu?,ask_operating_hours
Min Wisata yang paling sering dikunjungi? ya,ask_recommendation
"Excuse me, What are the iconic places in Palembang?",ask_recommendation
Bang terima kasih infonya dong,goodbye
Please Is admission to Monpera Bridge free?,ask_ticket_price
Permisi OPI Mall ramah anak gak?,ask_facilities
Bang Museum Sultan Mahmud Badaruddin II deket stasiun LRT mana dong,ask_location_access
Punti Kayu lokasinya dimana?,ask_location_access
Bang Taman Kebon Rojo ada area bermain anak ya,ask_facilities
Kak Curhatan aku dong,ask_unrelated
Oke sip mantap,provide_feedback
Bang PIM hari libur buka gak? ya,ask_operating_hours
Min Recommend culinary tourism in Palembang dong,ask_category
Tempat wisata unik di Palembang,ask_hidden_gems
Mau minta saran wisata Palembang,ask_recommendation
Halo Weekend OPI Mall buka?,ask_operating_hours
Eh hidden spots in palembang? dong,ask_hidden_gems
Maaf mau tanya Menarik gak Pasar 16 Ilir? ya,ask_destination_info
Bang pagi-pagi Museum Balaputra Dewa sudah buka belum?,ask_operating_hours
I want to know recommend places to see in palembang please,ask_recommendation
Min Hidden gems in Palembang? dong,ask_hidden_gems
Bang masih aktif,greet
di Pulau Kemaro itu kita bisa ngapain aja?,ask_destination_info
Halo that makes sense deh,provide_feedback
Min Kasih pantun dong? ya,ask_unrelated
Bang fasilitas umum di OPI Mall apa aja? dong,ask_facilities
Eh History of Hutan Wisata Punti Kayu?,ask_destination_info
Maaf mau tanya Dari pusat kota ke Taman Kambang Iwak Besak berapa lama?,ask_location_access
Kak is Siguntang bridge open today?,ask_operating_hours
Maaf mau tanya Wisata yang bisa dikunjungi sehari nih,ask_recommendation
Min adminnya mana dong,ask_unrelated
Eh What's special about Pulau Kemaro Bridge dong,ask_destination_info
Min Lesser known attractions in Palembang?,ask_hidden_gems
Mau nanya dong Kampung Kapitan terkenal karena apa? dong,ask_destination_info
Eh Alamat lengkap SMB dong,ask_location_access
Permisi Underrated tourist spots in Palembang dong,ask_hidden_gems
Maaf mau tanya Wisata yang paling dekat LRT?,ask_lrt_destinations
Cara main saham?,ask_unrelated
Permisi Is Monpera open on Sunday nih,ask_operating_hours
Eh Aku bosan sih,ask_unrelated
Min fasilitas pendukung Kampung Kapitan?,ask_facilities
Min rating 5 untuk botnya deh,provide_feedback
nature tourism places in Palembang?,ask_category
Eh very detailed deh,provide_feedback
Kak Wisata baru yang belum terkenal?,ask_hidden_gems
Min Oke noted makasih deh,goodbye
Kapan Kemaro buka sih,ask_operating_hours
Min saya baru ke Palembang? ya,greet
Eh Can someone help me deh,greet
"Excuse me, Where is Palembang Square Forest located thanks",ask_location_access
Sampai nanti kak,goodbye
Min wisata yang gampang dijangkau lrt? ya,ask_lrt_destinations
Eh cultural tourism places in Palembang? ya,ask_category
History of SMB II Forest sih,ask_destination_info
Halo apa Kambang Iwak bayar? ya,ask_ticket_price
Bang tell me about Taman Kebon Rojo ya,ask_destination_info
Can you tell me where can i go by lrt for sightseeing?,ask_lrt_destinations
Cara menghilangkan jerawat sih,ask_unrelated
Maaf mau tanya Kak wisata yang bisa naik LRT apa aja? dong,ask_lrt_destinations
Facilities at Kampung Kapitan?,ask_facilities
Eh best places to visit by lrt? dong,ask_lrt_destinations
Is Ampera Bridge worth visiting?,ask_destination_info
Mau nanya dong does SMB bridge open every day?,ask_operating_hours
Mau nanya dong Hlo deh,greet
Permisi apa yang bikin Pulau Kemaro ini spesial?,ask_destination_info
kenapa orang-orang suka ke Taman Kebon Rojo?,ask_destination_info
Mau nanya dong Apakah Kampung Arab Al-Munawar buka hari Minggu?,ask_operating_hours
Eh Malam min? ya,greet
Kak Selamat malam sih,greet
Eh Pinter ya botnya? dong,provide_feedback
Bang Is Museum Sultan Mahmud Badaruddin II Island open on weekends,ask_operating_hours
"Hi, how do i get to Ampera?",ask_location_access
Maaf mau tanya Lesser known attractions in Palembang deh,ask_hidden_gems
Apa BKB bisa dijangkau LRT?,ask_lrt_destinations
Halo apa arti cinta? dong,ask_unrelated
Bang Wisata instagramable Palembang deh,ask_recommendation
Min Sip lanjut kak?,provide_feedback
Mau nanya dong 5 stars dong,provide_feedback
Permisi tiket BKB berapa sih?,ask_ticket_price
Eh Tempat yang underrated di Palembang dong,ask_hidden_gems
Info jam buka Monpera dong,ask_operating_hours
Halo Tempat keren tapi belum terkenal di Palembang ya,ask_hidden_gems
Hey does Hutan Wisata Punti Kayu have a mosque?,ask_facilities
Eh Wisata yang belum viral di Palembang ya,ask_hidden_gems
Halo Info lokasi Hutan Wisata Punti Kayu dong? dong,ask_location_access
Info tentang Punti Kayu,ask_destination_info
di Masjid Agung Palembang itu kita bisa ngapain aja?,ask_destination_info
Dimana lokasi Masjid Cheng Ho?,ask_location_access
Tempat paling menarik di Palembang,ask_recommendation
Eh bismillah mau tanya dong,greet
Mau nanya dong Saranin wisata di Palembang dong?,ask_recommendation
Eh Details about Kemaro Arab Village? dong,ask_destination_info
Maaf mau tanya hi bot nih,greet
Kak Dari jam berapa PTC buka? dong,ask_operating_hours
Jam buka SMB kapan?,ask_operating_hours
Kak Keren banget infonya sih,provide_feedback
Kak fasilitas apa saja di Pulau Kemaro?,ask_facilities
Permisi destinasi yang lrt accessible? dong,ask_lrt_destinations
Mau nanya dong good info,provide_feedback
Mau nanya dong mau minta saran wisata palembang dong,ask_recommendation
Describe Sultan Mahmud Badaruddin II Museum,ask_destination_info
Bang LRT bisa ke Fantasy Island gak? ya,ask_lrt_destinations
What's the address of Benteng Kuto Besak?,ask_location_access
Kak Tempat wisata bertema budaya Melayu deh,ask_category
Mau nanya dong destinasi yang lrt accessible? ya,ask_lrt_destinations
Bang rute lrt melewati wisata apa?,ask_lrt_destinations
Bang Lesser known attractions in Palembang? ya,ask_hidden_gems
Jadwal kereta api Jakarta?,ask_unrelated
Sejarah PIM apa ya?,ask_destination_info
Info jam buka Palembang Trade Center dong,ask_operating_hours
Jam tutup PTC kapan?,ask_operating_hours
"Hi, What facilities are available at Sultan Mahmud Badaruddin II Museum thanks",ask_facilities
Kayak apa sih PIM?,ask_destination_info
"Hi, Can I take public transport to Pasar 16 Ilir?",ask_location_access
Seru gak Taman Kebon Rojo?,ask_destination_info
"Excuse me, suggest places for sightseeing in palembang",ask_recommendation
Permisi Wisata yang belum viral di Palembang,ask_hidden_gems
"Hi, who is the president of indonesia??",ask_unrelated
Berapa duit masuk Al-Munawar?,ask_ticket_price
"Excuse me, What is Jakabaring?",ask_destination_info
Permisi Tanya dong?,greet
Eh hai saya baru ke palembang sih,greet
Please what's the capital of france?,ask_unrelated
Haloo? dong,greet
Eh Apakah Jembatan Ampera dekat LRT sih,ask_lrt_destinations
"Hello, Can I take LRT to Pulau Kemaro Bridge?",ask_lrt_destinations
Cara menghilangkan jerawat?,ask_unrelated
Tempat makan di sekitar Bukit Siguntang ada?,ask_facilities
Kak LRT friendly tourist destinations?,ask_lrt_destinations
Kak sampai jumpa lagi dong,goodbye
Permisi Any hidden gems to visit? dong,ask_hidden_gems
Pulau Kemaro bagus gak?,ask_destination_info
Bagaimana cara belajar coding?,ask_unrelated
Rumah sakit terdekat?,ask_unrelated
Fasilitas pendukung Jakabaring Sport City nih,ask_facilities
Sampai jumpa lagi,goodbye
Does KI Arab Village have food stalls? dong,ask_facilities
Ada fasilitas apa di KI?,ask_facilities
Eh wassalamualaikum dong,goodbye
Howdy,greet
I want to know What days is Grand Mosque of Palembang open?,ask_operating_hours
Kak Tourist recommendations for Palembang,ask_recommendation
Halo Berapa ya tiketnya,ask_ticket_price
Kak hello bot dong,greet
Maaf mau tanya Enaknya kemana ya di Palembang,ask_recommendation
Al Quran Al Akbar ada area bermain anak?,ask_facilities
Min Wisata wisata budaya di Palembang apa aja deh,ask_category
what time does sultan mahmud badaruddin ii museum close? dong,ask_operating_hours
selaamt pagi dong,greet
Rating 5 untuk botnya,provide_feedback
Permisi ada orang? dong,greet
Ceritain Bukit Siguntang dong? dong,ask_destination_info
Kak Ceritakan tentang PIM,ask_destination_info
I want to know Where can I find museums in Palembang please,ask_category
Min palembang tourism recommendations?,ask_recommendation
Halo Wisata Palembang yang populer apa nih,ask_recommendation
Permisi Wisata Bali yang bagus deh,ask_unrelated
Hai saya baru ke Palembang ya,greet
Info jam buka Kampung Kapitan dong,ask_operating_hours
Universitas terbaik Indonesia nih,ask_unrelated
Eh HTM OPI Mall berapa deh,ask_ticket_price
Min harga masuk Palembang Square berapa?,ask_ticket_price
sampai nanti kak,goodbye
Location of Punti Kayu Forest?,ask_location_access
Min OPI Mall bisa ditempuh pakai apa ya,ask_location_access
Kak Makasih ya sangat berguna infonya sih,goodbye
How much is the admission to Jakabaring Sport City?,ask_ticket_price
"Bang Hi, planning to visit Palembang? ya",greet
Palembang Trade Center terkenal karena apa?,ask_destination_info
Mau nanya dong Recommend museums in Palembang nih,ask_category
Permisi tips menurunkan berat badan?,ask_unrelated
Min Top wisata Palembang sih,ask_recommendation
Bang Ada wifi di Kemaro?,ask_facilities
Maaf mau tanya Palembang punya wisata religi apa? dong,ask_category
Maaf mau tanya Museum Balaputra Dewa ada di daerah mana?,ask_location_access
"Permisi Mau explore Palembang pakai LRT, kemana aja bisa ya",ask_lrt_destinations
Eh KI fasilitasnya apa aja dong,ask_facilities
Bang Wisata yang belum viral di Palembang deh,ask_hidden_gems
Mau nanya dong assalamualaikum bye sih,goodbye
Mau nanya dong Infonya detail banget sih,provide_feedback
Eh Mau ke Kawah Tengkurep lewat mana?,ask_location_access
Min makasih kak nanti saya tanya lagi,goodbye
Can I take LRT to Al Quran Al Akbar Bridge??,ask_lrt_destinations
Hello there,greet
Permisi fasilitas Masjid Cheng Ho lengkap gak?,ask_facilities
Min Tempat-tempat wisata yang aksesibel LRT?,ask_lrt_destinations
Mau tanya fasilitas di Pulau Kemaro,ask_facilities
Kak Membantu banget kak?,provide_feedback
Hai mau konsultasi dong,greet
Kak Keren sih ini botnya?,provide_feedback
Bang recommend religious tourism in palembang ya,ask_category
Jelaskan tentang Amanzi Waterpark,ask_destination_info
Sampai nanti kak? ya,goodbye
How to reach Kambang Iwak Park?,ask_location_access
Bang take care nih,goodbye
Kak kapan Palembang Icon buka?,ask_operating_hours
Kak recommend tourist places in palembang sih,ask_recommendation
Things to do in Palembang?,ask_recommendation
Kak Jam tutup Jakabaring Sport City kapan?,ask_operating_hours
Min Harga tiket masuk Amanzi Waterpark sekarang berapa,ask_ticket_price
"Hello, Off the beaten path places in Palembang??",ask_hidden_gems
Akses ke Kawah Tengkurep mudah gak?,ask_location_access
Bang Wisata yang bisa dikunjungi sehari?,ask_recommendation
Posisi Kampung Kapitan dimana ya?,ask_location_access
Mau nanya dong mau tanya jam operasional Palembang Trade Center deh,ask_operating_hours
Permisi Destinasi favorit di Palembang ya,ask_recommendation
Mau tanya harga tiket Kampung Arab Al-Munawar,ask_ticket_price
Bye bye makasih,goodbye
Mau nanya dong saran wisata dong? ya,ask_recommendation
How to reach Jakabaring Sport City?,ask_location_access
Maaf mau tanya Wisata apa aja yang dekat jalur LRT nih,ask_lrt_destinations
Bang wah makasih infonya lengkap deh,provide_feedback
Maaf mau tanya Dari stasiun LRT bisa ke wisata apa,ask_lrt_destinations
Kak help me please nih,greet
Bang malam kak,greet
Min Must-visit places in Palembang deh,ask_recommendation
Mau nanya dong info fasilitas Kampung Kapitan dong,ask_facilities
Halo rekomendasi wisata Palembang apa? ya,ask_recommendation
Mau nanya dong PTC fasilitasnya apa aja nih,ask_facilities
Halo Hi bot? dong,greet
Min Alamat lengkap Pulau Kemaro?,ask_location_access
Wah makasih infonya lengkap,provide_feedback
Maaf mau tanya sup dong,greet
SMB di mana ya?,ask_location_access
Maaf mau tanya berapa harga tiket masuk Jakabaring Sport City? dong,ask_ticket_price
Mau nanya dong lrt berhenti dekat wisata mana?,ask_lrt_destinations
Palembang Trade Center bisa ditempuh pakai apa?,ask_location_access
Min Apa Amanzi bisa dijangkau LRT dong,ask_lrt_destinations
Eh Oke segitu aja dulu ya? dong,goodbye
Min Deskripsi Punti Kayu nih,ask_destination_info
"Hi, are you a robot??",ask_unrelated
Wisata masjid di Palembang apa aja?,ask_category
recommend places to see in palembang?,ask_recommendation
any culinary tourism in palembang?,ask_category
Mau nanya dong Info wisata budaya Palembang dong,ask_category
Kampung Kapitan buka dari jam berapa sampai jam berapa?,ask_operating_hours
Maaf mau tanya lokasi Kambang Iwak dimana kak? ya,ask_location_access
Bang Siapa presiden Indonesia ya,ask_unrelated
Hello bot,greet
Kak Bagaimana cara move on? ya,ask_unrelated
Halo tanyakito dong,greet
Maaf mau tanya Well explained ya,provide_feedback
Operating hours?,ask_operating_hours
Halo Membantu banget kak? ya,provide_feedback
"Hi, first time in Palembang dong",greet
Bang is Kampung Kapitan open on weekends?,ask_operating_hours
Kawah Tengkurep ada tempat parkir?,ask_facilities
Oke terima kasih? dong,goodbye
Bang Tempat wisata unik di Palembang? dong,ask_hidden_gems
Apa obat sakit kepala?,ask_unrelated
Kak Pulau Kemaro aksesnya lewat LRT bisa sih,ask_lrt_destinations
Kemana aja bisa naik LRT untuk wisata?,ask_lrt_destinations
Min Taman Kambang Iwak Besak ada kantin gak dong,ask_facilities
Maaf mau tanya wisata yang belum mainstream? ya,ask_hidden_gems
Eh tes dong,greet
Kak Mau tanya jam operasional Siguntang?,ask_operating_hours
Min aku bosan nih,ask_unrelated
Bang Bukit Siguntang buka sampai malam gak?,ask_operating_hours
Does Jakabaring Sport City have a mosque?,ask_facilities
Bang stasiun lrt dekat tempat wisata? ya,ask_lrt_destinations
"Hi, do i need to pay to enter Pasar 16 Ilir?",ask_ticket_price
Permisi Alamat Palembang Icon dimana?,ask_location_access
What historical sites are in Palembang??,ask_category
Best places to visit by LRT?,ask_lrt_destinations
Mau nanya dong ceritain Kawah Tengkurep dong,ask_destination_info
Kode pos Palembang berapa nih,ask_unrelated
Apakah Punti Kayu gratis?,ask_ticket_price
Bang 5 bintang deh,provide_feedback
Can I take LRT to SMB Bridge thanks,ask_lrt_destinations
Min 5 stars?,provide_feedback
does SMB II bridge have a mosque?,ask_facilities
Kak tell me about dinosaurs,ask_unrelated
Mau nanya dong Slmt siang deh,greet
Min Saran tempat wisata di Palembang dong,ask_recommendation
Min bismillah mau tanya,greet
Review tentang PTC,ask_destination_info
Does Punti Kayu Forest have parking?,ask_facilities
Test,greet
Hidden gem Palembang yang recommended? ya,ask_hidden_gems
where is Masjid Agung Palembang located?,ask_location_access
Kak Mau tanya jam operasional Kampung Arab Al-Munawar?,ask_operating_hours
Dimana lokasi Hutan Wisata Punti Kayu?,ask_location_access
Permisi oke segitu dulu nih,goodbye
Bang Helo dong,greet
PTC ada tempat istirahat?,ask_facilities
Maaf mau tanya Kalo hari Sabtu Jembatan Ampera buka sih,ask_operating_hours
Permisi good answer sih,provide_feedback
Maaf mau tanya Min kasih tau hidden gems Palembang? dong,ask_hidden_gems
Eh wisata wisata alam di palembang apa aja? dong,ask_category
Maaf mau tanya wisata untuk anak-anak di palembang? dong,ask_recommendation
Kak dimana ya Taman Kambang Iwak Besak?,ask_location_access
Mau nanya dong Infonya akurat? dong,provide_feedback
Rekomendasi hidden gems dong,ask_hidden_gems
Bagaimana cara memasak telur?,ask_unrelated
Permisi bye dong,goodbye
Eh Excellent information? ya,provide_feedback
Apa Museum Sultan Mahmud Badaruddin II bisa dijangkau LRT?,ask_lrt_destinations
Mau tanya jam operasional Museum Balaputra Dewa,ask_operating_hours
Yang termasuk wisata sejarah apa aja?,ask_category
Permisi tempat yang bagus buat foto-foto keluarga di mana ya?,ask_recommendation
terima kasih atas informasinya dong,goodbye
Dari mana ke Fantasy Island?,ask_location_access
Eh Sangat membantu nih,provide_feedback
Please is Kambang Iwak open in the morning?,ask_operating_hours
Bang mau tanya? dong,greet
Min siapa yang bikin kamu sih,ask_unrelated
ada apa aja sih di SMB II?,ask_destination_info
Info fasilitas Pasar 16 Ilir dong,ask_facilities
Destinasi taman Palembang ya,ask_category
Amanzi Waterpark gratis gak sih?,ask_ticket_price
"Bang Mau explore Palembang pakai LRT, kemana aja bisa nih",ask_lrt_destinations
What's the address of Grand Mosque of Palembang?,ask_location_access
Bang Update harga tiket Palembang Square dong,ask_ticket_price
Ada taman di Palembang?,ask_category
What's the address?,ask_location_access
SMB dekat stasiun LRT mana?,ask_lrt_destinations
Permisi Kambang Iwak aksesnya lewat lrt bisa?,ask_lrt_destinations
hari ini Palembang Trade Center buka gak ya? dong,ask_operating_hours
Halo destinasi wisata religi palembang? dong,ask_category
Apa Kambang Iwak bayar?,ask_ticket_price
Best destinations in Palembang?,ask_recommendation
Permisi Jembatan Ampera buka hari apa aja?,ask_operating_hours
Masjid Agung Palembang bisa ditempuh pakai apa?,ask_location_access
Apa keunikan Palembang Square sih,ask_destination_info
Maaf mau tanya Rekomendasi museum Palembang nih,ask_category
Kampung Arab Al-Munawar tutup jam berapa?,ask_operating_hours
Eh Dari jam berapa Kampung Arab Al-Munawar buka?,ask_operating_hours
Mau nanya dong fasilitas pendukung SMB?,ask_facilities
asal usul Jembatan Ampera ini gimana ceritanya?,ask_destination_info
Cara bikin cuko pempek,ask_unrelated
Eh Harga tiket Taman Kambang Iwak Besak berapa ya,ask_ticket_price
Kak aku lagi sedih nih,ask_unrelated
Eh Sip terima kasih kak,goodbye
Maaf mau tanya Makasih infonya kak?,provide_feedback
Halo Saran tempat wisata di Palembang,ask_recommendation
Tolong kasih tau alamat Kawah Tengkurep,ask_location_access
Update harga tiket Palembang Icon dong,ask_ticket_price
Bayar berapa kalo masuk Ampera?,ask_ticket_price
Mau nanya dong 5 stars? dong,provide_feedback
Halo Tempat wisata ikonik Palembang deh,ask_recommendation
Min Does Hutan Wisata Punti Kayu Bridge open every day? dong,ask_operating_hours
Opening hours?,ask_operating_hours
Mau nanya dong Di daerah mana,ask_location_access
Kak fasilitas SMB apa aja ya?,ask_facilities
Eh Kak ada hidden gems gak sih,ask_hidden_gems
Maaf mau tanya ceritakan tentang dinosaurus nih,ask_unrelated
What's the ticket price for Monpera?,ask_ticket_price
Halo htm Masjid Cheng Ho berapa?,ask_ticket_price
What makes Kambang Iwak Park unique?,ask_destination_info
Can I take public transport to Kambang Iwak Park?,ask_location_access
Min alamat Ampera apa ya?,ask_location_access
Wisata off the beaten path Palembang?,ask_hidden_gems
Ticket price for Sultan Mahmud Badaruddin II Museum?,ask_ticket_price
Bang woi,greet
"Bang Great, thanks nih",goodbye
Min Wisata Tionghoa di Palembang?,ask_category
Min Museum Balaputra Dewa ramah anak gak?,ask_facilities
Stasiun LRT terdekat ke tempat wisata mana?,ask_lrt_destinations
Kak ada wisata yang jarang orang tau? ya,ask_hidden_gems
Please What days is Siguntang open please,ask_operating_hours
SMB II ada area bermain anak?,ask_facilities
Mau nanya dong mau cari wisata religi di palembang dong,ask_category
Eh Maaf mau tanya ya,greet
Eh Mau jalan-jalan di Palembang kemana ya,ask_recommendation
Hey What tourism spots are on the LRT line please,ask_lrt_destinations
Maaf mau tanya Wisata murah yang bisa naik LRT? dong,ask_lrt_destinations
Can you tell me How much to get into Palembang Trade Center Forest?,ask_ticket_price
Mau nanya dong Howdy?,greet
LRT Palembang lewat wisata mana?,ask_lrt_destinations
Maaf mau tanya terima kasih sangat membantu nih,goodbye
Maaf mau tanya Cukup sekian dong,goodbye
Halo Buka jam berapa nih,ask_operating_hours
Maaf mau tanya Dari mana ke Monpera ya,ask_location_access
Mau nanya dong Noted kak? dong,provide_feedback
jam operasional Palembang Square? dong,ask_operating_hours
Halo Salam kenal ya,greet
Maaf mau tanya useful information nih,provide_feedback
Malam min,greet
Harga masuknya berapa kak?,ask_ticket_price
Min Which tourist spots are near LRT stations sih,ask_lrt_destinations
Halo Makasih banyak? ya,goodbye
Maaf mau tanya Apa itu cryptocurrency?,ask_unrelated
Halo Tempat makan di sekitar Pulau Kemaro ada?,ask_facilities
Bang tourist spots along lrt route? dong,ask_lrt_destinations
Kak Destinasi wisata LRT Palembang? dong,ask_lrt_destinations
Eh Does Kambang Iwak Arab Village have parking dong,ask_facilities
Halo who are you? dong,ask_unrelated
What are the operating hours of Jakabaring Sport City?,ask_operating_hours
Bang Hey there?,greet
Eh Kak ada wisata budaya gak di Palembang sih,ask_category
Bukit Siguntang ada di daerah mana?,ask_location_access
Kak is Jembatan Ampera child-friendly?,ask_facilities
Oke segitu aja dulu ya,goodbye
Bang Tempat wisata murah di Palembang ya,ask_recommendation
Kira-kira harga tiket SMB II berapa?,ask_ticket_price
Hey How to get a visa please,ask_unrelated
Rute ke Masjid Agung Palembang gimana?,ask_location_access
Can someone help me?,greet
Please How to make money online thanks,ask_unrelated
Eh PTC ada toilet gak?,ask_facilities
Maaf mau tanya Cara daftar CPNS gimana,ask_unrelated
Permisi mau cari wisata alam di palembang deh,ask_category
Bang Wisata apa yang cocok untuk foto-foto ya,ask_recommendation
Min Jam operasional Palembang Trade Center sih,ask_operating_hours
Maaf mau tanya htm SMB berapa?,ask_ticket_price
Eh Kasih info OPI Mall ya,ask_destination_info
Kak Rekomendasi masjid Palembang,ask_category
Min alamat Al Quran Al Akbar apa ya?,ask_location_access
Maaf mau tanya Cara bikin cuko pempek ya,ask_unrelated
Halo OPI Mall itu tempat apa sih,ask_destination_info
Halo selamat pagi,greet
Posisi Museum Sultan Mahmud Badaruddin II dimana ya?,ask_location_access
Apakah Fantasy Island buka hari Minggu?,ask_operating_hours
Cara menuju BKB gimana?,ask_location_access
Opening hours for Kambang Iwak Park?,ask_operating_hours
"Hello, List of historical sites in Palembang",ask_category
Kak mau liburan di palembang kemana ya? ya,ask_recommendation
"Hello, List of museums in Palembang??",ask_category
Permisi perfect,provide_feedback
Gimana Masjid Cheng Ho?,ask_destination_info
Info museum Palembang dong,ask_category
Jadwal buka Kawah Tengkurep kapan ya?,ask_operating_hours
Halo info fasilitas Palembang Trade Center dong,ask_facilities
Min harga masuk Palembang Icon berapa?,ask_ticket_price
Halo Cara daftar CPNS gimana sih,ask_unrelated
Kak Ke Kawah Tengkurep bayar berapa ya,ask_ticket_price
Kak Haloo sih,greet
"Hi, what's the entrance fee at Palembang Icon bridge?",ask_ticket_price
Kak best places to visit by lrt?,ask_lrt_destinations
Halo rekomendasi wisata untuk liburan singkat sih,ask_recommendation
Kak Pasar 16 Ilir gratis gak sih?,ask_ticket_price
Can you tell me What culinary tourism are in Palembang?,ask_category
PTC hari libur buka gak?,ask_operating_hours
Eh Wisata yang paling dekat LRT? ya,ask_lrt_destinations
Maaf mau tanya Canggih botnya deh,provide_feedback
Halo Noted kak? ya,provide_feedback
halo bisa tanya sesuatu? dong,greet
Info wisata alam Palembang dong,ask_category
Please What's the address of Grand Mosque of Palembang,ask_location_access
Eh Which tourist spots are near LRT stations deh,ask_lrt_destinations
Ceritakan joke dong,ask_unrelated
Bang hari ini OPI Mall buka gak ya?,ask_operating_hours
What days is Benteng Kuto Besak open?,ask_operating_hours
Menarik gak sih,ask_destination_info
Palembang punya wisata religi apa?,ask_category
Gimana Kambang Iwak?,ask_destination_info
Address of Benteng Kuto Besak?,ask_location_access
Historical places in Palembang?,ask_category
Mau nanya dong hi sih,greet
LRT Palembang stop di wisata mana,ask_lrt_destinations
Kalo hari Sabtu BKB buka?,ask_operating_hours
Kak Posisi Kambang Iwak dimana ya,ask_location_access
Permisi info wisata sejarah palembang dong,ask_category
Permisi Kemana aja bisa naik LRT untuk wisata,ask_lrt_destinations
Eh Nais nih,provide_feedback
Mau nanya dong Lokasinya dimana ya? dong,ask_location_access
Permisi Tempat makan di sekitar Kawah Tengkurep ada,ask_facilities
Bisa naik LRT ke BKB?,ask_lrt_destinations
Mau nanya dong aku lagi pengen makan enak sambil liat sungai nih,ask_recommendation
Mau tanya jam operasional Punti Kayu sih,ask_operating_hours
Min TanyaKito,greet
Mau tau tentang Kambang Iwak,ask_destination_info
Min Any nature tourism in Palembang deh,ask_category
1 2 3 test,greet
Rating 5 untuk botnya sih,provide_feedback
Eh menarik gak Kambang Iwak? ya,ask_destination_info
Eh Mau ke tempat yang unik dan sepi ya,ask_hidden_gems
Mau nanya dong dari stasiun lrt bisa ke wisata apa?,ask_lrt_destinations
"Excuse me, Where to go in Palembang",ask_recommendation
Is admission to Ampera Bridge free?,ask_ticket_price
Kak Jembatan Ampera di mana ya? ya,ask_location_access
Kak Oke mantap kak? dong,goodbye
Bang Wisata off the beaten path Palembang dong,ask_hidden_gems
Eh wisata yang gak pasaran di palembang? dong,ask_hidden_gems
Tempat paling menarik di Palembang?,ask_recommendation
Min kenapa Palembang Trade Center terkenal?,ask_destination_info
describe sultan mahmud badaruddin ii museum deh,ask_destination_info
Harga masuk Pasar 16 Ilir berapa ya ?,ask_ticket_price
Info tentang Kampung Arab Al-Munawar,ask_destination_info
Halo kamu cantik,ask_unrelated
Bang recommend culinary tourism in palembang sih,ask_category
Eh mau cari wisata yang seru di palembang ya,ask_recommendation
Kak Kamu siapa dong,ask_unrelated
Mau nanya dong saya pengunjung baru dong,greet
Permisi wisata sore hari di palembang? dong,ask_recommendation
Min Wisata yang bisa pake LRT dong,ask_lrt_destinations
Min Any hidden gems to visit? dong,ask_hidden_gems
Mau nanya dong info jam buka Kemaro dong,ask_operating_hours
Halo Ceritakan tentang dinosaurus?,ask_unrelated
Halo keren nih,provide_feedback
Maaf mau tanya haloo dong,greet
"Hi, what are the iconic places in palembang??",ask_recommendation
Dari jam berapa Amanzi Waterpark buka?,ask_operating_hours
Unique places to visit in Palembang thanks,ask_hidden_gems
Maaf mau tanya Dari mana ke Taman Kambang Iwak Besak? ya,ask_location_access
Mau nanya dong Taman di Palembang ada apa aja dong,ask_category
Kak Bot deh,greet
Is Ampera Bridge open in the morning?,ask_operating_hours
Permisi LRT Palembang lewat wisata mana? dong,ask_lrt_destinations
I want to know what's the address of sultan mahmud badaruddin ii museum??,ask_location_access
Maaf mau tanya HTM nya berapa ya,ask_ticket_price
Infonya detail banget,provide_feedback
Bang Jam buka Palembang Trade Center kapan? dong,ask_operating_hours
Permisi resep nasi goreng dong,ask_unrelated
Mantap makasih,goodbye
Maaf mau tanya Jembatan Ampera deket stasiun LRT mana ya,ask_location_access
Kak keren ya,provide_feedback
Kak is Amanzi open on sunday? ya,ask_operating_hours
BKB jauh gak dari pusat kota?,ask_location_access
Hai saya pertama kali ke Palembang,greet
"Bye, thanks for everything",goodbye
Min Rekomendasi wisata untuk liburan singkat deh,ask_recommendation
Info wisata kuliner Palembang dong?,ask_category
Pasar 16 Ilir gratis gak sih?,ask_ticket_price
Alamat lengkap SMB II?,ask_location_access
Eh Apa Palembang Square bayar deh,ask_ticket_price
Aku mau cerita?,ask_unrelated
Min Destinasi taman Palembang? ya,ask_category
Places that tourists don't usually go? ya,ask_hidden_gems
Permisi asal usul Amanzi ini gimana ceritanya sih,ask_destination_info
"Hello, Which places can I visit using LRT?",ask_lrt_destinations
Mau nanya dong wisata yang bisa naik LRT apa aja,ask_lrt_destinations
Please Where should I go in Palembang thanks,ask_recommendation
Halo Mau jalan-jalan pakai LRT bisa kemana? dong,ask_lrt_destinations
How to learn programming,ask_unrelated
Min Kampung Kapitan jauh gak dari pusat kota?,ask_location_access
Kenapa PTC terkenal?,ask_destination_info
Kak dimana ya PIM?,ask_location_access
Min best places to visit by lrt? ya,ask_lrt_destinations
Kak fasilitas Kampung Arab Al-Munawar apa aja ya?,ask_facilities
"Excuse me, When does it close?",ask_operating_hours
"Bang Mau keliling Palembang naik LRT, kemana aja nih",ask_lrt_destinations
Benteng Kuto Besak ada toilet gak?,ask_facilities
Min Jawaban yang sangat membantu deh,provide_feedback
Maaf mau tanya Waalaikumsalam? ya,goodbye
Eh tempat wisata unik di palembang? ya,ask_hidden_gems
oke kak sampai jumpa nih,goodbye
Halo Ada rekomendasi wisata gak? dong,ask_recommendation
Mau nanya dong bot aktif?,greet
Mau nanya dong Rekomendasi wisata kuliner Palembang? ya,ask_category
Kak Are there tourist attractions near LRT stations,ask_lrt_destinations
Maaf mau tanya Wisata paling bagus di Palembang,ask_recommendation
Kak Sejarah Kampung Kapitan apa ya? ya,ask_destination_info
great bot ya,provide_feedback
Mau nanya dong Wisata malam di Palembang kemana? ya,ask_recommendation
Hey Facilities at Grand Mosque of Palembang please,ask_facilities
"Hello, what can i see at Pasar 16 Ilir??",ask_destination_info
Kak Tiketnya berapa,ask_ticket_price
Permisi Thanks udah bantu ya?,goodbye
1+1 berapa deh,ask_unrelated
Kak location of Kemaro park?,ask_location_access
Kasih tau deskripsinya,ask_destination_info
Kak 1+1 berapa? dong,ask_unrelated
Hey how much for Jakabaring tickets?,ask_ticket_price
Apa yang menarik dari Pulau Kemaro?,ask_destination_info
Why is Kampung Kapitan famous?,ask_destination_info
Halo Asalamualaikum?,greet
Maaf mau tanya Palembang LRT tourism destinations dong,ask_lrt_destinations
Permisi Hidden gem Palembang yang recommended sih,ask_hidden_gems
Halo Review tentang Siguntang ya,ask_destination_info
Mau ke OPI Mall bayar berapa?,ask_ticket_price
Permisi Harga tiket Bukit Siguntang berapa ya,ask_ticket_price
Mau nanya dong Kampung Kapitan bayar berapa deh,ask_ticket_price
Halo kamu bodoh dong,ask_unrelated
Mau nanya dong Thanks dong,goodbye
Permisi Apa itu,ask_destination_info
BKB ada di daerah mana?,ask_location_access
Bang Terima kasih infonya sangat berguna ya,provide_feedback
What's the location of Al-Munawar Arab Village?,ask_location_access
Kak ada wisata kuliner di palembang?,ask_category
Can you tell me Where should I go in Palembang,ask_recommendation
Kak Top wisata Palembang nih,ask_recommendation
What can I see at Benteng Kuto Besak?,ask_destination_info
Halo ada rekomendasi wisata gak?,ask_recommendation
Bang Waalaikumsalam sih,goodbye
Mau nanya dong Pagi min? ya,greet
Lokasi Palembang Trade Center dimana kak?,ask_location_access
Min udah itu aja kak makasih ya,goodbye
Bang Monpera di mana ya?,ask_location_access
Bang bye bye,goodbye
Halo palembang punya wisata religi apa? ya,ask_category
Can you tell me Thanks for the info,goodbye
Min wisata instagramable palembang?,ask_recommendation
Mau ke Palembang Icon lewat mana?,ask_location_access
Maaf mau tanya wisata wisata sejarah di palembang apa aja?,ask_category
Monpera gratis gak sih?,ask_ticket_price
What makes Jakabaring Sport City unique?,ask_destination_info
Permisi Apotek 24 jam di Palembang? ya,ask_unrelated
What are the iconic places in Palembang,ask_recommendation
Tiket masuk SMB berapa?,ask_ticket_price
Ticket price for Jakabaring Sport City?,ask_ticket_price
What's the time? dong,ask_unrelated
Gimana Palembang Trade Center?,ask_destination_info
Masuk Jakabaring gratis atau bayar?,ask_ticket_price
Kasih tau dong tentang Al-Munawar,ask_destination_info
Eh Suggest tourist spots in Palembang? ya,ask_recommendation
Mau nanya dong apakah botnya aktif dong,greet
Maaf mau tanya Mantap makasih nih,goodbye
Halo Kemaro terkenal karena apa nih,ask_destination_info
Is Pasar 16 Ilir Island far from the city center thanks,ask_location_access
Please how much is the ticket?,ask_ticket_price
LRT friendly tourist destinations?,ask_lrt_destinations
Can you tell me Best things to do in Palembang,ask_recommendation
Permisi Mau tanya jam operasional Al-Munawar?,ask_operating_hours
Maaf mau tanya baik terima kasih deh,goodbye
Maaf mau tanya Mau cari wisata religi di Palembang ya,ask_category
How much does it cost to enter Kemaro Island?,ask_ticket_price
Bagaimana cara ke PIM?,ask_location_access
Mau nanya dong What's Bitcoin,ask_unrelated
Bang Fasilitasnya gimana dong,ask_facilities
Masuk SMB II gratis atau bayar?,ask_ticket_price
Slmat pagi ya,greet
Permisi Undiscovered places in Palembang,ask_hidden_gems
Min unexplored attractions in palembang?,ask_hidden_gems
Directions to Grand Mosque of Palembang?,ask_location_access
cultural tourism places in palembang? ya,ask_category
Can you tell me Opening hours for Grand Mosque of Palembang?,ask_operating_hours
Biaya masuknya berapa?,ask_ticket_price
Wisata indoor Palembang?,ask_category
Bang Translate bahasa Inggris dong,ask_unrelated
Jadwal buka Bukit Siguntang kapan ya?,ask_operating_hours
Min Siapa gubernur Palembang deh,ask_unrelated
Halo terima kasih infonya sih,goodbye
Price to enter Sultan Mahmud Badaruddin II Museum?,ask_ticket_price
Kak Is there parking?,ask_facilities
Mau tanya fasilitas di Museum Sultan Mahmud Badaruddin II,ask_facilities
Cuaca hari ini gimana?,ask_unrelated
Kak Ceritakan joke dong? ya,ask_unrelated
Halo museum di palembang apa aja? dong,ask_category
is Amanzi Waterpark island free?,ask_ticket_price
Halo Naik apa ke PTC dong,ask_location_access
"Hello, what's the entry fee for Kambang Iwak?",ask_ticket_price
"Hello, Where is Kampung Kapitan?",ask_location_access
Permisi Bot nya pintar ya? dong,provide_feedback
Eh info wisata yang terjangkau lrt ya,ask_lrt_destinations
Halo tips belajar bahasa inggris? dong,ask_unrelated
Halo Thanks so much dong,goodbye
"Eh anakku suka main air, enaknya bawa kemana ya? ya",ask_recommendation
Mau nanya dong Hidden gems in Palembang? ya,ask_hidden_gems
Tempat makan di sekitar Kemaro ada?,ask_facilities
"Excuse me, Exactly what I needed?",provide_feedback
Amanzi Waterpark ada area bermain anak?,ask_facilities
Maaf mau tanya Cara main saham? dong,ask_unrelated
Min Bye kak makasih ya,goodbye
Eh Ada fasilitas apa di Monpera sih,ask_facilities
Mau nanya dong Oke segitu aja dulu ya?,goodbye
Is there WiFi at KI??,ask_facilities
"Hi, Things to do in Palembang thanks",ask_recommendation
Maaf mau tanya Lesser known attractions in Palembang,ask_hidden_gems
Eh does Al Quran Al Akbar arab village open every day?,ask_operating_hours
Mau nanya dong Akses ke Benteng Kuto Besak mudah gak?,ask_location_access
Mau nanya dong Info museum Palembang dong?,ask_category
Bang Tempat wisata budaya di Palembang? dong,ask_category
Halo Cara bikin cuko pempek sih,ask_unrelated
Halo makasih kak,goodbye
Bang Baik kak terima kasih?,goodbye
Please Is it worth visiting thanks,ask_destination_info
Permisi Rekomendasi wisata Palembang dong,ask_recommendation
Eh Siap kak? dong,provide_feedback
Kak Tempat paling menarik di Palembang nih,ask_recommendation
Rute ke KI gimana?,ask_location_access
Min LRT berhenti dekat wisata mana dong,ask_lrt_destinations
Bye bye,goodbye
Eh Makasih ya sangat berguna infonya? ya,goodbye
"Mau nanya dong Got it, thanks sih",goodbye
Maaf mau tanya which tourist spots are near lrt stations? ya,ask_lrt_destinations
Mau nanya dong Are there tourist attractions near LRT stations sih,ask_lrt_destinations
Mau tau sejarah Kambang Iwak?,ask_destination_info
Kambang Iwak buka sampai malam gak?,ask_operating_hours
Permisi Mantap deh,provide_feedback
Halo Apa keunikan Taman Kambang Iwak Besak deh,ask_destination_info
Kak makasih infonya kak,provide_feedback
Eh Wisata Palembang yang aesthetic tapi sepi? ya,ask_hidden_gems
Permisi What makes PTC unique deh,ask_destination_info
Apa yang menarik dari Amanzi?,ask_destination_info
Hari ini Masjid Agung Palembang buka gak ya?,ask_operating_hours
Maaf mau tanya Thank you,goodbye
Halo Kamu pintar ya? ya,ask_unrelated
Halo fasilitas umum di Al-Munawar apa aja? ya,ask_facilities
How much is the admission to SMB??,ask_ticket_price
Mau nanya dong good answer sih,provide_feedback
Halo Kapan Museum Balaputra Dewa buka?,ask_operating_hours
Bagaimana cara belajar coding,ask_unrelated
Kak Best universities in Indonesia ya,ask_unrelated
Maaf mau tanya rekomendasi taman palembang,ask_category
Eh Yang termasuk wisata sejarah apa aja deh,ask_category
Kak Terima kasih banyak dong,goodbye
Bang Harga tiket masuknya berapa dong,ask_ticket_price
Ada fasilitas apa di Kemaro?,ask_facilities
Kak aku butuh tempat healing yang tenang? ya,ask_recommendation
what's love? ya,ask_unrelated
Eh What's it like deh,ask_destination_info
Excellent information,provide_feedback
Permisi Masjid Agung Palembang ada spot foto gak ya,ask_facilities
Halo Deskripsi Pasar 16 Ilir nih,ask_destination_info
Malam,greet
Kawah Tengkurep itu tempat apa sih?,ask_destination_info
Min Taman Kambang Iwak Besak ada di daerah mana nih,ask_location_access
Halo best movies of 2024? ya,ask_unrelated
Kak ada masjid gak di Palembang?,ask_category
Apa itu AI?,ask_unrelated
Kak BKB buka jam berapa ya?,ask_operating_hours
Taman Kebon Rojo mulai buka jam berapa?,ask_operating_hours
Mau nanya dong Hidden spots in Palembang? dong,ask_hidden_gems
Permisi boleh tanya ya,greet
Apakah PIM gratis?,ask_ticket_price
LRT Palembang stop di wisata mana?,ask_lrt_destinations
Min Tempat wisata yang wajib dikunjungi di Palembang nih,ask_recommendation
Mau nanya dong kalo hari sabtu Kawah Tengkurep buka?,ask_operating_hours
Maaf mau tanya aku lagi pengen makan enak sambil liat sungai nih,ask_recommendation
kenapa orang-orang suka ke Kemaro?,ask_destination_info
Hlo,greet
Bang Gambar kucing dong? ya,ask_unrelated
Halo saya turis? ya,greet
Wisata romantis di Palembang?,ask_recommendation
Heyy,greet
What culinary tourism are in Palembang?,ask_category
Permisi Penjelasannya bagus kak? ya,provide_feedback
Kak fasilitas Jembatan Ampera apa aja ya?,ask_facilities
Maaf mau tanya Tempat wisata budaya di Palembang? dong,ask_category
Maaf mau tanya Goodbye? ya,goodbye
Ticket price?,ask_ticket_price
Mau nanya dong selamat pagi dong,greet
Mau nanya dong cara menuju Taman Kambang Iwak Besak gimana?,ask_location_access
Min Good evening dong,greet
Maaf mau tanya Kasih tau dong tentang Pulau Kemaro?,ask_destination_info
Info lokasi Jakabaring dong,ask_location_access
Please Is Palembang Trade Center Park far from the city center?,ask_location_access
Haloo,greet
What cultural tourism are in Palembang??,ask_category
what's the location of Taman Kebon Rojo forest?,ask_location_access
Min Excellent information? ya,provide_feedback
Permisi Jawabannya memuaskan deh,provide_feedback
Min di PTC itu kita bisa ngapain aja?,ask_destination_info
"Hi, how much to get into Kambang Iwak bridge??",ask_ticket_price
Maaf mau tanya Makasih udah bantu? dong,goodbye
p,greet
Halo tempat yang underrated di palembang?,ask_hidden_gems
Eh Wisata yang bernuansa Islami?,ask_category
Min Destinasi wisata religi Palembang deh,ask_category
Mau nanya dong Rekomendasi wisata Palembang dong? dong,ask_recommendation
Bang Quiet but beautiful places in Palembang? dong,ask_hidden_gems
I want to know Suggest places for sightseeing in Palembang,ask_recommendation
mau cari wisata sejarah di palembang ya,ask_category
Apa arti cinta ya,ask_unrelated
Min does Kampung Arab Al-Munawar bridge have parking? dong,ask_facilities
Ada fasilitas apa?,ask_facilities
"Hello, Is Palembang Square Arab Village open in the morning",ask_operating_hours
I want to know Is it free thanks,ask_ticket_price
ada wisata apa aja di palembang? ya,ask_recommendation
What time does Kemaro Island open?,ask_operating_hours
Min Wisata Palembang yang belum banyak orang kunjungi? ya,ask_hidden_gems
Maaf mau tanya Wisata apa yang cocok untuk foto-foto dong,ask_recommendation
Permisi mau jalan-jalan di palembang kemana ya?,ask_recommendation
Min rute lrt melewati wisata apa?,ask_lrt_destinations
Halo Kenapa langit biru? ya,ask_unrelated
Halo berapa harga iphone terbaru? dong,ask_unrelated
Mau tau tentang Masjid Cheng Ho,ask_destination_info
Maaf mau tanya Destinasi wisata kuliner Palembang sih,ask_category
Eh Kambang Iwak itu apa?,ask_destination_info
Maaf mau tanya sing me a song,ask_unrelated
Min Jawabannya cepat deh,provide_feedback
Maaf mau tanya Misi,greet
Bang p nih,greet
Mau nanya dong siapa penemu lampu? ya,ask_unrelated
Maaf mau tanya Cerita sejarah Kambang Iwak dong?,ask_destination_info
Kapan Siguntang buka?,ask_operating_hours
Halo rekomendasi wisata palembang dong,ask_recommendation
Eh Hai TanyaKito deh,greet
Info tentang Museum Sultan Mahmud Badaruddin II dong,ask_destination_info
Jelas banget penjelasannya,provide_feedback
Halo Recommend tourist places in Palembang deh,ask_recommendation
Kak Very helpful? dong,provide_feedback
Palembang Trade Center buka setiap hari?,ask_operating_hours
Min salam kenal deh,greet
Min tempat wisata yang gak rame?,ask_hidden_gems
What's the ticket price for Sultan Mahmud Badaruddin II Museum?,ask_ticket_price
Halo Mau jalan-jalan di Palembang kemana ya? dong,ask_recommendation
Wisata baru yang belum terkenal,ask_hidden_gems
Sing me a song,ask_unrelated
"Hello, what museums are in palembang??",ask_category
Details about Pasar 16 Ilir?,ask_destination_info
kok jawabannya lambat sih,ask_unrelated
Wisata wisata budaya di Palembang apa aja nih,ask_category
Maaf mau tanya Places that tourists don't usually go deh,ask_hidden_gems
"Eh That's all, thanks? ya",goodbye
Tempat keren tapi belum terkenal di Palembang?,ask_hidden_gems
Maaf mau tanya Halo apakah botnya aktif? dong,greet
How do I get to Kemaro Island?,ask_location_access
Suka deh,provide_feedback
Mau nanya dong Tempat wisata alternatif Palembang nih,ask_hidden_gems
Permisi menarik gak Kambang Iwak?,ask_destination_info
Maaf mau tanya Hari ini Museum Balaputra Dewa buka gak ya,ask_operating_hours
Cara mengobati flu?,ask_unrelated
Min ada wisata yang jarang orang tau? dong,ask_hidden_gems
Eh min alamat Siguntang apa ya?,ask_location_access
Pagi-pagi Taman Kambang Iwak Besak sudah buka belum?,ask_operating_hours
Mau ke Pasar 16 Ilir lewat mana dong,ask_location_access
Is Al-Munawar Arab Village open in the morning?,ask_operating_hours
Maaf mau tanya wisata religi palembang apa aja? dong,ask_category
Info wisata kuliner Palembang dong,ask_category
What religious tourism are in Palembang?,ask_category
Hey how to move on?,ask_unrelated
Permisi Palembang Trade Center tutup jam berapa nih,ask_operating_hours
Maaf mau tanya Kak rekomendasiin dong wisata di Palembang nih,ask_recommendation
Harga masuk Monpera berapa ya ?,ask_ticket_price
Permisi Oke mantap kak?,goodbye
Kak Bye bye kak,goodbye
Kapan bukanya?,ask_operating_hours
Maaf mau tanya kalo hari sabtu BKB buka? dong,ask_operating_hours
Harga tiket masuk Museum Sultan Mahmud Badaruddin II sekarang berapa?,ask_ticket_price
Oke cukup kak makasih banyak,goodbye
Permisi Who invented electricity? ya,ask_unrelated
Min Top tourist attractions in Palembang? dong,ask_recommendation
Min tell me about Kambang Iwak park nih,ask_destination_info
"Min Mau naik LRT, wisata apa yang dekat ya",ask_lrt_destinations
Maaf mau tanya Ada gak wisata yang bisa ditempuh LRT ya,ask_lrt_destinations
Bisa naik angkot ke Al-Munawar?,ask_location_access
Eh tempat keren tapi belum terkenal di palembang? ya,ask_hidden_gems
Hey,greet
Mau nanya dong Keren sih ini botnya?,provide_feedback
What's special about Kemaro Island?,ask_destination_info
Eh Wisata instagramable Palembang? dong,ask_recommendation
Permisi Alternative tourist spots in Palembang,ask_hidden_gems
Tell me about Benteng Kuto Besak,ask_destination_info
Kak Wisata weekend di Palembang? dong,ask_recommendation
What amenities does Hutan Wisata Punti Kayu offer ya,ask_facilities
Eh Sejarah Amanzi Waterpark apa ya,ask_destination_info
Halo apakah ada yang bisa bantu? dong,greet
Eh kak wisata yang bisa naik lrt apa aja?,ask_lrt_destinations
Permisi Ada wisata alam di Palembang,ask_category
Kak resep pempek palembang deh,ask_unrelated
Eh Very accurate?,provide_feedback
How do I get to Monpera?,ask_location_access
Min What amenities does OPI Mall offer?,ask_facilities
Min SMB II itu tempat apa sih? ya,ask_destination_info
Mau nanya dong lrt bisa ke SMB gak?,ask_lrt_destinations
Permisi Ada toilet gak?,ask_facilities
Min rute lrt melewati wisata apa? dong,ask_lrt_destinations
Min Kambang Iwak buka jam berapa dong,ask_operating_hours
Mau nanya dong Unexplored attractions in Palembang ya,ask_hidden_gems
Ceritain OPI Mall dong,ask_destination_info
Can you tell me What's the address of Grand Mosque of Palembang thanks,ask_location_access
Ada taman kota di Palembang?,ask_category
Apakah Monpera buka hari Minggu?,ask_operating_hours
Halo info wisata yang terjangkau lrt ya,ask_lrt_destinations
Halo History of Punti Kayu Bridge?,ask_destination_info
Are there toilets at Monpera?,ask_facilities
Min lagi pengen liat pemandangan kota dari atas ya,ask_recommendation
Eh Jawaban yang memuaskan dong,provide_feedback
SMB II hari libur buka gak? ya,ask_operating_hours
Eh rekomendasikan destinasi wisata palembang deh,ask_recommendation
Nice,provide_feedback
Permisi Informatif banget dong,provide_feedback
Nature spots in Palembang?,ask_category
Harga tiket Monpera berapa ya?,ask_ticket_price
Halo Kampung Arab Al-Munawar ada toilet gak,ask_facilities
Kak Great bot?,provide_feedback
Mau nanya dong destinasi tersembunyi palembang ada gak? dong,ask_hidden_gems
Bang hidden gems in palembang?,ask_hidden_gems
Bang Kambang Iwak buka jam berapa ya,ask_operating_hours
What days is Kemaro Island open?,ask_operating_hours
Please Things to do in Palembang?,ask_recommendation
Maaf mau tanya Must-visit places in Palembang? ya,ask_recommendation
Harga masuk PTC berapa ya ?,ask_ticket_price
Kak dimana ya Kampung Arab Al-Munawar?,ask_location_access
Halo Info tentang Taman Kebon Rojo dong,ask_destination_info
Min Mantap kak,provide_feedback
Noted kak,provide_feedback
mau jalan-jalan di palembang kemana ya? ya,ask_recommendation
Ada mushola di SMB II?,ask_facilities
Halo Bagus infonya? ya,provide_feedback
Min Wisata apa yang recommended di Palembang,ask_recommendation
Fasilitas pendukung Punti Kayu?,ask_facilities
Kak tempat wisata yang gak rame? ya,ask_hidden_gems
Maaf mau tanya Ada rekomendasi wisata gak sih,ask_recommendation
permisi mau tanya harga tiket Palembang Square nih,ask_ticket_price
Bot,greet
Hai saya baru ke Palembang,greet
Halo Jembatan Ampera lokasinya dimana?,ask_location_access
"Eh hi, first time in palembang ya",greet
Can you tell me What's the location of Palembang Trade Center?,ask_location_access
Non-touristy places in Palembang,ask_hidden_gems
Sampai ketemu lagi? dong,goodbye
Jembatan Ampera ada spot foto gak?,ask_facilities
Kalo hari Sabtu Kambang Iwak buka?,ask_operating_hours
Kak Hidden spots in Palembang nih,ask_hidden_gems
Kak Tempat bersejarah apa aja? ya,ask_category
"Bang Got it, thanks nih",goodbye
"Excuse me, Unique places to visit in Palembang?",ask_hidden_gems
Permisi Wisata yang paling dekat LRT deh,ask_lrt_destinations
Bang Tempat wisata yang dilalui LRT deh,ask_lrt_destinations
awesome thanks nih,goodbye
Min Info harga tiket SMB dong,ask_ticket_price
Halo kamu cantik? ya,ask_unrelated
Al Quran Al Akbar ada area bermain anak ya,ask_facilities
Halo saya pertama kali ke palembang dong,greet
Kasih rekomendasi wisata dong?,ask_recommendation
Maaf mau tanya Destinasi wisata LRT Palembang ya,ask_lrt_destinations
Mau nanya dong Wisata yang cocok untuk keluarga ya,ask_recommendation
Halo Mau liburan di Palembang kemana ya?,ask_recommendation
Where can I find museums in Palembang?,ask_category
Alamat Kemaro dimana?,ask_location_access
Halo Tempat keren tapi belum terkenal di Palembang deh,ask_hidden_gems
Eh address of sultan mahmud badaruddin ii museum? dong,ask_location_access
Halo Wisata Palembang yang populer apa deh,ask_recommendation
Bang Info lokasi Hutan Wisata Punti Kayu dong?,ask_location_access
Halo Hidden gems di Palembang apa,ask_hidden_gems
Can you tell me What's the capital of France thanks,ask_unrelated
"Excuse me, is Amanzi Waterpark near an lrt station?",ask_lrt_destinations
I want to know can i reach tourist places by lrt?,ask_lrt_destinations
Permisi Destinasi wisata alam Palembang nih,ask_category
Min Oke terima kasih jawabannya,provide_feedback
Kamu siapa?,ask_unrelated
Halo Facilities at PIM sih,ask_facilities
Halo Waalaikumsalam ya,goodbye
What is Sultan Mahmud Badaruddin II Museum?,ask_destination_info
Maaf mau tanya Keren banget infonya? dong,provide_feedback
Permisi cara main saham? ya,ask_unrelated
Halo wisata anti mainstream palembang? dong,ask_hidden_gems
Min Dari mana ke Bukit Siguntang?,ask_location_access
awesome thanks deh,goodbye
Permisi Mantap? ya,provide_feedback
Kak Ada taman di Palembang,ask_category
"Hi, can i take lrt to visit tourist places?",ask_lrt_destinations
"Eh Got it, thanks sih",goodbye
Maaf mau tanya what's Ampera forest like?,ask_destination_info
Bayar berapa kalo masuk PTC?,ask_ticket_price
Maaf mau tanya awesome thanks dong,goodbye
Hey list of religious tourism in palembang?,ask_category
List of culinary tourism in Palembang?,ask_category
Mau nanya dong Hidden spots in Palembang? ya,ask_hidden_gems
Arah ke SMB gimana?,ask_location_access
Permisi Kawah Tengkurep di mana ya?,ask_location_access
Bang Harga tiket masuk Taman Kebon Rojo sekarang berapa dong,ask_ticket_price
Maaf mau tanya Pagi-pagi Kambang Iwak sudah buka belum?,ask_operating_hours
Halo hay mau nanya dong,greet
Maaf mau tanya Terima kasih atas informasinya ya,goodbye
Jam operasional Fantasy Island?,ask_operating_hours
Bang Unexplored attractions in Palembang?,ask_hidden_gems
Min bingung mau bawa keluarga jalan-jalan kemana? ya,ask_recommendation
Halo Makasih infonya kak?,provide_feedback
"Hi, Exactly what I needed please",provide_feedback
Tips belajar bahasa Inggris?,ask_unrelated
Maaf mau tanya Halo bisa tanya sesuatu ya,greet
Min Nice info ya,provide_feedback
Hey Best places for tourists in Palembang??,ask_recommendation
Permisi apakah ada yang bisa bantu ya,greet
Min mau tanya ya,greet
Bang Wisata Palembang yang populer apa? ya,ask_recommendation
Min Naik LRT bisa ke wisata mana aja? ya,ask_lrt_destinations
Bang Baiklah terima kasih banyak,goodbye
Mau nanya dong popular tourist spots in palembang? dong,ask_recommendation
Mau nanya dong Tempat makan di sekitar Kemaro ada? dong,ask_facilities
Mau nanya dong Suggest tourist spots in Palembang? dong,ask_recommendation
Halo got it deh,provide_feedback
Halo Punti Kayu mulai buka jam berapa dong,ask_operating_hours
Mau nanya dong good day nih,greet
Akses ke Pulau Kemaro mudah gak?,ask_location_access
Masjid Agung Palembang bagus gak?,ask_destination_info
Bang Destinasi wisata kuliner Palembang? dong,ask_category
The answer is very detailed??,provide_feedback
Min Wisata masjid di Palembang apa aja? dong,ask_category
Eh Sampai nanti kak,goodbye
Slmat pagi,greet
Eh Sudah cukup terima kasih sih,goodbye
Wisata paling bagus di Palembang?,ask_recommendation
What's Punti Kayu Forest like?,ask_destination_info
Mau nanya dong,greet
Maaf mau tanya best places to visit by lrt? ya,ask_lrt_destinations
Mau nanya dong Kampung Arab Al-Munawar ada spot foto gak ya,ask_facilities
Bang Udah itu aja kak makasih? dong,goodbye
Maaf mau tanya Makasih nih,goodbye
Oke makasih dong,goodbye
Mau nanya dong jam operasional Palembang Icon?,ask_operating_hours
Permisi Siapa pemenang Liga Champions sih,ask_unrelated
Please thanks for the help,goodbye
Kapan Al-Munawar buka?,ask_operating_hours
Apa itu Fantasy Island?,ask_destination_info
Min Who invented electricity? dong,ask_unrelated
Bang apakah Kampung Kapitan buka 24 jam?,ask_operating_hours
"Halo That's enough, thank you nih",goodbye
Halo Very accurate? ya,provide_feedback
Permisi Any historical sites in Palembang? ya,ask_category
Min Best places to visit by LRT dong,ask_lrt_destinations
Info wisata yang terjangkau LRT,ask_lrt_destinations
Greetings? dong,greet
Maaf mau tanya Berapa harga tiket masuk Masjid Agung Palembang deh,ask_ticket_price
Kasih info Palembang Trade Center ya,ask_destination_info
Mau nanya dong Palembang punya taman apa,ask_category
Kak Kasih tau dong tentang Taman Kambang Iwak Besak?,ask_destination_info
Mau nanya dong Wisata yang bisa pake LRT deh,ask_lrt_destinations
Mau nanya dong mau liburan di palembang kemana ya? ya,ask_recommendation
Are there toilets at Kambang Iwak Park?,ask_facilities
Eh sekarang masih buka?,ask_operating_hours
Mau nanya dong Wisata off the beaten path Palembang dong,ask_hidden_gems
"Excuse me, Hello, I want to explore Palembang thanks",greet
Gratis atau bayar ya,ask_ticket_price
Eh Info museum Palembang dong,ask_category
Ampera terkenal karena apa?,ask_destination_info
Kemaro deket stasiun LRT mana?,ask_location_access
What does it cost to visit Punti Kayu Forest?,ask_ticket_price
Min wisata weekend di palembang? ya,ask_recommendation
Bang Tempat yang belum terkenal di Palembang nih,ask_hidden_gems
Mau tanya dong harga tiket SMB II dong,ask_ticket_price
Permisi Kapan kiamat dong,ask_unrelated
Ada wisata kuliner gak di Palembang? dong,ask_category
Undiscovered places in Palembang ya,ask_hidden_gems
Kak test bot sih,greet
Menarik gak Pulau Kemaro?,ask_destination_info
Eh destinasi tersembunyi palembang ada gak?,ask_hidden_gems
Masjid Cheng Ho ada kantin gak?,ask_facilities
HTM Kampung Arab Al-Munawar berapa?,ask_ticket_price
Kak Is Monpera worth visiting? ya,ask_destination_info
Halo top wisata palembang? dong,ask_recommendation
Bang Tempat wisata alternatif Palembang dong,ask_hidden_gems
Any culinary tourism in Palembang?,ask_category
What's the location of Kampung Kapitan?,ask_location_access
Halo jawabannya lengkap dong,provide_feedback
Mau nanya dong Ceritain Punti Kayu dong,ask_destination_info
Maaf mau tanya hello mau tanya dong,greet
Min pagi-pagi SMB II sudah buka belum?,ask_operating_hours
Min Destinasi rahasia Palembang deh,ask_hidden_gems
Mau nanya dong Apa keunikan Jembatan Ampera dong,ask_destination_info
What are the operating hours of Benteng Kuto Besak?,ask_operating_hours
Permisi Ada tempat wisata baru di Palembang? dong,ask_hidden_gems
Halo selamat tinggal dong,goodbye
Harga tiket PTC berapa ya?,ask_ticket_price
Maaf mau tanya What makes PTC unique deh,ask_destination_info
Can I reach tourist places by LRT?,ask_lrt_destinations
Min Apakah ada wisata yang bisa dijangkau LRT?,ask_lrt_destinations
kamu bisa jawab apa aja sih?,ask_unrelated
Eh Naik apa ke Museum Balaputra Dewa?,ask_location_access
Tiket pesawat ke Bali berapa?,ask_unrelated
I want to know Are there toilets at Grand Mosque of Palembang please,ask_facilities
Arah ke Benteng Kuto Besak gimana?,ask_location_access
Min What's 2+2 nih,ask_unrelated
Ceritain Al Quran Al Akbar dong,ask_destination_info
di Amanzi Waterpark itu kita bisa ngapain aja?,ask_destination_info
Mau liburan di Palembang kemana ya?,ask_recommendation
Rekomendasikan destinasi wisata Palembang,ask_recommendation
Mau nanya dong mantap kak,provide_feedback
Permisi Museum Sultan Mahmud Badaruddin II berbayar atau gratis ya,ask_ticket_price
Wisata yang gampang dijangkau LRT?,ask_lrt_destinations
Eh Ampera jauh gak dari pusat kota nih,ask_location_access
Eh Secret places in Palembang sih,ask_hidden_gems
Kalo hari Sabtu Hutan Wisata Punti Kayu buka?,ask_operating_hours
Ceritakan tentang Masjid Cheng Ho,ask_destination_info
Mau nanya dong Tempat wisata budaya di Palembang dong,ask_category
Kak any cultural tourism in palembang?,ask_category
Permisi cukup dulu ya,goodbye
Min fasilitas apa saja di Kambang Iwak?,ask_facilities
Ada yang aktif?,greet
Mau nanya dong Masjid Cheng Ho ada area bermain anak?,ask_facilities
Min naik lrt bisa ke wisata mana aja? ya,ask_lrt_destinations
Maaf mau tanya Ada masjid di Palembang,ask_category
Min wisata arab di palembang? dong,ask_category
Museum Balaputra Dewa itu tempat apa sih?,ask_destination_info
tempat yang bagus buat foto-foto keluarga di mana ya?,ask_recommendation
Rute ke Pulau Kemaro gimana?,ask_location_access
Bang Recommend parks in Palembang nih,ask_category
Permisi tiket masuk ke Al Quran Al Akbar sekarang berapa ya?,ask_ticket_price
Bang tiket Kawah Tengkurep berapa?,ask_ticket_price
Al Quran Al Akbar itu apa?,ask_destination_info
Mau nanya dong mau ke Monpera lewat mana?,ask_location_access
Kak Mantul kak? ya,provide_feedback
Maaf mau tanya Malam kak,greet
Maaf mau tanya Does Sultan Mahmud Badaruddin II Museum have food stalls sih,ask_facilities
"Hello, thanks for the help",goodbye
Halo ada wisata sejarah gak di Palembang ya,ask_category
"Hi, Off the beaten path places in Palembang please",ask_hidden_gems
Mau nanya dong Info wisata alam Palembang dong,ask_category
Mau tanya jam operasional SMB,ask_operating_hours
Eh Tiket masuk ke Museum Sultan Mahmud Badaruddin II sekarang berapa ya? dong,ask_ticket_price
Kak LRT friendly tourist destinations nih,ask_lrt_destinations
Min Tempat yang underrated di Palembang ya,ask_hidden_gems
Eh tempat wisata ikonik palembang? dong,ask_recommendation
Maaf mau tanya Fasilitas apa saja di Al Quran Al Akbar? dong,ask_facilities
Info lokasi Kambang Iwak dong,ask_location_access
What time does Benteng Kuto Besak open?,ask_operating_hours
Maaf mau tanya palembang punya wisata budaya apa?,ask_category
hidden gems in palembang?,ask_hidden_gems
Masjid Agung Palembang lokasinya dimana?,ask_location_access
Hai masih aktif?,greet
Mau nanya dong Mau tanya fasilitas di Bukit Siguntang?,ask_facilities
Punti Kayu fasilitasnya apa aja? dong,ask_facilities
Kak tempat yang belum terkenal di palembang? dong,ask_hidden_gems
Kak di PTC itu kita bisa ngapain aja dong,ask_destination_info
Bang unexplored attractions in palembang? ya,ask_hidden_gems
Update harga tiket Palembang Square dong,ask_ticket_price
Amanzi ramah anak gak?,ask_facilities
Halo Update harga tiket KI dong?,ask_ticket_price
"Excuse me, How to make money online",ask_unrelated
Kampung Kapitan gratis gak sih,ask_ticket_price
Fasilitas apa saja di Palembang Square?,ask_facilities
Mau nanya dong What's the address,ask_location_access
Permisi Ada hidden gems gak di Palembang dong,ask_hidden_gems
Kak stasiun lrt terdekat ke tempat wisata mana? ya,ask_lrt_destinations
ada yang aktif?,greet
Maaf mau tanya Love this bot? dong,provide_feedback
Kak harga masuk Palembang Trade Center berapa ya ?,ask_ticket_price
aku butuh tempat healing yang tenang,ask_recommendation
Min Siapa presiden Indonesia sih,ask_unrelated
Can you tell me what's the location of sultan mahmud badaruddin ii museum??,ask_location_access
"Hi, Do you have feelings thanks",ask_unrelated
Kak tempat yang bagus buat foto-foto keluarga di mana ya? ya,ask_recommendation
Bang Info lebih lanjut dong,ask_destination_info
Maaf mau tanya tips menurunkan berat badan? ya,ask_unrelated
Eh rute lrt melewati wisata apa? ya,ask_lrt_destinations
Permisi Wisata baru yang belum terkenal sih,ask_hidden_gems
Bang thanks for your help dong,goodbye
Wisata baru yang belum terkenal?,ask_hidden_gems
Mau ke Kambang Iwak bayar berapa?,ask_ticket_price
How to get a visa thanks,ask_unrelated
Bang Jakabaring buka jam berapa,ask_operating_hours
Tolong kasih tau alamat Fantasy Island,ask_location_access
Eh Wisata Palembang yang populer apa? dong,ask_recommendation
Please what are the iconic places in palembang?,ask_recommendation
Pulau Kemaro ada kantin gak?,ask_facilities
Maaf mau tanya Arah ke SMB gimana ya,ask_location_access
Min Infonya akurat? dong,provide_feedback
Aku bosan,ask_unrelated
Halo Ada yang aktif nih,greet
Maaf mau tanya rekomendasikan tempat wisata di palembang,ask_recommendation
Thanks kak,goodbye
Min Cara menghilangkan jerawat nih,ask_unrelated
Bang Al Quran Al Akbar ada toilet gak? ya,ask_facilities
Berapa harga iPhone terbaru?,ask_unrelated
Eh Bisa naik angkot ke Siguntang nih,ask_location_access
Eh Makasih atas bantuannya sih,goodbye
Bang tiket Palembang Trade Center berapa?,ask_ticket_price
Permisi wisata apa yang bisa dijangkau lrt?,ask_lrt_destinations
Maaf mau tanya palembang punya masjid apa? dong,ask_category
Udah cukup,goodbye
Bang Tempat wisata murah di Palembang,ask_recommendation
Bang Mau minta saran wisata Palembang nih,ask_recommendation
Min siap kak,provide_feedback
Min Oke kak sampai jumpa? dong,goodbye
Mau nanya dong kok jawabannya lambat? dong,ask_unrelated
Rekomendasi taman Palembang? dong,ask_category
Maaf mau tanya Hutan Wisata Punti Kayu buka dari jam berapa sampai jam berapa?,ask_operating_hours
Ceritakan tentangnya,ask_destination_info
Bang Wisata yang belum viral di Palembang ya,ask_hidden_gems
Wisata yang bisa dikunjungi sehari,ask_recommendation
Min Wisata untuk anak-anak di Palembang nih,ask_recommendation
Eh Min kasih tau hidden gems Palembang?,ask_hidden_gems
Akses ke PTC mudah gak?,ask_location_access
What's the entry fee for Al-Munawar Arab Village?,ask_ticket_price
Underrated tourist spots in Palembang?,ask_hidden_gems
Mau nanya dong underrated tourist spots in palembang?,ask_hidden_gems
Permisi apa obat sakit kepala?,ask_unrelated
Can you tell me What facilities are there thanks,ask_facilities
Maaf mau tanya Palembang punya wisata kuliner apa dong,ask_category
Please which places can i visit using lrt?,ask_lrt_destinations
Canggih botnya,provide_feedback
Maaf mau tanya Resep kue bolu? ya,ask_unrelated
Dari stasiun LRT bisa ke wisata apa?,ask_lrt_destinations
"Hi, What destinations are accessible by LRT please",ask_lrt_destinations
Wisata instagramable Palembang deh,ask_recommendation
Ada fasilitas apa di Masjid Cheng Ho?,ask_facilities
Apa yang menarik dari Benteng Kuto Besak?,ask_destination_info
Tell me a story thanks,ask_unrelated
Maaf mau tanya Recommend museums in Palembang deh,ask_category
Min kamu bisa jawab apa aja sih? ya,ask_unrelated
Al-Munawar buka sampai malam gak?,ask_operating_hours
Eh 1 2 3 test sih,greet
Is Kambang Iwak Park open today?,ask_operating_hours
Keren banget infonya,provide_feedback
Min Ada fasilitas apa di Hutan Wisata Punti Kayu ya,ask_facilities
"Hi, What should I visit in Palembang??",ask_recommendation
Bang BKB jauh gak dari pusat kota nih,ask_location_access
Kak Thank you very much? ya,goodbye
Kak fasilitas pendukung KI?,ask_facilities
Permisi Fantasy Island buka sampai malam gak ya,ask_operating_hours
Halo akses ke Punti Kayu mudah gak?,ask_location_access
Bang Palembang tourism recommendations nih,ask_recommendation
Bang Got it ya,provide_feedback
Halo Arah ke Siguntang gimana deh,ask_location_access
Pagi-pagi Al-Munawar sudah buka belum?,ask_operating_hours
What time does Grand Mosque of Palembang close thanks,ask_operating_hours
Bang recommend nature tourism in palembang,ask_category
Halo Assalamualaikum min?,greet
Eh Jadwal buka Kambang Iwak kapan ya? dong,ask_operating_hours
yo sih,greet
Kak Are there tourist attractions near LRT stations? ya,ask_lrt_destinations
Bang saran tempat wisata di palembang?,ask_recommendation
Bang Wisata Palembang yang belum banyak orang kunjungi deh,ask_hidden_gems
"Hi, Is OPI Mall near an LRT station?",ask_lrt_destinations
Min Suka deh?,provide_feedback
Maaf mau tanya Best places to visit by LRT,ask_lrt_destinations
Ticket price for Kambang Iwak Park?,ask_ticket_price
Punti Kayu buka dari jam berapa sampai jam berapa?,ask_operating_hours
Permisi Sore min? dong,greet
Halo Masjid Cheng Ho ramah anak gak? dong,ask_facilities
Berapa biaya masuk ke Masjid Cheng Ho?,ask_ticket_price
Min Operating hours deh,ask_operating_hours
Min Keren banget infonya? dong,provide_feedback
Maaf mau tanya good morning nih,greet
"Hello, Does Kampung Kapitan Arab Village have a mosque??",ask_facilities
Tempat wisata budaya Palembang?,ask_category
Eh Selaamt pagi nih,greet
How do I get to Jakabaring Sport City?,ask_location_access
"Excuse me, when is Palembang Trade Center arab village open?",ask_operating_hours
Destinasi masjid Palembang?,ask_category
What museums are in Palembang?,ask_category
Bang tiket BKB berapa?,ask_ticket_price
Halo Yang termasuk museum apa aja? ya,ask_category
Eh oke segitu dulu ya,goodbye
Tiket SMB II berapa sih? dong,ask_ticket_price
Mau nanya dong ada masjid gak di Palembang nih,ask_category
Kak dimana ya OPI Mall?,ask_location_access
Kak Museum Balaputra Dewa buka setiap hari?,ask_operating_hours
Halo stasiun lrt dekat tempat wisata? dong,ask_lrt_destinations
Mau nanya dong Kira-kira harga tiket Pasar 16 Ilir berapa?,ask_ticket_price
Ampera gratis gak sih?,ask_ticket_price
Kak address of OPI Mall?,ask_location_access
Palembang Square ada tempat parkir?,ask_facilities
Halo Best destinations in Palembang nih,ask_recommendation
Cara masak rendang gimana?,ask_unrelated
Halo terima kasih infonya sangat berguna sih,provide_feedback
Halo Recommend historical sites in Palembang? ya,ask_category
Jakabaring ada toilet gak?,ask_facilities
Dari pusat kota ke Palembang Trade Center berapa lama?,ask_location_access
Eh museums places in Palembang deh,ask_category
"Permisi anakku suka main air, enaknya bawa kemana ya?",ask_recommendation
Infonya oke banget,provide_feedback
Min is SMB II forest child-friendly?,ask_facilities
Dari jam berapa PTC buka?,ask_operating_hours
Halo alamat Kampung Arab Al-Munawar apa ya?,ask_location_access
Mau nanya dong Tempat masjid di Palembang? dong,ask_category
Is Kampung Kapitan Park free? dong,ask_ticket_price
What's available at Punti Kayu Forest?,ask_facilities
Permisi masjid bersejarah di palembang? dong,ask_category
Eh Dari stasiun LRT bisa ke wisata apa deh,ask_lrt_destinations
Hey What's the ticket price for Jakabaring Arab Village?,ask_ticket_price
Permisi Oke deh makasih?,goodbye
Bang Tempat makan di sekitar Monpera ada?,ask_facilities
asal usul Ampera ini gimana ceritanya?,ask_destination_info
Min jelaskan dong,ask_destination_info
Bang Tempat wisata ikonik Palembang?,ask_recommendation
Eh ini jawaban template ya,ask_unrelated
Eh halo bot sih,greet
Permisi wisata yang gak pasaran di palembang? dong,ask_hidden_gems
Kak aku lagi ngomong sama komputer ya,ask_unrelated
Where can I find parks in Palembang?,ask_category
Halo haloo deh,greet
Maaf mau tanya Permisi saya ingin bertanya dong,greet
Bang Rute LRT melewati wisata apa? dong,ask_lrt_destinations
Min bagus infonya sih,provide_feedback
Berapa ya tiket KI?,ask_ticket_price
Permisi Selamat malam? ya,greet
Permisi sampai jumpa,goodbye
Mau nanya dong Good day nih,greet
Min Tiket Masjid Cheng Ho berapa sih? dong,ask_ticket_price
Maaf mau tanya Palembang punya wisata sejarah apa deh,ask_category
Min good job,provide_feedback
"Hi, where can i find parks in palembang?",ask_category
Maaf mau tanya mau cari wisata yang seru di palembang nih,ask_recommendation
parkiran Al Quran Al Akbar luas gak? ya,ask_facilities
Eh Wisata apa yang cocok untuk foto-foto ya,ask_recommendation
Tiket masuk ke Kampung Kapitan sekarang berapa ya?,ask_ticket_price
Maaf mau tanya Aplikasinya keren deh,provide_feedback
Mau nanya dong Benteng Kuto Besak tutup jam berapa? ya,ask_operating_hours
Fasilitas apa saja di Kawah Tengkurep ya,ask_facilities
Min Tempat yang underrated di Palembang nih,ask_hidden_gems
Buka sampai malam?,ask_operating_hours
What's the ticket price?,ask_ticket_price
Eh Lengkap banget infonya? dong,provide_feedback
Mau nanya dong translate bahasa inggris dong,ask_unrelated
Permisi Ada tempat wisata baru di Palembang deh,ask_hidden_gems
Halo Wisata Palembang yang LRT friendly? dong,ask_lrt_destinations
Permisi,greet
Mau nanya dong harga emas hari ini? dong,ask_unrelated
Eh Kawah Tengkurep ada area bermain anak? dong,ask_facilities
oke sip makasih ya,goodbye
Mau nanya dong Makasih atas bantuannya? dong,goodbye
Yang termasuk wisata religi apa aja,ask_category
Mau nanya dong Very helpful,provide_feedback
Mau nanya dong Terima kasih infonya? dong,goodbye
Halo Amanzi Waterpark mulai buka jam berapa?,ask_operating_hours
Bang Gimana Al Quran Al Akbar?,ask_destination_info
Maaf mau tanya 1+1 berapa? dong,ask_unrelated
Wisata tersembunyi di Palembang ya,ask_hidden_gems
Eh Yo dong,greet
Min Bagaimana cara diet sih,ask_unrelated
Halo ? ya,greet
Min Jauh gak dari sini ya,ask_location_access
Min Jos,provide_feedback
Permisi Very helpful sih,provide_feedback
Bang Hotel murah di Jakarta? ya,ask_unrelated
Min Perfect? dong,provide_feedback
Min Oke deh sampai jumpa sih,goodbye
Kak thanks a lot sih,goodbye
Oke kak sampai jumpa,goodbye
I want to know off the beaten path places in palembang??,ask_hidden_gems
Very accurate,provide_feedback
Kak Kawah Tengkurep deket stasiun lrt mana?,ask_location_access
Fasilitas apa saja di Hutan Wisata Punti Kayu?,ask_facilities
Min Wisata accessible by LRT? ya,ask_lrt_destinations
Permisi Destinasi favorit di Palembang sih,ask_recommendation
Eh alamat Museum Balaputra Dewa dimana?,ask_location_access
Min bismillah mau tanya nih,greet
Bang,greet
Min wisata palembang yang belum banyak orang kunjungi?,ask_hidden_gems
Halo Benteng Kuto Besak tutup jam berapa? ya,ask_operating_hours
BKB buka setiap hari?,ask_operating_hours
Min Local favorites in Palembang ya,ask_hidden_gems
Halo Oke segitu aja dulu ya? ya,goodbye
Kak Destinasi wisata LRT Palembang dong,ask_lrt_destinations
Hey Where can I go by LRT for sightseeing,ask_lrt_destinations
Directions to Monpera?,ask_location_access
Permisi adminnya mana nih,ask_unrelated
Kak mau tanya nih,greet
what facilities are available at Jakabaring Sport City island?,ask_facilities
Halo ok that's all i needed nih,goodbye
Mau cari wisata alam di Palembang,ask_category
Kak Wisata yang belum viral di Palembang sih,ask_hidden_gems
"Hello, is anyone available?",greet
Alamat lengkap Kampung Arab Al-Munawar?,ask_location_access
Mau nanya dong Is Museum Sultan Mahmud Badaruddin II Bridge child-friendly?,ask_facilities
Can you tell me Where is Sultan Mahmud Badaruddin II Museum?,ask_location_access
Min Museum Balaputra Dewa aksesnya lewat LRT bisa?,ask_lrt_destinations
Min who invented electricity?,ask_unrelated
Permisi Nature spots in Palembang ya,ask_category
Halo Tempat wisata yang jarang dikunjungi di Palembang ya,ask_hidden_gems
Maaf mau tanya When does PIM Arab Village close? dong,ask_operating_hours
Permisi What time does Kambang Iwak Island open?,ask_operating_hours
"Hello, I want to explore Palembang",greet
Kak Hidden gems in Palembang deh,ask_hidden_gems
Bang Apa bahasa Inggrisnya kucing? ya,ask_unrelated
Kak ada taman gak di Palembang?,ask_category
Kak Wisata yang cocok untuk keluarga sih,ask_recommendation
Mau nanya dong hotel murah di jakarta?,ask_unrelated
Please What are the operating hours of Palembang Icon?,ask_operating_hours
"Hello, how do i get to Taman Kambang Iwak Besak island??",ask_location_access
Maaf mau tanya Apakah ada wisata yang bisa dijangkau LRT deh,ask_lrt_destinations
Min Oke bagus? ya,provide_feedback
Review tentang Benteng Kuto Besak,ask_destination_info
Lesser known attractions in Palembang?,ask_hidden_gems
can i reach tourist places by lrt??,ask_lrt_destinations
Min ? ya,greet
Maaf mau tanya kenapa orang-orang suka ke Kampung Kapitan? ya,ask_destination_info
Kapan sih Palembang Trade Center buka?,ask_operating_hours
Halo mau keliling palembang nih,greet
Min 5 bintang deh? dong,provide_feedback
Please off the beaten path places in palembang?,ask_hidden_gems
Kak Hutan Wisata Punti Kayu buka jam berapa ya?,ask_operating_hours
Maaf mau tanya Wah keren infonya nih,provide_feedback
Eh nyanyiin lagu dong,ask_unrelated
What's the address of Sultan Mahmud Badaruddin II Museum?,ask_location_access
Min Amazing response deh,provide_feedback
Please Does Al Quran Al Akbar Forest have a mosque?,ask_facilities
kenapa orang-orang suka ke OPI Mall?,ask_destination_info
Where is Sultan Mahmud Badaruddin II Museum?,ask_location_access
Udah cukup dong,goodbye
Permisi fasilitas umum di PIM apa aja?,ask_facilities
Mau nanya dong Non-touristy places in Palembang? dong,ask_hidden_gems
Cara menuju Masjid Cheng Ho gimana?,ask_location_access
"Excuse me, When is the World Cup?",ask_unrelated
I want to know How much does it cost to enter Grand Mosque of Palembang thanks,ask_ticket_price
Eh Rute ke Kambang Iwak gimana ya,ask_location_access
Halo Mantap sih,provide_feedback
Mau nanya dong Wisata yang gampang dijangkau LRT?,ask_lrt_destinations
Kak love this bot nih,provide_feedback
tempat paling menarik di palembang? ya,ask_recommendation
Halo hari ini Taman Kebon Rojo buka gak ya?,ask_operating_hours
Permisi Oke sip makasih dong,goodbye
Min kasih tau wisata dekat LRT?,ask_lrt_destinations
Tiket Pulau Kemaro berapa sih?,ask_ticket_price
Halo Info lengkap Palembang Icon dong,ask_destination_info
Min Are there restrooms? ya,ask_facilities
Posisi SMB II dimana ya?,ask_location_access
Halo Informatif banget?,provide_feedback
Maaf mau tanya Wisata Palembang yang belum banyak orang kunjungi dong,ask_hidden_gems
Permisi ada yang bisa dibantu deh,greet
Mau nanya dong Tempat wisata alternatif Palembang?,ask_hidden_gems
Maaf mau tanya Tempat-tempat wisata yang aksesibel LRT deh,ask_lrt_destinations
Permisi Haai? dong,greet
Eh Wisata baru yang belum terkenal dong,ask_hidden_gems
Ada wisata dekat LRT gak dong,ask_lrt_destinations
Halo ?,greet
Hey what nature tourism are in palembang??,ask_category
Monpera ada spot foto gak?,ask_facilities
Kak Sejarah Kemaro apa ya? ya,ask_destination_info
Kak enaknya kemana ya di palembang?,ask_recommendation
Rute ke Kampung Kapitan gimana? ya,ask_location_access
Akses ke Monpera mudah gak?,ask_location_access
Min Wisata sepi tapi bagus di Palembang?,ask_hidden_gems
Eh Saran tempat wisata di Palembang nih,ask_recommendation
Permisi Tips perawatan kulit deh,ask_unrelated
Permisi Best destinations in Palembang deh,ask_recommendation
What can I see at Sultan Mahmud Badaruddin II Museum?,ask_destination_info
Maaf mau tanya LRT berhenti dekat wisata mana deh,ask_lrt_destinations
Tempat taman di Palembang?,ask_category
Mau nanya dong Baiklah terima kasih banyak ya,goodbye
Mau nanya dong Palembang LRT tourism destinations? dong,ask_lrt_destinations
When is Al-Munawar Arab Village open?,ask_operating_hours
Hey What is AI please,ask_unrelated
SMB II buka dari jam berapa sampai jam berapa?,ask_operating_hours
What's up,greet
Hari ini Jakabaring Sport City buka gak ya?,ask_operating_hours
Halo ada yang bisa dibantu?,greet
Eh Bot aktif sih,greet
best things to do in palembang??,ask_recommendation
"Maaf mau tanya hello, i'm looking for help nih",greet
Halo bye kak makasih ya,goodbye
Halo love this bot,provide_feedback
Mau tanya harga tiket Kawah Tengkurep,ask_ticket_price
"Hello, Which places can I visit using LRT",ask_lrt_destinations
Eh non-touristy places in palembang? ya,ask_hidden_gems
Can you tell me is Bukit Siguntang near an lrt station??,ask_lrt_destinations
Permisi Bisa naik LRT ke Benteng Kuto Besak nih,ask_lrt_destinations
Min wisata yang belum banyak orang tau di palembang? ya,ask_hidden_gems
Benteng Kuto Besak mulai buka jam berapa?,ask_operating_hours
Wisata outdoor Palembang?,ask_category
Kak Mau ke tempat yang unik dan sepi deh,ask_hidden_gems
What's special about Benteng Kuto Besak?,ask_destination_info
Maaf mau tanya Destinasi yang LRT accessible sih,ask_lrt_destinations
Makasih infonya,goodbye
Mau nanya dong Tempat paling menarik di Palembang ya,ask_recommendation
Palembang Square tutup jam berapa?,ask_operating_hours
Can you tell me What destinations are accessible by LRT??,ask_lrt_destinations
Eh Undiscovered places in Palembang ya,ask_hidden_gems
Thanks udah bantu ya,goodbye
Can I take public transport to Jakabaring Sport City?,ask_location_access
Permisi Rekomendasikan tempat wisata di Palembang,ask_recommendation
Maaf mau tanya Museum di Palembang apa aja? ya,ask_category
Hey How do I get to Monpera Park thanks,ask_location_access
Bang Jakabaring ada area bermain anak? dong,ask_facilities
Apakah KI buka 24 jam?,ask_operating_hours
Bang Secret places in Palembang?,ask_hidden_gems
"Min that's all, thanks deh",goodbye
Info harga tiket SMB II dong,ask_ticket_price
Halo sore ya,greet
Kapan Museum Sultan Mahmud Badaruddin II buka?,ask_operating_hours
Tempat masjid di Palembang?,ask_category
Min tempat wisata alternatif palembang? dong,ask_hidden_gems
Stasiun LRT dekat tempat wisata?,ask_lrt_destinations
Halo what's up ya,greet
Maaf mau tanya Taman Kebon Rojo bagus gak ya,ask_destination_info
Palembang Square berbayar atau gratis?,ask_ticket_price
Does Kampung Kapitan have parking?,ask_facilities
Permisi Jam tutup Palembang Square kapan?,ask_operating_hours
Kak Tempat wisata bertema budaya Melayu nih,ask_category
Yang termasuk wisata kuliner apa aja dong,ask_category
Permisi Ada wisata yang jarang orang tau? dong,ask_hidden_gems
Harga tiket Museum Sultan Mahmud Badaruddin II berapa ya?,ask_ticket_price
Fasilitas Monpera lengkap gak?,ask_facilities
Mau nanya dong Akses ke sana gimana sih,ask_location_access
Jam operasional Kemaro?,ask_operating_hours
Bang secret places in palembang?,ask_hidden_gems
Mau nanya dong Cara mengobati flu,ask_unrelated
Maaf mau tanya Mau ke Fantasy Island lewat mana,ask_location_access
Mau nanya dong waalaikumsalam nih,goodbye
Min Dari stasiun LRT bisa ke wisata apa?,ask_lrt_destinations
Mau nanya dong jam operasional Punti Kayu?,ask_operating_hours
Bang Jadwal buka Punti Kayu kapan ya? dong,ask_operating_hours
Cara ke sana gimana?,ask_location_access
Min Jawabannya memuaskan? dong,provide_feedback
wisata baru yang belum terkenal? dong,ask_hidden_gems
Kak Sampai jumpa? dong,goodbye
Bang Mau cari wisata yang seru di Palembang sih,ask_recommendation
Bang Wisata malam di Palembang kemana? dong,ask_recommendation
"Hello, can i reach tourist places by lrt?",ask_lrt_destinations
Price to enter Benteng Kuto Besak?,ask_ticket_price
Kak ada hidden gems gak?,ask_hidden_gems
Mau nanya dong Apakah OPI Mall buka hari Minggu?,ask_operating_hours
Please What are the opening hours of PIM Forest,ask_operating_hours
OPI Mall ada area bermain anak?,ask_facilities
What destinations are accessible by LRT?,ask_lrt_destinations
Kak lengkap banget infonya nih,provide_feedback
Halo Why is OPI Mall famous,ask_destination_info
Eh Rekomendasi wisata Palembang dong?,ask_recommendation
Halo Posisi Palembang Trade Center dimana ya,ask_location_access
Apa Taman Kebon Rojo bayar?,ask_ticket_price
Halo bagaimana cara ke Museum Sultan Mahmud Badaruddin II?,ask_location_access
Mau nanya dong Bisa bantu saya?,greet
"Excuse me, Is Al Quran Al Akbar near an LRT station?",ask_lrt_destinations
Kasih pantun dong,ask_unrelated
"Hi, how to cook fried rice?",ask_unrelated
Eh What's 2+2,ask_unrelated
Mau nanya dong Ada hidden gems gak di Palembang,ask_hidden_gems
Hey where is Palembang Trade Center arab village?,ask_location_access
Mau nanya dong saya dari Jakarta mau tanya?,greet
Which places can I visit using LRT?,ask_lrt_destinations
"Hi, planning to visit Palembang",greet
Rekomendasi masjid Palembang? dong,ask_category
Unexplored attractions in Palembang?,ask_hidden_gems
Eh ceritain KI dong,ask_destination_info
Maaf mau tanya Oke thanks? dong,goodbye
Masuk Al Quran Al Akbar gratis atau bayar?,ask_ticket_price
Halo hi,greet
Maaf mau tanya Tiket Benteng Kuto Besak berapa sih,ask_ticket_price
Min alamat Pasar 16 Ilir apa ya?,ask_location_access
Weekend Palembang Trade Center buka?,ask_operating_hours
Bang Okay thanks? dong,goodbye
Harga tiket masuknya berapa?,ask_ticket_price
Fasilitas pendukung Kampung Arab Al-Munawar?,ask_facilities
Mau nanya dong Kampung Arab Al-Munawar buka hari apa aja?,ask_operating_hours
Ceritain Hutan Wisata Punti Kayu dong,ask_destination_info
Halo Bisa rekomendasikan tempat wisata sih,ask_recommendation
Boleh tanya?,greet
Mau nanya dong keren sih ini botnya,provide_feedback
Kayak apa sih Al-Munawar?,ask_destination_info
Mau tau sejarah Fantasy Island,ask_destination_info
Kak Mau tanya fasilitas di Monpera? ya,ask_facilities
Mau nanya dong Appreciate it sih,goodbye
Maaf mau tanya penjelasannya bagus kak,provide_feedback
Bang Fasilitas Masjid Cheng Ho lengkap gak sih,ask_facilities
Maaf mau tanya Halo bot?,greet
"Hi there, I need some information",greet
I want to know Does Pulau Kemaro have a mosque?,ask_facilities
"Excuse me, Recommend places to see in Palembang?",ask_recommendation
Kambang Iwak ramah anak gak?,ask_facilities
History of Al-Munawar Arab Village?,ask_destination_info
Halo Kalo hari Sabtu KI buka?,ask_operating_hours
Bang Recommended banget aplikasinya dong,provide_feedback
Eh Wisata religi Palembang apa aja deh,ask_category
Mau ke Kambang Iwak lewat mana?,ask_location_access
Mau nanya dong seru gak Museum Balaputra Dewa?,ask_destination_info
Permisi Thanks kak,goodbye
Thank you? dong,goodbye
"Excuse me, Off the beaten path places in Palembang?",ask_hidden_gems
Bang apakah Fantasy Island dekat lrt?,ask_lrt_destinations
Bang Non-touristy places in Palembang,ask_hidden_gems
Maaf mau tanya Mau cari taman di Palembang? ya,ask_category
