text,label
Alamat PTC dimana?,ask_location_access
kamu bot beneran ya kak,ask_unrelated
Permisi That's helpful,provide_feedback
Permisi kak mau tanya deh,greet
Mau nanya dong Ada gak wisata yang masih asri di Palembang?,ask_hidden_gems
Halo oke terima kasih jawabannya nih,provide_feedback
Resep pempek palembang dong kak,ask_unrelated
Bang Best destinations in Palembang?,ask_recommendation
Kak Prediksi cuaca besok?,ask_unrelated
Maaf mau tanya Tempat keren tapi belum terkenal di Palembang?,ask_hidden_gems
Bang suggest tourist spots in palembang sih,ask_recommendation
Mau nanya dong well explained dong,provide_feedback
Maaf mau tanya dari pusat kota ke Amanzi Waterpark berapa lama?,ask_location_access
Maaf mau tanya jawabannya lengkap nih,provide_feedback
Jelaskan tentang Siguntang,ask_destination_info
mantul kak,provide_feedback
Maaf mau tanya Ceritain Al-Munawar dong kak?,ask_destination_info
Selaamt pagi,greet
Mau nanya dong wisata baru yang belum terkenal?,ask_hidden_gems
I want to know what are the opening hours of Kawah Tengkurep forest??,ask_operating_hours
Maaf mau tanya Recommend museums in Palembang ya kak,ask_category
Mau nanya dong Tes tes ya kak,greet
Permisi Tempat wisata budaya Palembang deh,ask_category
ceritakan tentang Al Quran Al Akbar nih,ask_destination_info
Alamat lengkap Kampung Arab Al-Munawar?,ask_location_access
Biaya masuknya berapa?,ask_ticket_price
Maaf mau tanya Enaknya kemana ya di Palembang nih,ask_recommendation
Dari mana ke Palembang Icon?,ask_location_access
Eh Penjelasannya bagus kak deh,provide_feedback
Halo Destinasi wisata religi Palembang nih,ask_category
Apa keunikan Siguntang?,ask_destination_info
Eh Rute ke SMB II gimana?,ask_location_access
Kak Fantasy Island terkenal karena apa?,ask_destination_info
Kak Fasilitas umum di Al-Munawar apa aja?,ask_facilities
Film terbaru 2024 apa?,ask_unrelated
Kak Mau tanya jam operasional Masjid Agung Palembang?,ask_operating_hours
Maaf mau tanya What amenities does Sultan Mahmud Badaruddin II Museum offer dong kak,ask_facilities
Thanks a lot,goodbye
Bang Ada rekomendasi wisata gak dong kak,ask_recommendation
Mau tau tentang Kawah Tengkurep,ask_destination_info
Mau nanya dong Tempat wisata yang dilalui LRT deh,ask_lrt_destinations
"Hi, Best places for tourists in Palembang",ask_recommendation
Mau nanya dong info tentang Palembang Icon deh,ask_destination_info
"Excuse me, what should i visit in palembang??",ask_recommendation
Permisi Tempat yang underrated di Palembang?,ask_hidden_gems
Min Info tentang Jakabaring Sport City dong kak,ask_destination_info
Sampai ketemu lagi sih,goodbye
Halo culinary tourism places in Palembang dong,ask_category
What facilities are available at Benteng Kuto Besak?,ask_facilities
"Hi, How to lose weight thanks",ask_unrelated
Bang Wisata sepi tapi bagus di Palembang ya kak,ask_hidden_gems
Permisi good answer,provide_feedback
Mau nanya dong htm Kampung Kapitan berapa?,ask_ticket_price
Kak Apa itu Hutan Wisata Punti Kayu,ask_destination_info
Permisi Wisata paling bagus di Palembang nih,ask_recommendation
Min What's 2+2 ya kak,ask_unrelated
Permisi Tempat wisata bertema budaya Melayu?,ask_category
Great info,provide_feedback
ini jawaban template ya?,ask_unrelated
Kak Jam buka OPI Mall kapan nih,ask_operating_hours
Eh Posisi Kambang Iwak dimana ya,ask_location_access
"Excuse me, Can I reach tourist places by LRT?",ask_lrt_destinations
Halo ada admin?,greet
Bang Permisi dong kak,greet
Halo Dari stasiun LRT bisa ke wisata apa sih,ask_lrt_destinations
Min Halo kamu cantik deh,ask_unrelated
I want to know What facilities are available at Fantasy Island Park?,ask_facilities
Eh rute lrt melewati wisata apa?,ask_lrt_destinations
Bang Tempat wisata murah di Palembang sih,ask_recommendation
Is Kemaro Island open on weekends?,ask_operating_hours
Permisi Jam operasional Museum Balaputra Dewa ya kak,ask_operating_hours
Halo Wonderful nih,provide_feedback
Permisi parks places in Palembang?,ask_category
Please How to cook fried rice?,ask_unrelated
Maaf mau tanya makasih kak deh,goodbye
Eh Mau cari museum di Palembang sih,ask_category
bingung mau bawa keluarga jalan-jalan kemana,ask_recommendation
Hey Where to go in Palembang??,ask_recommendation
Halo Aku mau cerita ya,ask_unrelated
Permisi adminnya mana dong,ask_unrelated
Apakah Kampung Arab Al-Munawar buka 24 jam?,ask_operating_hours
Permisi Unexplored attractions in Palembang sih,ask_hidden_gems
Bang Nice ya,provide_feedback
Apa itu machine learning?,ask_unrelated
Mau nanya dong Hallloo dong kak,greet
Fasilitas pendukung Taman Kebon Rojo?,ask_facilities
Min Kurs dollar hari ini berapa,ask_unrelated
What days is Grand Mosque of Palembang open?,ask_operating_hours
Kak Amanzi bagus gak deh,ask_destination_info
Maaf mau tanya tempat yang belum terkenal di palembang?,ask_hidden_gems
Pasar 16 Ilir gratis gak sih?,ask_ticket_price
Bang Halo kamu cantik dong kak,ask_unrelated
Tell me about Punti Kayu Forest,ask_destination_info
What facilities are available at Monpera?,ask_facilities
I want to know What are the best places to visit in Palembang??,ask_recommendation
Excellent information?,provide_feedback
Naik LRT bisa ke wisata mana aja?,ask_lrt_destinations
Maaf mau tanya I'm bored dong,ask_unrelated
Min harga masuk Hutan Wisata Punti Kayu berapa ya kak?,ask_ticket_price
Kak Jam operasional Jembatan Ampera?,ask_operating_hours
Mau nanya dong Mau tanya fasilitas di Kampung Kapitan?,ask_facilities
Posisi Taman Kebon Rojo dimana ya?,ask_location_access
Bang asalamualaikum ya,greet
Dimana lokasi Bukit Siguntang?,ask_location_access
Info lokasi SMB II dong?,ask_location_access
Permisi Fasilitas pendukung Masjid Agung Palembang,ask_facilities
Please can i reach tourist places by lrt??,ask_lrt_destinations
Apa obat sakit kepala?,ask_unrelated
palembang punya masjid apa?,ask_category
Maaf mau tanya Must-visit places in Palembang,ask_recommendation
good afternoon nih,greet
Halo dari pusat kota ke Fantasy Island berapa lama?,ask_location_access
Min Tempat taman di Palembang dong kak,ask_category
Price to enter Sultan Mahmud Badaruddin II Museum?,ask_ticket_price
Harga tiket masuk Kawah Tengkurep sekarang berapa?,ask_ticket_price
Eh alamat Pulau Kemaro dimana?,ask_location_access
Jelaskan tentang Pulau Kemaro,ask_destination_info
Kak terima kasih sih,goodbye
"Maaf mau tanya perfect, thank you sih",goodbye
Eh Weekday Kawah Tengkurep buka jam berapa?,ask_operating_hours
What is Kampung Kapitan?,ask_destination_info
Alamat lengkap Museum Balaputra Dewa?,ask_location_access
Maaf mau tanya Hai boleh tanya ya,greet
Can I take LRT to Ampera Bridge?,ask_lrt_destinations
Kapan sih Kampung Kapitan buka?,ask_operating_hours
Kak Cerita sejarah Kampung Kapitan dong?,ask_destination_info
Halo Stasiun LRT dekat tempat wisata dong kak,ask_lrt_destinations
Maaf mau tanya Apakah Monpera buka 24 jam dong kak,ask_operating_hours
I want to know best things to do in palembang?,ask_recommendation
Describe Kampung Kapitan,ask_destination_info
Pagi-pagi Jembatan Ampera sudah buka belum?,ask_operating_hours
Gimana Masjid Cheng Ho?,ask_destination_info
Min Berapa harga iPhone terbaru nih,ask_unrelated
Siguntang tutup jam berapa?,ask_operating_hours
Eh Cara menghilangkan jerawat?,ask_unrelated
Eh tempat wisata alam di palembang?,ask_category
Halo Got it ya kak,provide_feedback
Can you tell me What time does it open?,ask_operating_hours
Hey thanks for the help,goodbye
Mau nanya dong Hai kak masih aktif,greet
"Hello, Which places can I visit using LRT please",ask_lrt_destinations
Min hi bot ya,greet
Min Cara masak rendang gimana ya kak,ask_unrelated
Mau nanya dong Any museums in Palembang nih,ask_category
Bang Useful information dong kak,provide_feedback
Bang recommended banget aplikasinya,provide_feedback
Maaf mau tanya Fasilitas OPI Mall lengkap gak?,ask_facilities
Ampera terkenal karena apa?,ask_destination_info
Halo Dari mana ke SMB II?,ask_location_access
Kak Ke Amanzi Waterpark bayar berapa ya?,ask_ticket_price
Mau tanya fasilitas di Al Quran Al Akbar ya kak,ask_facilities
Do I need to pay to enter Grand Mosque of Palembang?,ask_ticket_price
Min makasih infonya kak ya kak,provide_feedback
Wisata Bali yang bagus?,ask_unrelated
Min rekomendasikan destinasi wisata palembang ya,ask_recommendation
Halo hlo dong,greet
Mau nanya dong bye bye dong,goodbye
Al Quran Al Akbar ada area bermain anak?,ask_facilities
Very informative?,provide_feedback
Maaf mau tanya Benteng Kuto Besak jauh gak dari pusat kota?,ask_location_access
Does Sultan Mahmud Badaruddin II Museum have food stalls?,ask_facilities
Masjid Cheng Ho berbayar atau gratis?,ask_ticket_price
Min Siapa presiden Indonesia nih,ask_unrelated
Min harga masuk Bukit Siguntang berapa?,ask_ticket_price
I want to know Can I take LRT to visit tourist places?,ask_lrt_destinations
"Excuse me, is admission to Kemaro forest free?",ask_ticket_price
Maaf mau tanya What's Masjid Cheng Ho like?,ask_destination_info
Monpera ada tempat istirahat deh,ask_facilities
Mau nanya dong Hi there dong kak,greet
Bang Ada rekomendasi wisata gak sih,ask_recommendation
Maaf mau tanya What's love ya kak,ask_unrelated
"Hello, can i take lrt to Fantasy Island bridge??",ask_lrt_destinations
Ada wisata apa aja di Palembang sih,ask_recommendation
Permisi Sampai ketemu lagi?,goodbye
kurs dollar hari ini berapa?,ask_unrelated
Permisi Hai saya wisatawan deh,greet
Very helpful?,provide_feedback
Maaf mau tanya I need assistance ya,greet
Bang Harga tiket Pulau Kemaro berapa ya?,ask_ticket_price
Destinasi masjid Palembang?,ask_category
Permisi noted kak sih,provide_feedback
Good info ya kak,provide_feedback
hay mau nanya dong,greet
Min Alamat Al-Munawar dimana dong,ask_location_access
Permisi sampai jumpa dong kak,goodbye
Please list of nature tourism in palembang??,ask_category
Address of Sultan Mahmud Badaruddin II Museum?,ask_location_access
Halo What's the time,ask_unrelated
Mau nanya dong Amanzi ada toilet gak?,ask_facilities
Halo ada hidden gems gak di palembang?,ask_hidden_gems
Kak Kambang Iwak buka jam berapa dong,ask_operating_hours
Min clear explanation ya kak,provide_feedback
Who invented electricity?,ask_unrelated
Posisi Amanzi dimana ya?,ask_location_access
Eh Tempat wisata yang wajib dikunjungi di Palembang ya kak,ask_recommendation
Makasih udah bantu,goodbye
Halo bisa naik lrt ke Kambang Iwak?,ask_lrt_destinations
Yang termasuk wisata kuliner apa aja?,ask_category
Bang Thanks udah bantu ya kak,goodbye
Suka deh,provide_feedback
Maaf mau tanya Sudah cukup terima kasih ya kak,goodbye
Please what's the price of iphone??,ask_unrelated
Kenapa SMB II terkenal?,ask_destination_info
Kasih info Kambang Iwak ya kak,ask_destination_info
How much to get into Grand Mosque of Palembang??,ask_ticket_price
Bang Ada toilet gak?,ask_facilities
Permisi what's Kampung Arab Al-Munawar forest like?,ask_destination_info
Wisata terbaik di Palembang apa?,ask_recommendation
Info jam buka Monpera dong,ask_operating_hours
Maaf mau tanya Info lokasi KI dong?,ask_location_access
Mau nanya dong wisata palembang yang lrt friendly?,ask_lrt_destinations
Can you tell me Where can I go by LRT for sightseeing?,ask_lrt_destinations
What's the address?,ask_location_access
Mau nanya dong Keren sih ini botnya ya kak,provide_feedback
Kampung Arab Al-Munawar bayar berapa?,ask_ticket_price
Assalamualaikum bye,goodbye
Eh min tolong saran wisata dong kak,ask_recommendation
Eh Wisata gratis di Palembang ada gak dong kak,ask_recommendation
Palembang Square berbayar atau gratis dong,ask_ticket_price
Halo kak berapa harga tiket PTC?,ask_ticket_price
Eh Palembang Square buka jam berapa?,ask_operating_hours
Min bisa naik lrt ke SMB II?,ask_lrt_destinations
Weekend Kampung Kapitan buka?,ask_operating_hours
Maaf mau tanya Suka sama jawabannya deh,provide_feedback
Hey Where is Jakabaring Sport City Park located,ask_location_access
Biaya tiket Hutan Wisata Punti Kayu berapa kak?,ask_ticket_price
Halo Wisata terbaik di Palembang apa ya,ask_recommendation
"Excuse me, What's the ticket price for Punti Kayu",ask_ticket_price
informasinya membantu nih,provide_feedback
Maaf mau tanya thanks infonya dong kak,goodbye
Price to enter Benteng Kuto Besak?,ask_ticket_price
Eh naik apa ke BKB?,ask_location_access
Permisi dari jam berapa Monpera buka?,ask_operating_hours
Info lengkap Punti Kayu dong,ask_destination_info
Kak Yang termasuk wisata religi apa aja?,ask_category
Harga tiket masuk Palembang Trade Center sekarang berapa?,ask_ticket_price
Kak Min rekomendasi wisata Palembang apa ya kak,ask_recommendation
Kak ke Kambang Iwak bayar berapa ya?,ask_ticket_price
Eh Palembang punya masjid apa sih,ask_category
haloo ya,greet
Mau nanya dong Sejarah Amanzi Waterpark apa ya?,ask_destination_info
Eh aku butuh tempat healing yang tenang deh,ask_recommendation
Does Punti Kayu Forest have a mosque?,ask_facilities
Bang Kak ada masjid gak di Palembang ya,ask_category
Eh Kemana aja bisa naik LRT untuk wisata ya kak,ask_lrt_destinations
Ceritakan tentang Kawah Tengkurep,ask_destination_info
Maaf mau tanya Bukit Siguntang buka setiap hari ya kak,ask_operating_hours
Buka jam berapa?,ask_operating_hours
Mau nanya dong oke thanks dong kak,goodbye
Mau nanya dong Alamat lengkap Monpera dong kak,ask_location_access
Kenapa Kampung Arab Al-Munawar terkenal?,ask_destination_info
Naik apa ke Al-Munawar?,ask_location_access
Please Are there toilets at Grand Mosque of Palembang please,ask_facilities
Mau nanya dong Akar kuadrat dari 144 nih,ask_unrelated
Appreciate it,goodbye
Wisata romantis di Palembang ya,ask_recommendation
"Hi, What historical sites are in Palembang",ask_category
Hai saya wisatawan,greet
Kak Mau tau sejarah Kambang Iwak?,ask_destination_info
Eh Any nature tourism in Palembang dong kak,ask_category
Kak responnya cepat ya kak,provide_feedback
Kak Salam kenal?,greet
Min Suggest tourist spots in Palembang,ask_recommendation
Halo Hidden spots in Palembang,ask_hidden_gems
Permisi oke deh kak sampai jumpa,goodbye
Halo What time does Sultan Mahmud Badaruddin II Museum close nih,ask_operating_hours
Permisi membantu banget nih,provide_feedback
Deskripsi PTC,ask_destination_info
Permisi assalamualaikum mau tanya ya,greet
Permisi Best destinations in Palembang ya,ask_recommendation
Min infonya oke banget deh,provide_feedback
Maaf mau tanya Pasar 16 Ilir ada spot foto gak?,ask_facilities
Maaf mau tanya Ada gak wisata yang bisa ditempuh LRT sih,ask_lrt_destinations
Maaf mau tanya apa itu Museum Sultan Mahmud Badaruddin II?,ask_destination_info
Maaf mau tanya Flight tickets to Bali nih,ask_unrelated
Halo Bisa rekomendasikan tempat wisata deh,ask_recommendation
Permisi Info lengkap Kemaro dong?,ask_destination_info
Halo Apa itu cryptocurrency dong,ask_unrelated
Sore kak,greet
Permisi aku lagi ngomong sama komputer ya?,ask_unrelated
Bang Jakabaring Sport City ramah anak gak?,ask_facilities
Jakabaring Sport City bisa ditempuh pakai apa?,ask_location_access
Mau nanya dong ada rekomendasi wisata gak?,ask_recommendation
"Bye, thanks for everything",goodbye
Halo dulu tempat ini bekas apa dong,ask_destination_info
Bang LRT Palembang stop di wisata mana sih,ask_lrt_destinations
What's the address of Ampera Bridge?,ask_location_access
Mau nanya dong oi ya kak,greet
"Hi, What's the location of Jakabaring Sport City thanks",ask_location_access
Bang Top tourist attractions in Palembang?,ask_recommendation
Maaf mau tanya Monpera buka jam berapa ya kak,ask_operating_hours
Mau nanya dong membantu banget ya kak,provide_feedback
Permisi oke noted terima kasih banyak kak sih,goodbye
Makasih kak nanti saya tanya lagi nih,goodbye
Ceritakan joke dong,ask_unrelated
Min Destinasi tersembunyi Palembang ada gak ya,ask_hidden_gems
Eh tempat wisata sejarah di palembang?,ask_category
Halo Fasilitas pendukung Kambang Iwak?,ask_facilities
Mau nanya dong Ada fasilitas apa di Kampung Arab Al-Munawar?,ask_facilities
Alamat lengkapnya?,ask_location_access
Halo Good answer?,provide_feedback
Halo Good info ya,provide_feedback
Please Opening hours for Grand Mosque of Palembang?,ask_operating_hours
That makes sense,provide_feedback
Min Address of Sultan Mahmud Badaruddin II Museum?,ask_location_access
Halo Lowongan kerja di Palembang ya kak,ask_unrelated
Maaf mau tanya Palembang Trade Center gratis gak sih,ask_ticket_price
Maaf mau tanya Wisata yang paling dekat LRT?,ask_lrt_destinations
Kak Weekend PIM buka,ask_operating_hours
Permisi Taxi online di Palembang deh,ask_unrelated
Mau nanya dong Kak berapa harga tiket Kampung Kapitan nih,ask_ticket_price
Ticket price for Sultan Mahmud Badaruddin II Museum?,ask_ticket_price
Kak asal usul Monpera ini gimana ceritanya ya kak,ask_destination_info
Eh Rekomendasi wisata untuk liburan singkat dong kak,ask_recommendation
Maaf mau tanya Kak fasilitas Monpera apa aja ya,ask_facilities
Mau nanya dong Bagaimana cara belajar coding ya,ask_unrelated
"Hi, Where to go in Palembang",ask_recommendation
Mau ke Palembang Icon bayar berapa?,ask_ticket_price
Kayak apa sih Jembatan Ampera?,ask_destination_info
Kak dimana ya Jembatan Ampera?,ask_location_access
Test bot,greet
Can you tell me How much to get into Siguntang Bridge please,ask_ticket_price
Min Sampai ketemu lagi deh,goodbye
Permisi ada ide tempat buat nongkrong sore sih,ask_recommendation
Mau nanya dong Kampung Arab Al-Munawar berbayar atau gratis?,ask_ticket_price
Halo Kemana aja bisa naik LRT untuk wisata ya,ask_lrt_destinations
"Hi, recommend places to see in palembang please",ask_recommendation
Info lokasi Siguntang dong,ask_location_access
Eh apa yang bikin Bukit Siguntang ini spesial?,ask_destination_info
Permisi Rekomendasi wisata Palembang dong?,ask_recommendation
"Can you tell me hi, can you help me?",greet
Halo LRT accessible tourist spots in Palembang?,ask_lrt_destinations
Eh Mau cari wisata budaya di Palembang dong,ask_category
Kak min info wisata dekat lrt dong kak,ask_lrt_destinations
Maaf mau tanya slmt siang ya kak,greet
Hey Where should I go in Palembang,ask_recommendation
Mau nanya dong Tempat wisata yang dilalui LRT ya kak,ask_lrt_destinations
"Permisi hello, i'm a tourist",greet
How much to get into Ampera Bridge?,ask_ticket_price
Mau nanya dong Aku lagi sedih nih?,ask_unrelated
Min Terima kasih infonya dong,goodbye
Min Palembang tourism recommendations,ask_recommendation
Min Salam kenal dong kak,greet
Eh Hidden gems in Palembang deh,ask_hidden_gems
Can you tell me what's the capital of france??,ask_unrelated
Mau nanya dong historical sites places in palembang?,ask_category
Curhatan aku dong,ask_unrelated
infonya detail banget ya,provide_feedback
Ticket price for Kambang Iwak Park?,ask_ticket_price
Tempat makan di sekitar Kemaro ada?,ask_facilities
Tips belajar bahasa Inggris?,ask_unrelated
Mau nanya dong Halo siapa di sini,greet
Mau nanya dong Dari stasiun LRT bisa ke wisata apa sih,ask_lrt_destinations
Permisi lengkap banget infonya dong,provide_feedback
Mau nanya dong Hai mau konsultasi dong kak,greet
Min alamat Al Quran Al Akbar apa ya?,ask_location_access
Eh penjelasannya bagus kak ya kak,provide_feedback
Eh Is Amanzi Waterpark open today?,ask_operating_hours
Eh Wisata yang aksesnya lewat LRT apa aja deh,ask_lrt_destinations
Maaf mau tanya Wisata romantis di Palembang?,ask_recommendation
Halo Wisata malam di Palembang kemana nih,ask_recommendation
Mau nanya dong Non-touristy places in Palembang,ask_hidden_gems
"Excuse me, where can i go by lrt for sightseeing?",ask_lrt_destinations
Mau nanya dong Tourist spots along LRT route nih,ask_lrt_destinations
Jam operasional Fantasy Island?,ask_operating_hours
Seru gak Hutan Wisata Punti Kayu?,ask_destination_info
Min Bye kak makasih ya,goodbye
Maaf mau tanya Siguntang ada spot foto gak,ask_facilities
Halo jawabannya memuaskan dong kak,provide_feedback
Mau nanya dong Bye bye makasih?,goodbye
Kak cukup sekian nih,goodbye
How much does it cost to enter Kambang Iwak Park?,ask_ticket_price
Info fasilitas Taman Kambang Iwak Besak dong,ask_facilities
Ada wisata religi di Palembang?,ask_category
Permisi Details about Sultan Mahmud Badaruddin II Museum deh,ask_destination_info
Halo Oke paham sih,provide_feedback
What's available at Benteng Kuto Besak?,ask_facilities
Bang got it sih,provide_feedback
Harga tiket masuk Ampera sekarang berapa?,ask_ticket_price
Min Sore min dong kak,greet
Permisi min info wisata dekat lrt dong kak,ask_lrt_destinations
Permisi Are there tourist attractions near LRT stations ya kak,ask_lrt_destinations
Monpera bagus gak?,ask_destination_info
Ceritakan tentang Kambang Iwak,ask_destination_info
Is Ampera Bridge open on Sunday?,ask_operating_hours
Eh Kode pos Palembang berapa dong,ask_unrelated
Min ada apa aja sih di Palembang Icon deh,ask_destination_info
Kak Kambang Iwak ada area bermain anak?,ask_facilities
Bang Gambar kucing dong,ask_unrelated
Halo SMB II lokasinya dimana?,ask_location_access
Where is Al-Munawar Arab Village?,ask_location_access
Maaf mau tanya Palembang Icon gratis gak sih?,ask_ticket_price
Halo aku mau cerita ya,ask_unrelated
Apa arti cinta,ask_unrelated
Halo kira-kira harga tiket SMB berapa?,ask_ticket_price
apa yang bikin Al-Munawar ini spesial?,ask_destination_info
Kak Wisata murah yang bisa naik LRT ya kak,ask_lrt_destinations
Min Wisata apa aja yang dekat jalur LRT sih,ask_lrt_destinations
Kamu siapa?,ask_unrelated
Halo Punti Kayu buka dari jam berapa sampai jam berapa?,ask_operating_hours
Kak Selamat siang?,greet
Translate bahasa Inggris dong,ask_unrelated
Min mau cari masjid di palembang dong,ask_category
Mau nanya dong Hello there?,greet
Bang Dari mana ke PTC sih,ask_location_access
Quiet but beautiful places in Palembang deh,ask_hidden_gems
Oke sip mantap,provide_feedback
Kak berguna banget deh,provide_feedback
Is there an entry fee for Sultan Mahmud Badaruddin II Museum?,ask_ticket_price
Kak Tempat wisata yang jarang dikunjungi di Palembang dong,ask_hidden_gems
Mau nanya dong wisata apa yang recommended di palembang?,ask_recommendation
Apa yang menarik dari Siguntang?,ask_destination_info
ada apa aja sih di SMB II?,ask_destination_info
What's Punti Kayu Forest like?,ask_destination_info
Permisi Python atau Java lebih bagus ya kak,ask_unrelated
Eh Permisi ya,greet
Kak Tempat makan di sekitar Amanzi Waterpark ada?,ask_facilities
Mau nanya dong Rekomendasi wisata yang dekat stasiun LRT ya kak,ask_lrt_destinations
Bukit Siguntang berbayar atau gratis?,ask_ticket_price
Ke Kampung Kapitan bayar berapa ya?,ask_ticket_price
Jembatan Ampera itu tempat apa sih?,ask_destination_info
Bang Pagi-pagi BKB sudah buka belum nih,ask_operating_hours
Aku bosan,ask_unrelated
Bisa rekomendasikan tempat wisata?,ask_recommendation
Kak sampai ketemu lagi sih,goodbye
Halo non-touristy places in palembang?,ask_hidden_gems
Bang Tolong kasih tau wisata dekat LRT ya,ask_lrt_destinations
Bang Ada masjid di Palembang dong,ask_category
Mau nanya dong Wisata sepi tapi bagus di Palembang deh,ask_hidden_gems
Mau nanya dong Hi chatbot sih,greet
Eh Wisata paling bagus di Palembang sih,ask_recommendation
Kak sampai jumpa lagi deh,goodbye
Min Non-touristy places in Palembang sih,ask_hidden_gems
Permisi lagi pengen liat pemandangan kota dari atas nih,ask_recommendation
Mau nanya dong Wisata sungai Palembang?,ask_category
"Halo bye, thanks for everything",goodbye
Mau cari wisata sejarah di Palembang,ask_category
Mau nanya dong LRT Palembang lewat wisata mana deh,ask_lrt_destinations
Mau nanya dong Non-touristy places in Palembang?,ask_hidden_gems
Apa itu Bukit Siguntang?,ask_destination_info
Maaf mau tanya Take care?,goodbye
ada apa aja sih di Museum Sultan Mahmud Badaruddin II?,ask_destination_info
Permisi saya ingin bertanya,greet
Mau nanya dong Info lokasi Amanzi Waterpark dong,ask_location_access
Eh Amanzi Waterpark berbayar atau gratis deh,ask_ticket_price
Tempat yang belum terkenal di Palembang ya kak,ask_hidden_gems
Berapa harga tiket masuk Al-Munawar?,ask_ticket_price
Kak Tempat wisata unik di Palembang ya,ask_hidden_gems
Fasilitas umum di Siguntang apa aja?,ask_facilities
Bang Ada wisata alam di Palembang ya kak,ask_category
Eh Tips perawatan kulit ya kak,ask_unrelated
Halo kenapa orang-orang suka ke Kampung Arab Al-Munawar?,ask_destination_info
Maaf mau tanya ada fasilitas apa di Benteng Kuto Besak?,ask_facilities
What amenities are available?,ask_facilities
Bang Canggih botnya,provide_feedback
Can you tell me Do I need to pay to enter Grand Mosque of Palembang,ask_ticket_price
Eh Lesser known attractions in Palembang ya kak,ask_hidden_gems
min kasih tau hidden gems palembang deh,ask_hidden_gems
Mau nanya dong Fantasy Island lokasinya dimana?,ask_location_access
"Hello, I want to explore Palembang",greet
Cara mengobati flu?,ask_unrelated
Ceritakan tentang Palembang Icon,ask_destination_info
top wisata palembang?,ask_recommendation
Min ceritakan tentang Masjid Agung Palembang deh,ask_destination_info
Wisata taman di Palembang apa aja?,ask_category
Kak BKB buka jam berapa ya?,ask_operating_hours
Eh kasih pantun dong kak,ask_unrelated
Kampung Arab Al-Munawar jauh gak dari pusat kota?,ask_location_access
Mau nanya dong Kak ada hidden gems gak dong kak,ask_hidden_gems
Halo misi mau tanya sih,greet
Maaf mau tanya Does SMB II have parking?,ask_facilities
Bang Assalamualaikum bye dong,goodbye
Mau ke Pulau Kemaro lewat mana?,ask_location_access
Permisi rekomendasi wisata palembang dong kak,ask_recommendation
Min Weekend Pasar 16 Ilir buka ya kak,ask_operating_hours
Min goodbye sih,goodbye
"Excuse me, What are the opening hours of Taman Kambang Iwak Besak??",ask_operating_hours
Eh sangat membantu deh,provide_feedback
Kak Bang tiket Hutan Wisata Punti Kayu berapa?,ask_ticket_price
Eh Undiscovered places in Palembang dong kak,ask_hidden_gems
Min Fasilitas Palembang Square lengkap gak,ask_facilities
Permisi dari jam berapa Museum Sultan Mahmud Badaruddin II buka?,ask_operating_hours
What's up,greet
Bang Destinasi rahasia Palembang,ask_hidden_gems
Kak Dari jam berapa Pasar 16 Ilir buka,ask_operating_hours
"Hi, How far is it thanks",ask_location_access
Wisata air di Palembang ada?,ask_category
Bang Mantap dong,provide_feedback
Bang Permisi kak dong kak,greet
Min Punti Kayu di mana ya?,ask_location_access
Eh Tempat keren tapi belum terkenal di Palembang,ask_hidden_gems
Permisi Palembang punya wisata religi apa sih,ask_category
Permisi Kira-kira berapa ya tiketnya sih,ask_ticket_price
Kak Jadwal sholat hari ini dong kak,ask_unrelated
Permisi Yang termasuk wisata budaya apa aja,ask_category
Halo Understood nih,provide_feedback
Halo Kasih tau dong tentang Palembang Trade Center nih,ask_destination_info
Kasih info Kampung Arab Al-Munawar ya kak,ask_destination_info
Mau nanya dong Waalaikumsalam?,goodbye
Info lengkap Jakabaring Sport City dong,ask_destination_info
Eh Cara bikin cuko pempek dong,ask_unrelated
Eh Min rekomendasi wisata Palembang apa ya kak,ask_recommendation
Mau tanya fasilitas di Pulau Kemaro,ask_facilities
Mau nanya dong Rekomendasi wisata untuk liburan singkat?,ask_recommendation
religious tourism places in Palembang?,ask_category
Permisi Destinasi tersembunyi Palembang ada gak nih,ask_hidden_gems
Min assalamu'alaikum nih,greet
"hello, i need help ya kak",greet
Ceritakan tentangnya,ask_destination_info
Ada wisata apa aja di Palembang ya,ask_recommendation
Kak what's available at Pulau Kemaro?,ask_facilities
Does Al-Munawar Arab Village have a mosque?,ask_facilities
Maaf mau tanya tempat yang underrated di palembang?,ask_hidden_gems
Permisi opening hours for Kambang Iwak island?,ask_operating_hours
Bang Apa yang menarik dari Siguntang?,ask_destination_info
Mau nanya dong is Bukit Siguntang island open on weekends?,ask_operating_hours
Maaf mau tanya Lokasi Jembatan Ampera dimana kak nih,ask_location_access
Hai kak,greet
Min Selamat tinggal nih,goodbye
Min ini jawaban template ya kak,ask_unrelated
"Excuse me, What's the location of Ampera Bridge?",ask_location_access
Permisi makasih infonya kak dong,provide_feedback
Mau nanya dong Parkiran Kemaro luas gak,ask_facilities
Dari mana ke Amanzi dong kak,ask_location_access
Fasilitas SMB lengkap gak?,ask_facilities
Apa itu?,ask_destination_info
"Halo Perfect, thank you",goodbye
Kemaro buka setiap hari?,ask_operating_hours
jam operasional Museum Balaputra Dewa?,ask_operating_hours
Tolong kasih tau alamat Bukit Siguntang ya kak,ask_location_access
Mau nanya dong that's helpful sih,provide_feedback
Mau nanya dong Tempat wisata yang wajib dikunjungi di Palembang,ask_recommendation
I want to know Off the beaten path places in Palembang please,ask_hidden_gems
"Hello, How do I get to Taman Kambang Iwak Besak Island?",ask_location_access
I want to know what to see in palembang?,ask_recommendation
Mau nanya dong Ada rekomendasi wisata gak deh,ask_recommendation
"Halo Great, thanks nih",goodbye
Maaf mau tanya tempat wisata yang dilalui lrt?,ask_lrt_destinations
Bang Wisata yang belum viral di Palembang ya kak,ask_hidden_gems
Pulau Kemaro ada kantin gak?,ask_facilities
Min fasilitas apa saja di Al-Munawar?,ask_facilities
Halo siapa yang bikin kamu sih,ask_unrelated
"Hi, How to move on thanks",ask_unrelated
Kira-kira harga tiket SMB II berapa?,ask_ticket_price
Bang Review tentang Amanzi?,ask_destination_info
Halo saya pengunjung baru,greet
PIM ada di daerah mana?,ask_location_access
Amanzi Waterpark di mana ya?,ask_location_access
Good day,greet
Ampera ada kantin gak?,ask_facilities
Eh suka deh,provide_feedback
Is Benteng Kuto Besak child-friendly?,ask_facilities
Halo Kenapa Kambang Iwak terkenal nih,ask_destination_info
Can I take public transport to Punti Kayu Forest?,ask_location_access
Min Makasih infonya kak?,provide_feedback
Weekday SMB II buka jam berapa?,ask_operating_hours
Location of Jakabaring Sport City?,ask_location_access
Monpera ada spot foto gak?,ask_facilities
Eh Destinasi masjid Palembang deh,ask_category
Min Malam min dong kak,greet
Bisa naik angkot ke Amanzi Waterpark?,ask_location_access
Eh test dong kak,greet
Permisi Ada fasilitas apa di Benteng Kuto Besak?,ask_facilities
Min Perfect?,provide_feedback
Permisi Mau liburan di Palembang kemana ya?,ask_recommendation
Maaf mau tanya apa yang bikin Palembang Trade Center ini spesial?,ask_destination_info
Bang tourist spots along lrt route?,ask_lrt_destinations
Maaf mau tanya Oke noted terima kasih banyak kak ya,goodbye
Min Location of Taman Kambang Iwak Besak Park?,ask_location_access
tempat wisata murah di palembang?,ask_recommendation
Halo Dadah kak dong,goodbye
kamu bisa jawab apa aja sih?,ask_unrelated
Kak Alternative tourist spots in Palembang nih,ask_hidden_gems
Terima kasih sangat membantu,goodbye
Min Halo kak saya turis deh,greet
lrt palembang stop di wisata mana?,ask_lrt_destinations
How to reach Monpera?,ask_location_access
Al Quran Al Akbar itu tempat apa sih?,ask_destination_info
hey bot ya,greet
Bang Kak ada museum gak di Palembang ya,ask_category
Mau nanya dong Jam tutup Palembang Trade Center kapan?,ask_operating_hours
Bang Fasilitas apa saja di SMB II?,ask_facilities
Mau cari wisata yang seru di Palembang sih,ask_recommendation
Bang terima kasih banyak dong,goodbye
Thanks,goodbye
siap kak ya kak,provide_feedback
Bang Wisata Palembang yang LRT friendly?,ask_lrt_destinations
"Mau explore Palembang pakai LRT, kemana aja bisa ya",ask_lrt_destinations
Mau nanya dong Min kasih tau hidden gems Palembang deh,ask_hidden_gems
Mau nanya dong Tempat makan di sekitar Ampera ada dong kak,ask_facilities
Mau nanya dong Masih buka gak ya?,ask_operating_hours
Ada wifi di Jakabaring?,ask_facilities
Ada wisata yang jarang orang tau?,ask_hidden_gems
Eh min harga masuk Monpera berapa?,ask_ticket_price
Halo Goodbye ya,goodbye
Permisi,greet
Kak does Jakabaring forest have food stalls?,ask_facilities
Selamat siang,greet
Halo PIM ada kantin gak?,ask_facilities
Please Can I take LRT to Pulau Kemaro Bridge,ask_lrt_destinations
Halo asal usul KI ini gimana ceritanya?,ask_destination_info
Kak Ada wisata apa aja di Palembang dong kak,ask_recommendation
What nature tourism are in Palembang?,ask_category
KI lokasinya dimana?,ask_location_access
Maaf mau tanya Tempat wisata murah di Palembang nih,ask_recommendation
Maaf mau tanya Wisata off the beaten path Palembang nih,ask_hidden_gems
Min Kemaro buka sampai malam gak deh,ask_operating_hours
Bang Ceritakan tentangnya sih,ask_destination_info
mantul kak deh,provide_feedback
Sore,greet
Min Berapa biaya masuk ke Jakabaring?,ask_ticket_price
Halo Tell me about Siguntang Forest?,ask_destination_info
Min alright thanks dong kak,goodbye
Is Sultan Mahmud Badaruddin II Museum open in the morning?,ask_operating_hours
Menarik gak Masjid Agung Palembang?,ask_destination_info
Kak berapa harga tiket Al Quran Al Akbar?,ask_ticket_price
Ada gak wisata yang bisa ditempuh LRT?,ask_lrt_destinations
Eh Wisata apa aja yang dekat jalur LRT dong,ask_lrt_destinations
Akses ke Museum Sultan Mahmud Badaruddin II mudah gak?,ask_location_access
Halo jawabannya lengkap nih,provide_feedback
Jam buka Taman Kebon Rojo kapan?,ask_operating_hours
"Halo hello, i'm a tourist nih",greet
Eh LRT Palembang lewat wisata mana,ask_lrt_destinations
Wisata Palembang yang LRT friendly?,ask_lrt_destinations
Eh Ada mushola di Kampung Arab Al-Munawar?,ask_facilities
"Hello, How to learn programming",ask_unrelated
OK that's all I needed,goodbye
Mau nanya dong Udah itu aja kak makasih dong,goodbye
Permisi Which tourist spots are near LRT stations,ask_lrt_destinations
Eh Suka sama aplikasinya?,provide_feedback
Ceritain Jakabaring Sport City dong kak,ask_destination_info
Maaf mau tanya Mau tanya jam operasional Ampera?,ask_operating_hours
Eh mau cari taman di palembang dong kak,ask_category
Bang PTC deket stasiun LRT mana dong,ask_location_access
Mau nanya dong Hlo ya kak,greet
Bang facilities at Palembang Trade Center?,ask_facilities
Halo hidden gem palembang yang recommended?,ask_hidden_gems
Monpera mulai buka jam berapa?,ask_operating_hours
Kak dimana ya Siguntang?,ask_location_access
Kapan Jakabaring Sport City buka?,ask_operating_hours
What does it cost to visit Grand Mosque of Palembang?,ask_ticket_price
Kak Ceritakan tentang dinosaurus,ask_unrelated
How much does it cost to enter Punti Kayu Forest?,ask_ticket_price
Min Bisa rekomendasikan tempat wisata dong kak,ask_recommendation
Eh Mau tau sejarah Museum Balaputra Dewa?,ask_destination_info
Mau tanya harga tiket Amanzi,ask_ticket_price
Halo Anime yang bagus apa dong,ask_unrelated
Permisi What's love ya,ask_unrelated
Hey What time does it open?,ask_operating_hours
Tiket masuk ke Siguntang sekarang berapa ya?,ask_ticket_price
Mau nanya dong bagus infonya ya kak,provide_feedback
Mau nanya dong mantap kak nih,provide_feedback
"Got it, thanks",goodbye
Eh Wisata Palembang yang aesthetic tapi sepi?,ask_hidden_gems
Maaf mau tanya Wisata apa yang recommended di Palembang?,ask_recommendation
Museum Balaputra Dewa bagus gak dong kak,ask_destination_info
Halo Tempat wisata yang bisa diakses LRT nih,ask_lrt_destinations
Aplikasinya keren,provide_feedback
Bang Harga emas hari ini,ask_unrelated
Bang Any religious tourism in Palembang?,ask_category
Mau nanya dong Secret places in Palembang dong kak,ask_hidden_gems
Kak SMB mulai buka jam berapa?,ask_operating_hours
Mau nanya dong LRT Palembang stop di wisata mana ya kak,ask_lrt_destinations
Can you tell me where can i find parks in palembang??,ask_category
Permisi Hey bot dong kak,greet
Halo Hidden gems di Palembang apa dong,ask_hidden_gems
"Permisi Hi there, I need some information sih",greet
Jadwal buka Kampung Arab Al-Munawar kapan ya?,ask_operating_hours
Maaf mau tanya alamat lengkap Museum Sultan Mahmud Badaruddin II?,ask_location_access
"Halo Hi, I'd like to ask something ya kak",greet
Halo Buka jam berapa,ask_operating_hours
Maaf mau tanya oke makasih sih,goodbye
HTM Taman Kambang Iwak Besak berapa?,ask_ticket_price
Maaf mau tanya jam tutup Hutan Wisata Punti Kayu kapan?,ask_operating_hours
I want to know Where should I go in Palembang thanks,ask_recommendation
Where is Punti Kayu Forest located?,ask_location_access
Halo Nature spots in Palembang ya kak,ask_category
Maaf mau tanya religious tourism places in Palembang,ask_category
Tempat yang belum terkenal di Palembang?,ask_hidden_gems
Permisi Segitu dulu kak thanks ya kak,goodbye
Eh Bisa rekomendasikan tempat wisata deh,ask_recommendation
Kak berapa harga tiket Al-Munawar?,ask_ticket_price
Halo Kapan Ampera buka?,ask_operating_hours
Bang Wisata romantis di Palembang dong,ask_recommendation
Eh Cara daftar CPNS gimana dong kak,ask_unrelated
Maaf mau tanya Thanks a lot dong,goodbye
Permisi LRT accessible tourist spots in Palembang ya,ask_lrt_destinations
Hey Do you have feelings?,ask_unrelated
Eh Enaknya kemana ya di Palembang deh,ask_recommendation
Kak Assalamualaikum mau tanya?,greet
Mau nanya dong Kapan piala dunia ya,ask_unrelated
"Excuse me, What are the best places to visit in Palembang please",ask_recommendation
Halo Ada taman kota di Palembang dong kak,ask_category
Please Can I take LRT to visit tourist places??,ask_lrt_destinations
Maaf mau tanya info masjid palembang dong,ask_category
Min Wisata Palembang yang aesthetic tapi sepi sih,ask_hidden_gems
Bang Wisata baru yang belum terkenal?,ask_hidden_gems
Bang Wisata romantis di Palembang ya,ask_recommendation
Bang tempat yang underrated di palembang?,ask_hidden_gems
Bang Suka deh?,provide_feedback
Rute LRT melewati wisata apa nih,ask_lrt_destinations
Min kayak apa sih Amanzi Waterpark?,ask_destination_info
Permisi SMB II ada tempat parkir,ask_facilities
terima kasih sudah membantu nih,goodbye
Masjid Cheng Ho ada di daerah mana?,ask_location_access
Jam operasional Hutan Wisata Punti Kayu?,ask_operating_hours
What's the location of Ampera Bridge?,ask_location_access
Kak Hai kak ya kak,greet
Halo mau tanya fasilitas di Bukit Siguntang dong kak,ask_facilities
"Hi, What are the opening hours of Amanzi?",ask_operating_hours
Halo Baiklah terima kasih banyak sih,goodbye
Opening hours for Grand Mosque of Palembang?,ask_operating_hours
I want to know Where should I go in Palembang please,ask_recommendation
Maaf mau tanya rating 5 untuk botnya nih,provide_feedback
Bang Rekomendasi hidden gems dong kak dong kak,ask_hidden_gems
Wisata apa yang bisa dijangkau LRT?,ask_lrt_destinations
Min parkiran Museum Balaputra Dewa luas gak?,ask_facilities
Kak Ada gak wisata yang bisa ditempuh LRT dong kak,ask_lrt_destinations
Kak Palembang Square buka setiap hari,ask_operating_hours
"Excuse me, What's the entry fee for Pasar 16 Ilir thanks",ask_ticket_price
Min kasih tau hidden gems palembang nih,ask_hidden_gems
Bisa naik angkot ke Masjid Cheng Ho?,ask_location_access
Min Kak ada wisata kuliner gak di Palembang deh,ask_category
Eh LRT Palembang lewat wisata mana?,ask_lrt_destinations
Ada wisata budaya di Palembang?,ask_category
Min cukup sekian ya kak,goodbye
Eh Bisa naik LRT ke Bukit Siguntang dong kak,ask_lrt_destinations
Permisi Kambang Iwak ada kantin gak ya kak,ask_facilities
Bang Info jam buka Bukit Siguntang dong kak,ask_operating_hours
When does it close?,ask_operating_hours
Min Kapan sih KI buka?,ask_operating_hours
asal usul Al-Munawar ini gimana ceritanya?,ask_destination_info
Bang Details about Punti Kayu,ask_destination_info
Halo nanti tanya lagi ya kak dong kak,goodbye
Kak adminnya mana?,ask_unrelated
Kak Fantasy Island tutup jam berapa ya,ask_operating_hours
How much is the ticket to Grand Mosque of Palembang?,ask_ticket_price
Eh good evening deh,greet
Eh kenapa orang-orang suka ke Jakabaring Sport City deh,ask_destination_info
Min Kak rekomendasiin dong wisata di Palembang,ask_recommendation
Hey What are the operating hours of Kambang Iwak,ask_operating_hours
Eh Cukup dulu ya,goodbye
5 stars?,provide_feedback
Haai,greet
Wisata yang belum banyak orang tau di Palembang dong,ask_hidden_gems
Hi,greet
Tempat yang underrated di Palembang?,ask_hidden_gems
Mau cari taman di Palembang,ask_category
Hey Tell me a story?,ask_unrelated
Permisi What's available at Sultan Mahmud Badaruddin II Museum dong kak,ask_facilities
Thank you very much,goodbye
Bang what's special about Al Quran Al Akbar bridge?,ask_destination_info
Bang Palembang punya wisata apa aja?,ask_recommendation
Please unique places to visit in palembang??,ask_hidden_gems
Permisi Wisata yang aksesnya lewat LRT apa aja nih,ask_lrt_destinations
Misi mau tanya deh,greet
Gratis atau bayar?,ask_ticket_price
Min Apotek 24 jam di Palembang?,ask_unrelated
"Permisi hi, i'm visiting palembang",greet
Eh Pulau Kemaro buka setiap hari?,ask_operating_hours
Kak Wisata accessible by LRT ya kak,ask_lrt_destinations
Eh what's cryptocurrency?,ask_unrelated
Halo Assalamualaikum min dong kak,greet
Kak Tips menurunkan berat badan dong kak,ask_unrelated
Halo Halo siapa di sini sih,greet
Ceritain SMB dong kak,ask_destination_info
Eh Any hidden gems to visit ya,ask_hidden_gems
Location of Monpera?,ask_location_access
Eh tempat makan di sekitar Taman Kambang Iwak Besak ada?,ask_facilities
Info lengkap Pasar 16 Ilir dong,ask_destination_info
Halo wisata yang bisa dikunjungi sehari ya,ask_recommendation
Kak rute ke SMB gimana?,ask_location_access
Permisi Hidden gems di Palembang apa dong,ask_hidden_gems
Can you tell me Best places for tourists in Palembang please,ask_recommendation
Alamat Kambang Iwak dimana?,ask_location_access
Maaf mau tanya mau liburan di palembang kemana ya?,ask_recommendation
Ada museum di Palembang ya kak,ask_category
"Hello, when does it close??",ask_operating_hours
Halo Gambar kucing dong,ask_unrelated
Palembang Icon buka hari apa aja?,ask_operating_hours
Masuk Kampung Kapitan gratis atau bayar?,ask_ticket_price
Halo Jadwal sholat hari ini,ask_unrelated
Eh Great info dong,provide_feedback
Maaf mau tanya posisi Al Quran Al Akbar dimana ya?,ask_location_access
Seru gak Al Quran Al Akbar?,ask_destination_info
Monpera ramah anak gak?,ask_facilities
Kak assalamualaikum bye,goodbye
bang mau nanya dong kak,greet
Kak ada hidden gems gak nih,ask_hidden_gems
Kak Religious sites in Palembang,ask_category
Maaf mau tanya bismillah mau tanya nih,greet
Kak Wisata wisata alam di Palembang apa aja dong kak,ask_category
Maaf mau tanya Lokasi Bukit Siguntang dimana kak?,ask_location_access
Kak Thanks kak nih,goodbye
Kak Tempat wisata murah di Palembang?,ask_recommendation
Permisi Makasih dong kak,goodbye
Permisi Details about Fantasy Island?,ask_destination_info
Kak recommend tourist places in palembang deh,ask_recommendation
Bang kasih rekomendasi wisata dong kak,ask_recommendation
Kak Facilities dong kak,ask_facilities
Bang Kampung Kapitan ada kantin gak?,ask_facilities
"Maaf mau tanya That's enough, thank you",goodbye
Eh Wisata yang bisa pake LRT dong,ask_lrt_destinations
Info harga tiket Pulau Kemaro dong kak,ask_ticket_price
Kak thanks a lot nih,goodbye
Min bang,greet
Kak Ada yang aktif deh,greet
Kak Al Quran Al Akbar buka jam berapa ya?,ask_operating_hours
Bang aku bosan ya kak,ask_unrelated
Siapa gubernur Palembang?,ask_unrelated
Naik apa ke Jakabaring?,ask_location_access
Bang mau ke tempat yang unik dan sepi sih,ask_hidden_gems
Eh Ada fasilitas apa di KI,ask_facilities
Min Wisata Palembang yang belum banyak orang kunjungi ya kak,ask_hidden_gems
Mau nanya dong bisa naik angkot ke OPI Mall?,ask_location_access
"Hey, can I ask a question?",greet
Min Tourist spots along LRT route sih,ask_lrt_destinations
Eh great info ya kak,provide_feedback
Min Bisa bantu saya deh,greet
Kak Keren sih ini botnya?,provide_feedback
How to go to Jakabaring Sport City?,ask_location_access
Min wisata yang belum mainstream?,ask_hidden_gems
Bang Sip makasih deh,goodbye
LRT Palembang stop di wisata mana dong,ask_lrt_destinations
Halo bisa tanya sesuatu?,greet
Permisi Appreciate it sih,goodbye
Mau nanya dong jam buka Palembang Trade Center kapan?,ask_operating_hours
"Halo Mau keliling Palembang naik LRT, kemana aja dong kak",ask_lrt_destinations
Bang ok bye ya,goodbye
Best destinations in Palembang?,ask_recommendation
Min Tempat wisata murah di Palembang ya,ask_recommendation
Maaf mau tanya Kak ada taman gak di Palembang dong kak,ask_category
Kak ping dong,greet
Tiket masuk ke Museum Balaputra Dewa sekarang berapa ya?,ask_ticket_price
Min Destinasi wisata LRT Palembang nih,ask_lrt_destinations
I want to know What days is Masjid Agung Palembang Island open?,ask_operating_hours
"Hi, How to get a visa??",ask_unrelated
Min fasilitas apa saja di OPI Mall?,ask_facilities
Halo Destinasi tersembunyi Palembang ada gak ya,ask_hidden_gems
Kak Dimana lokasi Jembatan Ampera,ask_location_access
Recommend historical sites in Palembang,ask_category
Wisata Palembang yang aesthetic tapi sepi ya kak,ask_hidden_gems
Kak Rekomendasi wisata untuk liburan singkat nih,ask_recommendation
"Excuse me, What does it cost to visit Siguntang Forest please",ask_ticket_price
Palembang tourism recommendations?,ask_recommendation
Halo Wisata Palembang yang populer apa?,ask_recommendation
Min Wisata yang belum viral di Palembang ya,ask_hidden_gems
Halo Price to enter Taman Kambang Iwak Besak sih,ask_ticket_price
Resep nasi goreng dong,ask_unrelated
Maaf mau tanya parkiran Palembang Square luas gak?,ask_facilities
Harga tiket PTC berapa ya?,ask_ticket_price
Bang assalamualaikum min dong kak,greet
Permisi nice dong,provide_feedback
Tiket masuk ke Punti Kayu sekarang berapa ya?,ask_ticket_price
Mau ke Fantasy Island bayar berapa?,ask_ticket_price
Halo Thanks kak sih,goodbye
Permisi Saran tempat wisata di Palembang deh,ask_recommendation
Review tentang SMB II,ask_destination_info
Halo,greet
Bang kak berapa harga tiket Fantasy Island?,ask_ticket_price
Maaf mau tanya rekomendasi hidden gems dong kak dong,ask_hidden_gems
Tempat makan di sekitar Pulau Kemaro ada?,ask_facilities
Min bismillah mau tanya nih,greet
"Hi, exactly what i needed thanks",provide_feedback
Sing me a song,ask_unrelated
Mau nanya dong dari jam berapa Fantasy Island buka?,ask_operating_hours
Kak Kampung Arab Al-Munawar itu tempat apa sih?,ask_destination_info
Kak Yang termasuk wisata sejarah apa aja ya kak,ask_category
Permisi Wisata yang bisa pake LRT?,ask_lrt_destinations
Maaf mau tanya Awesome thanks nih,goodbye
Eh Kalo hari Sabtu Jembatan Ampera buka ya kak,ask_operating_hours
Mau nanya dong Saranin wisata di Palembang dong,ask_recommendation
"Hi, planning to visit Palembang",greet
Mau nanya dong Wisata untuk anak-anak di Palembang dong,ask_recommendation
aku butuh tempat healing yang tenang ya,ask_recommendation
Min ada wifi di Pulau Kemaro?,ask_facilities
Ada tempat wisata baru di Palembang?,ask_hidden_gems
Maaf mau tanya does sultan mahmud badaruddin ii museum open every day?,ask_operating_hours
Tolong kasih tau alamat Pulau Kemaro,ask_location_access
What's the entry fee for Benteng Kuto Besak?,ask_ticket_price
Please How much does it cost to enter PIM Island?,ask_ticket_price
Info tentang SMB II,ask_destination_info
Info wisata sejarah Palembang dong,ask_category
Maaf mau tanya is PTC free?,ask_ticket_price
Permisi Places that tourists don't usually go?,ask_hidden_gems
Permisi Cara main saham?,ask_unrelated
Address of Grand Mosque of Palembang?,ask_location_access
Stasiun LRT dekat tempat wisata?,ask_lrt_destinations
How do I get to Monpera?,ask_location_access
Kak wah keren infonya dong kak,provide_feedback
Cara menuju Taman Kambang Iwak Besak gimana?,ask_location_access
What's Bitcoin?,ask_unrelated
Kambang Iwak terkenal karena apa?,ask_destination_info
"Mau nanya dong that's all, thanks",goodbye
Eh Oke sip dong,provide_feedback
Eh Sejarah Palembang Icon apa ya,ask_destination_info
Kak ada wifi di Kawah Tengkurep?,ask_facilities
Ampera buka dari jam berapa sampai jam berapa?,ask_operating_hours
"Hi, what parks are in palembang??",ask_category
Eh Hutan Wisata Punti Kayu ada toilet gak?,ask_facilities
Can you tell me What culinary tourism are in Palembang??,ask_category
Eh Lokasi Monpera dimana kak ya,ask_location_access
What are the opening hours of Benteng Kuto Besak?,ask_operating_hours
Maaf mau tanya makasih ya infonya sih,goodbye
Is there an entry fee for Benteng Kuto Besak?,ask_ticket_price
Kak Terima kasih?,goodbye
Permisi Opening hours dong,ask_operating_hours
Bang Palembang punya wisata apa aja dong,ask_recommendation
Min Bot nya pintar ya,provide_feedback
Eh LRT berhenti dekat wisata mana?,ask_lrt_destinations
Halo deskripsi Bukit Siguntang nih,ask_destination_info
Apakah Masjid Agung Palembang buka hari Minggu?,ask_operating_hours
Permisi Bisa naik LRT ke Kampung Kapitan dong kak,ask_lrt_destinations
"Hi, What are the iconic places in Palembang?",ask_recommendation
Ada wisata dekat LRT gak?,ask_lrt_destinations
Eh Wisata yang belum banyak orang tau di Palembang ya kak,ask_hidden_gems
Bang masuk Pulau Kemaro gratis atau bayar?,ask_ticket_price
Monpera gratis gak sih?,ask_ticket_price
"Excuse me, Best things to do in Palembang please",ask_recommendation
Kak Destinasi rahasia Palembang ya kak,ask_hidden_gems
Can you tell me tell me a joke thanks,ask_unrelated
Maaf mau tanya Kamu siapa ya,ask_unrelated
Maaf mau tanya mau cari wisata alam di palembang dong,ask_category
Jadwal buka Al-Munawar kapan ya,ask_operating_hours
PIM ramah anak gak?,ask_facilities
Hai TanyaKito,greet
Permisi terima kasih infonya sangat berguna dong,provide_feedback
Halo Very accurate deh,provide_feedback
Min Are there tourist attractions near LRT stations?,ask_lrt_destinations
Bang Prediksi cuaca besok?,ask_unrelated
Punti Kayu lokasinya dimana?,ask_location_access
Kak clear explanation ya,provide_feedback
Bang Wisata yang gampang dijangkau LRT ya,ask_lrt_destinations
Can you tell me What facilities are available at Sultan Mahmud Badaruddin II Museum?,ask_facilities
What facilities are available at Sultan Mahmud Badaruddin II Museum?,ask_facilities
Eh wassalamualaikum sih,goodbye
Bang Fasilitas pendukung Museum Balaputra Dewa ya,ask_facilities
Kak Makasih ya infonya nih,goodbye
Masuk Hutan Wisata Punti Kayu gratis atau bayar?,ask_ticket_price
Maaf mau tanya LRT Palembang lewat wisata mana dong kak,ask_lrt_destinations
Bang oke thanks dong,goodbye
Kak Wisata yang aksesnya lewat LRT apa aja dong,ask_lrt_destinations
Mau nanya dong Kapan kiamat dong kak,ask_unrelated
"Hello, thanks for the info thanks",provide_feedback
Eh Biaya tiket Masjid Cheng Ho berapa kak sih,ask_ticket_price
Min Mantap,provide_feedback
Kak Min rekomendasi wisata Palembang apa,ask_recommendation
where can i find culinary tourism in palembang?,ask_category
Kak ada wisata budaya gak di Palembang?,ask_category
Maaf mau tanya tolong kasih tau wisata dekat lrt,ask_lrt_destinations
Dari jam berapa BKB buka?,ask_operating_hours
Berapa ya tiket Kemaro?,ask_ticket_price
Bang Mantap,provide_feedback
Tolong kasih tau alamat Punti Kayu,ask_location_access
Do I need to pay to enter Benteng Kuto Besak?,ask_ticket_price
Eh Wonderful nih,provide_feedback
Mau nanya dong Who invented electricity ya kak,ask_unrelated
asal usul Ampera ini gimana ceritanya?,ask_destination_info
Kak LRT bisa ke PTC gak dong kak,ask_lrt_destinations
Kak fasilitas Palembang Trade Center apa aja ya?,ask_facilities
Mau nanya dong Wisata yang belum mainstream ya,ask_hidden_gems
Eh are there tourist attractions near lrt stations?,ask_lrt_destinations
Eh Mau tanya jam operasional Al Quran Al Akbar?,ask_operating_hours
Halo mantul kak deh,provide_feedback
"Excuse me, what tourism spots are on the lrt line?",ask_lrt_destinations
Are there restrooms?,ask_facilities
I want to know List of nature tourism in Palembang,ask_category
Permisi What's love deh,ask_unrelated
Bang Alright thanks ya,goodbye
Min sore sih,greet
Berguna banget,provide_feedback
Permisi keren,provide_feedback
"Hey, anyone there?",greet
Kak Museum Balaputra Dewa buka dari jam berapa sampai jam berapa?,ask_operating_hours
alamat Kampung Kapitan dimana?,ask_location_access
Bang Cara bikin cuko pempek nih,ask_unrelated
Is Ampera Bridge free?,ask_ticket_price
Permisi Kapan sih Kemaro buka?,ask_operating_hours
Palembang Trade Center terkenal karena apa?,ask_destination_info
Maaf mau tanya hi ya,greet
Kak Akses ke KI mudah gak ya kak,ask_location_access
Min Bye for now dong,goodbye
Eh Parkiran Kampung Arab Al-Munawar luas gak deh,ask_facilities
Kak Chatbot nya bagus dong,provide_feedback
Mau tanya harga tiket Kampung Arab Al-Munawar,ask_ticket_price
Eh bye kak makasih ya kak,goodbye
Permisi Palembang Icon ada tempat parkir?,ask_facilities
Min makasih ya kak sangat berguna infonya dong kak,goodbye
Siapa penemu lampu?,ask_unrelated
Halo Apakah kamu AI dong kak,ask_unrelated
Bang Wisata apa yang cocok untuk foto-foto deh,ask_recommendation
Info fasilitas Benteng Kuto Besak dong,ask_facilities
Tiket masuk ke Kampung Kapitan sekarang berapa ya?,ask_ticket_price
Maaf mau tanya Bisa bantu saya dong,greet
Min Apa obat sakit kepala deh,ask_unrelated
apa yang bikin Jembatan Ampera ini spesial?,ask_destination_info
Apakah Kemaro gratis?,ask_ticket_price
Permisi Ada tempat wisata baru di Palembang,ask_hidden_gems
Halo hello tanyakito sih,greet
Eh Awesome thanks,goodbye
Halo Ada gak wisata yang bisa ditempuh LRT ya kak,ask_lrt_destinations
Eh Hay dong kak,greet
Min Any hidden gems to visit,ask_hidden_gems
Bang Udah itu aja kak makasih nih,goodbye
SMB dekat stasiun LRT mana?,ask_lrt_destinations
Halo Bisa naik LRT ke Palembang Trade Center sih,ask_lrt_destinations
Mau jalan-jalan di Palembang kemana ya?,ask_recommendation
Min Pagi-pagi Kambang Iwak sudah buka belum?,ask_operating_hours
Bisa naik angkot ke Hutan Wisata Punti Kayu?,ask_location_access
Jawaban yang memuaskan sih,provide_feedback
Halo apakah ada yang bisa bantu?,greet
Info lengkap Benteng Kuto Besak dong,ask_destination_info
Information about Kemaro Island,ask_destination_info
Permisi Fasilitas Masjid Cheng Ho lengkap gak,ask_facilities
Maaf mau tanya Sangat membantu?,provide_feedback
Bang Rumah sakit terdekat ya,ask_unrelated
Kak Suka sama aplikasinya ya kak,provide_feedback
Apakah Ampera buka hari Minggu?,ask_operating_hours
Bang Wisata instagramable Palembang dong kak,ask_recommendation
Bang Review tentang Siguntang ya kak,ask_destination_info
Halo Best places to visit by LRT ya kak,ask_lrt_destinations
Berapa ya tiket OPI Mall?,ask_ticket_price
Mau nanya dong OK that's all I needed deh,goodbye
Kak ada hidden gems gak dong kak,ask_hidden_gems
Great info sih,provide_feedback
Kak mau tau sejarah Jakabaring ya,ask_destination_info
Seru gak Kampung Kapitan?,ask_destination_info
Mau nanya dong ada ide tempat buat nongkrong sore,ask_recommendation
Hey Unique places to visit in Palembang,ask_hidden_gems
Halo oke kak noted ya,provide_feedback
lagi pengen liat pemandangan kota dari atas?,ask_recommendation
Eh hello dong,greet
Mau nanya dong Tempat yang underrated di Palembang,ask_hidden_gems
"Hello, List of culinary tourism in Palembang please",ask_category
Is Jakabaring Sport City free?,ask_ticket_price
Kasih info Masjid Cheng Ho ya kak,ask_destination_info
Sejarahnya gimana?,ask_destination_info
Please recommend places to see in palembang thanks,ask_recommendation
Ada wisata alam di Palembang?,ask_category
Kak Min alamat Jakabaring Sport City apa ya?,ask_location_access
Min info wisata dekat lrt dong kak,ask_lrt_destinations
Permisi Taman Kebon Rojo bagus gak?,ask_destination_info
Info harga tiket Hutan Wisata Punti Kayu dong kak,ask_ticket_price
Berapa harga tiketnya?,ask_ticket_price
Halo Bisa naik LRT ke Monpera?,ask_lrt_destinations
Eh Al Quran Al Akbar buka dari jam berapa sampai jam berapa?,ask_operating_hours
Eh Wisata yang gak pasaran di Palembang deh,ask_hidden_gems
"Hi, How to make money online??",ask_unrelated
Enaknya kemana ya di Palembang?,ask_recommendation
alamat Jakabaring Sport City dimana?,ask_location_access
Kak Yang termasuk taman apa aja deh,ask_category
Min harga masuk PTC berapa?,ask_ticket_price
Mau nanya dong Rute ke Ampera gimana,ask_location_access
Maaf mau tanya Which tourist spots are near LRT stations,ask_lrt_destinations
Eh Top wisata Palembang?,ask_recommendation
Kambang Iwak berbayar atau gratis deh,ask_ticket_price
Eh that makes sense dong kak,provide_feedback
Bang Apakah kamu AI nih,ask_unrelated
Kayak apa sih Palembang Square?,ask_destination_info
Maaf mau tanya Rute LRT melewati wisata apa dong,ask_lrt_destinations
Min hai kak dong,greet
Mau ke Jakabaring lewat mana?,ask_location_access
Dari pusat kota ke Taman Kebon Rojo berapa lama?,ask_location_access
Bisa bantu saya sih,greet
Permisi Tempat paling menarik di Palembang sih,ask_recommendation
Permisi Great info sih,provide_feedback
Kak fasilitas SMB apa aja ya?,ask_facilities
Eh Oke kak noted deh,provide_feedback
Kak what's up ya kak,greet
Halo mau ke tempat yang unik dan sepi dong,ask_hidden_gems
Mau nanya dong Tempat wisata unik di Palembang nih,ask_hidden_gems
Mau nanya dong Ada wisata dekat LRT gak?,ask_lrt_destinations
Halo bagus infonya deh,provide_feedback
Halo Bisa rekomendasikan tempat wisata,ask_recommendation
Min Kambang Iwak buka dari jam berapa sampai jam berapa?,ask_operating_hours
Eh thank you very much ya,goodbye
Kak Hello bot nih,greet
Maaf mau tanya aku mau cerita sih,ask_unrelated
Min Buka hari apa aja ya,ask_operating_hours
Halo dadah ya,goodbye
Maaf mau tanya apa bahasa inggrisnya kucing?,ask_unrelated
Kak tolong kasih tau wisata dekat lrt deh,ask_lrt_destinations
"Excuse me, can i reach tourist places by lrt??",ask_lrt_destinations
Mau tanya jam operasional Monpera,ask_operating_hours
Kak That makes sense?,provide_feedback
Halo Wisata yang bernuansa Islami?,ask_category
Kawah Tengkurep bisa ditempuh pakai apa?,ask_location_access
Permisi Facilities dong kak,ask_facilities
"Excuse me, How much does it cost to enter Taman Kambang Iwak Besak Bridge please",ask_ticket_price
Eh Wisata anti mainstream Palembang,ask_hidden_gems
Permisi Wisata sepi tapi bagus di Palembang?,ask_hidden_gems
Mau nanya dong Wisata sore hari di Palembang sih,ask_recommendation
Palembang Trade Center bisa ditempuh pakai apa?,ask_location_access
"Hi, best things to do in palembang??",ask_recommendation
Hey what facilities are available at Kampung Kapitan??,ask_facilities
Kak Bisa rekomendasikan tempat wisata dong,ask_recommendation
Tess?,greet
Eh BKB buka sampai malam gak sih,ask_operating_hours
Min Ada wisata budaya di Palembang?,ask_category
Permisi infonya oke banget ya kak,provide_feedback
Bang Sip terima kasih kak nih,goodbye
Alamat lengkap Al Quran Al Akbar?,ask_location_access
Mau nanya dong Berapa ya tiket Masjid Agung Palembang?,ask_ticket_price
When does Al-Munawar Arab Village close?,ask_operating_hours
Sejarah Fantasy Island apa ya?,ask_destination_info
Eh Wisata apa yang bisa dijangkau LRT deh,ask_lrt_destinations
Mau nanya dong Monpera buka jam berapa,ask_operating_hours
Mau nanya dong thank you very much deh,goodbye
Halo Mau ke tempat yang unik dan sepi sih,ask_hidden_gems
Kak Dari mana ke OPI Mall?,ask_location_access
Alternative tourist spots in Palembang ya,ask_hidden_gems
Kasih tau dong tentang OPI Mall,ask_destination_info
Halo Fasilitas pendukung Masjid Cheng Ho?,ask_facilities
Menarik gak Monpera?,ask_destination_info
Permisi Very informative?,provide_feedback
Eh Hai kak dong kak,greet
Parkiran OPI Mall luas gak?,ask_facilities
love this bot nih,provide_feedback
Mau nanya dong Jawaban yang sangat membantu dong,provide_feedback
Permisi Wisata sore hari di Palembang,ask_recommendation
Tempat makan di sekitar Masjid Cheng Ho ada?,ask_facilities
Rekomendasi wisata sejarah Palembang dong,ask_category
OPI Mall buka setiap hari?,ask_operating_hours
Halo Wisata yang gak pasaran di Palembang?,ask_hidden_gems
What's the capital of France thanks,ask_unrelated
Maaf mau tanya Bisa naik angkot ke BKB deh,ask_location_access
Is admission to Kambang Iwak Park free?,ask_ticket_price
Maaf mau tanya Bisa naik angkot ke Masjid Agung Palembang?,ask_location_access
What can I see at Jakabaring Sport City?,ask_destination_info
Kak Masjid Cheng Ho ada tempat istirahat?,ask_facilities
Min Kira-kira harga tiket Palembang Square berapa dong,ask_ticket_price
Is Monpera far from the city center?,ask_location_access
Maaf mau tanya Hidden gem Palembang yang recommended sih,ask_hidden_gems
"Permisi Mau naik LRT, wisata apa yang dekat",ask_lrt_destinations
Mau nanya dong Apakah Jakabaring Sport City dekat stasiun LRT sih,ask_lrt_destinations
Maaf mau tanya Tiket masuk ke Benteng Kuto Besak sekarang berapa ya kak,ask_ticket_price
Mau nanya dong Aku bosan,ask_unrelated
Alamat Kemaro dimana?,ask_location_access
Mau tanya fasilitas di Bukit Siguntang,ask_facilities
Gimana Kampung Arab Al-Munawar?,ask_destination_info
Min mau cari wisata religi di palembang sih,ask_category
Kak Akar kuadrat dari 144 dong kak,ask_unrelated
Bang Stasiun LRT terdekat ke tempat wisata mana deh,ask_lrt_destinations
Halo SMB II tutup jam berapa?,ask_operating_hours
Hey What's the entrance fee at PTC thanks,ask_ticket_price
Halo Wisata yang belum banyak orang tau di Palembang deh,ask_hidden_gems
Eh oke terima kasih banyak ya kak,goodbye
Mau ke Kambang Iwak lewat mana?,ask_location_access
Permisi Bye kak?,goodbye
Mau nanya dong Info jam buka Kemaro dong?,ask_operating_hours
Eh Tempat taman di Palembang ya kak,ask_category
Min Ada wisata sejarah di Palembang ya,ask_category
Kak Tiket Jakabaring berapa sih,ask_ticket_price
"Hey good morning, i have a question thanks",greet
list of museums in palembang??,ask_category
Bagaimana cara ke Kambang Iwak?,ask_location_access
How much for Sultan Mahmud Badaruddin II Museum tickets?,ask_ticket_price
Hey Where can I go by LRT for sightseeing thanks,ask_lrt_destinations
Mau nanya dong Wisata Arab di Palembang deh,ask_category
Halo Kak ada wisata religi gak di Palembang dong,ask_category
Berapa ya tiket Palembang Square?,ask_ticket_price
Mau jalan-jalan pakai LRT bisa kemana?,ask_lrt_destinations
Bang kapan Taman Kebon Rojo buka?,ask_operating_hours
What does it cost to visit Kampung Kapitan?,ask_ticket_price
Permisi Does Sultan Mahmud Badaruddin II Museum have food stalls ya kak,ask_facilities
Halo Siapa gubernur Palembang nih,ask_unrelated
Eh Berapa ya tiket Pulau Kemaro ya kak,ask_ticket_price
BKB bayar berapa?,ask_ticket_price
Mau tanya dong kak harga tiket Jakabaring,ask_ticket_price
Min What's 2+2?,ask_unrelated
Ceritakan tentang Masjid Cheng Ho,ask_destination_info
Bang makasih udah bantu ya kak,goodbye
"Permisi Bye, thanks for everything sih",goodbye
Akses ke Monpera mudah gak?,ask_location_access
Maaf mau tanya Hari ini Kampung Kapitan buka gak ya?,ask_operating_hours
Deskripsi KI?,ask_destination_info
Ke Benteng Kuto Besak bayar berapa ya?,ask_ticket_price
Permisi Kambang Iwak dekat stasiun LRT mana deh,ask_lrt_destinations
Kak fasilitas umum di Al-Munawar apa aja?,ask_facilities
Eh Info wisata religi Palembang dong,ask_category
Hari ini Kambang Iwak buka gak ya?,ask_operating_hours
When is Fantasy Island Island open?,ask_operating_hours
Kak mau tanya dong kak harga tiket Amanzi ya kak,ask_ticket_price
Harga tiket masuk BKB sekarang berapa?,ask_ticket_price
palembang punya wisata apa aja?,ask_recommendation
Mau nanya dong makasih nih,goodbye
Kak Haloo deh,greet
Halo Rekomendasi hidden gems dong kak ya kak,ask_hidden_gems
Permisi Kasih info Amanzi Waterpark ya kak deh,ask_destination_info
Permisi destinasi tersembunyi palembang ada gak?,ask_hidden_gems
Rekomendasikan tempat wisata di Palembang,ask_recommendation
Ada toilet gak?,ask_facilities
Benteng Kuto Besak mulai buka jam berapa?,ask_operating_hours
Taman Kebon Rojo tutup jam berapa?,ask_operating_hours
Eh Slmt siang,greet
"Maaf mau tanya that's enough, thank you dong kak",goodbye
Min Siang min deh,greet
Mau tau sejarah Ampera,ask_destination_info
Palembang Icon deket stasiun LRT mana?,ask_location_access
"Maaf mau tanya Hi, I'd like to ask something deh",greet
Halo Oke kak sampai jumpa,goodbye
Kak siang dong kak,greet
Hai saya pertama kali ke Palembang?,greet
Alamat Monpera dimana?,ask_location_access
Is Kemaro Island far from the city center?,ask_location_access
Bang Benteng Kuto Besak di mana ya,ask_location_access
Min Tiket masuk ke Monpera sekarang berapa ya?,ask_ticket_price
Please List of religious tourism in Palembang??,ask_category
Mau nanya dong Assalamualaikum bye sih,goodbye
"Kak Hello, is anyone available nih",greet
Boleh tanya nih,greet
What's the ticket price for Benteng Kuto Besak?,ask_ticket_price
Fasilitas apa saja di Hutan Wisata Punti Kayu?,ask_facilities
Tempat wisata kuliner di Palembang?,ask_category
Rekomendasi wisata kuliner Palembang,ask_category
Maaf mau tanya Apa itu cryptocurrency sih,ask_unrelated
Makasih ya kak sangat berguna infonya,goodbye
Eh adminnya mana ya,ask_unrelated
Min Nyanyiin lagu dong,ask_unrelated
Sampai jumpa lagi,goodbye
Eh Ada mushola di PIM deh,ask_facilities
Permisi quiet but beautiful places in palembang?,ask_hidden_gems
Bang Oke mantap kak ya kak,goodbye
Min Tiket masuk ke Ampera sekarang berapa ya,ask_ticket_price
Halo Wisata apa yang cocok untuk foto-foto ya,ask_recommendation
"Maaf mau tanya Mau keliling Palembang naik LRT, kemana aja?",ask_lrt_destinations
Masjid Agung Palembang buka dari jam berapa sampai jam berapa?,ask_operating_hours
Maaf mau tanya Tempat wisata unik di Palembang sih,ask_hidden_gems
Permisi Wisata outdoor Palembang nih,ask_category
Mau nanya dong Hidden gems di Palembang apa ya kak,ask_hidden_gems
Bang hai kak ya kak,greet
ada fasilitas apa di Museum Sultan Mahmud Badaruddin II?,ask_facilities
Fasilitas pendukung PIM ya kak,ask_facilities
Min Is SMB II open on Sunday ya,ask_operating_hours
Can you tell me how to cook an egg??,ask_unrelated
Mau nanya dong Okay thanks deh,goodbye
Apakah Pulau Kemaro gratis?,ask_ticket_price
Harga masuk PTC berapa ya kak?,ask_ticket_price
Thanks for the info,provide_feedback
Kak Wisata gratis di Palembang ada gak deh,ask_recommendation
Permisi Prediksi cuaca besok nih,ask_unrelated
Halo Kode pos Palembang berapa?,ask_unrelated
Bang Bagaimana cara diet nih,ask_unrelated
What can I see at Grand Mosque of Palembang?,ask_destination_info
Jadwal buka Benteng Kuto Besak kapan ya?,ask_operating_hours
Mau cari wisata budaya di Palembang,ask_category
Jelaskan tentang Monpera,ask_destination_info
Wisata yang aksesnya lewat LRT apa aja sih,ask_lrt_destinations
Bang Infonya detail banget ya,provide_feedback
"Permisi thank you, goodbye deh",goodbye
Wisata apa yang cocok untuk foto-foto,ask_recommendation
Permisi Naik LRT bisa ke wisata mana aja,ask_lrt_destinations
Does Al-Munawar Arab Village have parking?,ask_facilities
Maaf mau tanya Cara ke sana gimana,ask_location_access
Min Hari ini Kambang Iwak buka gak ya?,ask_operating_hours
Jam tutup Palembang Square kapan deh,ask_operating_hours
Berapa harga tiket masuk Monpera?,ask_ticket_price
Update harga tiket Bukit Siguntang dong,ask_ticket_price
Where should I go in Palembang?,ask_recommendation
Sip terima kasih kak,goodbye
Kak wisata yang gampang dijangkau lrt?,ask_lrt_destinations
Permisi Sangat membantu,provide_feedback
HTM Al-Munawar berapa?,ask_ticket_price
Maaf mau tanya info lengkap Al-Munawar dong,ask_destination_info
Min is OPI Mall park open today?,ask_operating_hours
Destinasi tersembunyi Palembang ada gak?,ask_hidden_gems
Info fasilitas Kampung Arab Al-Munawar dong,ask_facilities
Good answer,provide_feedback
Kak Monpera itu tempat apa sih,ask_destination_info
di Kambang Iwak itu kita bisa ngapain aja?,ask_destination_info
Bang Cara menghilangkan jerawat sih,ask_unrelated
Akses ke PTC mudah gak?,ask_location_access
Bang Hai boleh tanya?,greet
Aku lagi sedih nih,ask_unrelated
"Hello, list of nature tourism in palembang?",ask_category
Permisi Benteng Kuto Besak bagus gak?,ask_destination_info
Does Benteng Kuto Besak have food stalls?,ask_facilities
"Hello, When is the World Cup please",ask_unrelated
Mau nanya dong Cultural attractions in Palembang dong,ask_category
Min Terima kasih atas informasinya deh,goodbye
Min KI terkenal karena apa dong kak,ask_destination_info
Cerita sejarah Al Quran Al Akbar dong,ask_destination_info
Hotel murah di Jakarta?,ask_unrelated
Mau nanya dong useful information,provide_feedback
Kak mau tanya,greet
Halo recommend cultural tourism in palembang,ask_category
Kak Biaya tiket Kambang Iwak berapa kak deh,ask_ticket_price
Mau nanya dong Kak ada wisata alam gak di Palembang dong kak,ask_category
Apa Benteng Kuto Besak bayar?,ask_ticket_price
Kak Destinasi wisata LRT Palembang ya,ask_lrt_destinations
Take care,goodbye
Kak Bisa naik LRT ke PIM?,ask_lrt_destinations
Kak halo saya dari jakarta mau tanya ya,greet
Mau nanya dong Lowongan kerja di Palembang deh,ask_unrelated
Ada fasilitas apa di Masjid Cheng Ho?,ask_facilities
Arah ke Al-Munawar gimana?,ask_location_access
Kak Permisi mau tanya harga tiket Amanzi Waterpark ya kak,ask_ticket_price
Bang tiket Kawah Tengkurep berapa?,ask_ticket_price
Eh tempat museum di palembang?,ask_category
Min Lengkap gak fasilitasnya,ask_facilities
Mau nanya dong Kayak apa sih Taman Kambang Iwak Besak dong kak,ask_destination_info
Ceritain Al Quran Al Akbar dong kak,ask_destination_info
Eh Nais,provide_feedback
Mau nanya dong PTC bisa ditempuh pakai apa deh,ask_location_access
Wisata wisata kuliner di Palembang apa aja?,ask_category
Kak Bye kak makasih ya,goodbye
oke sip makasih deh,goodbye
List of parks in Palembang?,ask_category
Eh PIM ada spot foto gak?,ask_facilities
"Hello, when is Punti Kayu park open?",ask_operating_hours
Kak info wisata sejarah palembang dong,ask_category
Min Unexplored attractions in Palembang,ask_hidden_gems
Can you tell me How much to get into Museum Balaputra Dewa thanks,ask_ticket_price
Halo asal usul Jembatan Ampera ini gimana ceritanya sih,ask_destination_info
Update harga tiket OPI Mall dong,ask_ticket_price
Maaf mau tanya Fasilitasnya apa aja,ask_facilities
Bang When does Sultan Mahmud Badaruddin II Museum close sih,ask_operating_hours
Mau nanya dong Kamu siapa?,ask_unrelated
Bayar berapa kalo masuk Monpera?,ask_ticket_price
Palembang LRT tourism destinations ya,ask_lrt_destinations
Mau tanya dong kak harga tiket Jakabaring Sport City,ask_ticket_price
Wisata yang gak pasaran di Palembang nih,ask_hidden_gems
What facilities are available at Kemaro Island?,ask_facilities
Oke terima kasih banyak ya,goodbye
Maaf mau tanya 5 bintang deh?,provide_feedback
Eh Suggest tourist spots in Palembang ya kak,ask_recommendation
Berapa harga tiket masuk Palembang Trade Center?,ask_ticket_price
"Hello, what's the price of iphone??",ask_unrelated
Eh Info wisata alam Palembang dong kak,ask_category
Kak Recommended banget aplikasinya nih,provide_feedback
Apa Kambang Iwak bayar?,ask_ticket_price
Ada wifi di Benteng Kuto Besak?,ask_facilities
Rekomendasi wisata alam Palembang,ask_category
tiketnya mahal gak?,ask_ticket_price
Eh Ada wisata sejarah di Palembang,ask_category
Maaf mau tanya Maaf mau tanya ya,greet
Eh Taxi online di Palembang nih,ask_unrelated
Eh rekomendasi wisata untuk liburan singkat nih,ask_recommendation
Taman Kebon Rojo ramah anak gak?,ask_facilities
Min Wisata tersembunyi di Palembang ya,ask_hidden_gems
Quiet but beautiful places in Palembang?,ask_hidden_gems
Min bye nih,goodbye
Min Lesser known attractions in Palembang,ask_hidden_gems
Very detailed ya,provide_feedback
Eh Min info wisata dekat LRT dong?,ask_lrt_destinations
Maaf mau tanya Parks in Palembang ya,ask_category
Eh Good morning?,greet
Permisi Ada parkiran dong,ask_facilities
Maaf mau tanya nanti tanya lagi ya kak ya,goodbye
Lesser known attractions in Palembang?,ask_hidden_gems
Undiscovered places in Palembang deh,ask_hidden_gems
Bang Harga tiket masuk Museum Sultan Mahmud Badaruddin II sekarang berapa?,ask_ticket_price
What historical sites are in Palembang?,ask_category
Min alamat SMB apa ya?,ask_location_access
ada wifi di Pasar 16 Ilir?,ask_facilities
Mahal gak tiketnya?,ask_ticket_price
Non-touristy places in Palembang,ask_hidden_gems
Great info?,provide_feedback
Kak Wisata baru yang belum terkenal deh,ask_hidden_gems
Kak Location of Kambang Iwak Forest?,ask_location_access
di Masjid Agung Palembang itu kita bisa ngapain aja?,ask_destination_info
Please when is the world cup??,ask_unrelated
Jam tutup Masjid Cheng Ho kapan?,ask_operating_hours
"Min Mau naik LRT, wisata apa yang dekat",ask_lrt_destinations
Permisi thanks kak dong,goodbye
Does Kampung Kapitan have parking?,ask_facilities
Min ke Bukit Siguntang bayar berapa ya?,ask_ticket_price
HTM Jembatan Ampera berapa?,ask_ticket_price
Eh Apa KI bayar deh,ask_ticket_price
Info lengkap Museum Sultan Mahmud Badaruddin II dong,ask_destination_info
Eh Info lengkap PIM dong,ask_destination_info
Kak Selaamt pagi dong,greet
Directions to Grand Mosque of Palembang?,ask_location_access
HTM Amanzi berapa?,ask_ticket_price
Mau nanya dong Wisata sore hari di Palembang nih,ask_recommendation
Permisi Howdy ya kak,greet
"Min Got it, thanks sih",goodbye
Mau nanya dong Parkiran OPI Mall luas gak dong,ask_facilities
Kak Undiscovered places in Palembang sih,ask_hidden_gems
Maaf mau tanya Facilities at Amanzi Park?,ask_facilities
Maaf mau tanya Wisata wisata kuliner di Palembang apa aja nih,ask_category
Rekomendasi museum Palembang,ask_category
Eh Baik kak terima kasih dong,goodbye
thanks for the help?,goodbye
Maaf mau tanya tell me about dinosaurs nih,ask_unrelated
Maaf mau tanya Tempat yang belum terkenal di Palembang nih,ask_hidden_gems
"Maaf mau tanya Mau naik LRT, wisata apa yang dekat dong kak",ask_lrt_destinations
Min harga masuk SMB berapa?,ask_ticket_price
Permisi fasilitas pendukung BKB?,ask_facilities
Mau nanya dong apakah Monpera gratis?,ask_ticket_price
Kak fasilitas KI apa aja ya?,ask_facilities
Min amazing response deh,provide_feedback
Mau nanya dong Jelaskan tentang Siguntang?,ask_destination_info
Eh makasih atas bantuannya dong kak,goodbye
Apa yang menarik dari Museum Sultan Mahmud Badaruddin II?,ask_destination_info
Suka sama jawabannya,provide_feedback
Permisi Wisata Palembang yang belum banyak orang kunjungi deh,ask_hidden_gems
Permisi Alamat Amanzi dimana nih,ask_location_access
Min Jadwal kereta api Jakarta,ask_unrelated
Halo Is Bukit Siguntang Forest free?,ask_ticket_price
Eh kapan SMB II buka?,ask_operating_hours
SMB mulai buka jam berapa?,ask_operating_hours
Permisi infonya detail banget nih,provide_feedback
Tiket pesawat ke Bali berapa?,ask_unrelated
Kambang Iwak fasilitasnya apa aja?,ask_facilities
Min makasih infonya kak deh,provide_feedback
Clear explanation,provide_feedback
Min Wisata yang gampang dijangkau LRT nih,ask_lrt_destinations
Kasih tau dong tentang BKB,ask_destination_info
Maaf mau tanya Wisata yang belum mainstream ya kak,ask_hidden_gems
Bang Amanzi buka hari apa aja dong kak,ask_operating_hours
Kemaro ada kantin gak?,ask_facilities
Mau nanya dong help me please sih,greet
Bang min harga masuk Siguntang berapa?,ask_ticket_price
Kak Masjid Cheng Ho ada toilet gak ya kak,ask_facilities
Rekomendasi masjid Palembang,ask_category
Bang tiket Amanzi Waterpark berapa?,ask_ticket_price
Please How to cook an egg??,ask_unrelated
Min Best destinations in Palembang dong,ask_recommendation
Min directions to Museum Balaputra Dewa island?,ask_location_access
Where is Sultan Mahmud Badaruddin II Museum?,ask_location_access
Permisi Suka deh?,provide_feedback
"Hi, Who is the president of Indonesia??",ask_unrelated
Ada wisata dekat LRT gak ya,ask_lrt_destinations
Halo Min mau tanya dong kak,greet
Kak Any religious tourism in Palembang ya kak,ask_category
Eh Wisata sepi tapi bagus di Palembang ya,ask_hidden_gems
wisata malam di palembang kemana?,ask_recommendation
Maaf mau tanya oke sip,provide_feedback
Min Tolong kasih tau alamat Museum Balaputra Dewa nih,ask_location_access
Masuk SMB II gratis atau bayar?,ask_ticket_price
Halo Jadwal buka Jakabaring kapan ya,ask_operating_hours
Kak Palembang tourism recommendations sih,ask_recommendation
What's available at Punti Kayu Forest?,ask_facilities
Kak wassalamualaikum dong kak,goodbye
Kak oke noted makasih nih,goodbye
Kak Thanks a lot deh,goodbye
Halo kak rekomendasiin dong wisata di palembang dong kak,ask_recommendation
Halo Siguntang di mana ya kak,ask_location_access
Min Best universities in Indonesia ya kak,ask_unrelated
Makasih kak nanti saya tanya lagi,goodbye
Mau nanya dong SMB II lokasinya dimana?,ask_location_access
Maaf mau tanya Good morning nih,greet
Mau nanya dong Wisata yang gak pasaran di Palembang nih,ask_hidden_gems
Siang,greet
Halo Tempat wisata yang jarang dikunjungi di Palembang ya,ask_hidden_gems
Min Oke makasih dong kak,goodbye
Dari jam berapa Masjid Cheng Ho buka?,ask_operating_hours
Cara menuju BKB gimana?,ask_location_access
What's love?,ask_unrelated
Kak Wisata edukasi di Palembang dong kak,ask_category
Permisi Info harga tiket KI dong kak dong kak,ask_ticket_price
Min cultural tourism places in Palembang?,ask_category
Eh Tourist recommendations for Palembang ya,ask_recommendation
Kak rekomendasiin dong wisata di Palembang,ask_recommendation
Halo Hidden gem Palembang yang recommended ya,ask_hidden_gems
Min bayar berapa kalo masuk Taman Kambang Iwak Besak?,ask_ticket_price
"Hello, are there toilets at sultan mahmud badaruddin ii museum?",ask_facilities
Maaf mau tanya Wisata paling bagus di Palembang sih,ask_recommendation
Kak Harga masuk Pasar 16 Ilir berapa ya kak ya,ask_ticket_price
Bang Best movies of 2024,ask_unrelated
Bang Useful information ya,provide_feedback
BKB jauh gak dari pusat kota?,ask_location_access
Permisi Tempat wisata yang dilalui LRT,ask_lrt_destinations
Terima kasih atas informasinya,goodbye
Maaf mau tanya Fasilitasnya gimana dong,ask_facilities
Eh Seru gak Monpera ya kak,ask_destination_info
Bang hai saya baru ke palembang,greet
Bang Sip lanjut kak?,provide_feedback
Mau nanya dong Ada gak wisata yang masih asri di Palembang dong kak,ask_hidden_gems
Mau nanya dong Good answer ya kak,provide_feedback
tell me about Amanzi Waterpark ya,ask_destination_info
Fasilitas BKB lengkap gak?,ask_facilities
Eh see you later deh,goodbye
Permisi Hotels in Jakarta ya kak,ask_unrelated
Permisi Mantap makasih sih,goodbye
Permisi Facilities at Kampung Arab Al-Munawar?,ask_facilities
OK thank you,goodbye
Rekomendasi wisata Palembang dong,ask_recommendation
Mau nanya dong OK thank you,goodbye
Apa arti cinta?,ask_unrelated
Info harga tiket Kampung Kapitan dong kak,ask_ticket_price
Tolong kasih tau alamat Monpera,ask_location_access
Maaf mau tanya di dalem situ ada apa aja sih?,ask_destination_info
Halo Tempat wisata unik di Palembang deh,ask_hidden_gems
Mau nanya dong Monpera di mana ya,ask_location_access
"Hi, What religious tourism are in Palembang?",ask_category
Amanzi bagus gak?,ask_destination_info
Min fasilitas umum di Taman Kebon Rojo apa aja?,ask_facilities
Mau nanya dong local favorites in palembang?,ask_hidden_gems
Yang termasuk masjid apa aja?,ask_category
Tiket masuk ke PIM sekarang berapa ya?,ask_ticket_price
Apa itu OPI Mall?,ask_destination_info
Permisi Tempat wisata yang bisa diakses LRT,ask_lrt_destinations
Min Naik LRT bisa ke wisata mana aja deh,ask_lrt_destinations
"Excuse me, What's the location of Palembang Icon Forest?",ask_location_access
Kak makasih udah bantu,goodbye
Eh tanya dong kak,greet
Bang dari pusat kota ke Amanzi Waterpark berapa lama?,ask_location_access
Jelaskan tentang Jakabaring Sport City,ask_destination_info
Bang Rekomendasikan tempat wisata di Palembang,ask_recommendation
Biaya tiket Jakabaring Sport City berapa kak?,ask_ticket_price
When is Kambang Iwak Park open?,ask_operating_hours
Halo Any parks in Palembang dong kak,ask_category
I want to know Can I reach tourist places by LRT,ask_lrt_destinations
Bang Lesser known attractions in Palembang sih,ask_hidden_gems
Kalo hari Sabtu Kambang Iwak buka?,ask_operating_hours
Eh Ada wisata apa aja di Palembang dong kak,ask_recommendation
Bang Kemaro buka jam berapa?,ask_operating_hours
Eh LRT Palembang lewat wisata mana ya kak,ask_lrt_destinations
Permisi Mau tau sejarah Jakabaring Sport City deh,ask_destination_info
Permisi Oke mantul ya kak,provide_feedback
Maaf mau tanya Oke terima kasih jawabannya sih,provide_feedback
Maaf mau tanya sangat membantu dong kak,provide_feedback
Maaf mau tanya Berapa duit masuk Pasar 16 Ilir?,ask_ticket_price
Mau nanya dong Min info wisata dekat LRT dong kak,ask_lrt_destinations
min kasih tau hidden gems palembang ya kak,ask_hidden_gems
Maaf mau tanya Ke Ampera bayar berapa ya,ask_ticket_price
Min kasih tau hidden gems Palembang nih,ask_hidden_gems
Eh Mau ke tempat bersejarah di Palembang?,ask_category
Kapan Amanzi buka?,ask_operating_hours
Tiket masuk Fantasy Island berapa?,ask_ticket_price
selamat sore dong kak,greet
Mau nanya dong apa yang bikin Museum Sultan Mahmud Badaruddin II ini spesial?,ask_destination_info
Hey there?,greet
Maaf mau tanya What time does Kampung Kapitan close,ask_operating_hours
Bang apa yang bikin Museum Sultan Mahmud Badaruddin II ini spesial?,ask_destination_info
Palembang Icon ada tempat istirahat ya kak,ask_facilities
"Mau nanya dong thanks, see you next time nih",goodbye
What's available at Monpera?,ask_facilities
Mau nanya dong Sip lanjut kak dong kak,provide_feedback
Kak Seru gak Monpera?,ask_destination_info
Fasilitas pendukung Pasar 16 Ilir?,ask_facilities
Tiket masuk SMB berapa?,ask_ticket_price
Bang lrt bisa ke Bukit Siguntang gak?,ask_lrt_destinations
Mau cari wisata kuliner di Palembang,ask_category
Permisi Ada rekomendasi wisata gak ya,ask_recommendation
Kak See you sih,goodbye
Eh Noted kak,provide_feedback
Maaf mau tanya Rekomendasi wisata Palembang dong?,ask_recommendation
Exactly what I needed,provide_feedback
Wisata baru yang belum terkenal?,ask_hidden_gems
Permisi Flight tickets to Bali?,ask_unrelated
Bang thanks infonya sih,goodbye
Cara bikin cuko pempek,ask_unrelated
Destinasi wisata kuliner Palembang?,ask_category
Does KI have food stalls nih,ask_facilities
Mau nanya dong Mau cari museum di Palembang ya,ask_category
Eh Punti Kayu ada tempat parkir?,ask_facilities
Min Wisata Arab di Palembang,ask_category
Kira-kira harga tiket Jakabaring Sport City berapa?,ask_ticket_price
Kak Museum Sultan Mahmud Badaruddin II ada toilet gak?,ask_facilities
How much is the admission to Kemaro Island?,ask_ticket_price
Kak Does Museum Sultan Mahmud Badaruddin II Forest have parking?,ask_facilities
Eh Nais?,provide_feedback
Bang Apa itu Bukit Siguntang?,ask_destination_info
Permisi Okay thanks deh,goodbye
Informatif banget,provide_feedback
Jam operasional Palembang Trade Center?,ask_operating_hours
Mau nanya dong Rekomendasi hidden gems dong kak ya,ask_hidden_gems
Is Kambang Iwak Park free?,ask_ticket_price
Cara menuju Hutan Wisata Punti Kayu gimana?,ask_location_access
Can you tell me Is there WiFi at Kambang Iwak Bridge thanks,ask_facilities
Eh hey there,greet
Bagaimana cara belajar coding?,ask_unrelated
Kak ada wisata sejarah gak di Palembang?,ask_category
Address of Benteng Kuto Besak?,ask_location_access
"Excuse me, What religious tourism are in Palembang",ask_category
Maaf mau tanya Info taman Palembang dong,ask_category
Can you tell me what can i see at Kemaro??,ask_destination_info
Describe Al-Munawar Arab Village,ask_destination_info
Kak Dari stasiun LRT bisa ke wisata apa dong kak,ask_lrt_destinations
Eh makasih infonya kak nih,provide_feedback
Permisi Jadwal kereta api Jakarta dong kak,ask_unrelated
Halo Kak ada wisata sejarah gak di Palembang nih,ask_category
Halo aku bosan ya,ask_unrelated
Eh Kamu pintar ya?,ask_unrelated
Maaf mau tanya okay thanks ya kak,goodbye
"Hello, what amenities does grand mosque of palembang offer?",ask_facilities
Maaf mau tanya Posisi Kambang Iwak dimana ya?,ask_location_access
Ke Masjid Cheng Ho bayar berapa ya?,ask_ticket_price
Permisi Makasih kak nanti saya tanya lagi?,goodbye
Thanks so much,goodbye
Min informatif banget ya kak,provide_feedback
Eh What's cryptocurrency sih,ask_unrelated
Bang Wisata sepi tapi bagus di Palembang?,ask_hidden_gems
Harga tiket masuk Monpera sekarang berapa?,ask_ticket_price
Apa Palembang Square bayar?,ask_ticket_price
Permisi Udah cukup ya,goodbye
Mau nanya dong Kak dimana ya Palembang Square?,ask_location_access
Eh SMB II itu tempat apa sih?,ask_destination_info
Hey Can I take LRT to visit tourist places,ask_lrt_destinations
Halo Al-Munawar tutup jam berapa?,ask_operating_hours
Haai sih,greet
Harga tiket Museum Sultan Mahmud Badaruddin II berapa ya?,ask_ticket_price
Thanks for the info,goodbye
Halo Pasar 16 Ilir jauh gak dari pusat kota?,ask_location_access
Eh bagus infonya ya,provide_feedback
Eh lrt friendly tourist destinations?,ask_lrt_destinations
Permisi Fasilitas umum di Pasar 16 Ilir apa aja?,ask_facilities
Permisi pinter ya botnya ya kak,provide_feedback
Bang Baik kak terima kasih ya,goodbye
Dari mana ke Kambang Iwak?,ask_location_access
Bang thanks kak ya kak,goodbye
Tourist spots along LRT route?,ask_lrt_destinations
Eh Apa itu AI nih,ask_unrelated
"Hello, Thanks for the info thanks",goodbye
Min lagi pengen liat pemandangan kota dari atas deh,ask_recommendation
Posisi Kambang Iwak dimana ya?,ask_location_access
Permisi Kemaro deket stasiun LRT mana deh,ask_location_access
Maaf mau tanya Wisata untuk anak-anak di Palembang sih,ask_recommendation
Jawabannya memuaskan ya kak,provide_feedback
Min Wisata yang belum viral di Palembang nih,ask_hidden_gems
Kak Heyy nih,greet
Bang aku butuh tempat healing yang tenang dong kak,ask_recommendation
Pinter ya botnya,provide_feedback
Must-visit places in Palembang?,ask_recommendation
Bang Tempat wisata yang jarang dikunjungi di Palembang?,ask_hidden_gems
Permisi Bisa bantu saya ya,greet
Menarik gak Pulau Kemaro?,ask_destination_info
Maaf mau tanya Masuk Pulau Kemaro gratis atau bayar dong kak,ask_ticket_price
Min Tiket masuk Ampera berapa?,ask_ticket_price
Parkiran SMB II luas gak?,ask_facilities
Maaf mau tanya malam dong kak,greet
Destinasi wisata budaya Palembang dong kak,ask_category
Eh Hari ini Palembang Icon buka gak ya?,ask_operating_hours
Bayar berapa kalo masuk Ampera?,ask_ticket_price
Information about Punti Kayu Forest,ask_destination_info
Bang Cara mengobati flu dong,ask_unrelated
Rute ke KI gimana?,ask_location_access
Eh Love this bot nih,provide_feedback
Mau nanya dong Rekomendasi wisata religi Palembang ya kak,ask_category
1 2 3 test,greet
Ceritain Monpera dong kak,ask_destination_info
Permisi Kampung Kapitan mulai buka jam berapa?,ask_operating_hours
Kak Very accurate dong kak,provide_feedback
Mau nanya dong Wisata yang belum banyak orang tau di Palembang dong kak,ask_hidden_gems
I want to know what's the meaning of life?,ask_unrelated
Maaf mau tanya Tolong kasih tau alamat Al Quran Al Akbar?,ask_location_access
Kak Tempat wisata yang jarang dikunjungi di Palembang ya,ask_hidden_gems
Mau nanya dong Hidden gems in Palembang dong,ask_hidden_gems
Fasilitas umum di Kawah Tengkurep apa aja ya kak,ask_facilities
Kak min kasih tau hidden gems palembang deh,ask_hidden_gems
Min mau tanya jam operasional Fantasy Island dong kak,ask_operating_hours
Eh Kalo hari Sabtu Benteng Kuto Besak buka?,ask_operating_hours
Permisi mau tanya harga tiket Fantasy Island,ask_ticket_price
Halo Ampera fasilitasnya apa aja nih,ask_facilities
Halo Cara menuju Monpera gimana?,ask_location_access
Bye bye makasih sih,goodbye
Bang Recommend historical sites in Palembang ya,ask_category
Kak Hai chatbot deh,greet
Mau tau sejarah Palembang Square,ask_destination_info
Eh Mau nanya dong kak dong,greet
Where to go in Palembang?,ask_recommendation
Eh Wisata terbaik di Palembang apa?,ask_recommendation
Bang Tanya dong kak,greet
Permisi Apa PIM bayar?,ask_ticket_price
Describe Sultan Mahmud Badaruddin II Museum,ask_destination_info
Permisi kak rekomendasiin dong wisata di palembang ya kak,ask_recommendation
Halo Jam buka Monpera kapan deh,ask_operating_hours
Min Informasinya membantu?,provide_feedback
Kak Ada gak wisata yang bisa ditempuh LRT deh,ask_lrt_destinations
Bang Mau ke tempat yang unik dan sepi,ask_hidden_gems
Kak Terima kasih infonya sangat berguna ya,provide_feedback
"Mau nanya dong anakku suka main air, enaknya bawa kemana ya kak",ask_recommendation
Maaf mau tanya ada wisata dekat lrt gak?,ask_lrt_destinations
Kak Parks in Palembang?,ask_category
Kak Oke segitu dulu?,goodbye
Masjid Agung Palembang ramah anak gak?,ask_facilities
Maaf mau tanya Any hidden gems to visit dong,ask_hidden_gems
Eh Lengkap banget infonya sih,provide_feedback
OPI Mall ada di daerah mana?,ask_location_access
Eh recommended banget aplikasinya sih,provide_feedback
Please Is it worth visiting please,ask_destination_info
Min lokasi Fantasy Island dimana kak?,ask_location_access
Mau nanya dong terima kasih infonya,goodbye
How do I get to Jakabaring Sport City?,ask_location_access
Min hai saya baru ke palembang ya kak,greet
Oke thanks,goodbye
Eh responnya cepat ya,provide_feedback
Where to go in Palembang please,ask_recommendation
Halo bisa naik angkot ke Bukit Siguntang?,ask_location_access
Maaf mau tanya aku butuh tempat healing yang tenang?,ask_recommendation
Halo Popular tourist spots in Palembang dong kak,ask_recommendation
Halo Kak fasilitas Kambang Iwak apa aja ya,ask_facilities
Mau nanya dong ticket price for Monpera?,ask_ticket_price
Mau nanya dong LRT berhenti dekat wisata mana deh,ask_lrt_destinations
Info wisata budaya Palembang dong,ask_category
Maaf mau tanya Lagu hits 2024 apa,ask_unrelated
Maaf mau tanya wisata alam di palembang ada apa aja?,ask_category
Please When is KI open?,ask_operating_hours
Tempat wisata ikonik Palembang deh,ask_recommendation
Permisi What's PIM like?,ask_destination_info
Can you tell me Where can I go by LRT for sightseeing,ask_lrt_destinations
Alamat lengkap Amanzi?,ask_location_access
oke segitu aja dulu ya kak,goodbye
Maaf mau tanya Pinter ya botnya nih,provide_feedback
Bang Tempat yang belum terkenal di Palembang,ask_hidden_gems
Maaf mau tanya Bisa naik LRT ke PIM dong kak,ask_lrt_destinations
Kak lrt bisa ke Kambang Iwak gak?,ask_lrt_destinations
Kak What amenities does Masjid Cheng Ho Park offer ya,ask_facilities
Hey Where can I find culinary tourism in Palembang,ask_category
Siapa presiden Indonesia?,ask_unrelated
Halo underrated tourist spots in palembang?,ask_hidden_gems
Halo OK bye ya kak,goodbye
Sejarah PIM apa ya?,ask_destination_info
Eh Ada wisata sejarah di Palembang sih,ask_category
"Thank you, goodbye",goodbye
wisata edukasi di palembang?,ask_category
Mau nanya dong Oke segitu dulu deh,goodbye
Tempat makan di sekitar SMB II ada?,ask_facilities
Mau tanya fasilitas di Ampera,ask_facilities
Berapa harga tiket masuk Kampung Arab Al-Munawar?,ask_ticket_price
Palembang Icon ada spot foto gak?,ask_facilities
Bang info wisata yang terjangkau lrt deh,ask_lrt_destinations
Sekarang masih buka?,ask_operating_hours
Halo Ada fasilitas apa di Palembang Square?,ask_facilities
Are there toilets at Kampung Kapitan Island?,ask_facilities
Dimana lokasi Taman Kambang Iwak Besak?,ask_location_access
"Hi, Recommend places to see in Palembang?",ask_recommendation
Arah ke Ampera gimana?,ask_location_access
oke sip mantap dong,provide_feedback
Permisi ada taman di palembang?,ask_category
Eh Undiscovered places in Palembang,ask_hidden_gems
Min Is Al-Munawar Forest child-friendly nih,ask_facilities
Permisi Tempat taman di Palembang sih,ask_category
Mau nanya dong Taman di Palembang ada apa aja sih,ask_category
Masjid Agung Palembang itu apa?,ask_destination_info
Halo thank you very much sih,goodbye
I want to know how to learn programming??,ask_unrelated
Kak Historical places in Palembang?,ask_category
sampai nanti kak,goodbye
Eh Fasilitas apa saja di Jakabaring Sport City?,ask_facilities
Bang PIM tutup jam berapa?,ask_operating_hours
Eh siapa yang bikin kamu ya,ask_unrelated
Halo Info jam buka Monpera dong,ask_operating_hours
Why is Pasar 16 Ilir famous?,ask_destination_info
Maaf mau tanya Bismillah mau tanya dong kak,greet
Halo I'm bored,ask_unrelated
Bang Python atau Java lebih bagus ya kak,ask_unrelated
Eh Quiet but beautiful places in Palembang ya,ask_hidden_gems
Min Famous places in Palembang deh,ask_recommendation
Apa yang menarik dari Pulau Kemaro?,ask_destination_info
Min Tempat wisata religi di Palembang dong kak,ask_category
Info harga tiket Jakabaring dong kak,ask_ticket_price
Opening hours?,ask_operating_hours
Can you tell me thank you for the information?,goodbye
Kak Oke sip makasih,goodbye
Harga masuk Amanzi Waterpark berapa ya kak?,ask_ticket_price
Can you tell me Best things to do in Palembang please,ask_recommendation
Info tentang Pasar 16 Ilir,ask_destination_info
Min understood dong kak,provide_feedback
Bang Places that tourists don't usually go deh,ask_hidden_gems
Maaf mau tanya Facilities at Al Quran Al Akbar ya kak,ask_facilities
Bisa naik angkot ke Ampera?,ask_location_access
Oke bagus nih,provide_feedback
Udah cukup deh,goodbye
Dimana lokasinya nih,ask_location_access
Eh yo ya,greet
What time does Benteng Kuto Besak open?,ask_operating_hours
Bang Tempat yang belum terkenal di Palembang dong,ask_hidden_gems
Eh Opening hours for Monpera?,ask_operating_hours
Eh Bisa naik apa ke sana ya kak,ask_location_access
Kak Kamu pintar ya,ask_unrelated
Taman Kambang Iwak Besak tutup jam berapa?,ask_operating_hours
Tiket Punti Kayu berapa sih?,ask_ticket_price
Halo Cara mengobati flu ya,ask_unrelated
Misi nanya dong,greet
Kampung Kapitan ada tempat parkir?,ask_facilities
"Kak Bye, thanks for everything dong kak",goodbye
Min Wisata paling bagus di Palembang,ask_recommendation
Oke deh bye,goodbye
Min Wisata yang bisa pake LRT ya kak,ask_lrt_destinations
Dimana lokasinya?,ask_location_access
Makasih,goodbye
Eh Wisata off the beaten path Palembang,ask_hidden_gems
Min Halo saya pengunjung baru ya,greet
"Hi, Is admission to Palembang Icon Park free?",ask_ticket_price
Do I need to pay to enter Al-Munawar Arab Village?,ask_ticket_price
Tempat wisata bertema budaya Melayu?,ask_category
Mau nanya dong Nice nih,provide_feedback
Bang Are there tourist attractions near LRT stations dong kak,ask_lrt_destinations
Halo Wisata Palembang yang belum banyak orang kunjungi sih,ask_hidden_gems
Permisi arah ke PIM gimana?,ask_location_access
Bang Lokasinya dimana ya kak,ask_location_access
Masjid Cheng Ho buka jam berapa?,ask_operating_hours
Kapan sih Kemaro buka?,ask_operating_hours
"Hi, What historical sites are in Palembang?",ask_category
Eh Apa keunikan Bukit Siguntang?,ask_destination_info
Info masjid Palembang dong?,ask_category
Kasih tau dong tentang Fantasy Island,ask_destination_info
Min Cara mengobati flu sih,ask_unrelated
Bang sampai jumpa dong,goodbye
Min Museum Sultan Mahmud Badaruddin II ada kantin gak?,ask_facilities
Hutan Wisata Punti Kayu itu apa?,ask_destination_info
How to reach Kambang Iwak Park?,ask_location_access
Bye bye sih,goodbye
Mau nanya dong Wisata instagramable Palembang nih,ask_recommendation
"Bang hi, i'm visiting palembang",greet
Eh Jawabannya cepat ya,provide_feedback
Bang Min info wisata dekat LRT dong kak,ask_lrt_destinations
Maaf mau tanya Dari stasiun LRT bisa ke wisata apa ya kak,ask_lrt_destinations
Alamat lengkap SMB II?,ask_location_access
Maaf mau tanya oke sip makasih ya,goodbye
Halo Tempat wisata bertema budaya Melayu ya kak,ask_category
Bang Alamatnya dimana dong,ask_location_access
Bang Wisata yang belum banyak orang tau di Palembang dong kak,ask_hidden_gems
Thanks deh,goodbye
Permisi Lesser known attractions in Palembang dong kak,ask_hidden_gems
Eh appreciate it deh,goodbye
Kak sampai jumpa lagi sih,goodbye
Permisi Wisata yang cocok untuk keluarga?,ask_recommendation
Bang info wisata budaya palembang dong kak,ask_category
Apa yang menarik dari Benteng Kuto Besak?,ask_destination_info
Eh Apa itu Palembang Trade Center dong,ask_destination_info
Kak Bang tiket BKB berapa deh,ask_ticket_price
Permisi Mau liburan di Palembang kemana ya,ask_recommendation
Why is Sultan Mahmud Badaruddin II Museum famous?,ask_destination_info
Min Apa arti cinta sih,ask_unrelated
Kak Destinasi wisata LRT Palembang deh,ask_lrt_destinations
Halo Makasih ya infonya dong,goodbye
Tempat wisata budaya Palembang?,ask_category
Bang Palembang Trade Center itu apa?,ask_destination_info
Bang Tempat wisata yang bisa diakses LRT sih,ask_lrt_destinations
Mau nanya dong Info lengkap Punti Kayu dong kak,ask_destination_info
Bang Secret places in Palembang dong kak,ask_hidden_gems
siapa yang bikin kamu ya,ask_unrelated
Min Info fasilitas Jakabaring dong?,ask_facilities
Mau nanya dong Al Quran Al Akbar ada spot foto gak dong kak,ask_facilities
Ceritain Kemaro dong kak,ask_destination_info
Kak Tempat museum di Palembang deh,ask_category
Mau nanya dong what's available at KI?,ask_facilities
Min info harga tiket Taman Kebon Rojo dong kak sih,ask_ticket_price
Min Palembang Trade Center bagus gak?,ask_destination_info
"Hi, planning to visit Palembang deh",greet
Please suggest places for sightseeing in palembang thanks,ask_recommendation
Ceritain PIM dong kak?,ask_destination_info
Cara masak rendang gimana?,ask_unrelated
Mau nanya dong Berguna banget nih,provide_feedback
"Thanks, see you next time",goodbye
Bang translate bahasa inggris dong kak,ask_unrelated
Mau tanya jam operasional Amanzi,ask_operating_hours
Permisi Siguntang di mana ya,ask_location_access
Siguntang bisa ditempuh pakai apa?,ask_location_access
Halo min,greet
Yang termasuk wisata kuliner apa aja nih,ask_category
Tiket Jakabaring berapa sih?,ask_ticket_price
Can you tell me Where should I go in Palembang thanks,ask_recommendation
Min address of Fantasy Island island?,ask_location_access
Kak Dari mana ke OPI Mall nih,ask_location_access
Permisi Kawah Tengkurep ada kantin gak?,ask_facilities
Min OPI Mall di mana ya?,ask_location_access
Halo information about Kawah Tengkurep ya,ask_destination_info
historical sites places in Palembang?,ask_category
malam kak deh,greet
Eh Recommended banget aplikasinya,provide_feedback
Halo Cukup dulu ya,goodbye
Kak Amanzi Waterpark buka jam berapa ya?,ask_operating_hours
Mau nanya dong Kasih tau dong tentang Kampung Arab Al-Munawar?,ask_destination_info
Hey Can I take LRT to Siguntang Bridge please,ask_lrt_destinations
Udah itu aja kak makasih?,goodbye
Halo P deh,greet
Jam tutup SMB kapan?,ask_operating_hours
Please Is Kambang Iwak Island far from the city center,ask_location_access
Info jam buka Punti Kayu dong,ask_operating_hours
tempat yang bagus buat foto-foto keluarga di mana ya kak,ask_recommendation
Maaf mau tanya Tempat wisata yang gak rame ya kak,ask_hidden_gems
Maaf mau tanya tempat wisata sejarah di palembang?,ask_category
Eh Tourist recommendations for Palembang?,ask_recommendation
Kak aku lagi pengen makan enak sambil liat sungai deh,ask_recommendation
Permisi Ada wifi di Jembatan Ampera nih,ask_facilities
What religious tourism are in Palembang?,ask_category
Permisi terima kasih infonya sangat berguna ya kak,provide_feedback
Mau tanya fasilitas di Museum Balaputra Dewa,ask_facilities
Amanzi hari libur buka gak?,ask_operating_hours
Eh Kayak apa sih Museum Sultan Mahmud Badaruddin II?,ask_destination_info
Eh Wah makasih infonya lengkap dong,provide_feedback
Mau nanya dong Berapa duit masuk SMB II?,ask_ticket_price
Eh Nature spots in Palembang sih,ask_category
Mau tau sejarah PIM,ask_destination_info
Halo Sip terima kasih kak deh,goodbye
Kak Ada hidden gems gak di Palembang ya,ask_hidden_gems
Min Jawabannya memuaskan,provide_feedback
Mau nanya dong Ada fasilitas apa di Jakabaring Sport City sih,ask_facilities
tempat wisata sejarah di palembang?,ask_category
Maaf mau tanya Info fasilitas Palembang Square dong,ask_facilities
Bang tiket PTC berapa dong kak,ask_ticket_price
Kak Wisata apa aja yang dekat jalur LRT nih,ask_lrt_destinations
Mau nanya dong kamu bodoh dong kak,ask_unrelated
Does Benteng Kuto Besak have a mosque?,ask_facilities
Bang Nyanyiin lagu dong?,ask_unrelated
Eh Tempat yang belum terkenal di Palembang deh,ask_hidden_gems
Maaf mau tanya Woi nih,greet
Mau nanya dong Halo saya pengunjung baru?,greet
Min harga masuk Palembang Square berapa?,ask_ticket_price
apa yang bikin Taman Kambang Iwak Besak ini spesial?,ask_destination_info
Halo makasih kak dong,goodbye
Amazing response,provide_feedback
What's the entry fee for Monpera?,ask_ticket_price
Maaf mau tanya Benteng Kuto Besak gratis gak sih,ask_ticket_price
Maaf mau tanya Love this bot nih,provide_feedback
Wisata off the beaten path Palembang?,ask_hidden_gems
Benteng Kuto Besak ada toilet gak?,ask_facilities
Gambar kucing dong,ask_unrelated
Mau nanya dong Harga emas hari ini deh,ask_unrelated
Can you tell me what's the capital of france?,ask_unrelated
Halo Museum Balaputra Dewa buka hari apa aja?,ask_operating_hours
Bang rekomendasi wisata sejarah palembang nih,ask_category
"That's enough, thank you ya kak",goodbye
Bang mantul kak deh,provide_feedback
Maaf mau tanya Dadah nih,goodbye
Permisi ceritain dong kenapa tempat ini viral ya,ask_destination_info
Cerita sejarah Hutan Wisata Punti Kayu dong,ask_destination_info
Kak makasih infonya ya,goodbye
Oke terima kasih,goodbye
Maaf mau tanya Mau ke Kawah Tengkurep lewat mana?,ask_location_access
Min kak Jembatan Ampera buka jam berapa ya?,ask_operating_hours
Benteng Kuto Besak fasilitasnya apa aja dong,ask_facilities
Bang Bot nya pintar ya kak,provide_feedback
"Excuse me, can i take lrt to Al-Munawar bridge?",ask_lrt_destinations
Halo aplikasi nih,greet
Min Take care nih,goodbye
Permisi aku lagi ngomong sama komputer ya,ask_unrelated
Kasih tau dong tentang Al-Munawar,ask_destination_info
Maaf mau tanya Hidden gems di Palembang apa dong,ask_hidden_gems
Min Ada wisata apa aja di Palembang dong kak,ask_recommendation
Bang Tiket pesawat ke Bali berapa sih,ask_unrelated
Halo ok thank you dong kak,goodbye
Eh Wisata air di Palembang ada?,ask_category
Eh Tempat wisata alternatif Palembang ya,ask_hidden_gems
When does Kambang Iwak Park close?,ask_operating_hours
Saran tempat wisata di Palembang nih,ask_recommendation
Halo mantap kak deh,provide_feedback
Permisi selamat datang dong,greet
Min Wisata wisata sejarah di Palembang apa aja,ask_category
Mau nanya dong Facilities at Kampung Kapitan?,ask_facilities
Rute ke Kawah Tengkurep gimana?,ask_location_access
Bang SMB buka hari apa aja nih,ask_operating_hours
Halo Directions to Sultan Mahmud Badaruddin II Museum nih,ask_location_access
"Excuse me, are there toilets at grand mosque of palembang?",ask_facilities
Maaf mau tanya bye bye makasih ya kak,goodbye
Halo Fasilitas Kawah Tengkurep lengkap gak ya,ask_facilities
Min OPI Mall fasilitasnya apa aja dong kak,ask_facilities
Maaf mau tanya Mau cari wisata sejarah di Palembang ya,ask_category
Eh Apa keunikan SMB II?,ask_destination_info
Maaf mau tanya dari jam berapa BKB buka?,ask_operating_hours
Eh Malam dong kak,greet
Mau nanya dong best places to visit by lrt?,ask_lrt_destinations
Kak Apakah Punti Kayu buka 24 jam dong,ask_operating_hours
Permisi wisata instagramable palembang?,ask_recommendation
Buka hari apa aja?,ask_operating_hours
"Hello, what are the operating hours of grand mosque of palembang?",ask_operating_hours
Masjid Agung Palembang itu tempat apa sih?,ask_destination_info
Min info jam buka Punti Kayu dong,ask_operating_hours
Halo Mantap makasih?,goodbye
Mau nanya dong Ada fasilitas apa ya kak,ask_facilities
Is BKB near an LRT station?,ask_lrt_destinations
Mau cari wisata religi di Palembang,ask_category
Harga tiket masuknya berapa nih,ask_ticket_price
Kak Rekomendasikan tempat wisata di Palembang deh,ask_recommendation
Mau ke Kambang Iwak bayar berapa deh,ask_ticket_price
SMB berbayar atau gratis?,ask_ticket_price
Permisi Tempat makan di sekitar OPI Mall ada deh,ask_facilities
Akar kuadrat dari 144?,ask_unrelated
I want to know what can i see at Pulau Kemaro park??,ask_destination_info
Bismillah mau tanya,greet
Mau nanya dong update harga tiket Jakabaring dong,ask_ticket_price
Kak Hai saya wisatawan?,greet
Numpang tanya dong,greet
Min Tempat keren tapi belum terkenal di Palembang,ask_hidden_gems
I want to know are you a robot?,ask_unrelated
Please does Siguntang bridge have a mosque?,ask_facilities
Mau nanya dong bagaimana cara move on?,ask_unrelated
Wisata malam di Palembang kemana?,ask_recommendation
Kak apa keunikan Kemaro?,ask_destination_info
Yang termasuk wisata kuliner apa aja dong kak,ask_category
Permisi Kak ada wisata sejarah gak di Palembang dong kak,ask_category
Permisi lokasi SMB II dimana kak?,ask_location_access
Halo Siap kak dong,provide_feedback
Great bot dong kak,provide_feedback
kenapa orang-orang suka ke OPI Mall?,ask_destination_info
Eh Pulau Kemaro ada di daerah mana dong kak,ask_location_access
Permisi mantap makasih ya,goodbye
Info tentang Punti Kayu,ask_destination_info
"Excuse me, Off the beaten path places in Palembang thanks",ask_hidden_gems
Halo info fasilitas Palembang Square dong,ask_facilities
Eh Kak ada museum gak di Palembang?,ask_category
Maaf mau tanya Saranin wisata di Palembang dong,ask_recommendation
Tempat wisata yang wajib dikunjungi di Palembang ya,ask_recommendation
Bang OPI Mall buka hari apa aja?,ask_operating_hours
Kak 1+1 berapa ya kak,ask_unrelated
Eh museums places in Palembang dong,ask_category
Kak What's the time,ask_unrelated
Howdy sih,greet
What time does Jakabaring Sport City open?,ask_operating_hours
Kak dimana ya Kampung Kapitan deh,ask_location_access
"Excuse me, Exactly what I needed thanks",provide_feedback
Permisi Apa keunikan Masjid Cheng Ho dong kak,ask_destination_info
Min Wisata yang paling sering dikunjungi sih,ask_recommendation
Info harga tiket Siguntang dong kak dong,ask_ticket_price
Bang Wisata Palembang yang populer apa dong kak,ask_recommendation
Maaf mau tanya Akar kuadrat dari 144 deh,ask_unrelated
PIM buka jam berapa?,ask_operating_hours
Smart bot,provide_feedback
Eh Siapa penemu lampu?,ask_unrelated
Boleh tanya sih,greet
Bang Wisata sepi tapi bagus di Palembang deh,ask_hidden_gems
Min Tourist spots along LRT route dong kak,ask_lrt_destinations
Pulau Kemaro lokasinya dimana?,ask_location_access
"Eh Mau keliling Palembang naik LRT, kemana aja dong kak",ask_lrt_destinations
Gimana Kambang Iwak?,ask_destination_info
aku lagi pengen makan enak sambil liat sungai ya,ask_recommendation
Dari mana ke PTC?,ask_location_access
Does Monpera open every day?,ask_operating_hours
Min Mau ke tempat yang unik dan sepi sih,ask_hidden_gems
Eh Why is Jakabaring famous ya,ask_destination_info
Palembang Square ramah anak gak?,ask_facilities
"Hello, thanks for the info",goodbye
"Hi, first time in Palembang",greet
Permisi Best destinations in Palembang dong,ask_recommendation
Cerita sejarah Monpera dong,ask_destination_info
Bang mantap kak sih,provide_feedback
When is Kemaro Island open?,ask_operating_hours
Kira-kira berapa ya tiketnya?,ask_ticket_price
Bang Famous places in Palembang deh,ask_recommendation
Eh Amanzi ada tempat istirahat?,ask_facilities
Maaf mau tanya oke paham ya kak,provide_feedback
Bang Hello bot dong,greet
Permisi Pasar 16 Ilir buka hari apa aja ya,ask_operating_hours
Min HTM Jembatan Ampera berapa?,ask_ticket_price
Mau nanya dong hidden gems in palembang?,ask_hidden_gems
Eh aku lagi pengen makan enak sambil liat sungai dong,ask_recommendation
Tempat wisata murah di Palembang?,ask_recommendation
Kak Info fasilitas KI dong,ask_facilities
Min Pagi-pagi Masjid Agung Palembang sudah buka belum dong kak,ask_operating_hours
Mau nanya dong Secret places in Palembang dong,ask_hidden_gems
Min that's helpful dong,provide_feedback
Keren banget infonya nih,provide_feedback
Permisi Kamu bodoh nih,ask_unrelated
Destinasi wisata budaya Palembang?,ask_category
Love this bot,provide_feedback
Wisata paling bagus di Palembang nih,ask_recommendation
Mau nanya dong OPI Mall terkenal karena apa?,ask_destination_info
Halo Alamat lengkap Punti Kayu,ask_location_access
Kak tempat wisata yang wajib dikunjungi di palembang?,ask_recommendation
Ada gak wisata yang bisa ditempuh LRT ya kak,ask_lrt_destinations
Maaf mau tanya Ada wisata yang jarang orang tau ya kak,ask_hidden_gems
Thanks for the help,goodbye
Eh Wisata yang cocok untuk keluarga dong kak,ask_recommendation
"Hello, What facilities are available at Amanzi Waterpark?",ask_facilities
Eh What time does Amanzi Bridge close?,ask_operating_hours
Where can I find parks in Palembang?,ask_category
What's the capital of France?,ask_unrelated
Eh facilities at Punti Kayu park?,ask_facilities
Eh rekomendasikan destinasi wisata palembang deh,ask_recommendation
I want to know What nature tourism are in Palembang thanks,ask_category
Bang tiket Palembang Trade Center berapa?,ask_ticket_price
aku lagi pengen makan enak sambil liat sungai,ask_recommendation
Bang Rekomendasi hidden gems dong kak ya,ask_hidden_gems
Maaf mau tanya Jam buka Amanzi Waterpark kapan?,ask_operating_hours
Kak Film terbaru 2024 apa dong,ask_unrelated
Is Monpera open in the morning?,ask_operating_hours
Info lengkap Jakabaring dong,ask_destination_info
Maaf mau tanya Which tourist spots are near LRT stations sih,ask_lrt_destinations
Permisi asal usul PIM ini gimana ceritanya?,ask_destination_info
I want to know Is there WiFi at Taman Kambang Iwak Besak?,ask_facilities
Kak Palembang punya taman apa?,ask_category
Min price to enter Fantasy Island arab village?,ask_ticket_price
Hey Can I reach tourist places by LRT please,ask_lrt_destinations
Apakah Siguntang gratis?,ask_ticket_price
Kak good afternoon,greet
Permisi that's helpful dong kak,provide_feedback
Eh Keren?,provide_feedback
Min Ada wisata yang jarang orang tau nih,ask_hidden_gems
Cerita sejarah Kemaro dong,ask_destination_info
Bang Hidden gems in Palembang sih,ask_hidden_gems
Taman Kambang Iwak Besak bayar berapa?,ask_ticket_price
I want to know best places for tourists in palembang?,ask_recommendation
Jam bukanya kapan?,ask_operating_hours
Information about Benteng Kuto Besak,ask_destination_info
Permisi Halo apakah botnya aktif,greet
Min Palembang Square hari libur buka gak nih,ask_operating_hours
Kak Wisata accessible by LRT?,ask_lrt_destinations
Halo Tempat wisata kuliner di Palembang dong,ask_category
Tell me about Kemaro Island,ask_destination_info
Eh Taman di Palembang ada apa aja deh,ask_category
Mau nanya dong Sekarang masih buka ya kak,ask_operating_hours
Min Sejarah Masjid Cheng Ho apa ya kak,ask_destination_info
Apa keunikan Monpera?,ask_destination_info
Please What's the address of Grand Mosque of Palembang?,ask_location_access
Mau cari wisata religi di Palembang ya kak,ask_category
Maaf mau tanya Wisata weekend di Palembang?,ask_recommendation
Apa Jakabaring Sport City bayar?,ask_ticket_price
Wisata yang belum banyak orang tau di Palembang?,ask_hidden_gems
Permisi SMB II bisa ditempuh pakai apa,ask_location_access
Bang assalamualaikum ya,greet
Eh Tempat keren tapi belum terkenal di Palembang?,ask_hidden_gems
Min Menarik gak Palembang Square?,ask_destination_info
Min alamat SMB II apa ya kak,ask_location_access
I want to know suggest places for sightseeing in palembang,ask_recommendation
Halo Palembang punya museum apa dong kak,ask_category
Mau nanya dong bisa naik lrt ke Jakabaring?,ask_lrt_destinations
PIM ada tempat parkir?,ask_facilities
Halo perfect,provide_feedback
Halo Destinasi taman Palembang?,ask_category
Mau nanya dong Mau tau sejarah Museum Sultan Mahmud Badaruddin II deh,ask_destination_info
Hey Which places can I visit using LRT thanks,ask_lrt_destinations
Akses ke KI mudah gak?,ask_location_access
Eh Destinasi wisata budaya Palembang dong kak,ask_category
"Bang Thank you, goodbye dong",goodbye
Tiket masuk PIM berapa?,ask_ticket_price
Can someone help me?,greet
Min Oke sip ya kak,provide_feedback
Halo cara mengobati flu?,ask_unrelated
Permisi Ceritakan joke dong?,ask_unrelated
Pagi,greet
Halo Kak ada hidden gems gak sih,ask_hidden_gems
Recommend nature tourism in Palembang,ask_category
"Hello, What is AI thanks",ask_unrelated
Halo tempat wisata religi di palembang?,ask_category
Bang Unexplored attractions in Palembang nih,ask_hidden_gems
Maaf mau tanya Bisa naik LRT ke Punti Kayu nih,ask_lrt_destinations
Eh sampai jumpa,goodbye
Are there toilets at OPI Mall Park?,ask_facilities
Bagaimana cara diet dong kak,ask_unrelated
Kak ada wisata budaya gak di Palembang,ask_category
Min Kak wisata yang bisa naik LRT apa aja nih,ask_lrt_destinations
Cukup dulu ya,goodbye
Kak Tempat yang belum terkenal di Palembang dong,ask_hidden_gems
Apakah Ampera dekat stasiun LRT?,ask_lrt_destinations
Min Halo apakah ada yang bisa bantu sih,greet
Bang Al Quran Al Akbar aksesnya lewat lrt bisa?,ask_lrt_destinations
Can you tell me What should I visit in Palembang please,ask_recommendation
Min Mau tau tentang Pulau Kemaro dong,ask_destination_info
Tempat wisata yang bisa diakses LRT?,ask_lrt_destinations
Mau nanya dong Ada tempat wisata baru di Palembang dong kak,ask_hidden_gems
Mau nanya dong that makes sense nih,provide_feedback
Kak ini jawaban template ya kak,ask_unrelated
Please what are the iconic places in palembang??,ask_recommendation
Maaf mau tanya fasilitas Jembatan Ampera lengkap gak?,ask_facilities
Goodbye,goodbye
"Hi, what does it cost to visit Ampera?",ask_ticket_price
What makes Jakabaring Sport City unique?,ask_destination_info
Kak Wisata terbaik di Palembang apa,ask_recommendation
Min SMB II ada di daerah mana?,ask_location_access
okay thanks deh,goodbye
Permisi Parks in Palembang deh,ask_category
Min ok bye ya,goodbye
Permisi Kamu punya perasaan?,ask_unrelated
Al-Munawar bayar berapa?,ask_ticket_price
siapa yang bikin kamu?,ask_unrelated
Bot aktif?,greet
Min Tourist recommendations for Palembang dong kak,ask_recommendation
Halo Curhatan aku dong,ask_unrelated
Kak Jelaskan tentang Siguntang deh,ask_destination_info
Does Kemaro Island have food stalls?,ask_facilities
Bang Kampung Kapitan deket stasiun LRT mana,ask_location_access
Rute ke Monpera gimana?,ask_location_access
Kak Harga tiket masuk Kampung Arab Al-Munawar sekarang berapa?,ask_ticket_price
Hey The answer is very detailed thanks,provide_feedback
PIM hari libur buka gak?,ask_operating_hours
Min Kak rekomendasiin dong wisata di Palembang nih,ask_recommendation
Mau nanya dong Min kasih tau hidden gems Palembang nih,ask_hidden_gems
Hey,greet
Rumah sakit terdekat?,ask_unrelated
Bang sangat membantu dong,provide_feedback
Halo Stasiun LRT dekat tempat wisata sih,ask_lrt_destinations
Kenapa Punti Kayu terkenal?,ask_destination_info
Kak sore min dong,greet
Halo Parkiran Jembatan Ampera luas gak?,ask_facilities
Bang halo bot sih,greet
Halo Bagaimana cara belajar coding sih,ask_unrelated
Kak Hidden gems di Palembang apa ya kak,ask_hidden_gems
Kak dimana ya OPI Mall?,ask_location_access
"Hello, Which places can I visit using LRT",ask_lrt_destinations
Permisi Fasilitas Palembang Icon lengkap gak?,ask_facilities
Kak jawabannya lengkap ya kak,provide_feedback
Destinasi museum Palembang?,ask_category
Siapa pemenang Liga Champions?,ask_unrelated
"Permisi anakku suka main air, enaknya bawa kemana ya",ask_recommendation
Bye bye,goodbye
Bang Selamat malam sih,greet
Maaf mau tanya Apa keunikan BKB nih,ask_destination_info
Mau nanya dong Good answer sih,provide_feedback
What's available at Sultan Mahmud Badaruddin II Museum?,ask_facilities
Mau cari wisata alam di Palembang,ask_category
Halo Information about Benteng Kuto Besak Bridge nih,ask_destination_info
Maaf mau tanya Wisata instagramable Palembang sih,ask_recommendation
Min Saran tempat wisata di Palembang dong,ask_recommendation
Destinasi wisata LRT Palembang?,ask_lrt_destinations
Bisa bantu saya?,greet
Maaf mau tanya see you later,goodbye
Eh Ada wisata dekat LRT gak ya kak,ask_lrt_destinations
Halo very detailed dong kak,provide_feedback
Permisi mau tanya,greet
Any museums in Palembang?,ask_category
"Hello, What are the opening hours of SMB II?",ask_operating_hours
Does Al-Munawar Arab Village open every day?,ask_operating_hours
dulu tempat ini bekas apa?,ask_destination_info
Are there tourist attractions near LRT stations?,ask_lrt_destinations
Maaf mau tanya numpang tanya dong kak,greet
Oke segitu aja dulu ya,goodbye
Min Alamat lengkap Museum Balaputra Dewa?,ask_location_access
"Eh that's all, thanks nih",goodbye
Mau nanya dong Fantasy Island aksesnya lewat LRT bisa?,ask_lrt_destinations
Kayak apa sih Al-Munawar?,ask_destination_info
Kapan piala dunia?,ask_unrelated
Bang Wisata yang paling dekat LRT ya,ask_lrt_destinations
Mau nanya dong Wisata off the beaten path Palembang deh,ask_hidden_gems
kamu robot ya?,ask_unrelated
Bang LRT friendly tourist destinations,ask_lrt_destinations
Min Hidden gems in Palembang sih,ask_hidden_gems
Bang Wisata malam di Palembang kemana dong,ask_recommendation
Eh Palembang Trade Center bagus gak ya kak,ask_destination_info
Bang Terima kasih dong,goodbye
Berapa ya tiket SMB?,ask_ticket_price
Exactly what I needed?,provide_feedback
Heyy,greet
Thank you,goodbye
Berapa ya tiketnya?,ask_ticket_price
Eh SMB ramah anak gak nih,ask_facilities
What museums are in Palembang?,ask_category
Mau nanya dong culinary tourism places in Palembang deh,ask_category
Kak Sip makasih dong kak,goodbye
Halo Destinasi wisata LRT Palembang sih,ask_lrt_destinations
Bang See you later,goodbye
Halo Helloo,greet
Malam nih,greet
Can you tell me what days is grand mosque of palembang open??,ask_operating_hours
Maaf mau tanya yang termasuk masjid apa aja?,ask_category
Bang oke deh makasih deh,goodbye
"Hello, Can I reach tourist places by LRT??",ask_lrt_destinations
Berapa ya tiket KI?,ask_ticket_price
Maaf mau tanya oke deh bye dong,goodbye
Maaf mau tanya Infonya oke banget nih,provide_feedback
Min siapa yang bikin kamu dong,ask_unrelated
Does Punti Kayu Forest have parking?,ask_facilities
Masuk Al Quran Al Akbar gratis atau bayar?,ask_ticket_price
Kak Destinasi kategori alam ya,ask_category
Tempat wisata yang wajib dikunjungi di Palembang?,ask_recommendation
Mau nanya dong recommend nature tourism in palembang deh,ask_category
Halo Hutan Wisata Punti Kayu buka sampai malam gak?,ask_operating_hours
Eh jawabannya lengkap deh,provide_feedback
I want to know what destinations are accessible by lrt?,ask_lrt_destinations
Permisi Mau tanya fasilitas di Kambang Iwak?,ask_facilities
Mau nanya dong tiket masuk Taman Kambang Iwak Besak berapa?,ask_ticket_price
Palembang Square ada tempat parkir?,ask_facilities
info wisata kuliner palembang dong,ask_category
Bang Any parks in Palembang dong,ask_category
Halo Ada gak wisata yang masih asri di Palembang?,ask_hidden_gems
"Hello, What to see in Palembang please",ask_recommendation
Bang Universitas terbaik Indonesia nih,ask_unrelated
Mau nanya dong Pinter ya botnya deh,provide_feedback
Min Great bot deh,provide_feedback
Hey what's the address of Jembatan Ampera arab village?,ask_location_access
Maaf mau tanya Aplikasinya keren nih,provide_feedback
Min Halo min deh,greet
Min Deskripsi PTC?,ask_destination_info
Permisi penjelasannya bagus kak,provide_feedback
Min recommend museums in palembang deh,ask_category
Eh Masjid Agung Palembang itu apa?,ask_destination_info
Wisata edukasi di Palembang?,ask_category
Mau nanya dong Palembang punya wisata apa aja deh,ask_recommendation
Price?,ask_ticket_price
Taman Kambang Iwak Besak ada toilet gak?,ask_facilities
Kak berapa harga tiket Taman Kebon Rojo?,ask_ticket_price
Kak Are there tourist attractions near LRT stations deh,ask_lrt_destinations
Bang Lesser known attractions in Palembang ya kak,ask_hidden_gems
Hai TanyaKito dong,greet
Eh Selamat tinggal?,goodbye
Maaf mau tanya terima kasih sangat membantu dong,goodbye
makasih atas bantuannya,goodbye
Is Kambang Iwak Park open in the morning?,ask_operating_hours
Kak Undiscovered places in Palembang?,ask_hidden_gems
Permisi Kapan sih Palembang Square buka?,ask_operating_hours
Kak slmat pagi deh,greet
Palembang punya wisata alam apa?,ask_category
Mau nanya dong Rekomendasi wisata untuk liburan singkat ya,ask_recommendation
Maaf mau tanya Oke terima kasih?,goodbye
Kak PTC ada spot foto gak?,ask_facilities
Halo halo,greet
Permisi Address of Fantasy Island Arab Village?,ask_location_access
Bang dadah kak,goodbye
Kak Yang termasuk wisata alam apa aja?,ask_category
Please Suggest places for sightseeing in Palembang thanks,ask_recommendation
Arah ke Siguntang gimana?,ask_location_access
"Hello, Where is PTC Bridge??",ask_location_access
Kawah Tengkurep ada tempat parkir?,ask_facilities
Apa Hutan Wisata Punti Kayu bayar?,ask_ticket_price
Is Ampera Bridge worth visiting?,ask_destination_info
ada apa aja sih di Jakabaring Sport City?,ask_destination_info
"Hi, What destinations are accessible by LRT??",ask_lrt_destinations
Wisata sungai Palembang?,ask_category
rating 5 untuk botnya sih,provide_feedback
Bang Who invented electricity sih,ask_unrelated
Naik apa ke SMB?,ask_location_access
Halo Wisata tersembunyi di Palembang dong,ask_hidden_gems
Halo aku bosan sih,ask_unrelated
Bang Jakabaring Sport City fasilitasnya apa aja?,ask_facilities
Kak ada hidden gems gak?,ask_hidden_gems
Halo Apakah Bukit Siguntang buka 24 jam ya,ask_operating_hours
"Excuse me, Can I reach tourist places by LRT thanks",ask_lrt_destinations
I want to know what tourism spots are on the lrt line?,ask_lrt_destinations
Jawabannya memuaskan dong,provide_feedback
Wisata Palembang yang aesthetic tapi sepi dong,ask_hidden_gems
Halo Tempat yang belum terkenal di Palembang dong,ask_hidden_gems
What tourism spots are on the LRT line?,ask_lrt_destinations
How to reach Grand Mosque of Palembang?,ask_location_access
"Excuse me, Thanks for the info??",provide_feedback
Tiket masuk Palembang Square berapa?,ask_ticket_price
Jelaskan tentang Amanzi Waterpark,ask_destination_info
Makasih ya infonya,goodbye
"Hi, Are there toilets at SMB?",ask_facilities
Can you tell me Can I take LRT to Masjid Agung Palembang Bridge?,ask_lrt_destinations
Any historical sites in Palembang?,ask_category
Maaf mau tanya akses ke OPI Mall mudah gak?,ask_location_access
di Amanzi Waterpark itu kita bisa ngapain aja?,ask_destination_info
Kak jam buka Jakabaring kapan?,ask_operating_hours
PTC ada tempat istirahat?,ask_facilities
Bang Hay ya,greet
Kemaro deket stasiun LRT mana?,ask_location_access
Min Terima kasih infonya sangat berguna ya,provide_feedback
wisata off the beaten path palembang?,ask_hidden_gems
Permisi Underrated tourist spots in Palembang sih,ask_hidden_gems
Is Kemaro Island child-friendly?,ask_facilities
Apa yang menarik dari Monpera?,ask_destination_info
Permisi Bisa naik LRT ke Palembang Icon?,ask_lrt_destinations
Maaf mau tanya Any hidden gems to visit ya kak,ask_hidden_gems
Selamat pagi,greet
Mau nanya dong Kak berapa harga tiket Kampung Kapitan?,ask_ticket_price
Kak Saranin wisata di Palembang dong,ask_recommendation
Kak Hidden spots in Palembang sih,ask_hidden_gems
Info taman Palembang dong,ask_category
Bang Akses ke Kampung Arab Al-Munawar mudah gak,ask_location_access
Halo mau keliling Palembang nih kak,greet
Mau nanya dong ada apa aja sih di Kampung Arab Al-Munawar?,ask_destination_info
Maaf mau tanya Wisata apa yang bisa dijangkau LRT dong kak,ask_lrt_destinations
"Hi, Where is Fantasy Island",ask_location_access
Kak Tempat wisata alternatif Palembang dong,ask_hidden_gems
Permisi what's special about Monpera island?,ask_destination_info
Min Wisata yang paling dekat LRT?,ask_lrt_destinations
Eh Wisata yang cocok untuk keluarga,ask_recommendation
Min Naik LRT bisa ke wisata mana aja nih,ask_lrt_destinations
Min posisi Museum Sultan Mahmud Badaruddin II dimana ya?,ask_location_access
Rekomendasi taman Palembang,ask_category
Maaf mau tanya Wisata Palembang yang populer apa nih,ask_recommendation
Eh Rekomendasi wisata kuliner Palembang sih,ask_category
Maaf mau tanya Ada tempat wisata baru di Palembang dong kak,ask_hidden_gems
Kak Dadah kak dong,goodbye
Kak dadah kak nih,goodbye
Eh Ada taman kota di Palembang nih,ask_category
Ada mushola di Kampung Kapitan?,ask_facilities
Mau nanya dong Bye kak makasih ya,goodbye
Masjid Agung Palembang bayar berapa?,ask_ticket_price
Maaf mau tanya what time does Amanzi open?,ask_operating_hours
Halo Wisata yang gampang dijangkau LRT?,ask_lrt_destinations
Eh Wisata terbaik di Palembang apa nih,ask_recommendation
Permisi taman di palembang ada apa aja?,ask_category
Eh Makasih kak dong,goodbye
Siguntang buka hari apa aja?,ask_operating_hours
Bang Siapa gubernur Palembang sih,ask_unrelated
Halo bye bye dong kak,goodbye
Hey Where can I go by LRT for sightseeing??,ask_lrt_destinations
Cara menuju Jakabaring Sport City gimana?,ask_location_access
Maaf mau tanya Wisata Bali yang bagus,ask_unrelated
Bang harga tiket BKB berapa ya?,ask_ticket_price
Halo apakah Palembang Icon buka hari minggu?,ask_operating_hours
Permisi Recommend nature tourism in Palembang,ask_category
Mau nanya dong woi ya,greet
Yang termasuk museum apa aja?,ask_category
Permisi Is Kemaro open today sih,ask_operating_hours
Eh Tempat wisata ikonik Palembang ya kak,ask_recommendation
Eh cek nih,greet
Kak OPI Mall itu apa?,ask_destination_info
Bang Misi mau tanya sih,greet
Kak Tempat wisata kuliner di Palembang,ask_category
Mau nanya dong Curhatan aku dong kak,ask_unrelated
Halo nyanyiin lagu dong kak,ask_unrelated
Mau nanya dong Kak ada taman gak di Palembang,ask_category
"Maaf mau tanya got it, thanks dong",goodbye
Tiketnya berapa?,ask_ticket_price
Mau nanya dong Cara menuju Amanzi Waterpark gimana?,ask_location_access
Min terima kasih banyak nih,goodbye
Permisi what's 2+2?,ask_unrelated
Mau nanya dong take care sih,goodbye
Alamat Jembatan Ampera dimana?,ask_location_access
Eh Palembang punya wisata alam apa,ask_category
Maaf mau tanya Tiket pesawat ke Bali berapa?,ask_unrelated
Halo ada apa aja sih di Palembang Square?,ask_destination_info
Eh Wah makasih infonya lengkap,provide_feedback
Please Suggest places for sightseeing in Palembang,ask_recommendation
Permisi hai saya wisatawan sih,greet
"Excuse me, When is Masjid Cheng Ho Park open?",ask_operating_hours
Bisa naik LRT ke BKB?,ask_lrt_destinations
Mau nanya dong Is there parking sih,ask_facilities
Mau nanya dong What time does Pasar 16 Ilir Island open nih,ask_operating_hours
Info tentang PTC,ask_destination_info
Mau nanya dong Infonya akurat ya,provide_feedback
Min thanks udah bantu ya kak,goodbye
Kak Palembang Trade Center dekat stasiun lrt mana?,ask_lrt_destinations
Eh Kak ada hidden gems gak dong,ask_hidden_gems
Mau nanya dong Film terbaru 2024 apa dong,ask_unrelated
Halo Rumus pythagoras dong,ask_unrelated
Bang salam kenal sih,greet
Min Top tourist attractions in Palembang,ask_recommendation
Eh any hidden gems to visit?,ask_hidden_gems
Harga masuk Palembang Trade Center berapa ya kak?,ask_ticket_price
Wisata murah yang bisa naik LRT?,ask_lrt_destinations
Mau nanya dong Aku mau cerita ya,ask_unrelated
Eh good job dong,provide_feedback
Maaf mau tanya Bye for now ya,goodbye
Min See you sih,goodbye
Maaf mau tanya Ada gak wisata yang masih asri di Palembang deh,ask_hidden_gems
Maaf mau tanya Halo kak mau nanya dong kak,greet
Eh Pagi-pagi Benteng Kuto Besak sudah buka belum?,ask_operating_hours
Kak Wisata apa aja yang dekat jalur LRT ya,ask_lrt_destinations
Update harga tiket KI dong,ask_ticket_price
Halo Oke segitu aja dulu ya kak,goodbye
Min Kode pos Palembang berapa sih,ask_unrelated
Fasilitas Monpera lengkap gak?,ask_facilities
Maaf mau tanya Wisata yang gak pasaran di Palembang nih,ask_hidden_gems
Info jam buka Masjid Agung Palembang dong,ask_operating_hours
"Hello, Where is BKB located?",ask_location_access
"Hi, What museums are in Palembang please",ask_category
Permisi Apakah Punti Kayu gratis?,ask_ticket_price
Mau nanya dong Is Masjid Agung Palembang Bridge free deh,ask_ticket_price
Mau nanya dong Is Sultan Mahmud Badaruddin II Museum open on Sunday dong kak,ask_operating_hours
Halo what time does Kambang Iwak close?,ask_operating_hours
Bang Kampung Kapitan ramah anak gak dong kak,ask_facilities
Bang Numpang tanya dong kak,greet
Can you tell me Suggest places for sightseeing in Palembang please,ask_recommendation
infonya oke banget sih,provide_feedback
"Excuse me, is there wifi at Masjid Agung Palembang?",ask_facilities
Eh makasih ya infonya sih,goodbye
Eh I'm bored,ask_unrelated
Berapa ya tiket Kampung Kapitan?,ask_ticket_price
Eh Tempat wisata budaya di Palembang ya,ask_category
Kawah Tengkurep terkenal karena apa?,ask_destination_info
Apa keunikan Museum Balaputra Dewa?,ask_destination_info
Bang Dadah ya,goodbye
Kampung Kapitan bagus gak?,ask_destination_info
When does Ampera Bridge close?,ask_operating_hours
Maaf mau tanya Excellent information dong kak,provide_feedback
Bang rekomendasi wisata alam palembang,ask_category
Eh Tempat wisata unik di Palembang ya kak,ask_hidden_gems
Min Kak Punti Kayu buka jam berapa ya?,ask_operating_hours
Good evening,greet
Halo heyy sih,greet
Permisi Naik LRT bisa ke wisata mana aja ya kak,ask_lrt_destinations
Halo saya dari Jakarta mau tanya,greet
Halo BKB ramah anak gak deh,ask_facilities
Bang mau nanya,greet
Where is it located?,ask_location_access
Halo Tempat paling menarik di Palembang deh,ask_recommendation
Eh Wisata malam di Palembang kemana deh,ask_recommendation
Maaf mau tanya Amanzi Waterpark jauh gak dari pusat kota?,ask_location_access
Eh Ada fasilitas apa di Al Quran Al Akbar?,ask_facilities
Bang sing me a song,ask_unrelated
Permisi udah cukup nih,goodbye
Min Harga tiket BKB berapa ya,ask_ticket_price
Hey is Kambang Iwak near an lrt station??,ask_lrt_destinations
Harga masuk Museum Sultan Mahmud Badaruddin II berapa ya kak?,ask_ticket_price
Misi,greet
Min Mau jalan-jalan pakai LRT bisa kemana ya kak,ask_lrt_destinations
Kampung Kapitan hari libur buka gak sih,ask_operating_hours
Recipe for chocolate cake dong kak,ask_unrelated
Kak Apa yang menarik dari Al-Munawar deh,ask_destination_info
Min tiket masuk ke Palembang Trade Center sekarang berapa ya?,ask_ticket_price
Mau nanya dong Address of Punti Kayu?,ask_location_access
Halo kamu bodoh sih,ask_unrelated
Halo Is Museum Balaputra Dewa Island open today ya,ask_operating_hours
Maaf mau tanya Palembang Square bayar berapa?,ask_ticket_price
Permisi Rekomendasi wisata yang dekat stasiun LRT?,ask_lrt_destinations
Ada wisata kuliner gak di Palembang?,ask_category
Hey Unique places to visit in Palembang?,ask_hidden_gems
Mau nanya dong describe Museum Sultan Mahmud Badaruddin II arab village nih,ask_destination_info
Eh oke thanks ya,goodbye
"Hello, Where can I go by LRT for sightseeing please",ask_lrt_destinations
"Bang Mau naik LRT, wisata apa yang dekat dong",ask_lrt_destinations
terima kasih infonya sangat berguna ya kak,provide_feedback
Apa itu Fantasy Island?,ask_destination_info
"Maaf mau tanya Mau keliling Palembang naik LRT, kemana aja ya kak",ask_lrt_destinations
Kak hidden gems in palembang?,ask_hidden_gems
Permisi Harga masuk Kampung Kapitan berapa ya kak?,ask_ticket_price
Min mau cari wisata yang seru di palembang dong,ask_recommendation
Halo Gimana Jakabaring?,ask_destination_info
Apa keunikan Amanzi Waterpark?,ask_destination_info
Min Baiklah terima kasih banyak nih,goodbye
Kak nice ya kak,provide_feedback
Halo Sip lanjut kak?,provide_feedback
Please what's the location of Jakabaring bridge?,ask_location_access
Permisi Oke kak sampai jumpa deh,goodbye
Halo details about Museum Sultan Mahmud Badaruddin II arab village?,ask_destination_info
Maaf mau tanya Saranin wisata di Palembang dong?,ask_recommendation
What's the ticket price?,ask_ticket_price
Bang baik kak terima kasih sih,goodbye
Hey Is Grand Mosque of Palembang far from the city center,ask_location_access
Jam tutup Kampung Kapitan kapan dong,ask_operating_hours
Permisi Tempat keren tapi belum terkenal di Palembang dong,ask_hidden_gems
Palembang Trade Center dekat stasiun LRT mana deh,ask_lrt_destinations
Permisi Kak ada masjid gak di Palembang deh,ask_category
"Maaf mau tanya mau explore palembang pakai lrt, kemana aja bisa?",ask_lrt_destinations
suggest tourist spots in palembang sih,ask_recommendation
Min ada fasilitas apa di Jembatan Ampera?,ask_facilities
Permisi what's available at OPI Mall?,ask_facilities
Kak Bang mau nanya ya kak,greet
Bang akses ke Pulau Kemaro mudah gak?,ask_location_access
Bukit Siguntang fasilitasnya apa aja?,ask_facilities
Mau nanya dong Wisata murah yang bisa naik LRT nih,ask_lrt_destinations
Permisi Kenapa Ampera terkenal?,ask_destination_info
List of cultural tourism in Palembang??,ask_category
Jakabaring ada toilet gak?,ask_facilities
Benteng Kuto Besak tutup jam berapa?,ask_operating_hours
Kak Bot nya pintar ya kak,provide_feedback
What's the address of Sultan Mahmud Badaruddin II Museum?,ask_location_access
Bang bagus infonya ya kak,provide_feedback
Bang Kak ada taman gak di Palembang nih,ask_category
Halo nice info dong kak,provide_feedback
Bang recommended banget aplikasinya sih,provide_feedback
Is Punti Kayu Forest free?,ask_ticket_price
Mau nanya dong Review tentang Taman Kambang Iwak Besak?,ask_destination_info
Eh Oke mantul?,provide_feedback
Eh Kawah Tengkurep di mana ya?,ask_location_access
Permisi Ceritakan joke dong,ask_unrelated
Eh Baik terima kasih sih,goodbye
"Excuse me, What's the address of Sultan Mahmud Badaruddin II Museum??",ask_location_access
Eh fasilitas apa saja di Pulau Kemaro?,ask_facilities
Palembang punya wisata kuliner apa?,ask_category
Min Mau tanya jam operasional Kemaro ya kak,ask_operating_hours
Mau nanya dong LRT bisa ke Jakabaring Sport City gak?,ask_lrt_destinations
Kapan sih Museum Balaputra Dewa buka ya kak,ask_operating_hours
What time does Sultan Mahmud Badaruddin II Museum close?,ask_operating_hours
Is there WiFi at Grand Mosque of Palembang,ask_facilities
Wisata off the beaten path Palembang ya,ask_hidden_gems
Any cultural tourism in Palembang?,ask_category
Permisi Alamat lengkap Siguntang dong,ask_location_access
Apa itu AI?,ask_unrelated
what's available at Monpera island?,ask_facilities
Can you tell me How much is the ticket to SMB Bridge please,ask_ticket_price
Permisi Oke makasih kak sangat membantu deh,goodbye
Maaf mau tanya Local favorites in Palembang dong kak,ask_hidden_gems
Ada mushola di SMB II?,ask_facilities
Eh Wisata yang belum mainstream dong kak,ask_hidden_gems
Harga tiket Pasar 16 Ilir berapa ya?,ask_ticket_price
Kalo hari Sabtu BKB buka?,ask_operating_hours
Kak ada taman gak di Palembang?,ask_category
Eh Makasih infonya?,goodbye
Halo Ada wisata dekat LRT gak sih,ask_lrt_destinations
Eh Well explained,provide_feedback
"Excuse me, what are the iconic places in palembang?",ask_recommendation
Mau nanya dong Jos,provide_feedback
Halo HTM PIM berapa sih,ask_ticket_price
Bang halo bang deh,greet
Maaf mau tanya Suka sama jawabannya nih,provide_feedback
Bang Makasih ya infonya,goodbye
Hi bot,greet
Halo historical sites places in palembang?,ask_category
Please how to go to Museum Balaputra Dewa bridge?,ask_location_access
Mau nanya dong Jembatan Ampera aksesnya lewat LRT bisa?,ask_lrt_destinations
Eh Destinasi rahasia Palembang nih,ask_hidden_gems
Destinasi rahasia Palembang?,ask_hidden_gems
Min Wah keren infonya,provide_feedback
Mau nanya dong Wonderful,provide_feedback
"Hi, how to move on?",ask_unrelated
I want to know tell me a story?,ask_unrelated
kenapa orang-orang suka ke PIM?,ask_destination_info
Ada tempat wisata baru di Palembang dong,ask_hidden_gems
HTM nya berapa sih,ask_ticket_price
Recommend culinary tourism in Palembang,ask_category
Eh hello mau tanya,greet
Halo thanks so much dong kak,goodbye
Mau nanya dong Wisata wisata sejarah di Palembang apa aja sih,ask_category
Tempat wisata sejarah di Palembang?,ask_category
Mau nanya dong Lengkap banget infonya ya kak,provide_feedback
Kak Kampung Kapitan ada tempat istirahat ya kak,ask_facilities
Eh Amanzi Waterpark buka jam berapa?,ask_operating_hours
Informatif banget ya kak,provide_feedback
Permisi useful information ya kak,provide_feedback
tempat yang bagus buat foto-foto keluarga di mana ya?,ask_recommendation
Maaf mau tanya Destinasi rahasia Palembang,ask_hidden_gems
Bang tiket Museum Sultan Mahmud Badaruddin II berapa?,ask_ticket_price
Destinasi kategori alam?,ask_category
Mau nanya dong Excellent information nih,provide_feedback
Mau nanya dong Resep kue bolu ya kak,ask_unrelated
Oke bagus,provide_feedback
Maaf mau tanya Alamat Jembatan Ampera dimana ya kak,ask_location_access
Permisi lrt friendly tourist destinations?,ask_lrt_destinations
Permisi Wisata wisata religi di Palembang apa aja nih,ask_category
Tiket Siguntang berapa sih?,ask_ticket_price
Info harga tiket Punti Kayu dong kak,ask_ticket_price
Bayar berapa kalo masuk Museum Sultan Mahmud Badaruddin II?,ask_ticket_price
Eh update harga tiket PTC dong,ask_ticket_price
How much to get into Monpera?,ask_ticket_price
Maaf mau tanya Masjid Cheng Ho itu apa?,ask_destination_info
Parkiran Kampung Kapitan luas gak?,ask_facilities
Halo Wisata Palembang yang aesthetic tapi sepi ya,ask_hidden_gems
Min Top tourist attractions in Palembang ya kak,ask_recommendation
Is admission to Punti Kayu Forest free?,ask_ticket_price
Eh Non-touristy places in Palembang,ask_hidden_gems
Palembang punya wisata sejarah apa?,ask_category
Eh asal usul Amanzi ini gimana ceritanya dong,ask_destination_info
Deskripsi Palembang Trade Center,ask_destination_info
Min jawaban yang memuaskan ya kak,provide_feedback
Jadwal buka Palembang Square kapan ya?,ask_operating_hours
Permisi ada wisata dekat lrt gak?,ask_lrt_destinations
Jakabaring deket stasiun LRT mana?,ask_location_access
Mau nanya dong Ada wisata alam di Palembang ya,ask_category
Maaf mau tanya Rute ke Monpera gimana?,ask_location_access
Tempat keren tapi belum terkenal di Palembang?,ask_hidden_gems
Permisi Museums in Palembang sih,ask_category
Mau nanya dong Pinter ya botnya ya kak,provide_feedback
Eh Opening hours for Ampera nih,ask_operating_hours
Halo ada apa aja sih di Kawah Tengkurep?,ask_destination_info
Kak Directions to Kampung Kapitan?,ask_location_access
Halo Tempat wisata yang bisa diakses LRT dong kak,ask_lrt_destinations
Maaf mau tanya jawaban yang sangat membantu deh,provide_feedback
Mau nanya dong Keren ya,provide_feedback
What does it cost to visit Punti Kayu Forest?,ask_ticket_price
Alamat lengkap Kambang Iwak?,ask_location_access
jelas banget penjelasannya deh,provide_feedback
Permisi Wisata yang belum viral di Palembang dong kak,ask_hidden_gems
Permisi berapa harga tiket masuk Monpera?,ask_ticket_price
What are the operating hours of Grand Mosque of Palembang thanks,ask_operating_hours
Mau liburan di Palembang kemana ya?,ask_recommendation
Permisi jelas banget penjelasannya ya kak,provide_feedback
Details about Ampera Bridge?,ask_destination_info
Bang,greet
Maaf mau tanya Siguntang hari libur buka gak deh,ask_operating_hours
Apakah Benteng Kuto Besak buka 24 jam?,ask_operating_hours
Dimana lokasi Masjid Cheng Ho?,ask_location_access
Min Tempat wisata murah di Palembang dong,ask_recommendation
Ada mushola di Masjid Agung Palembang dong kak,ask_facilities
ada apa aja sih di Benteng Kuto Besak?,ask_destination_info
Eh Info lebih lanjut dong kak,ask_destination_info
Eh that's helpful dong,provide_feedback
Kak ada masjid gak di Palembang dong kak,ask_category
Hey Things to do in Palembang thanks,ask_recommendation
Mau nanya dong min kasih tau hidden gems palembang nih,ask_hidden_gems
Bang rekomendasi wisata budaya palembang nih,ask_category
Kak Hidden spots in Palembang dong,ask_hidden_gems
Maaf mau tanya Hi chatbot,greet
Ada mushola di Al Quran Al Akbar?,ask_facilities
Permisi Informasinya membantu ya kak,provide_feedback
Does Al-Munawar Arab Village have food stalls?,ask_facilities
Kak Fasilitas umum di Masjid Agung Palembang apa aja nih,ask_facilities
Mau nanya dong oke bagus deh,provide_feedback
Min adminnya mana sih,ask_unrelated
Mau nanya dong info wisata yang terjangkau lrt ya,ask_lrt_destinations
Eh Wisata Palembang yang populer apa nih,ask_recommendation
Where is Punti Kayu Forest?,ask_location_access
Eh Wisata yang paling dekat LRT?,ask_lrt_destinations
Can you tell me exactly what i needed thanks,provide_feedback
Halo bye kak,goodbye
Siguntang deket stasiun LRT mana?,ask_location_access
Eh Al-Munawar fasilitasnya apa aja nih,ask_facilities
Mau nanya dong apa obat sakit kepala?,ask_unrelated
Permisi suka sama jawabannya,provide_feedback
Kak does sultan mahmud badaruddin ii museum have food stalls?,ask_facilities
Ceritakan tentang Al-Munawar,ask_destination_info
Wisata paling bagus di Palembang?,ask_recommendation
Mau nanya dong Kak dimana ya Fantasy Island?,ask_location_access
Bang Saran tempat wisata di Palembang nih,ask_recommendation
"Mau nanya dong Mau naik LRT, wisata apa yang dekat",ask_lrt_destinations
Mau nanya dong Any hidden gems to visit sih,ask_hidden_gems
Maaf mau tanya Halo mau keliling Palembang nih kak,greet
Permisi Wisata yang aksesnya lewat LRT apa aja sih,ask_lrt_destinations
apa Museum Balaputra Dewa bisa dijangkau lrt?,ask_lrt_destinations
Halo saya mau bertanya,greet
"Hi, does KI arab village have a mosque?",ask_facilities
bingung mau bawa keluarga jalan-jalan kemana ya kak,ask_recommendation
Can you tell me List of religious tourism in Palembang thanks,ask_category
Destinasi tersembunyi Palembang ada gak deh,ask_hidden_gems
Min makasih kak nanti saya tanya lagi deh,goodbye
Min Understood deh,provide_feedback
Bang aku butuh tempat healing yang tenang sih,ask_recommendation
Min harga masuk Kambang Iwak berapa?,ask_ticket_price
How to cook an egg??,ask_unrelated
Apa arti cinta ya kak,ask_unrelated
Bang jam operasional Museum Sultan Mahmud Badaruddin II?,ask_operating_hours
Bang Apa obat sakit kepala ya kak,ask_unrelated
Maaf mau tanya Resep nasi goreng dong kak,ask_unrelated
Kak What's the time?,ask_unrelated
Kak Terima kasih dong kak,goodbye
Permisi Thank you,goodbye
Mau nanya dong Wisata Palembang yang aesthetic tapi sepi ya kak,ask_hidden_gems
Kak Destinasi wisata sejarah Palembang dong,ask_category
Halo Wisata weekend di Palembang deh,ask_recommendation
Halo Wisata Palembang yang belum banyak orang kunjungi deh,ask_hidden_gems
Halo aku lagi pengen makan enak sambil liat sungai deh,ask_recommendation
Wisata instagramable Palembang,ask_recommendation
info wisata yang terjangkau lrt dong,ask_lrt_destinations
segitu dulu kak thanks nih,goodbye
Eh Mau cari wisata yang seru di Palembang,ask_recommendation
Bang Fasilitas Masjid Agung Palembang lengkap gak ya,ask_facilities
Maaf mau tanya Wisata accessible by LRT?,ask_lrt_destinations
Please Is there an entry fee for Sultan Mahmud Badaruddin II Museum?,ask_ticket_price
Min Kak wisata yang bisa naik LRT apa aja sih,ask_lrt_destinations
Bang Terima kasih atas informasinya?,goodbye
Lokasi Masjid Agung Palembang dimana kak?,ask_location_access
Bang What time does Masjid Cheng Ho open ya,ask_operating_hours
List of nature tourism in Palembang?,ask_category
Mau nanya dong Wisata yang belum mainstream dong kak,ask_hidden_gems
Halo Tempat yang underrated di Palembang dong kak,ask_hidden_gems
Maaf mau tanya nais ya kak,provide_feedback
Maaf mau tanya Must-visit places in Palembang nih,ask_recommendation
Bang Dimana lokasi Kampung Kapitan?,ask_location_access
Harga masuk Pasar 16 Ilir berapa ya kak?,ask_ticket_price
Halo Wisata wisata alam di Palembang apa aja,ask_category
aku butuh tempat healing yang tenang,ask_recommendation
Kak info jam buka BKB dong,ask_operating_hours
"Mau nanya dong great, thanks nih",goodbye
Eh SMB hari libur buka gak?,ask_operating_hours
Monpera deket stasiun LRT mana?,ask_location_access
Maaf mau tanya rating 5 untuk botnya deh,provide_feedback
Maaf mau tanya Bagus gak tempatnya sih,ask_destination_info
Permisi Info lokasi PIM dong,ask_location_access
Hey is Amanzi park far from the city center?,ask_location_access
Halo Oke terima kasih?,goodbye
Kawah Tengkurep tutup jam berapa?,ask_operating_hours
Eh SMB II jauh gak dari pusat kota?,ask_location_access
Weekday Pulau Kemaro buka jam berapa?,ask_operating_hours
Bang halo kak mau nanya dong kak,greet
Kayak apa sih PIM?,ask_destination_info
Mau nanya dong What's love deh,ask_unrelated
Permisi nature tourism places in Palembang dong,ask_category
Min Apa Hutan Wisata Punti Kayu bisa dijangkau LRT?,ask_lrt_destinations
Cara masak rendang gimana ya kak,ask_unrelated
"Excuse me, Where can I go by LRT for sightseeing please",ask_lrt_destinations
Hari ini OPI Mall buka gak ya?,ask_operating_hours
"Hi, Thank you for the information",goodbye
Bagaimana cara diet?,ask_unrelated
Kode pos Palembang berapa?,ask_unrelated
Permisi mau tanya harga tiket Masjid Cheng Ho,ask_ticket_price
Oi,greet
Apakah Punti Kayu buka hari Minggu?,ask_operating_hours
Mau ke Kemaro lewat mana?,ask_location_access
Mau nanya dong ada mushola di Palembang Square?,ask_facilities
Jos,provide_feedback
"Hi, Are you a robot??",ask_unrelated
Bang halo mau keliling palembang nih,greet
Eh Destinasi wisata LRT Palembang sih,ask_lrt_destinations
Boleh tanya?,greet
Mau nanya dong Goodbye nih,goodbye
Maaf mau tanya Al Quran Al Akbar bisa ditempuh pakai apa?,ask_location_access
Masuk Kambang Iwak gratis atau bayar?,ask_ticket_price
Ada tempat wisata baru di Palembang ya kak,ask_hidden_gems
Permisi Wisata paling bagus di Palembang sih,ask_recommendation
Is Monpera worth visiting?,ask_destination_info
Kalo hari Sabtu Al Quran Al Akbar buka?,ask_operating_hours
Permisi Mau tau sejarah Palembang Square ya,ask_destination_info
Mau nanya dong Berapa harga iPhone terbaru?,ask_unrelated
Mau nanya dong 5 bintang deh,provide_feedback
Min Film terbaru 2024 apa deh,ask_unrelated
Mau nanya dong Mantap kak sih,provide_feedback
Tempat makan di sekitar KI ada?,ask_facilities
Do you have feelings?,ask_unrelated
Halo Hidden gems di Palembang apa sih,ask_hidden_gems
Ada orang?,greet
Permisi Kasih tau dong tentang Kambang Iwak?,ask_destination_info
Min lrt bisa ke Benteng Kuto Besak gak?,ask_lrt_destinations
Min Tempat wisata yang gak rame ya,ask_hidden_gems
Mau nanya dong Permisi kak deh,greet
"Hello, How to reach Kampung Arab Al-Munawar please",ask_location_access
Permisi Mau tanya fasilitas di Museum Balaputra Dewa?,ask_facilities
Halo apa obat sakit kepala?,ask_unrelated
"Permisi Perfect, thank you deh",goodbye
Tempat yang underrated di Palembang nih,ask_hidden_gems
Sup,greet
Halo Nice info deh,provide_feedback
Maaf mau tanya That's helpful dong kak,provide_feedback
Hey where should i go in palembang??,ask_recommendation
Please Where is Kambang Iwak located?,ask_location_access
Halo Wisata yang belum mainstream dong,ask_hidden_gems
"Excuse me, Off the beaten path places in Palembang",ask_hidden_gems
Bayar berapa kalo masuk Palembang Trade Center?,ask_ticket_price
Eh Membantu banget kak dong,provide_feedback
Kak Thanks so much ya,goodbye
Kak makasih deh,goodbye
Permisi what makes Palembang Icon unique?,ask_destination_info
Halo Local favorites in Palembang ya,ask_hidden_gems
Halo Hidden gems di Palembang apa deh,ask_hidden_gems
Mau nanya dong museums places in Palembang nih,ask_category
Hey Is it free please,ask_ticket_price
Bang Min alamat Pasar 16 Ilir apa ya,ask_location_access
Wisata taman di Palembang apa aja ya kak,ask_category
Permisi Any cultural tourism in Palembang ya kak,ask_category
Maaf mau tanya jawabannya cepat ya kak,provide_feedback
Eh Tempat yang underrated di Palembang nih,ask_hidden_gems
Halo LRT accessible tourist spots in Palembang,ask_lrt_destinations
Mau nanya dong Naik LRT bisa ke wisata mana aja sih,ask_lrt_destinations
Min Destinasi rahasia Palembang dong,ask_hidden_gems
Halo Min harga masuk Al Quran Al Akbar berapa?,ask_ticket_price
Min responnya cepat ya,provide_feedback
makasih banyak sih,goodbye
Halo min info wisata dekat lrt dong kak,ask_lrt_destinations
Min Wisata untuk anak-anak di Palembang ya kak,ask_recommendation
Bang jelaskan tentang PTC sih,ask_destination_info
Bang wisata gratis di palembang ada gak?,ask_recommendation
Permisi Wisata Palembang yang belum banyak orang kunjungi sih,ask_hidden_gems
Wisata murah yang bisa naik LRT deh,ask_lrt_destinations
Malam min,greet
Mau nanya dong kenapa Pulau Kemaro terkenal?,ask_destination_info
Min Rekomendasi wisata yang dekat stasiun LRT dong kak,ask_lrt_destinations
Can you tell me what days is Jakabaring Sport City open?,ask_operating_hours
Permisi min alamat Jakabaring apa ya?,ask_location_access
Eh thanks so much ya,goodbye
Eh kamu bisa jawab apa aja sih kak,ask_unrelated
"Hello, unique places to visit in palembang?",ask_hidden_gems
Kak Wisata apa yang bisa dijangkau LRT?,ask_lrt_destinations
Gimana Jakabaring?,ask_destination_info
Permisi Yang termasuk masjid apa aja dong kak,ask_category
Min Oke segitu dulu deh,goodbye
Permisi Apa bahasa Inggrisnya kucing deh,ask_unrelated
cultural tourism places in Palembang?,ask_category
Mau nanya dong Kak rekomendasiin dong wisata di Palembang ya kak,ask_recommendation
Permisi ceritain Palembang Trade Center dong kak dong,ask_destination_info
Permisi Best destinations in Palembang?,ask_recommendation
Permisi Siang dong,greet
Taman di Palembang ada apa aja?,ask_category
rekomendasikan tempat wisata di palembang dong,ask_recommendation
Kak Curhatan aku dong,ask_unrelated
Bang Bot dong kak,greet
Wisata apa yang cocok untuk foto-foto?,ask_recommendation
Permisi 1+1 berapa ya kak,ask_unrelated
Destinasi masjid Palembang ya kak,ask_category
I want to know the answer is very detailed,provide_feedback
Tempat yang belum terkenal di Palembang,ask_hidden_gems
Kak Suka deh kak,provide_feedback
Halo Info fasilitas PIM dong kak,ask_facilities
Permisi Wisata Palembang yang LRT friendly?,ask_lrt_destinations
how to go to Punti Kayu?,ask_location_access
Min Resep kue bolu dong kak,ask_unrelated
Mau nanya dong Siapa pemenang Liga Champions deh,ask_unrelated
Universitas terbaik Indonesia?,ask_unrelated
Kak what amenities does Pasar 16 Ilir offer?,ask_facilities
Eh Wisata Palembang yang belum banyak orang kunjungi ya kak,ask_hidden_gems
What's the address of Grand Mosque of Palembang?,ask_location_access
Kak more information please ya,ask_destination_info
Maaf mau tanya Jadwal buka Punti Kayu kapan ya,ask_operating_hours
Bang Hidden gem Palembang yang recommended ya kak,ask_hidden_gems
Kak Keren nih,provide_feedback
Mau ke Palembang Icon lewat mana?,ask_location_access
Eh wisata air di palembang ada?,ask_category
Monpera itu tempat apa sih?,ask_destination_info
Please what are the iconic places in palembang?,ask_recommendation
Apakah SMB II buka hari Minggu?,ask_operating_hours
Please How to move on please,ask_unrelated
Kak Hai chatbot dong kak,greet
Permisi mau tanya harga tiket PIM,ask_ticket_price
Eh Naik apa ke Bukit Siguntang?,ask_location_access
Palembang Trade Center ada spot foto gak?,ask_facilities
How much does it cost to enter Ampera Bridge?,ask_ticket_price
Ada fasilitas apa di Pulau Kemaro?,ask_facilities
Very helpful,provide_feedback
Min Di daerah mana sih,ask_location_access
Best places to visit by LRT?,ask_lrt_destinations
Hey Where is Hutan Wisata Punti Kayu Forest located?,ask_location_access
Oke deh makasih,goodbye
Min Wisata yang paling sering dikunjungi dong,ask_recommendation
Permisi Bot aktif ya kak,greet
Mau nanya dong fasilitas umum di Kambang Iwak apa aja?,ask_facilities
Permisi waalaikumsalam ya,goodbye
Terima kasih,goodbye
I want to know Where can I find parks in Palembang thanks,ask_category
Min Info masjid Palembang dong,ask_category
Permisi religious tourism places in Palembang nih,ask_category
Min Monpera buka sampai malam gak?,ask_operating_hours
Mau tanya fasilitas di Masjid Cheng Ho,ask_facilities
Min Cek dong,greet
Maaf mau tanya What's Bitcoin nih,ask_unrelated
Kak Lesser known attractions in Palembang ya,ask_hidden_gems
Halo Secret places in Palembang,ask_hidden_gems
Min Cara menuju Jakabaring Sport City gimana ya kak,ask_location_access
Mau nanya dong Halo siapa di sini sih,greet
History of Punti Kayu Forest?,ask_destination_info
Mau nanya dong Ada wisata religi di Palembang?,ask_category
Permisi hidden gems di palembang apa?,ask_hidden_gems
Wisata apa aja yang dekat jalur LRT dong,ask_lrt_destinations
Hey where can i find parks in palembang?,ask_category
Eh Kak ada hidden gems gak deh,ask_hidden_gems
Permisi recommend tourist places in palembang,ask_recommendation
Min Wisata anti mainstream Palembang sih,ask_hidden_gems
Mau nanya dong wisata palembang yang aesthetic tapi sepi?,ask_hidden_gems
I want to know Things to do in Palembang?,ask_recommendation
Eh Dadah dong,goodbye
Mau nanya dong Mau ke Kampung Arab Al-Munawar lewat mana?,ask_location_access
Eh Tempat wisata yang gak rame nih,ask_hidden_gems
Maaf mau tanya Wisata yang paling sering dikunjungi sih,ask_recommendation
Maaf mau tanya Kasih rekomendasi wisata dong kak ya kak,ask_recommendation
Bukit Siguntang ada kantin gak?,ask_facilities
Bang naik apa ke Punti Kayu?,ask_location_access
Permisi apakah Kambang Iwak dekat stasiun lrt?,ask_lrt_destinations
Does Punti Kayu Forest have food stalls?,ask_facilities
Halo Mau tanya jam operasional PTC?,ask_operating_hours
Eh Hutan Wisata Punti Kayu ada kantin gak nih,ask_facilities
Halo What's available at Museum Balaputra Dewa Forest ya,ask_facilities
Destinasi yang LRT accessible?,ask_lrt_destinations
Mau nanya dong Udah cukup ya kak,goodbye
Hey Exactly what I needed thanks,provide_feedback
Kenapa PTC terkenal?,ask_destination_info
Mau nanya dong Amanzi Waterpark ramah anak gak nih,ask_facilities
Min Oke segitu aja dulu ya?,goodbye
I want to know Things to do in Palembang please,ask_recommendation
oke deh kak sampai jumpa nih,goodbye
Does Sultan Mahmud Badaruddin II Museum open every day?,ask_operating_hours
Is Al-Munawar Arab Village open in the morning?,ask_operating_hours
Halo Tiket masuk ke Kambang Iwak sekarang berapa ya,ask_ticket_price
Kak Jadwal sholat hari ini?,ask_unrelated
Ada wifi di Palembang Icon?,ask_facilities
Maaf mau tanya does OPI Mall forest open every day?,ask_operating_hours
Can you tell me tell me a story please,ask_unrelated
Halo rekomendasi wisata yang dekat stasiun lrt,ask_lrt_destinations
Is Kambang Iwak Park far from the city center?,ask_location_access
Permisi cara menuju Jembatan Ampera gimana?,ask_location_access
Kak Fasilitas umum di Hutan Wisata Punti Kayu apa aja?,ask_facilities
Maaf mau tanya Wisata sore hari di Palembang ya,ask_recommendation
Permisi Jam buka Kambang Iwak kapan?,ask_operating_hours
Eh Kamu punya perasaan dong kak,ask_unrelated
Please what's the meaning of life??,ask_unrelated
what's cryptocurrency?,ask_unrelated
Rekomendasi masjid Palembang sih,ask_category
Kak Yang termasuk wisata religi apa aja dong,ask_category
Sejarah Al-Munawar apa ya?,ask_destination_info
Ada hidden gems gak di Palembang dong,ask_hidden_gems
Permisi ada gak wisata yang bisa ditempuh lrt?,ask_lrt_destinations
I want to know thanks for the info?,goodbye
Eh Oke kak sampai jumpa dong kak,goodbye
Kak Tempat wisata yang wajib dikunjungi di Palembang sih,ask_recommendation
Mau nanya dong Arah ke Kampung Kapitan gimana?,ask_location_access
Palembang Icon buka sampai malam gak?,ask_operating_hours
Bang Ada wisata apa aja di Palembang,ask_recommendation
Wisata yang paling sering dikunjungi?,ask_recommendation
Maaf mau tanya BKB bayar berapa?,ask_ticket_price
Can you tell me What are the best places to visit in Palembang thanks,ask_recommendation
Good afternoon,greet
Permisi LRT berhenti dekat wisata mana dong,ask_lrt_destinations
Permisi Informasinya membantu dong,provide_feedback
Maaf mau tanya Kayak apa sih PTC?,ask_destination_info
Jam operasional BKB?,ask_operating_hours
Bang very accurate ya,provide_feedback
Great bot,provide_feedback
Ke Siguntang bayar berapa ya?,ask_ticket_price
Mau ke Al-Munawar bayar berapa?,ask_ticket_price
Halo Oke sip mantap deh,provide_feedback
Address of Al-Munawar Arab Village?,ask_location_access
Harga emas hari ini?,ask_unrelated
Bang Baik kak terima kasih,goodbye
Permisi Ada parkiran,ask_facilities
Kak fasilitas PTC apa aja ya?,ask_facilities
Mau nanya dong Halo kak mau nanya dong,greet
Permisi oke deh bye,goodbye
Kak museum di palembang apa aja?,ask_category
Parks in Palembang?,ask_category
Kak cukup dulu ya kak,goodbye
"Hello, is there an entry fee for KI park?",ask_ticket_price
Maaf mau tanya Pagi deh,greet
Kira-kira harga tiket Hutan Wisata Punti Kayu berapa?,ask_ticket_price
Bang Tempat wisata yang gak rame ya,ask_hidden_gems
Bang Tempat wisata yang bisa diakses LRT nih,ask_lrt_destinations
Bang Tempat yang underrated di Palembang dong kak,ask_hidden_gems
How much is the ticket?,ask_ticket_price
mau ke tempat bersejarah di palembang ya,ask_category
Min Keren banget infonya ya kak,provide_feedback
Halo apakah botnya aktif?,greet
Mau nanya dong PTC buka setiap hari?,ask_operating_hours
Hey recommend places to see in palembang thanks,ask_recommendation
Permisi hai selamat siang nih,greet
Bang Parkiran Palembang Trade Center luas gak dong kak,ask_facilities
Eh Hai saya baru ke Palembang?,greet
Masuk Jakabaring gratis atau bayar?,ask_ticket_price
What are the iconic places in Palembang thanks,ask_recommendation
Permisi Ada tempat wisata baru di Palembang dong kak,ask_hidden_gems
Kak oke deh makasih dong,goodbye
Eh biaya tiket Punti Kayu berapa kak?,ask_ticket_price
Penjelasannya bagus kak,provide_feedback
ada wifi di KI?,ask_facilities
museums places in Palembang?,ask_category
Bang Bye for now,goodbye
Bang Mau ke tempat yang unik dan sepi dong,ask_hidden_gems
Min alamat Ampera apa ya?,ask_location_access
Ticket price for Jakabaring Sport City?,ask_ticket_price
Can you tell me What's the location of Hutan Wisata Punti Kayu Arab Village please,ask_location_access
Halo Wisata instagramable Palembang ya,ask_recommendation
Mau nanya dong Wisata anti mainstream Palembang ya kak,ask_hidden_gems
Min berapa duit masuk Pulau Kemaro?,ask_ticket_price
Al-Munawar ada toilet gak?,ask_facilities
Naik apa ke Siguntang?,ask_location_access
"Bang hi there, i need some information nih",greet
Permisi selamat tinggal nih,goodbye
Min Wisata tersembunyi di Palembang nih,ask_hidden_gems
Kak Are there tourist attractions near LRT stations dong kak,ask_lrt_destinations
Amanzi Waterpark buka jam berapa?,ask_operating_hours
Nyanyiin lagu dong,ask_unrelated
Permisi ok bye dong kak,goodbye
Halo bang tiket Amanzi berapa?,ask_ticket_price
Kak Wisata apa yang cocok untuk foto-foto deh,ask_recommendation
What culinary tourism are in Palembang?,ask_category
Halo Menarik gak Pulau Kemaro deh,ask_destination_info
Maaf mau tanya Fasilitas Museum Balaputra Dewa lengkap gak dong kak,ask_facilities
Unique places to visit in Palembang?,ask_hidden_gems
Maaf mau tanya Wisata baru yang belum terkenal ya kak,ask_hidden_gems
Pagi min,greet
Mau nanya dong wah keren infonya,provide_feedback
Eh Destinasi tersembunyi Palembang ada gak nih,ask_hidden_gems
Mau nanya dong LRT friendly tourist destinations ya,ask_lrt_destinations
Bang Halo bisa tanya sesuatu,greet
Min bisa naik lrt ke Kawah Tengkurep?,ask_lrt_destinations
Mau nanya dong thanks so much ya,goodbye
Harga emas hari ini dong kak,ask_unrelated
Permisi seru gak Kambang Iwak?,ask_destination_info
What's the ticket price for Monpera?,ask_ticket_price
Mau tau sejarah Jembatan Ampera,ask_destination_info
Halo Ada wisata alam di Palembang nih,ask_category
Permisi Apa Kemaro bisa dijangkau LRT?,ask_lrt_destinations
"Good morning, I have a question",greet
Maaf mau tanya underrated tourist spots in palembang?,ask_hidden_gems
Bang Monpera ada area bermain anak?,ask_facilities
Monpera buka jam berapa?,ask_operating_hours
"Hi, Hey, can I ask a question??",greet
Maaf mau tanya Top wisata Palembang dong kak,ask_recommendation
apa yang bikin Ampera ini spesial?,ask_destination_info
Min thanks sih,goodbye
Maaf mau tanya Unexplored attractions in Palembang deh,ask_hidden_gems
Min rekomendasi wisata Palembang apa?,ask_recommendation
Bang Kurs dollar hari ini berapa?,ask_unrelated
Min Tell me about dinosaurs ya,ask_unrelated
Tiket masuk ke Fantasy Island sekarang berapa ya?,ask_ticket_price
Halo Halloo nih,greet
Kak Ampera bisa ditempuh pakai apa?,ask_location_access
Info jam buka Palembang Trade Center dong,ask_operating_hours
Opening hours for Masjid Agung Palembang Park?,ask_operating_hours
Tess,greet
Permisi Ada wisata budaya di Palembang sih,ask_category
Permisi Mau cari wisata yang seru di Palembang?,ask_recommendation
BKB ada di daerah mana?,ask_location_access
Halo aplikasi,greet
Ada wifi di Punti Kayu?,ask_facilities
Maaf mau tanya Destinasi museum Palembang,ask_category
Min LRT Palembang lewat wisata mana nih,ask_lrt_destinations
Min Wisata yang paling dekat LRT sih,ask_lrt_destinations
"Hello, I'm looking for help",greet
"Permisi great, thanks deh",goodbye
Eh Is Bukit Siguntang Forest child-friendly dong kak,ask_facilities
Halo good evening ya,greet
Eh Wisata yang belum banyak orang tau di Palembang dong kak,ask_hidden_gems
Permisi min tolong saran wisata dong kak,ask_recommendation
What's the entrance fee at Grand Mosque of Palembang?,ask_ticket_price
"Hello, Where should I go in Palembang??",ask_recommendation
Eh Saran tempat wisata di Palembang ya,ask_recommendation
Seru gak Kemaro?,ask_destination_info
Min Wisata outdoor Palembang deh,ask_category
Halo Oke makasih kak sangat membantu dong kak,goodbye
Eh jadwal buka KI kapan ya?,ask_operating_hours
Maaf mau tanya Recommend culinary tourism in Palembang nih,ask_category
Min LRT accessible tourist spots in Palembang,ask_lrt_destinations
Dimana lokasi Al Quran Al Akbar?,ask_location_access
Min Tolong kasih tau wisata dekat LRT ya kak,ask_lrt_destinations
Posisi Palembang Trade Center dimana ya?,ask_location_access
Mau nanya dong Makasih ya kak sangat berguna infonya ya,goodbye
Kak Akses ke Amanzi Waterpark mudah gak dong kak,ask_location_access
Chatbot nya bagus ya kak,provide_feedback
Bang jos dong,provide_feedback
Min sangat membantu nih,provide_feedback
Mau nanya dong jawaban yang sangat membantu nih,provide_feedback
Hello bot,greet
Bang Wisata edukasi di Palembang?,ask_category
Permisi Ada hidden gems gak di Palembang nih,ask_hidden_gems
Permisi LRT berhenti dekat wisata mana nih,ask_lrt_destinations
Min rekomendasi hidden gems dong kak ya,ask_hidden_gems
Eh Al-Munawar ramah anak gak,ask_facilities
Permisi Rekomendasikan tempat wisata di Palembang?,ask_recommendation
Eh wisata off the beaten path palembang?,ask_hidden_gems
Bang tempat wisata yang bisa diakses lrt?,ask_lrt_destinations
Bang tiket Ampera berapa?,ask_ticket_price
Thank you?,goodbye
SMB II buka dari jam berapa sampai jam berapa?,ask_operating_hours
Python atau Java lebih bagus?,ask_unrelated
terima kasih banyak deh,goodbye
Kasih tau dong tentang Bukit Siguntang,ask_destination_info
What time does Benteng Kuto Besak close?,ask_operating_hours
Halo good job dong kak,provide_feedback
Tempat wisata alam di Palembang?,ask_category
ada apa aja sih di Monpera?,ask_destination_info
Halo Ada tempat wisata baru di Palembang ya,ask_hidden_gems
Halo arah ke Amanzi gimana?,ask_location_access
Maaf mau tanya Halo bang ya,greet
Bayar berapa kalo masuk Pasar 16 Ilir?,ask_ticket_price
Bagaimana cara memasak telur?,ask_unrelated
Permisi best places to visit by lrt?,ask_lrt_destinations
Bang Mau jalan-jalan pakai LRT bisa kemana dong,ask_lrt_destinations
Permisi rekomendasi wisata untuk liburan singkat dong kak,ask_recommendation
Permisi Amanzi Waterpark dekat stasiun lrt mana?,ask_lrt_destinations
Kak Wisata weekend di Palembang dong kak,ask_recommendation
Min di OPI Mall itu kita bisa ngapain aja?,ask_destination_info
Are there toilets at Kambang Iwak Park?,ask_facilities
Permisi Ada tempat wisata baru di Palembang deh,ask_hidden_gems
Mau nanya dong Tempat wisata ikonik Palembang ya kak,ask_recommendation
Eh Is Bukit Siguntang Island child-friendly?,ask_facilities
Update harga tiket SMB dong,ask_ticket_price
kok jawabannya lambat,ask_unrelated
Alternative tourist spots in Palembang ya kak,ask_hidden_gems
"Hello, Can I take public transport to Taman Kebon Rojo?",ask_location_access
Permisi Lesser known attractions in Palembang,ask_hidden_gems
Min tempat wisata alternatif palembang?,ask_hidden_gems
"Permisi anakku suka main air, enaknya bawa kemana ya kak",ask_recommendation
Pulau Kemaro ada spot foto gak?,ask_facilities
Eh bot deh,greet
Mau nanya dong Kapan piala dunia deh,ask_unrelated
Kak fasilitas apa saja di Kawah Tengkurep?,ask_facilities
Apa SMB II bayar?,ask_ticket_price
Eh weekday Kampung Arab Al-Munawar buka jam berapa?,ask_operating_hours
Kak dimana ya BKB?,ask_location_access
Bang tempat bersejarah apa aja?,ask_category
Halo Tempat keren tapi belum terkenal di Palembang ya kak,ask_hidden_gems
Mau tanya dong kak harga tiket Hutan Wisata Punti Kayu,ask_ticket_price
Bang Palembang LRT tourism destinations?,ask_lrt_destinations
thank you for the information,goodbye
Mau nanya dong Bisa naik LRT ke Palembang Icon?,ask_lrt_destinations
Eh selamat datang nih,greet
Maaf mau tanya Selamat pagi nih,greet
Alamat Masjid Agung Palembang dimana sih,ask_location_access
Prediksi cuaca besok?,ask_unrelated
Selamat tinggal,goodbye
Maaf mau tanya Ada wisata religi di Palembang nih,ask_category
Min membantu banget kak ya kak,provide_feedback
"Excuse me, is Kawah Tengkurep arab village open in the morning??",ask_operating_hours
Min helloo,greet
Maaf mau tanya Places that tourists don't usually go ya kak,ask_hidden_gems
Fasilitas apa saja di PIM?,ask_facilities
OPI Mall berbayar atau gratis?,ask_ticket_price
Maaf mau tanya Mau cari wisata yang seru di Palembang nih,ask_recommendation
Halo Harga tiket masuk Kambang Iwak sekarang berapa dong,ask_ticket_price
What are the operating hours of Grand Mosque of Palembang?,ask_operating_hours
Permisi membantu banget kak ya kak,provide_feedback
Amanzi tutup jam berapa dong kak,ask_operating_hours
Wisata yang bisa pake LRT ya,ask_lrt_destinations
Kasih tau deskripsinya,ask_destination_info
Berapa duit masuk Monpera?,ask_ticket_price
Resep pempek palembang,ask_unrelated
Where can I find culinary tourism in Palembang?,ask_category
Wisata yang gampang dijangkau LRT,ask_lrt_destinations
Ceritain Bukit Siguntang dong kak,ask_destination_info
Weekday Siguntang buka jam berapa?,ask_operating_hours
Eh makasih ya kak sangat berguna infonya nih,goodbye
Eh What's special about Kemaro Forest ya kak,ask_destination_info
How much to get into Kampung Kapitan?,ask_ticket_price
Kambang Iwak buka dari jam berapa sampai jam berapa?,ask_operating_hours
Halo oke terima kasih jawabannya deh,provide_feedback
Maaf mau tanya Gimana Fantasy Island?,ask_destination_info
Eh Cara daftar CPNS gimana?,ask_unrelated
Permisi makasih infonya kak deh,provide_feedback
I want to know What's the price of iPhone please,ask_unrelated
Min Wisata Palembang yang aesthetic tapi sepi dong,ask_hidden_gems
Permisi Kampung Arab Al-Munawar ada toilet gak?,ask_facilities
Dari stasiun LRT bisa ke wisata apa?,ask_lrt_destinations
Halo Oke mantul sih,provide_feedback
Ada rekomendasi wisata gak?,ask_recommendation
Kamu pintar ya,ask_unrelated
"Excuse me, Where to go in Palembang",ask_recommendation
Permisi Taman Kambang Iwak Besak buka sampai malam gak dong,ask_operating_hours
PIM ada tempat istirahat?,ask_facilities
Kak oke noted terima kasih banyak kak dong kak,goodbye
Bukit Siguntang ada di daerah mana?,ask_location_access
Palembang Square deket stasiun LRT mana?,ask_location_access
Apa Jakabaring bayar?,ask_ticket_price
Kambang Iwak itu apa?,ask_destination_info
Bang Keren sih ini botnya,provide_feedback
Maaf mau tanya Tempat wisata yang jarang dikunjungi di Palembang dong,ask_hidden_gems
Min Popular tourist spots in Palembang deh,ask_recommendation
Min alamat Benteng Kuto Besak apa ya?,ask_location_access
Halo Wisata tersembunyi di Palembang ya kak,ask_hidden_gems
Mau nanya dong kak,greet
Min pagi-pagi Pasar 16 Ilir sudah buka belum?,ask_operating_hours
Mau nanya dong BKB deket stasiun LRT mana deh,ask_location_access
I want to know What to see in Palembang please,ask_recommendation
Wisata weekend di Palembang?,ask_recommendation
"anakku suka main air, enaknya bawa kemana ya?",ask_recommendation
Palembang Square ada tempat parkir nih,ask_facilities
Min Rekomendasi hidden gems dong kak sih,ask_hidden_gems
Permisi Apakah Taman Kebon Rojo buka 24 jam dong,ask_operating_hours
Halo Akses ke Palembang Trade Center mudah gak?,ask_location_access
Hey how much does it cost to enter SMB forest??,ask_ticket_price
Jam tutup Monpera kapan?,ask_operating_hours
kenapa orang-orang suka ke Bukit Siguntang?,ask_destination_info
Min Resep nasi goreng dong,ask_unrelated
Useful information,provide_feedback
Mau nanya dong Great bot ya,provide_feedback
Jembatan Ampera ada kantin gak?,ask_facilities
Mau tau tentang Jakabaring,ask_destination_info
Halo Mau jalan-jalan di Palembang kemana ya kak,ask_recommendation
ada ide tempat buat nongkrong sore nih,ask_recommendation
I want to know List of parks in Palembang thanks,ask_category
Halo Undiscovered places in Palembang,ask_hidden_gems
Permisi useful information dong,provide_feedback
Is Al-Munawar Arab Village worth visiting?,ask_destination_info
Where is Kambang Iwak Park located?,ask_location_access
What's the entrance fee at Monpera?,ask_ticket_price
Eh halo bot ya kak,greet
Pulau Kemaro bagus gak?,ask_destination_info
Eh terima kasih atas informasinya,goodbye
Location of Punti Kayu Forest?,ask_location_access
Please does Siguntang have a mosque?,ask_facilities
Maaf mau tanya arah ke Kampung Kapitan gimana?,ask_location_access
Permisi OK that's all I needed,goodbye
SMB bayar berapa?,ask_ticket_price
Mau nanya dong Review tentang SMB II dong kak,ask_destination_info
Permisi Good job nih,provide_feedback
Permisi wisata religi palembang apa aja?,ask_category
Kak Cara daftar kuliah dong kak,ask_unrelated
Eh Palembang punya museum apa ya,ask_category
Kak Hidden gem Palembang yang recommended,ask_hidden_gems
Mau nanya dong Harga masuknya berapa kak nih,ask_ticket_price
Mau nanya dong Is PTC Island child-friendly?,ask_facilities
Kak oi dong kak,greet
Min Wisata baru yang belum terkenal deh,ask_hidden_gems
Halo Info lengkap Museum Sultan Mahmud Badaruddin II dong?,ask_destination_info
Lagu hits 2024 apa?,ask_unrelated
Min Quiet but beautiful places in Palembang dong,ask_hidden_gems
Kak Alamat lengkap Ampera?,ask_location_access
Permisi rekomendasi wisata palembang dong,ask_recommendation
Kak Oke makasih ya kak,goodbye
Eh sing me a song deh,ask_unrelated
Mau nanya dong Nice info dong,provide_feedback
Hari ini Ampera buka gak ya?,ask_operating_hours
Goodbye deh,goodbye
Min Palembang tourism recommendations deh,ask_recommendation
Eh tolong kasih tau alamat SMB II sih,ask_location_access
Mau nanya dong terima kasih infonya sangat berguna sih,provide_feedback
Kak Mantap,provide_feedback
Hidden gems in Palembang ya,ask_hidden_gems
Mau nanya dong Destinasi yang dekat stasiun LRT sih,ask_lrt_destinations
Makasih infonya kak,provide_feedback
Halo bang,greet
Permisi helo dong,greet
Jakabaring buka setiap hari?,ask_operating_hours
Kak Recommend historical sites in Palembang nih,ask_category
Hay mau nanya,greet
Min Wisata yang belum banyak orang tau di Palembang?,ask_hidden_gems
Bang Ada wisata kuliner gak di Palembang nih,ask_category
Jam buka Kawah Tengkurep kapan?,ask_operating_hours
Bang kak mau tanya dong,greet
Min Amanzi Waterpark buka setiap hari?,ask_operating_hours
Mau nanya dong Destinasi favorit di Palembang sih,ask_recommendation
Min Destinasi yang dekat stasiun LRT,ask_lrt_destinations
Halo Siapa presiden Indonesia nih,ask_unrelated
Permisi Saran tempat wisata di Palembang ya,ask_recommendation
Location of Kambang Iwak Park?,ask_location_access
Berapa biaya masuk ke Masjid Cheng Ho?,ask_ticket_price
Ke Pulau Kemaro bayar berapa ya?,ask_ticket_price
Mau nanya dong SMB ramah anak gak dong kak,ask_facilities
Eh What's the weather today deh,ask_unrelated
Maaf mau tanya Siapa penemu lampu,ask_unrelated
Cara main saham?,ask_unrelated
Halo Apakah BKB buka hari Minggu?,ask_operating_hours
Maaf mau tanya Fasilitas umum di Monpera apa aja sih,ask_facilities
Can you tell me When is the World Cup thanks,ask_unrelated
I want to know What should I visit in Palembang,ask_recommendation
Please Where is it located,ask_location_access
Kak Rekomendasikan destinasi wisata Palembang dong kak,ask_recommendation
Anime yang bagus apa?,ask_unrelated
Mau nanya dong Apakah Jakabaring gratis?,ask_ticket_price
Bang Rekomendasikan tempat wisata di Palembang dong kak,ask_recommendation
asal usul Palembang Icon ini gimana ceritanya?,ask_destination_info
Bang Kak berapa harga tiket Pasar 16 Ilir nih,ask_ticket_price
Min Info fasilitas Jembatan Ampera dong?,ask_facilities
Bang asal usul Pulau Kemaro ini gimana ceritanya,ask_destination_info
Assalamualaikum min,greet
alamat lengkap PIM?,ask_location_access
Kak tempat-tempat wisata yang aksesibel lrt?,ask_lrt_destinations
Min lengkap banget infonya,provide_feedback
Kak apakah BKB buka hari minggu?,ask_operating_hours
Kak Kapan Masjid Agung Palembang buka dong,ask_operating_hours
Jam buka Kampung Arab Al-Munawar kapan?,ask_operating_hours
Kak fasilitas Masjid Agung Palembang apa aja ya?,ask_facilities
Dari jam berapa Al Quran Al Akbar buka?,ask_operating_hours
Bisa naik angkot ke Pasar 16 Ilir?,ask_location_access
Min Kak ada wisata kuliner gak di Palembang ya,ask_category
Mau nanya dong kira-kira harga tiket Kawah Tengkurep berapa?,ask_ticket_price
Maaf mau tanya Tips menurunkan berat badan nih,ask_unrelated
Bang Apakah Punti Kayu dekat stasiun LRT?,ask_lrt_destinations
Min Akses ke Masjid Agung Palembang mudah gak,ask_location_access
Eh Wisata alam di Palembang ada apa aja ya kak,ask_category
Kak Hidden gems in Palembang ya kak,ask_hidden_gems
Siap kak dong,provide_feedback
Akses ke sana gimana?,ask_location_access
Kak Apa itu cryptocurrency dong,ask_unrelated
Apakah Jembatan Ampera buka 24 jam?,ask_operating_hours
Mau jalan-jalan pakai LRT bisa kemana dong kak,ask_lrt_destinations
Maaf mau tanya Tips perawatan kulit ya kak,ask_unrelated
Bang aku butuh tempat healing yang tenang dong,ask_recommendation
Jelas banget penjelasannya,provide_feedback
Kak Tourist spots along LRT route dong,ask_lrt_destinations
Eh Hai selamat siang nih,greet
Permisi LRT accessible tourist spots in Palembang dong,ask_lrt_destinations
Maaf mau tanya Alternative tourist spots in Palembang,ask_hidden_gems
Maaf mau tanya Destinasi rahasia Palembang?,ask_hidden_gems
"That's all, thanks",goodbye
Is there an entry fee for Al-Munawar Arab Village?,ask_ticket_price
What's special about Monpera?,ask_destination_info
Mau nanya dong Kak wisata yang bisa naik LRT apa aja nih,ask_lrt_destinations
Oke deh kak sampai jumpa,goodbye
Min Cara menghilangkan jerawat dong,ask_unrelated
Kapan sih OPI Mall buka?,ask_operating_hours
Min Ceritakan tentang Kambang Iwak?,ask_destination_info
Bang Wisata Palembang yang aesthetic tapi sepi dong kak,ask_hidden_gems
Destinasi yang LRT accessible nih,ask_lrt_destinations
"Hi, Unique places to visit in Palembang?",ask_hidden_gems
Bang What's Bitcoin dong,ask_unrelated
Lokasi KI dimana kak?,ask_location_access
Biaya tiket Kampung Kapitan berapa kak?,ask_ticket_price
What facilities are there?,ask_facilities
Kak Berguna banget deh,provide_feedback
what does it cost to visit Monpera bridge?,ask_ticket_price
Eh Tempat paling menarik di Palembang sih,ask_recommendation
Maaf mau tanya Yang termasuk wisata alam apa aja sih,ask_category
Eh Mau tanya jam operasional Al Quran Al Akbar sih,ask_operating_hours
Maaf mau tanya info fasilitas Benteng Kuto Besak dong,ask_facilities
Maaf mau tanya Tempat wisata budaya di Palembang sih,ask_category
Are there toilets at Kemaro Island?,ask_facilities
Kak Tempat wisata alam di Palembang dong kak,ask_category
Maaf mau tanya Ada gak wisata yang masih asri di Palembang ya kak,ask_hidden_gems
Maaf mau tanya Thanks dong kak,goodbye
Mau nanya dong Tips belajar bahasa Inggris?,ask_unrelated
Permisi bye kak dong,goodbye
Bang terima kasih sudah membantu nih,goodbye
Apa keunikan Amanzi?,ask_destination_info
Kambang Iwak ramah anak gak?,ask_facilities
Howdy,greet
Kak Kawah Tengkurep ada area bermain anak?,ask_facilities
apa yang bikin Kambang Iwak ini spesial?,ask_destination_info
Cerita sejarah Kampung Kapitan dong,ask_destination_info
Jawabannya lengkap,provide_feedback
Halo fasilitas pendukung Benteng Kuto Besak?,ask_facilities
Wisata apa yang recommended di Palembang?,ask_recommendation
Min LRT accessible tourist spots in Palembang ya kak,ask_lrt_destinations
Mau nanya dong take care ya kak,goodbye
Mau nanya dong Oke bagus dong,provide_feedback
Halo Wisata yang paling sering dikunjungi deh,ask_recommendation
Eh mau cari masjid di palembang dong,ask_category
Mau tanya harga tiket Monpera,ask_ticket_price
Please List of nature tourism in Palembang thanks,ask_category
Halo Cara daftar kuliah deh,ask_unrelated
Eh Ada hidden gems gak di Palembang,ask_hidden_gems
Min Is there parking nih,ask_facilities
Maaf mau tanya Kampung Arab Al-Munawar hari libur buka gak?,ask_operating_hours
Mau nanya dong Bisa rekomendasikan tempat wisata ya,ask_recommendation
Maaf mau tanya Review tentang Pulau Kemaro?,ask_destination_info
Kasih info Jakabaring ya kak,ask_destination_info
Halo greetings,greet
Can you tell me What parks are in Palembang?,ask_category
Kak mau nanya dong kak ya kak,greet
Halo Halo bot deh,greet
Pagi-pagi Kampung Arab Al-Munawar sudah buka belum?,ask_operating_hours
I want to know How to go to Amanzi?,ask_location_access
Information about Ampera Bridge,ask_destination_info
Eh rute ke BKB gimana?,ask_location_access
Halo Tempat bersejarah apa aja nih,ask_category
I want to know Thanks for the info please,provide_feedback
Min Cuaca hari ini gimana dong,ask_unrelated
Rekomendasi wisata budaya Palembang,ask_category
Is there WiFi at Kampung Kapitan?,ask_facilities
Halo Lokasi Masjid Agung Palembang dimana kak?,ask_location_access
Maaf mau tanya LRT Palembang stop di wisata mana,ask_lrt_destinations
Wisata terbaik di Palembang apa dong kak,ask_recommendation
Min Wisata Palembang yang populer apa,ask_recommendation
Min berapa duit masuk Palembang Square?,ask_ticket_price
I want to know What are the opening hours of KI?,ask_operating_hours
Eh Al-Munawar fasilitasnya apa aja?,ask_facilities
Eh Undiscovered places in Palembang nih,ask_hidden_gems
Eh sore dong kak,greet
Can you tell me what's the entry fee for Masjid Cheng Ho arab village?,ask_ticket_price
Min Kak fasilitas Pasar 16 Ilir apa aja ya?,ask_facilities
Kak Wisata yang belum banyak orang tau di Palembang dong,ask_hidden_gems
Bang Menarik gak PIM dong,ask_destination_info
Mau nanya dong tempat-tempat wisata yang aksesibel lrt?,ask_lrt_destinations
Berapa duit masuk Amanzi?,ask_ticket_price
Hey the answer is very detailed,provide_feedback
Min Apa Kampung Arab Al-Munawar bisa dijangkau LRT ya kak,ask_lrt_destinations
bang dong kak,greet
Mau nanya dong Rute LRT melewati wisata apa?,ask_lrt_destinations
Directions deh,ask_location_access
Rekomendasi wisata untuk liburan singkat,ask_recommendation
Permisi Hey sih,greet
Mau nanya dong Hallloo,greet
Hey What to see in Palembang?,ask_recommendation
"Hi, What to see in Palembang please",ask_recommendation
Ada wifi di Fantasy Island?,ask_facilities
What days is Kemaro Island open?,ask_operating_hours
Bang Terima kasih infonya?,goodbye
Recommend cultural tourism in Palembang,ask_category
Jelaskan tentang Amanzi,ask_destination_info
Permisi Destinasi tersembunyi Palembang ada gak dong,ask_hidden_gems
Permisi Hidden gems di Palembang apa deh,ask_hidden_gems
Permisi kenapa orang-orang suka ke Monpera?,ask_destination_info
Permisi mau tanya harga tiket Monpera nih,ask_ticket_price
Palembang Square mulai buka jam berapa?,ask_operating_hours
"Min Hi, first time in Palembang ya",greet
"Kak Mau naik LRT, wisata apa yang dekat?",ask_lrt_destinations
Palembang punya museum apa?,ask_category
Kak dimana ya Kampung Arab Al-Munawar ya kak,ask_location_access
Mau nanya dong aku lagi ngomong sama komputer ya?,ask_unrelated
Eh Tempat paling menarik di Palembang nih,ask_recommendation
Maaf mau tanya apa itu?,ask_destination_info
Hai saya pertama kali ke Palembang,greet
Bang Quiet but beautiful places in Palembang,ask_hidden_gems
Bang Siapa gubernur Palembang?,ask_unrelated
Bang sup nih,greet
Kak dimana ya Bukit Siguntang?,ask_location_access
Mau nanya dong wah keren infonya sih,provide_feedback
Halo Asalamualaikum?,greet
Eh Kampung Kapitan lokasinya dimana?,ask_location_access
Min keren sih ini botnya nih,provide_feedback
"Excuse me, Thanks for the help??",goodbye
Maaf mau tanya Mau tanya harga tiket Palembang Trade Center ya,ask_ticket_price
Permisi Halo apakah ada yang bisa bantu deh,greet
Eh Ada masjid di Palembang ya,ask_category
Maaf mau tanya Tempat paling menarik di Palembang ya,ask_recommendation
Min kasih tau hidden gems Palembang,ask_hidden_gems
Halo Famous places in Palembang dong kak,ask_recommendation
Lowongan kerja di Palembang?,ask_unrelated
Tiket masuk ke Masjid Cheng Ho sekarang berapa ya?,ask_ticket_price
What amenities does Sultan Mahmud Badaruddin II Museum offer?,ask_facilities
Mau cari masjid di Palembang,ask_category
Kak Ada wisata kuliner gak di Palembang ya kak,ask_category
Jam tutup Museum Balaputra Dewa kapan?,ask_operating_hours
Fantasy Island berbayar atau gratis?,ask_ticket_price
Halo smart bot nih,provide_feedback
Maaf mau tanya is Taman Kebon Rojo arab village child-friendly?,ask_facilities
Bisa naik LRT ke Kambang Iwak?,ask_lrt_destinations
Mau nanya dong apakah Taman Kambang Iwak Besak buka hari minggu?,ask_operating_hours
Harga tiket Monpera berapa ya?,ask_ticket_price
Permisi maaf mau tanya dong kak,greet
Please Where can I find cultural tourism in Palembang,ask_category
Halo Info wisata sejarah Palembang dong,ask_category
Suka sama aplikasinya,provide_feedback
Kak oke kak noted sih,provide_feedback
Salam kenal,greet
How much for Benteng Kuto Besak tickets?,ask_ticket_price
"Eh Thank you, goodbye deh",goodbye
Maaf mau tanya oke sip nih,provide_feedback
"Hi, can i take lrt to visit tourist places?",ask_lrt_destinations
"Hello, can i take public transport to Pasar 16 Ilir park?",ask_location_access
Mau ke SMB bayar berapa?,ask_ticket_price
Deskripsi Pasar 16 Ilir,ask_destination_info
Permisi Wisata yang aksesnya lewat LRT apa aja dong,ask_lrt_destinations
Halo Hari ini Monpera buka gak ya,ask_operating_hours
Min alamat Masjid Cheng Ho apa ya?,ask_location_access
Mau nanya dong cuaca hari ini gimana?,ask_unrelated
Halo Wisata yang belum banyak orang tau di Palembang?,ask_hidden_gems
Mau nanya dong saranin wisata di palembang dong,ask_recommendation
Bang halo sih,greet
Bang Non-touristy places in Palembang dong kak,ask_hidden_gems
How to reach Jakabaring Sport City?,ask_location_access
Halo Does SMB Bridge have parking?,ask_facilities
Permisi Min rekomendasi wisata Palembang apa ya kak,ask_recommendation
Min haloo nih,greet
Maaf mau tanya Info wisata yang terjangkau LRT deh,ask_lrt_destinations
Oke makasih kak sangat membantu ya kak,goodbye
Maaf mau tanya halo saya dari jakarta mau tanya ya,greet
Halo oke paham deh,provide_feedback
Min Yang termasuk wisata sejarah apa aja ya,ask_category
Info jam buka Ampera dong,ask_operating_hours
"Bang That's all, thanks nih",goodbye
Kak Amazing response dong,provide_feedback
Dari jam berapa PTC buka?,ask_operating_hours
Halo wassalamualaikum,goodbye
Kak PTC lokasinya dimana?,ask_location_access
Bang Wisata sepi tapi bagus di Palembang nih,ask_hidden_gems
Halo Kalo hari Sabtu SMB buka?,ask_operating_hours
Mau nanya dong Min info wisata dekat LRT dong,ask_lrt_destinations
Mantap?,provide_feedback
Permisi ceritakan joke dong,ask_unrelated
Maaf mau tanya Saran tempat wisata di Palembang,ask_recommendation
culinary tourism places in Palembang?,ask_category
Kak Quiet but beautiful places in Palembang nih,ask_hidden_gems
Maaf mau tanya Sip makasih ya kak,goodbye
Min 1 2 3 test sih,greet
Dari pusat kota ke Palembang Trade Center berapa lama?,ask_location_access
"Permisi hi, first time in palembang nih",greet
Mau nanya dong Is Kampung Arab Al-Munawar Island worth visiting dong,ask_destination_info
Weekend Fantasy Island buka?,ask_operating_hours
Bang Ada tempat wisata baru di Palembang?,ask_hidden_gems
Bye kak makasih ya,goodbye
Maaf mau tanya Tell me about dinosaurs sih,ask_unrelated
Permisi kak,greet
Facilities at Kambang Iwak Park?,ask_facilities
Bang What's 2+2 ya kak,ask_unrelated
Maaf mau tanya dari jam berapa Kambang Iwak buka?,ask_operating_hours
Min Destinasi yang LRT accessible ya,ask_lrt_destinations
Eh tolong kasih tau alamat BKB dong kak,ask_location_access
"Excuse me, thank you for the information?",goodbye
Min Best movies of 2024 nih,ask_unrelated
"Hi, What destinations are accessible by LRT thanks",ask_lrt_destinations
How much for Kampung Kapitan tickets?,ask_ticket_price
Where can I find museums in Palembang?,ask_category
Where can I find cultural tourism in Palembang?,ask_category
chatbot nya bagus sih,provide_feedback
"Hi, hello, i want to explore palembang?",greet
Permisi infonya akurat ya,provide_feedback
Membantu banget kak,provide_feedback
Permisi Fantasy Island deket stasiun LRT mana sih,ask_location_access
Is Benteng Kuto Besak open on Sunday?,ask_operating_hours
Ada mushola?,ask_facilities
Mau nanya dong Jadwal buka Jakabaring Sport City kapan ya,ask_operating_hours
Great info dong kak,provide_feedback
Eh mau tanya fasilitas di SMB II dong kak,ask_facilities
Bang Cara menuju Taman Kebon Rojo gimana?,ask_location_access
Weekday Masjid Agung Palembang buka jam berapa?,ask_operating_hours
Permisi very helpful ya kak,provide_feedback
Bang rekomendasi wisata yang dekat stasiun lrt,ask_lrt_destinations
Oke makasih,goodbye
"hey, can i ask a question?",greet
Maaf mau tanya Halo bisa tanya sesuatu dong,greet
Kak translate bahasa inggris dong kak,ask_unrelated
Bang Underrated tourist spots in Palembang?,ask_hidden_gems
Mau nanya dong Tempat wisata religi di Palembang nih,ask_category
Jakabaring di mana ya?,ask_location_access
Eh Benteng Kuto Besak gratis gak sih?,ask_ticket_price
Bang Halo ada admin ya kak,greet
Kak Kenapa langit biru?,ask_unrelated
Eh Jakabaring buka setiap hari deh,ask_operating_hours
Permisi Min rekomendasi wisata Palembang apa sih,ask_recommendation
Eh Dari stasiun LRT bisa ke wisata apa,ask_lrt_destinations
Halo Wisata untuk anak-anak di Palembang dong,ask_recommendation
Bang oke kak sampai jumpa ya,goodbye
Is Kampung Kapitan worth visiting?,ask_destination_info
Kasih info Palembang Trade Center ya kak,ask_destination_info
Can you tell me Is Jembatan Ampera open in the morning please,ask_operating_hours
Hidden spots in Palembang dong kak,ask_hidden_gems
Weekend Kemaro buka?,ask_operating_hours
Kak wisata yang belum banyak orang tau di palembang?,ask_hidden_gems
Apakah kamu AI nih,ask_unrelated
Kenapa KI terkenal?,ask_destination_info
Permisi Info tentang Monpera dong,ask_destination_info
Mau nanya dong ada mushola di Palembang Icon?,ask_facilities
I want to know What are the iconic places in Palembang thanks,ask_recommendation
Eh Thanks for your help?,goodbye
Gimana Palembang Trade Center?,ask_destination_info
Eh HTM Palembang Square berapa?,ask_ticket_price
Hutan Wisata Punti Kayu bisa ditempuh pakai apa?,ask_location_access
Please what facilities are there?,ask_facilities
Can you tell me where can i find cultural tourism in palembang??,ask_category
Min Bang,greet
Eh Rumus pythagoras ya kak,ask_unrelated
Halo Tempat wisata unik di Palembang ya,ask_hidden_gems
Bang Lengkap gak fasilitasnya sih,ask_facilities
Permisi very helpful deh,provide_feedback
Mau nanya dong Penjelasannya bagus kak deh,provide_feedback
Permisi Jelaskan tentang Jembatan Ampera sih,ask_destination_info
Eh Wisata murah yang bisa naik LRT ya,ask_lrt_destinations
What amenities does Monpera offer?,ask_facilities
I want to know is Kambang Iwak far from the city center?,ask_location_access
Permisi Hidden spots in Palembang nih,ask_hidden_gems
Maaf mau tanya Popular tourist spots in Palembang sih,ask_recommendation
Min Halo ada admin deh,greet
Palembang Icon ada toilet gak?,ask_facilities
Mau nanya dong Siguntang ada kantin gak?,ask_facilities
"Hi, how much for KI arab village tickets?",ask_ticket_price
What's the price of iPhone?,ask_unrelated
P,greet
Bang Is SMB II open on weekends?,ask_operating_hours
What's special about Kemaro Island?,ask_destination_info
Maaf mau tanya Famous places in Palembang dong,ask_recommendation
"Hi, where is it?",ask_location_access
Wisata Arab di Palembang?,ask_category
Min wah makasih infonya lengkap ya kak,provide_feedback
Mau tau sejarah Al-Munawar,ask_destination_info
Halo tempat yang bagus buat foto-foto keluarga di mana ya kak,ask_recommendation
Siapa pemenang Liga Champions,ask_unrelated
Permisi Rumus pythagoras ya,ask_unrelated
Kak gimana Museum Sultan Mahmud Badaruddin II?,ask_destination_info
Bang Ada gak wisata yang bisa ditempuh LRT?,ask_lrt_destinations
Bot,greet
Permisi Wisata apa yang cocok untuk foto-foto?,ask_recommendation
Maaf mau tanya Cukup dulu ya,goodbye
What are the opening hours of Punti Kayu Forest?,ask_operating_hours
Eh udah cukup sih,goodbye
Maaf mau tanya Wisata taman di Palembang apa aja ya kak,ask_category
Alamat Fantasy Island dimana?,ask_location_access
How to go to Al-Munawar Arab Village?,ask_location_access
Mau nanya dong Jakabaring buka sampai malam gak?,ask_operating_hours
"Hello, What's the location of Sultan Mahmud Badaruddin II Museum",ask_location_access
Halo canggih botnya ya,provide_feedback
Wisata wisata kuliner di Palembang apa aja ya kak,ask_category
How to get a visa?,ask_unrelated
Min Food tourism in Palembang ya,ask_category
Permisi Oke noted terima kasih banyak kak dong,goodbye
Permisi Ada orang ya kak,greet
Selamat malam,greet
Ada museum di Palembang?,ask_category
Kak jelas banget penjelasannya deh,provide_feedback
Eh Makasih udah bantu dong,goodbye
Tempat bersejarah apa aja?,ask_category
Bang good day ya kak,greet
Min Yang termasuk museum apa aja dong kak,ask_category
Eh hello tanyakito deh,greet
Kamu punya perasaan?,ask_unrelated
Bang Bagaimana cara memasak telur sih,ask_unrelated
Permisi Siapa BTS dong kak,ask_unrelated
Assalamualaikum kak,greet
Bang Enaknya kemana ya di Palembang?,ask_recommendation
Apakah Museum Balaputra Dewa gratis?,ask_ticket_price
Maaf mau tanya Naik apa ke Al Quran Al Akbar deh,ask_location_access
Permisi Kasih pantun dong,ask_unrelated
Kak Mau ke Taman Kambang Iwak Besak lewat mana dong kak,ask_location_access
Makasih banyak,goodbye
Permisi Kapan kiamat?,ask_unrelated
Please what destinations are accessible by lrt??,ask_lrt_destinations
Permisi keren banget infonya,provide_feedback
"Mau nanya dong Great, thanks?",goodbye
Eh museums places in Palembang dong kak,ask_category
Wisata yang belum mainstream?,ask_hidden_gems
Appreciate it sih,goodbye
Halo mau cari wisata budaya di palembang,ask_category
Permisi Fasilitas pendukung Palembang Square ya,ask_facilities
Kak location of BKB?,ask_location_access
Bang Apakah Jakabaring Sport City gratis?,ask_ticket_price
Kak Hai mau konsultasi dong,greet
Arah ke Amanzi Waterpark gimana?,ask_location_access
Dari pusat kota ke Amanzi berapa lama?,ask_location_access
Maaf mau tanya what's the weather today?,ask_unrelated
Can you tell me How much does it cost please,ask_ticket_price
Maaf mau tanya Parkiran Jembatan Ampera luas gak dong,ask_facilities
Halo clear explanation,provide_feedback
"Excuse me, What should I visit in Palembang please",ask_recommendation
Kak berapa harga tiket Amanzi?,ask_ticket_price
Permisi Wisata apa yang bisa dijangkau LRT nih,ask_lrt_destinations
Eh resep pempek palembang deh,ask_unrelated
Jam operasional Kemaro?,ask_operating_hours
Bang min tolong saran wisata dong,ask_recommendation
Wisata wisata religi di Palembang apa aja?,ask_category
Ada mushola di Amanzi Waterpark?,ask_facilities
Bang Biaya tiket Masjid Agung Palembang berapa kak?,ask_ticket_price
Halo Wisata yang paling sering dikunjungi,ask_recommendation
Top wisata Palembang?,ask_recommendation
Monpera di mana ya?,ask_location_access
Rekomendasi wisata religi Palembang,ask_category
Halo Bisa naik LRT ke Palembang Icon dong kak,ask_lrt_destinations
Maaf mau tanya infonya detail banget,provide_feedback
Kak Deskripsi Monpera?,ask_destination_info
Permisi Berapa biaya masuk ke Palembang Icon nih,ask_ticket_price
Mau nanya dong kasih pantun dong,ask_unrelated
Halo Tell me about Kawah Tengkurep Island?,ask_destination_info
Maaf mau tanya Kak ada hidden gems gak ya,ask_hidden_gems
Permisi wisata palembang yang belum banyak orang kunjungi?,ask_hidden_gems
Permisi Siang kak dong,greet
Permisi Tempat wisata murah di Palembang deh,ask_recommendation
Recommend places to see in Palembang,ask_recommendation
Permisi Any culinary tourism in Palembang ya,ask_category
Permisi Ada orang?,greet
Hey How to make money online??,ask_unrelated
Mau nanya dong selaamt pagi ya,greet
What facilities are available at Sultan Mahmud Badaruddin II Museum??,ask_facilities
More information please,ask_destination_info
What is AI?,ask_unrelated
Kak Wisata terbaik di Palembang apa dong kak,ask_recommendation
Min Buka sampai malam sih,ask_operating_hours
Mau nanya dong Sampai ketemu lagi ya kak,goodbye
Bang jos ya,provide_feedback
Hey Can I take LRT to visit tourist places please,ask_lrt_destinations
Kak fasilitas Al-Munawar apa aja ya?,ask_facilities
Info jam buka Fantasy Island dong,ask_operating_hours
Jelaskan tentang Museum Sultan Mahmud Badaruddin II,ask_destination_info
Kak Stasiun LRT dekat tempat wisata?,ask_lrt_destinations
Maaf mau tanya SMB ada di daerah mana?,ask_location_access
Maaf mau tanya Wisata baru yang belum terkenal,ask_hidden_gems
Bang berapa biaya masuk ke Jakabaring Sport City?,ask_ticket_price
Bang Kak ada wisata alam gak di Palembang nih,ask_category
Mau nanya dong Palembang punya wisata sejarah apa?,ask_category
Bang Sampai jumpa lagi ya kak,goodbye
Permisi Ada wisata yang jarang orang tau?,ask_hidden_gems
Tiket masuk Kemaro berapa?,ask_ticket_price
apa yang bikin Fantasy Island ini spesial?,ask_destination_info
Mau nanya dong Fasilitas apa saja di Amanzi ya kak,ask_facilities
Deskripsi SMB II,ask_destination_info
Can you tell me Does Monpera have a mosque??,ask_facilities
Halo kak dimana ya Palembang Square?,ask_location_access
Ping sih,greet
Bang apa yang bikin Al Quran Al Akbar ini spesial deh,ask_destination_info
Halo Are there tourist attractions near LRT stations?,ask_lrt_destinations
Kak Lowongan kerja di Palembang,ask_unrelated
Kak dari pusat kota ke Al-Munawar berapa lama?,ask_location_access
What's the time?,ask_unrelated
Bang Apa itu AI,ask_unrelated
Cultural attractions in Palembang nih,ask_category
Bang Ada museum di Palembang ya kak,ask_category
Tolong kasih tau alamat KI,ask_location_access
Min Understood dong kak,provide_feedback
Kak oke deh makasih dong kak,goodbye
Kak dimana ya Kampung Arab Al-Munawar?,ask_location_access
Monpera bayar berapa?,ask_ticket_price
Min apakah Jembatan Ampera gratis?,ask_ticket_price
Eh What amenities does Masjid Agung Palembang offer deh,ask_facilities
Kak Amazing response ya,provide_feedback
What's the entrance fee at Kampung Kapitan?,ask_ticket_price
Mau nanya dong Mau tanya harga tiket Pasar 16 Ilir?,ask_ticket_price
Kak Kalo hari Sabtu Kampung Kapitan buka dong kak,ask_operating_hours
Maaf mau tanya Oke noted makasih dong,goodbye
Kak Wisata Bali yang bagus dong,ask_unrelated
Ada taman kota di Palembang?,ask_category
I want to know What's the entrance fee at Grand Mosque of Palembang?,ask_ticket_price
Berapa biaya masuk ke Benteng Kuto Besak?,ask_ticket_price
Kak halo min,greet
Permisi Bukit Siguntang mulai buka jam berapa dong kak,ask_operating_hours
Kak Tempat wisata ikonik Palembang dong kak,ask_recommendation
Bang tiket Monpera berapa?,ask_ticket_price
Halo Suka sama aplikasinya dong kak,provide_feedback
Mau nanya dong Kampung Arab Al-Munawar jauh gak dari pusat kota?,ask_location_access
Maaf mau tanya Al-Munawar fasilitasnya apa aja dong,ask_facilities
Can you tell me Can I reach tourist places by LRT??,ask_lrt_destinations
Please How do I get to Masjid Cheng Ho?,ask_location_access
Berapa harga tiket masuk BKB?,ask_ticket_price
Halo kamu bisa jawab apa aja sih kak,ask_unrelated
Halo Rekomendasi taman Palembang dong,ask_category
Mau nanya dong Posisi KI dimana ya?,ask_location_access
Permisi Wisata yang paling sering dikunjungi sih,ask_recommendation
Bang Waalaikumsalam dong kak,goodbye
Mau nanya dong infonya akurat sih,provide_feedback
Permisi See you nih,goodbye
Thanks infonya sih,goodbye
"Hello, can i take public transport to Palembang Square forest?",ask_location_access
"Hi, Where can I go by LRT for sightseeing please",ask_lrt_destinations
Mau nanya dong Are there tourist attractions near LRT stations ya kak,ask_lrt_destinations
Eh Wisata untuk anak-anak di Palembang ya kak,ask_recommendation
Permisi rekomendasi wisata kuliner palembang dong,ask_category
Mau nanya dong Wisata yang cocok untuk keluarga ya kak,ask_recommendation
Min bingung mau bawa keluarga jalan-jalan kemana deh,ask_recommendation
Kak Ada mushola ya,ask_facilities
Details about Sultan Mahmud Badaruddin II Museum?,ask_destination_info
Permisi Bisa rekomendasikan tempat wisata nih,ask_recommendation
"Bang anakku suka main air, enaknya bawa kemana ya kak",ask_recommendation
Tempat makan di sekitar Museum Sultan Mahmud Badaruddin II ada?,ask_facilities
Wisata yang bisa dikunjungi sehari,ask_recommendation
Hari ini Masjid Agung Palembang buka gak ya?,ask_operating_hours
Permisi Masjid Cheng Ho mulai buka jam berapa?,ask_operating_hours
Mau nanya dong Bukit Siguntang mulai buka jam berapa deh,ask_operating_hours
Halo Sudah cukup terima kasih,goodbye
How much is it?,ask_ticket_price
Bang Mau tanya fasilitas di Kampung Arab Al-Munawar?,ask_facilities
Maaf mau tanya Kayak apa sih Al-Munawar dong,ask_destination_info
Kak jam tutup Taman Kambang Iwak Besak kapan?,ask_operating_hours
Halo kak fasilitas Taman Kambang Iwak Besak apa aja ya?,ask_facilities
Kayak apa sih Taman Kambang Iwak Besak?,ask_destination_info
Mau nanya dong Destinasi tersembunyi Palembang ada gak dong kak,ask_hidden_gems
Mau nanya dong Unexplored attractions in Palembang ya,ask_hidden_gems
Eh Berapa biaya masuk ke Kambang Iwak?,ask_ticket_price
Info fasilitas Taman Kebon Rojo dong,ask_facilities
Oke makasih kak sangat membantu,goodbye
Kak Jakabaring Sport City ada di daerah mana sih,ask_location_access
What are the best places to visit in Palembang?,ask_recommendation
Min ada apa aja sih di SMB?,ask_destination_info
Palembang punya taman apa?,ask_category
What's cryptocurrency?,ask_unrelated
"Excuse me, what can i see at grand mosque of palembang?",ask_destination_info
Min Wisata terbaik di Palembang apa dong,ask_recommendation
Permisi Rekomendasi wisata alam Palembang dong,ask_category
Deskripsi SMB sih,ask_destination_info
Kak Rute ke Siguntang gimana,ask_location_access
kamu manusia apa robot ya,ask_unrelated
I want to know Is admission to OPI Mall Island free please,ask_ticket_price
Dari mana ke Fantasy Island?,ask_location_access
Bang Naik LRT bisa ke wisata mana aja ya,ask_lrt_destinations
Permisi Alright thanks nih,goodbye
destinasi wisata kuliner palembang?,ask_category
Halo kira-kira harga tiket PIM berapa?,ask_ticket_price
I want to know what destinations are accessible by lrt??,ask_lrt_destinations
What's the entry fee?,ask_ticket_price
Mau nanya dong Akses ke sana gimana sih,ask_location_access
Mau nanya dong Howdy dong kak,greet
LRT berhenti dekat wisata mana nih,ask_lrt_destinations
Mau nanya dong Punti Kayu gratis gak sih?,ask_ticket_price
Bang Apa yang menarik dari Amanzi dong kak,ask_destination_info
Mau nanya dong Mau cari wisata kuliner di Palembang?,ask_category
Halo Smart bot dong,provide_feedback
Please Are you a robot??,ask_unrelated
Bang apakah Taman Kambang Iwak Besak dekat lrt?,ask_lrt_destinations
Siguntang ada spot foto gak?,ask_facilities
Permisi mau minta saran wisata palembang,ask_recommendation
Halo tiket pesawat ke bali berapa?,ask_unrelated
Maaf mau tanya Hutan Wisata Punti Kayu mulai buka jam berapa dong,ask_operating_hours
Al Quran Al Akbar ada di daerah mana?,ask_location_access
Halo Apa bahasa Inggrisnya kucing nih,ask_unrelated
Bang Apakah kamu AI,ask_unrelated
Kak Mau cari wisata sejarah di Palembang nih,ask_category
Bang Palembang Trade Center deket stasiun LRT mana ya,ask_location_access
Dari mana ke Monpera?,ask_location_access
Mau nanya dong Min alamat Siguntang apa ya?,ask_location_access
Amanzi Waterpark buka setiap hari?,ask_operating_hours
Mau nanya dong Pagi min ya,greet
Masjid Agung Palembang ada di daerah mana ya,ask_location_access
Kapan Pulau Kemaro buka?,ask_operating_hours
Bang Apakah ada wisata yang bisa dijangkau LRT ya kak,ask_lrt_destinations
Can you tell me Things to do in Palembang?,ask_recommendation
kamu bisa jawab apa aja sih kak,ask_unrelated
Apa itu Kemaro?,ask_destination_info
Halo Python atau Java lebih bagus deh,ask_unrelated
Min keren ya,provide_feedback
Mau tau tentang Masjid Cheng Ho,ask_destination_info
Maaf mau tanya kapan Jembatan Ampera buka?,ask_operating_hours
Min Bagaimana cara belajar coding dong kak,ask_unrelated
Kak oke paham dong kak,provide_feedback
Wisata anti mainstream Palembang?,ask_hidden_gems
Please What's the ticket price for PIM Arab Village thanks,ask_ticket_price
Permisi Local favorites in Palembang,ask_hidden_gems
Permisi mau jalan-jalan pakai lrt bisa kemana?,ask_lrt_destinations
Things to do in Palembang??,ask_recommendation
Eh Kampung Kapitan itu tempat apa sih,ask_destination_info
Kak Berapa duit masuk Pasar 16 Ilir sih,ask_ticket_price
Hutan Wisata Punti Kayu buka setiap hari?,ask_operating_hours
Mau nanya dong Fasilitas Jembatan Ampera lengkap gak?,ask_facilities
Min Non-touristy places in Palembang deh,ask_hidden_gems
Jam buka Jembatan Ampera kapan?,ask_operating_hours
Min alamat Pasar 16 Ilir apa ya?,ask_location_access
Mau nanya dong akses ke PIM mudah gak?,ask_location_access
Maaf mau tanya Thanks infonya dong kak,goodbye
Halo Wisata yang bisa pake LRT,ask_lrt_destinations
Opening hours for Kemaro Island?,ask_operating_hours
Kak Halo TanyaKito dong,greet
"Hi, where can i go by lrt for sightseeing??",ask_lrt_destinations
Min tolong saran wisata dong,ask_recommendation
HTM Kampung Arab Al-Munawar berapa?,ask_ticket_price
Permisi Secret places in Palembang sih,ask_hidden_gems
Halo lokasi Benteng Kuto Besak dimana kak?,ask_location_access
Kak Thanks udah bantu ya,goodbye
Mau nanya dong Pagi-pagi Palembang Trade Center sudah buka belum ya,ask_operating_hours
Is Al-Munawar Arab Village open today?,ask_operating_hours
Min Stasiun LRT dekat tempat wisata dong,ask_lrt_destinations
Min masjid bersejarah di palembang?,ask_category
Makasih ya kak sangat berguna infonya dong,goodbye
Mau nanya dong Hari ini buka deh,ask_operating_hours
Maaf mau tanya Dari pusat kota ke Masjid Cheng Ho berapa lama?,ask_location_access
HTM Monpera berapa?,ask_ticket_price
Tempat taman di Palembang?,ask_category
Permisi does Kemaro arab village have parking?,ask_facilities
Eh Mau ke Palembang Square lewat mana nih,ask_location_access
Halo Price?,ask_ticket_price
Halo Arah ke PTC gimana?,ask_location_access
Mau nanya dong Min harga masuk Kampung Kapitan berapa,ask_ticket_price
Halo BKB buka dari jam berapa sampai jam berapa dong kak,ask_operating_hours
Destinasi wisata sejarah Palembang?,ask_category
Taman Kebon Rojo hari libur buka gak?,ask_operating_hours
I want to know Where to go in Palembang?,ask_recommendation
Mau nanya dong Universitas terbaik Indonesia nih,ask_unrelated
LRT Palembang lewat wisata mana?,ask_lrt_destinations
Tiket Benteng Kuto Besak berapa sih?,ask_ticket_price
Min Kak fasilitas Palembang Square apa aja ya,ask_facilities
Permisi apa yang bikin Pasar 16 Ilir ini spesial,ask_destination_info
Permisi sejarahnya gimana?,ask_destination_info
Halo aku butuh tempat healing yang tenang dong,ask_recommendation
Eh apakah ada wisata yang bisa dijangkau lrt?,ask_lrt_destinations
Please what's the address of OPI Mall?,ask_location_access
Min Mau tau tentang Palembang Square sih,ask_destination_info
Bang does Kawah Tengkurep arab village open every day?,ask_operating_hours
Kak Very detailed nih,provide_feedback
Please Do I need to pay to enter Kampung Arab Al-Munawar?,ask_ticket_price
Facilities at Jakabaring Sport City?,ask_facilities
Kak Siapa pemenang Liga Champions ya,ask_unrelated
Min Places that tourists don't usually go ya kak,ask_hidden_gems
Please Unique places to visit in Palembang please,ask_hidden_gems
Bang Recommend religious tourism in Palembang ya kak,ask_category
SMB di mana ya?,ask_location_access
Bang Alternative tourist spots in Palembang ya,ask_hidden_gems
Bang Oke mantul nih,provide_feedback
Permisi Bisa naik LRT ke Kambang Iwak sih,ask_lrt_destinations
Mau nanya dong Apakah Benteng Kuto Besak dekat LRT deh,ask_lrt_destinations
Fasilitas umum di Masjid Agung Palembang apa aja?,ask_facilities
Halo Mau tanya fasilitas di OPI Mall deh,ask_facilities
Berapa duit masuk Taman Kambang Iwak Besak?,ask_ticket_price
Mau nanya dong got it ya kak,provide_feedback
Eh Thanks udah bantu ya,goodbye
Kapan sih Benteng Kuto Besak buka?,ask_operating_hours
Mau nanya dong Info lokasi Kampung Arab Al-Munawar dong,ask_location_access
Where can I find cultural tourism in Palembang,ask_category
underrated tourist spots in palembang?,ask_hidden_gems
Halo Pulau Kemaro aksesnya lewat LRT bisa?,ask_lrt_destinations
Bang Museum Sultan Mahmud Badaruddin II ada toilet gak?,ask_facilities
"Min anakku suka main air, enaknya bawa kemana ya",ask_recommendation
Infonya akurat,provide_feedback
What time does Kemaro Island open?,ask_operating_hours
Sejarah OPI Mall apa ya?,ask_destination_info
Mau nanya dong Tempat wisata yang wajib dikunjungi di Palembang dong,ask_recommendation
Eh ada wisata yang jarang orang tau?,ask_hidden_gems
Eh Mantul kak ya kak,provide_feedback
Mau nanya dong Ada wisata kuliner di Palembang sih,ask_category
Halo Smart bot sih,provide_feedback
Bang jawabannya cepat sih,provide_feedback
Halo Thank you nih,goodbye
Maaf mau tanya Bisa naik angkot ke Masjid Agung Palembang ya,ask_location_access
Mau nanya dong Oke sip mantap ya kak,provide_feedback
Halo mau tanya dong kak harga tiket Kambang Iwak dong kak,ask_ticket_price
"Hi, List of culinary tourism in Palembang thanks",ask_category
Mau tanya fasilitas di Kambang Iwak,ask_facilities
"Excuse me, What are the best places to visit in Palembang",ask_recommendation
Bang Bayar berapa kalo masuk Monpera sih,ask_ticket_price
Off the beaten path places in Palembang?,ask_hidden_gems
Fasilitas apa saja di Kambang Iwak?,ask_facilities
Tips menurunkan berat badan ya,ask_unrelated
Info tentang KI,ask_destination_info
Halo oke deh kak sampai jumpa ya kak,goodbye
Kak Halo bisa tanya sesuatu dong kak,greet
Eh is Masjid Agung Palembang arab village worth visiting?,ask_destination_info
Maaf mau tanya berapa duit masuk Amanzi?,ask_ticket_price
Min aku lagi pengen makan enak sambil liat sungai,ask_recommendation
Can you tell me Is Siguntang open in the morning?,ask_operating_hours
Any hidden gems to visit dong,ask_hidden_gems
Halo Ada wisata apa aja di Palembang,ask_recommendation
Eh Wisata yang belum mainstream,ask_hidden_gems
Masjid bersejarah di Palembang?,ask_category
Maaf mau tanya ceritakan tentang dinosaurus nih,ask_unrelated
Maaf mau tanya Palembang punya masjid apa dong,ask_category
Maaf mau tanya Must-visit places in Palembang dong kak,ask_recommendation
Permisi fasilitas pendukung KI?,ask_facilities
Permisi bot nya pintar ya kak,provide_feedback
Eh selaamt pagi,greet
Maaf mau tanya LRT Palembang lewat wisata mana?,ask_lrt_destinations
LRT friendly tourist destinations?,ask_lrt_destinations
Permisi Fasilitas Museum Balaputra Dewa lengkap gak dong,ask_facilities
List of museums in Palembang?,ask_category
Mau nanya dong Info harga tiket Jembatan Ampera dong kak dong,ask_ticket_price
Review tentang Kampung Kapitan,ask_destination_info
OPI Mall ada tempat parkir?,ask_facilities
Halo Wisata Palembang yang belum banyak orang kunjungi dong,ask_hidden_gems
Kak Benteng Kuto Besak ada toilet gak?,ask_facilities
Terima kasih sangat membantu deh,goodbye
Maaf mau tanya Ada wisata religi di Palembang dong kak,ask_category
Bang infonya oke banget nih,provide_feedback
Min Jelaskan tentang Bukit Siguntang?,ask_destination_info
Eh Ada tempat wisata baru di Palembang sih,ask_hidden_gems
Permisi Nanti tanya lagi ya kak deh,goodbye
What cultural tourism are in Palembang?,ask_category
Does Jakabaring Sport City have parking?,ask_facilities
"Hello, List of religious tourism in Palembang",ask_category
How to move on?,ask_unrelated
Halo Tempat wisata ikonik Palembang dong,ask_recommendation
Min Top wisata Palembang ya,ask_recommendation
Permisi mau tanya harga tiket Siguntang,ask_ticket_price
Min permisi saya mau jalan-jalan di palembang ya,greet
Kak mau minta saran wisata palembang sih,ask_recommendation
"Permisi Hello, I'm a tourist",greet
Fasilitas pendukung Palembang Icon?,ask_facilities
Halo Cerita sejarah Jakabaring Sport City dong,ask_destination_info
Hey what tourism spots are on the lrt line??,ask_lrt_destinations
Maaf mau tanya Amanzi Waterpark tutup jam berapa ya,ask_operating_hours
Wisata accessible by LRT?,ask_lrt_destinations
Informasinya membantu,provide_feedback
Does Ampera Bridge open every day?,ask_operating_hours
Mau nanya dong Hai boleh tanya sih,greet
Maaf mau tanya jawabannya cepat dong,provide_feedback
Opening hours for Kampung Kapitan?,ask_operating_hours
Lokasi Punti Kayu dimana kak?,ask_location_access
Halo makasih atas bantuannya ya kak,goodbye
Min Sudah cukup terima kasih dong,goodbye
Bang Any culinary tourism in Palembang dong,ask_category
Bang Hidden spots in Palembang,ask_hidden_gems
Kak Thanks udah bantu ya kak,goodbye
Operating hours?,ask_operating_hours
Min Ada hidden gems gak di Palembang deh,ask_hidden_gems
Min What's Bitcoin deh,ask_unrelated
Halo Places that tourists don't usually go deh,ask_hidden_gems
What are the operating hours of Jakabaring Sport City?,ask_operating_hours
Kak Tiket masuk ke Hutan Wisata Punti Kayu sekarang berapa ya kak,ask_ticket_price
"Permisi Bye, thanks for everything dong",goodbye
Mau tau tentang Jembatan Ampera,ask_destination_info
Maaf mau tanya Wisata yang gak pasaran di Palembang,ask_hidden_gems
"Eh Mau explore Palembang pakai LRT, kemana aja bisa ya kak",ask_lrt_destinations
Halo min mau tanya,greet
"Excuse me, How to cook an egg??",ask_unrelated
Kak Mau jalan-jalan di Palembang kemana ya kak,ask_recommendation
SMB II bisa ditempuh pakai apa?,ask_location_access
Eh Kak fasilitas Monpera apa aja ya,ask_facilities
Review tentang Benteng Kuto Besak,ask_destination_info
Mau nanya dong Palembang punya wisata budaya apa dong,ask_category
Eh Pasar 16 Ilir buka jam berapa?,ask_operating_hours
Mau nanya dong fasilitas Pasar 16 Ilir lengkap gak?,ask_facilities
Pagi-pagi Pasar 16 Ilir sudah buka belum?,ask_operating_hours
Permisi Hotel murah di Jakarta dong kak,ask_unrelated
Ceritakan tentang dinosaurus dong,ask_unrelated
Permisi take care ya,goodbye
Min Top tourist attractions in Palembang deh,ask_recommendation
Yang termasuk wisata kuliner apa aja ya,ask_category
Maaf mau tanya Dadah ya,goodbye
Halo bisa naik lrt ke Monpera?,ask_lrt_destinations
Oke mantul,provide_feedback
How much is the ticket to Kampung Kapitan?,ask_ticket_price
Can you tell me Where can I find nature tourism in Palembang,ask_category
Woi,greet
Maaf mau tanya hi chatbot deh,greet
Halo Kak ada hidden gems gak ya kak,ask_hidden_gems
Permisi describe grand mosque of palembang nih,ask_destination_info
Maaf mau tanya Destinasi wisata LRT Palembang dong,ask_lrt_destinations
Permisi Kapan piala dunia ya kak,ask_unrelated
Maaf mau tanya Mau tanya dong kak harga tiket SMB II deh,ask_ticket_price
info museum palembang dong,ask_category
Mau nanya dong kenapa Siguntang terkenal?,ask_destination_info
Bang Wonderful nih,provide_feedback
Min is Amanzi Waterpark open on sunday?,ask_operating_hours
Kak Ada rekomendasi wisata gak dong,ask_recommendation
Maaf mau tanya Destinasi tersembunyi Palembang ada gak,ask_hidden_gems
Kak Tempat-tempat wisata yang aksesibel LRT nih,ask_lrt_destinations
Best universities in Indonesia sih,ask_unrelated
OK bye,goodbye
What time does Punti Kayu Forest close?,ask_operating_hours
Mantul kak,provide_feedback
Eh Wisata sore hari di Palembang nih,ask_recommendation
Kambang Iwak bisa ditempuh pakai apa?,ask_location_access
Min Anime yang bagus apa sih,ask_unrelated
Maaf mau tanya Very helpful?,provide_feedback
Min nature tourism places in Palembang dong kak,ask_category
Eh Ada taman di Palembang nih,ask_category
Kak Mau tau tentang SMB?,ask_destination_info
Ada mushola di Museum Balaputra Dewa?,ask_facilities
Are there toilets at Grand Mosque of Palembang?,ask_facilities
Taman Kebon Rojo itu tempat apa sih?,ask_destination_info
Min baiklah terima kasih banyak dong kak,goodbye
Rekomendasikan destinasi wisata Palembang,ask_recommendation
Halo Tempat keren tapi belum terkenal di Palembang dong kak,ask_hidden_gems
Bang What's available at Sultan Mahmud Badaruddin II Museum,ask_facilities
tempat yang bagus buat foto-foto keluarga di mana ya,ask_recommendation
Bang oke cukup kak makasih banyak deh,goodbye
Hey List of cultural tourism in Palembang?,ask_category
Min apa SMB bisa dijangkau lrt?,ask_lrt_destinations
Halo 1 2 3 test,greet
Halo Stasiun LRT dekat tempat wisata ya kak,ask_lrt_destinations
Permisi Hidden gem Palembang yang recommended nih,ask_hidden_gems
Info museum Palembang dong?,ask_category
Rekomendasi wisata yang dekat stasiun LRT,ask_lrt_destinations
Understood,provide_feedback
Kak Mantap makasih ya,goodbye
History of Monpera?,ask_destination_info
Tempat paling menarik di Palembang?,ask_recommendation
Bang Mau tanya dong kak harga tiket Kampung Kapitan dong kak,ask_ticket_price
Maaf mau tanya rekomendasi hidden gems dong kak deh,ask_hidden_gems
Mau nanya dong Recipe for chocolate cake deh,ask_unrelated
Kak okay thanks,goodbye
Ada hidden gems gak di Palembang sih,ask_hidden_gems
"Excuse me, Thanks for the info??",goodbye
Maaf mau tanya Masuk Amanzi gratis atau bayar?,ask_ticket_price
Deskripsi Kampung Kapitan,ask_destination_info
Halo Recipe for chocolate cake ya kak,ask_unrelated
Mau nanya dong Halo halo deh,greet
Bang Oke sip makasih?,goodbye
Permisi makasih infonya deh,goodbye
Eh Bagaimana cara memasak telur nih,ask_unrelated
Permisi recommend culinary tourism in palembang dong,ask_category
"Hello, how to cook fried rice??",ask_unrelated
Can you tell me What cultural tourism are in Palembang,ask_category
Info fasilitas Siguntang dong,ask_facilities
Eh Alternative tourist spots in Palembang?,ask_hidden_gems
Mau nanya dong Apotek 24 jam di Palembang ya kak,ask_unrelated
Permisi Mau ke Kampung Kapitan bayar berapa?,ask_ticket_price
Kayak apa sih SMB?,ask_destination_info
Bang apakah Taman Kambang Iwak Besak buka 24 jam?,ask_operating_hours
Harga tiket masuk PTC sekarang berapa?,ask_ticket_price
Harga tiket Jakabaring Sport City berapa ya,ask_ticket_price
wisata anti mainstream palembang?,ask_hidden_gems
Lokasi Museum Sultan Mahmud Badaruddin II dimana kak?,ask_location_access
Permisi Masjid Agung Palembang itu apa?,ask_destination_info
rekomendasi wisata yang dekat stasiun lrt sih,ask_lrt_destinations
saranin wisata di palembang dong kak,ask_recommendation
"Hello, when is the world cup??",ask_unrelated
Wisata yang belum viral di Palembang?,ask_hidden_gems
"Excuse me, Good morning, I have a question thanks",greet
Hey Which places can I visit using LRT??,ask_lrt_destinations
Siapa pemenang Liga Champions deh,ask_unrelated
I want to know Recommend places to see in Palembang??,ask_recommendation
Bang 1+1 berapa nih,ask_unrelated
Maaf mau tanya Kak ada wisata budaya gak di Palembang dong,ask_category
lagi pengen liat pemandangan kota dari atas nih,ask_recommendation
Cara main saham,ask_unrelated
Kak Apa yang menarik dari Kampung Kapitan dong,ask_destination_info
Eh Wisata paling bagus di Palembang nih,ask_recommendation
Halo wisata wisata budaya di palembang apa aja?,ask_category
Bang Hai selamat siang ya kak,greet
Ada hidden gems gak di Palembang?,ask_hidden_gems
I want to know where to go in palembang??,ask_recommendation
Kak Oke noted terima kasih banyak kak ya kak,goodbye
Non-touristy places in Palembang?,ask_hidden_gems
Fasilitasnya apa aja?,ask_facilities
Min Dari mana ke Ampera,ask_location_access
Apakah KI buka 24 jam?,ask_operating_hours
Bang Tips perawatan kulit nih,ask_unrelated
Kawah Tengkurep ada toilet gak?,ask_facilities
Halo Mau nanya dong kak sih,greet
Eh Bye bye kak ya kak,goodbye
Haloo,greet
Kayak apa sih Fantasy Island?,ask_destination_info
Permisi Alternative tourist spots in Palembang?,ask_hidden_gems
Maaf mau tanya Wisata yang belum viral di Palembang ya,ask_hidden_gems
"Halo anakku suka main air, enaknya bawa kemana ya kak",ask_recommendation
See you,goodbye
"Excuse me, how to lose weight?",ask_unrelated
Bang hlo ya kak,greet
Kampung Arab Al-Munawar ada toilet gak?,ask_facilities
Bang Wisata wisata sejarah di Palembang apa aja sih,ask_category
Halo Ceritain KI dong kak?,ask_destination_info
Ceritain Hutan Wisata Punti Kayu dong kak,ask_destination_info
Masjid Agung Palembang lokasinya dimana?,ask_location_access
Bang Ada mushola di Kampung Kapitan sih,ask_facilities
Kak Wisata anti mainstream Palembang dong kak,ask_hidden_gems
Bang Rating 5 untuk botnya ya kak,provide_feedback
Min Kamu siapa dong,ask_unrelated
Menarik gak?,ask_destination_info
Directions to Kemaro?,ask_location_access
How much is the admission to Punti Kayu Forest?,ask_ticket_price
Wisata weekend di Palembang dong kak,ask_recommendation
Bang malam kak ya kak,greet
What's Jakabaring Sport City like?,ask_destination_info
Permisi mau tanya fasilitas di Jembatan Ampera nih,ask_facilities
Maaf mau tanya Great bot ya,provide_feedback
Halo Universitas terbaik Indonesia deh,ask_unrelated
Masjid Cheng Ho ada spot foto gak?,ask_facilities
Harga tiket masuknya berapa?,ask_ticket_price
Bang Bisa naik LRT ke Kampung Arab Al-Munawar dong kak,ask_lrt_destinations
Permisi History of Punti Kayu Forest?,ask_destination_info
Eh hey ya,greet
Maaf mau tanya Any parks in Palembang dong,ask_category
Stasiun LRT terdekat ke tempat wisata mana dong,ask_lrt_destinations
Alamat lengkap Kampung Kapitan?,ask_location_access
Permisi Amanzi Waterpark deket stasiun LRT mana dong,ask_location_access
Permisi Saranin wisata di Palembang dong?,ask_recommendation
Bang test sih,greet
oke terima kasih jawabannya deh,provide_feedback
Is it open today,ask_operating_hours
"Excuse me, What nature tourism are in Palembang?",ask_category
Eh tes tes dong,greet
Mau nanya dong Palembang punya taman apa deh,ask_category
Min Recommend tourist places in Palembang sih,ask_recommendation
Jam buka PIM kapan,ask_operating_hours
Min Taxi online di Palembang ya,ask_unrelated
Mau tanya harga tiket Kawah Tengkurep,ask_ticket_price
I want to know How to cook fried rice please,ask_unrelated
Eh Akar kuadrat dari 144,ask_unrelated
Museum Balaputra Dewa hari libur buka gak?,ask_operating_hours
I want to know What facilities are available at Fantasy Island?,ask_facilities
Apa yang menarik dari Amanzi Waterpark?,ask_destination_info
Is there WiFi at Ampera Bridge?,ask_facilities
"Hello, List of cultural tourism in Palembang??",ask_category
Permisi waalaikumsalam dong,greet
Halo Info tentang BKB ya,ask_destination_info
Min Jawaban yang memuaskan ya,provide_feedback
Kak Oke terima kasih banyak ya,goodbye
Canggih botnya deh,provide_feedback
Can you tell me How to reach Grand Mosque of Palembang??,ask_location_access
Museum Balaputra Dewa fasilitasnya apa aja?,ask_facilities
Kak Tess sih,greet
Bang Assalamualaikum ya kak,greet
Halo kok jawabannya lambat dong,ask_unrelated
Oke terima kasih jawabannya,provide_feedback
Bang well explained sih,provide_feedback
Kak wisata yang gak pasaran di palembang?,ask_hidden_gems
Maaf mau tanya SMB II aksesnya lewat LRT bisa dong,ask_lrt_destinations
Kak berapa harga tiket Monpera?,ask_ticket_price
Maaf mau tanya Any historical sites in Palembang dong kak,ask_category
Kak Lesser known attractions in Palembang,ask_hidden_gems
Min Kemaro tutup jam berapa sih,ask_operating_hours
What's the meaning of life??,ask_unrelated
"Hi, Is Amanzi Waterpark near an LRT station thanks",ask_lrt_destinations
Kak Sampai nanti kak nih,goodbye
got it nih,provide_feedback
Bang Any religious tourism in Palembang nih,ask_category
PTC gratis gak sih?,ask_ticket_price
Mau nanya dong Posisi Kampung Arab Al-Munawar dimana ya kak,ask_location_access
Do I need to pay to enter Monpera?,ask_ticket_price
Halo Mau ke KI lewat mana,ask_location_access
Hai,greet
Mau nanya dong Fasilitas umum di Masjid Agung Palembang apa aja ya kak,ask_facilities
Hey how to cook fried rice??,ask_unrelated
Kak Who are you dong kak,ask_unrelated
Halo Wisata indoor Palembang sih,ask_category
Cara menuju OPI Mall gimana?,ask_location_access
Permisi Tempat yang underrated di Palembang dong kak,ask_hidden_gems
Please How to learn programming please,ask_unrelated
Kak selamat sore ya kak,greet
Eh Siapa BTS nih,ask_unrelated
Eh Smart bot ya kak,provide_feedback
Please Are you a robot thanks,ask_unrelated
Why is Jakabaring Sport City famous?,ask_destination_info
Bang Halo bang deh,greet
Nice info,provide_feedback
wisata instagramable palembang?,ask_recommendation
Halo Hai hai sih,greet
Info tentang Kampung Arab Al-Munawar,ask_destination_info
Palembang Square hari libur buka gak?,ask_operating_hours
Halo lengkap banget infonya nih,provide_feedback
Maaf mau tanya cara menuju Kampung Kapitan gimana?,ask_location_access
I want to know What is it??,ask_destination_info
Mau nanya dong stasiun lrt dekat tempat wisata?,ask_lrt_destinations
Kawah Tengkurep lokasinya dimana?,ask_location_access
Min bye for now sih,goodbye
Kira-kira harga tiket Al Quran Al Akbar berapa?,ask_ticket_price
Wisata yang gampang dijangkau LRT?,ask_lrt_destinations
Halo Palembang punya wisata kuliner apa sih,ask_category
What is Al-Munawar Arab Village?,ask_destination_info
Permisi Apakah Jembatan Ampera gratis?,ask_ticket_price
Bang Yang termasuk masjid apa aja nih,ask_category
Sejarah Jembatan Ampera apa ya?,ask_destination_info
Can I take public transport to Jakabaring Sport City?,ask_location_access
Halo Kambang Iwak mulai buka jam berapa?,ask_operating_hours
Halo Menarik gak SMB II?,ask_destination_info
Kak Makasih ya,goodbye
Kak di Amanzi itu kita bisa ngapain aja,ask_destination_info
Bang Jadwal kereta api Jakarta deh,ask_unrelated
Halo HTM Ampera berapa nih,ask_ticket_price
Min htm Kampung Kapitan berapa?,ask_ticket_price
Maaf mau tanya Wisata accessible by LRT nih,ask_lrt_destinations
Permisi Bang tiket Pulau Kemaro berapa nih,ask_ticket_price
Hey what amenities are available?,ask_facilities
Recommended banget aplikasinya,provide_feedback
Min Thank you very much dong,goodbye
Eh Destinasi yang dekat stasiun LRT nih,ask_lrt_destinations
Naik apa ke Benteng Kuto Besak?,ask_location_access
Hidden gems in Palembang?,ask_hidden_gems
List of religious tourism in Palembang thanks,ask_category
Kampung Kapitan ada tempat istirahat?,ask_facilities
Hai boleh tanya?,greet
Bang Stasiun LRT terdekat ke tempat wisata mana ya,ask_lrt_destinations
Apa itu PIM?,ask_destination_info
Hey List of parks in Palembang??,ask_category
Mau nanya dong Tempat wisata yang gak rame dong,ask_hidden_gems
Eh Tips menurunkan berat badan ya kak,ask_unrelated
Min Wisata yang belum mainstream dong kak,ask_hidden_gems
Is it open today?,ask_operating_hours
Dari stasiun LRT bisa ke wisata apa ya,ask_lrt_destinations
Why is Kampung Kapitan famous?,ask_destination_info
Permisi Mau ke tempat bersejarah di Palembang nih,ask_category
Kalo hari Sabtu Masjid Cheng Ho buka?,ask_operating_hours
Maaf mau tanya Best universities in Indonesia dong,ask_unrelated
Permisi tiket masuk ke Palembang Icon sekarang berapa ya?,ask_ticket_price
Berapa duit masuk BKB?,ask_ticket_price
Mau nanya dong Apa bahasa Inggrisnya kucing ya,ask_unrelated
Permisi oke bagus sih,provide_feedback
Maaf mau tanya Mantul kak?,provide_feedback
Eh wisata apa yang bisa dijangkau lrt?,ask_lrt_destinations
Eh Makasih banyak ya kak,goodbye
Maaf mau tanya Bagaimana cara move on ya kak,ask_unrelated
Eh baik terima kasih deh,goodbye
Resep kue bolu,ask_unrelated
Maaf mau tanya Info wisata alam Palembang dong?,ask_category
Kak berapa duit tiketnya?,ask_ticket_price
Wisata yang bernuansa Islami nih,ask_category
Eh Prediksi cuaca besok ya,ask_unrelated
I want to know The answer is very detailed thanks,provide_feedback
Eh ada mushola di Bukit Siguntang?,ask_facilities
Jadwal buka Jembatan Ampera kapan ya?,ask_operating_hours
Is Punti Kayu Forest open on Sunday?,ask_operating_hours
Taxi online di Palembang?,ask_unrelated
Permisi Malam min dong kak,greet
Permisi Bisa naik angkot ke Kampung Arab Al-Munawar?,ask_location_access
Bang Hai ya kak,greet
Weekend Palembang Trade Center buka?,ask_operating_hours
Kak Weekday OPI Mall buka jam berapa dong,ask_operating_hours
Maaf mau tanya selamat pagi deh,greet
Hey Thanks for the info thanks,goodbye
Wisata apa yang bisa dijangkau LRT nih,ask_lrt_destinations
Bayar berapa kalo masuk Bukit Siguntang deh,ask_ticket_price
Cara main saham sih,ask_unrelated
Please When is the World Cup?,ask_unrelated
Bang Kasih tau dong tentang Pulau Kemaro?,ask_destination_info
Bang misi nanya dong kak,greet
Menarik gak Siguntang?,ask_destination_info
Harga tiket Amanzi Waterpark berapa ya?,ask_ticket_price
Kalo hari Sabtu OPI Mall buka?,ask_operating_hours
Bang Ada gak wisata yang masih asri di Palembang dong,ask_hidden_gems
Eh Sampai nanti kak?,goodbye
Halo halo permisi dong,greet
Wisata wisata religi di Palembang apa aja ya,ask_category
"Excuse me, Which places can I visit using LRT??",ask_lrt_destinations
Eh Fasilitas pendukung Amanzi nih,ask_facilities
Min History of Masjid Cheng Ho?,ask_destination_info
Kak Undiscovered places in Palembang ya kak,ask_hidden_gems
Mau nanya dong Halo aplikasi ya kak,greet
Jam buka Palembang Square kapan?,ask_operating_hours
Kak curhatan aku dong,ask_unrelated
Mau nanya dong makasih atas bantuannya dong,goodbye
Apa bahasa Inggrisnya kucing,ask_unrelated
Jam buka SMB kapan?,ask_operating_hours
Maaf mau tanya Menarik gak?,ask_destination_info
"Got it, thanks dong",goodbye
Aku mau cerita,ask_unrelated
"Hi, which places can i visit using lrt?",ask_lrt_destinations
Mau nanya dong kak ada museum gak di palembang?,ask_category
Deskripsi Kampung Arab Al-Munawar,ask_destination_info
Min canggih botnya dong,provide_feedback
Maaf mau tanya Good job,provide_feedback
Can you tell me How to make money online thanks,ask_unrelated
Mau nanya dong Rumus pythagoras nih,ask_unrelated
I want to know What cultural tourism are in Palembang?,ask_category
Eh Mau tanya jam operasional PTC?,ask_operating_hours
What religious tourism are in Palembang please,ask_category
Halo tes tes,greet
Min Good info ya kak,provide_feedback
Maaf mau tanya Destinasi favorit di Palembang sih,ask_recommendation
Min Wisata yang belum viral di Palembang dong kak,ask_hidden_gems
Mau nanya dong kamu manusia apa robot,ask_unrelated
Cerita sejarah Masjid Agung Palembang dong,ask_destination_info
Min thanks so much ya,goodbye
What's the entrance fee at Ampera Bridge?,ask_ticket_price
Maaf mau tanya kak rekomendasiin dong wisata di palembang dong,ask_recommendation
di Museum Balaputra Dewa itu kita bisa ngapain aja?,ask_destination_info
Min what's the entry fee?,ask_ticket_price
Bang understood sih,provide_feedback
Wisata wisata sejarah di Palembang apa aja?,ask_category
Jawaban yang memuaskan,provide_feedback
Rekomendasi wisata budaya Palembang deh,ask_category
I want to know Where is Ampera located?,ask_location_access
Fasilitas umum di Taman Kebon Rojo apa aja?,ask_facilities
Mau nanya dong translate bahasa inggris dong,ask_unrelated
Min Masuk PTC gratis atau bayar ya,ask_ticket_price
Maaf mau tanya Apakah Fantasy Island dekat stasiun LRT?,ask_lrt_destinations
Min lagi pengen liat pemandangan kota dari atas dong kak,ask_recommendation
Mau nanya dong Thank you dong kak,goodbye
Maaf mau tanya Tips perawatan kulit dong,ask_unrelated
wisata untuk anak-anak di palembang?,ask_recommendation
Permisi arah ke Jakabaring Sport City gimana?,ask_location_access
Kapan bukanya?,ask_operating_hours
I'm bored,ask_unrelated
Mau nanya dong Lagu hits 2024 apa nih,ask_unrelated
Tempat wisata budaya di Palembang?,ask_category
Wisata Palembang yang aesthetic tapi sepi?,ask_hidden_gems
"Perfect, thank you",goodbye
Min Dadah kak dong,goodbye
Min Suka sama aplikasinya ya,provide_feedback
Any parks in Palembang?,ask_category
"Can you tell me Hey, can I ask a question thanks",greet
Eh pagi-pagi Siguntang sudah buka belum?,ask_operating_hours
Bisa naik apa ke sana?,ask_location_access
Eh Mau cari wisata sejarah di Palembang dong,ask_category
Halo Cara menuju PTC gimana nih,ask_location_access
Mau nanya dong makasih udah bantu sih,goodbye
"That's enough, thank you",goodbye
Mau nanya dong Unexplored attractions in Palembang ya kak,ask_hidden_gems
Permisi Stasiun LRT terdekat ke tempat wisata mana dong kak,ask_lrt_destinations
Al-Munawar buka hari apa aja?,ask_operating_hours
Oke mantap kak,goodbye
heyy dong kak,greet
Undiscovered places in Palembang?,ask_hidden_gems
resep nasi goreng dong kak,ask_unrelated
Permisi Oke terima kasih banyak ya,goodbye
Dari pusat kota ke Kambang Iwak berapa lama?,ask_location_access
Permisi Museum Balaputra Dewa ada tempat istirahat dong,ask_facilities
Maaf mau tanya Kemaro mulai buka jam berapa?,ask_operating_hours
Details about Kampung Kapitan?,ask_destination_info
Permisi Ada wisata dekat LRT gak sih,ask_lrt_destinations
"Mau nanya dong Mau explore Palembang pakai LRT, kemana aja bisa nih",ask_lrt_destinations
Mau nanya dong Suggest tourist spots in Palembang nih,ask_recommendation
Kak misi nanya dong,greet
"Min Hi, I'm visiting Palembang ya",greet
Arah ke SMB gimana?,ask_location_access
Bang Info fasilitas Jakabaring Sport City dong?,ask_facilities
Halo Dimana lokasi Kampung Arab Al-Munawar dong,ask_location_access
Bang Oke mantul deh,provide_feedback
Permisi oke terima kasih ya kak,goodbye
Kak Cuaca hari ini gimana ya kak,ask_unrelated
Wisata museum di Palembang apa aja?,ask_category
Directions to Kemaro Island?,ask_location_access
Wisata outdoor Palembang?,ask_category
Mau nanya dong halo aplikasi sih,greet
Halo Wisata apa aja yang dekat jalur LRT?,ask_lrt_destinations
Permisi Kemana aja bisa naik LRT untuk wisata sih,ask_lrt_destinations
Mau nanya dong Hay dong kak,greet
Kak Responnya cepat ya kak,provide_feedback
Permisi mau ke tempat yang unik dan sepi nih,ask_hidden_gems
Bang Tempat wisata yang jarang dikunjungi di Palembang ya,ask_hidden_gems
Where can I find historical sites in Palembang?,ask_category
Kak Rekomendasikan destinasi wisata Palembang,ask_recommendation
Min Weekday Palembang Trade Center buka jam berapa?,ask_operating_hours
Eh Tempat wisata alternatif Palembang dong kak,ask_hidden_gems
Is Kampung Kapitan open on weekends?,ask_operating_hours
responnya cepat ya kak,provide_feedback
Maaf mau tanya rekomendasi wisata untuk liburan singkat nih,ask_recommendation
Min sampai jumpa deh,goodbye
Can you tell me How much is the ticket to Jembatan Ampera Island??,ask_ticket_price
Maaf mau tanya dimana lokasi SMB II?,ask_location_access
Bye,goodbye
Permisi PTC deket stasiun LRT mana?,ask_location_access
"Excuse me, what to see in palembang??",ask_recommendation
Min Places that tourists don't usually go,ask_hidden_gems
Kurs dollar hari ini berapa?,ask_unrelated
Kampung Kapitan buka dari jam berapa sampai jam berapa?,ask_operating_hours
Tempat yang underrated di Palembang ya kak,ask_hidden_gems
Halo Info lokasi Pasar 16 Ilir dong,ask_location_access
Halo Wisata Palembang yang belum banyak orang kunjungi ya kak,ask_hidden_gems
Maaf mau tanya Wisata yang paling dekat LRT ya,ask_lrt_destinations
Min amazing response dong kak,provide_feedback
aku lagi ngomong sama komputer ya?,ask_unrelated
Pulau Kemaro buka hari apa aja?,ask_operating_hours
Parkiran Kawah Tengkurep luas gak?,ask_facilities
Permisi Kampung Arab Al-Munawar di mana ya,ask_location_access
Kak Historical places in Palembang deh,ask_category
Halo Rute ke Amanzi Waterpark gimana ya kak,ask_location_access
Permisi Palembang punya taman apa,ask_category
Maaf mau tanya Mau ke tempat yang unik dan sepi sih,ask_hidden_gems
Please is Benteng Kuto Besak near an lrt station?,ask_lrt_destinations
Eh Apakah ada wisata yang bisa dijangkau LRT dong kak,ask_lrt_destinations
Is admission to Kemaro Island free?,ask_ticket_price
Keren banget infonya,provide_feedback
Maaf mau tanya Tempat masjid di Palembang nih,ask_category
Permisi Bye bye kak deh,goodbye
"Hello, Best places for tourists in Palembang",ask_recommendation
Mau nanya dong wisata instagramable palembang?,ask_recommendation
Halo mau tanya harga tiket SMB II nih,ask_ticket_price
"Kak Mau keliling Palembang naik LRT, kemana aja dong",ask_lrt_destinations
Wisata indoor Palembang?,ask_category
Permisi Tempat wisata unik di Palembang dong,ask_hidden_gems
Halo What makes Kambang Iwak Forest unique?,ask_destination_info
kenapa orang-orang suka ke Taman Kebon Rojo?,ask_destination_info
Permisi Wisata malam di Palembang kemana ya,ask_recommendation
Halo Pagi kak ya kak,greet
Is Monpera open on Sunday?,ask_operating_hours
Bang Lagu hits 2024 apa ya,ask_unrelated
Please Where is it located please,ask_location_access
Is Ampera Bridge open in the morning?,ask_operating_hours
Halo Rute LRT melewati wisata apa ya,ask_lrt_destinations
Eh Awesome thanks ya kak,goodbye
"Hello, what time does grand mosque of palembang close?",ask_operating_hours
Mau nanya dong Cara main saham ya,ask_unrelated
Permisi Destinasi rahasia Palembang ya kak,ask_hidden_gems
Mau nanya dong yo ya,greet
Kak ada museum gak di Palembang?,ask_category
Mau nanya dong Cara daftar CPNS gimana deh,ask_unrelated
Bang Dimana lokasi Palembang Trade Center?,ask_location_access
Kak Min kasih tau hidden gems Palembang?,ask_hidden_gems
Permisi Underrated tourist spots in Palembang dong,ask_hidden_gems
"Kak Mau explore Palembang pakai LRT, kemana aja bisa ya kak",ask_lrt_destinations
Mau nanya dong Pasar 16 Ilir ada tempat parkir?,ask_facilities
Tell me about Kambang Iwak Park,ask_destination_info
What time does Kampung Kapitan open?,ask_operating_hours
Mau nanya dong Destinasi rahasia Palembang dong kak,ask_hidden_gems
Eh hello mau tanya ya,greet
Kak info wisata yang terjangkau lrt,ask_lrt_destinations
Maaf mau tanya kasih info Amanzi ya kak ya kak,ask_destination_info
Directions to Sultan Mahmud Badaruddin II Museum?,ask_location_access
Permisi saya mau jalan-jalan di Palembang,greet
Maaf mau tanya Good answer?,provide_feedback
Mau nanya dong Hotel murah di Jakarta deh,ask_unrelated
Harga tiket masuk Amanzi Waterpark sekarang berapa?,ask_ticket_price
Eh information about Monpera park dong,ask_destination_info
Min Jos ya,provide_feedback
Kak Jam tutup PTC kapan deh,ask_operating_hours
LRT Palembang lewat wisata mana ya kak,ask_lrt_destinations
Amanzi Waterpark ada area bermain anak?,ask_facilities
Where to go in Palembang thanks,ask_recommendation
Maaf mau tanya Wisata religi Palembang apa aja sih,ask_category
Mau nanya dong Hidden gems in Palembang ya,ask_hidden_gems
Naik apa ke Ampera?,ask_location_access
Halo Recommend historical sites in Palembang nih,ask_category
noted kak ya kak,provide_feedback
Any hidden gems to visit?,ask_hidden_gems
Mau nanya dong assalamualaikum mau tanya nih,greet
Palembang punya wisata apa aja ya,ask_recommendation
Well explained,provide_feedback
Please thanks for the help thanks,goodbye
Ada wisata yang jarang orang tau dong,ask_hidden_gems
Min Info wisata religi Palembang dong kak,ask_category
Please how much does it cost to enter Kampung Kapitan park?,ask_ticket_price
Mau nanya dong Hutan Wisata Punti Kayu gratis gak sih,ask_ticket_price
Kak Resep nasi goreng dong kak,ask_unrelated
Mau nanya dong Wisata accessible by LRT dong,ask_lrt_destinations
Mau nanya dong Info wisata yang terjangkau LRT,ask_lrt_destinations
Kambang Iwak buka hari apa aja?,ask_operating_hours
Is Monpera open on weekends?,ask_operating_hours
Mau nanya dong hi chatbot dong,greet
Berapa duit tiketnya?,ask_ticket_price
Maaf mau tanya Museum Sultan Mahmud Badaruddin II ramah anak gak?,ask_facilities
Min Kampung Kapitan hari libur buka gak?,ask_operating_hours
PTC ramah anak gak?,ask_facilities
Can you tell me do you have feelings?,ask_unrelated
What is Grand Mosque of Palembang?,ask_destination_info
Mau tanya jam operasional Museum Balaputra Dewa,ask_operating_hours
Kak ada wisata religi gak di Palembang?,ask_category
Hey Where can I find culinary tourism in Palembang thanks,ask_category
Permisi LRT Palembang stop di wisata mana dong,ask_lrt_destinations
Mantap,provide_feedback
Kambang Iwak buka setiap hari?,ask_operating_hours
Bang wah makasih infonya lengkap dong kak,provide_feedback
Kak sip lanjut kak deh,provide_feedback
Berapa harga tiket masuk Kawah Tengkurep?,ask_ticket_price
Mau nanya dong kasih info Pulau Kemaro ya kak,ask_destination_info
Eh apakah Amanzi dekat lrt?,ask_lrt_destinations
Permisi Cara masak rendang gimana?,ask_unrelated
Maaf mau tanya siap kak nih,provide_feedback
I want to know How to make money online??,ask_unrelated
Maaf mau tanya Jauh gak dari sini,ask_location_access
Bang details about Benteng Kuto Besak bridge?,ask_destination_info
Siguntang di mana ya?,ask_location_access
Alamat Amanzi dimana ya kak,ask_location_access
Akses ke Kawah Tengkurep mudah gak?,ask_location_access
Maaf mau tanya Wisata apa aja yang dekat jalur LRT dong kak,ask_lrt_destinations
Maaf mau tanya Al Quran Al Akbar ada area bermain anak?,ask_facilities
Mau nanya dong Flight tickets to Bali ya kak,ask_unrelated
Halo Destinasi wisata kuliner Palembang?,ask_category
Kak Quiet but beautiful places in Palembang ya,ask_hidden_gems
Museums in Palembang?,ask_category
Bang selamat datang deh,greet
Bang Wisata off the beaten path Palembang ya,ask_hidden_gems
Maaf mau tanya Wisata tersembunyi di Palembang,ask_hidden_gems
"Excuse me, What tourism spots are on the LRT line?",ask_lrt_destinations
Eh Bagaimana cara ke Al Quran Al Akbar dong kak,ask_location_access
Can you tell me Where can I find religious tourism in Palembang,ask_category
Bang Jembatan Ampera mulai buka jam berapa?,ask_operating_hours
Maaf mau tanya Selamat pagi?,greet
Bang Wisata apa yang bisa dijangkau LRT deh,ask_lrt_destinations
Info masjid Palembang dong,ask_category
Min Update harga tiket Amanzi dong,ask_ticket_price
SMB II buka sampai malam gak?,ask_operating_hours
Halo what makes PTC park unique?,ask_destination_info
Is it free?,ask_ticket_price
Maaf mau tanya Cukup dulu ya?,goodbye
Terima kasih sudah membantu,goodbye
Maaf mau tanya yo sih,greet
Min harga masuk Kambang Iwak berapa sih,ask_ticket_price
Maaf mau tanya Oke segitu aja dulu ya kak,goodbye
"Hi, Best things to do in Palembang thanks",ask_recommendation
Mau nanya dong rating 5 untuk botnya nih,provide_feedback
Places that tourists don't usually go?,ask_hidden_gems
Mau nanya dong Wisata gratis di Palembang ada gak dong,ask_recommendation
Permisi Bayar berapa kalo masuk Kampung Kapitan dong kak,ask_ticket_price
Bang Kak ada wisata kuliner gak di Palembang,ask_category
Tempat makan di sekitar Museum Balaputra Dewa ada?,ask_facilities
di Monpera itu kita bisa ngapain aja?,ask_destination_info
Fasilitas umum di BKB apa aja?,ask_facilities
Halo apa yang bikin Hutan Wisata Punti Kayu ini spesial?,ask_destination_info
Permisi Kak ya,greet
"Mau nanya dong Mau naik LRT, wisata apa yang dekat sih",ask_lrt_destinations
Eh Siang min ya,greet
Kak Sip lanjut kak dong kak,provide_feedback
Bang I need assistance nih,greet
Min Ada tempat wisata baru di Palembang dong kak,ask_hidden_gems
Maaf mau tanya woi sih,greet
Kak halo kamu cantik,ask_unrelated
Mau nanya dong apotek 24 jam di palembang?,ask_unrelated
Halo lagi pengen liat pemandangan kota dari atas nih,ask_recommendation
How to make money online?,ask_unrelated
Bang great bot deh,provide_feedback
Mau nanya dong Is Kemaro child-friendly nih,ask_facilities
Siap kak,provide_feedback
Permisi Places that tourists don't usually go deh,ask_hidden_gems
Malam min deh,greet
Hari ini Bukit Siguntang buka gak ya kak,ask_operating_hours
Pasar 16 Ilir ada tempat istirahat?,ask_facilities
What days is Jakabaring Sport City open?,ask_operating_hours
Ada mushola di Jakabaring Sport City?,ask_facilities
Can you tell me How to move on,ask_unrelated
aku butuh tempat healing yang tenang nih,ask_recommendation
Please Directions to Grand Mosque of Palembang please,ask_location_access
Eh update harga tiket Masjid Cheng Ho dong,ask_ticket_price
History of Al-Munawar Arab Village?,ask_destination_info
Halo Destinasi rahasia Palembang dong kak,ask_hidden_gems
Min responnya cepat ya kak,provide_feedback
Halo Oke deh kak sampai jumpa ya kak,goodbye
Bayar berapa?,ask_ticket_price
Kak oi dong,greet
Halo Ada mushola dong kak,ask_facilities
Maaf mau tanya bayar berapa kalo masuk Palembang Square?,ask_ticket_price
Kasih info Kambang Iwak ya kak?,ask_destination_info
Eh dimana lokasi Jakabaring?,ask_location_access
Eh infonya akurat deh,provide_feedback
How much is the ticket to Punti Kayu Forest?,ask_ticket_price
Min Ada taman di Palembang,ask_category
Al Quran Al Akbar fasilitasnya apa aja?,ask_facilities
Permisi parks places in Palembang,ask_category
Min Oke bagus dong,provide_feedback
Bagus infonya,provide_feedback
Halo best places to visit by lrt?,ask_lrt_destinations
Sampai ketemu lagi,goodbye
Pagi-pagi Bukit Siguntang sudah buka belum?,ask_operating_hours
Halo Wisata anti mainstream Palembang deh,ask_hidden_gems
Halo di Kambang Iwak itu kita bisa ngapain aja?,ask_destination_info
Permisi terima kasih sudah membantu deh,goodbye
Min Pinter ya botnya ya,provide_feedback
Mau ke tempat yang unik dan sepi,ask_hidden_gems
Eh info fasilitas Ampera dong,ask_facilities
Kampung Kapitan bisa ditempuh pakai apa?,ask_location_access
Bang Kak Palembang Square buka jam berapa ya,ask_operating_hours
how much is it??,ask_ticket_price
Eh Wisata murah yang bisa naik LRT?,ask_lrt_destinations
Apakah Fantasy Island buka hari Minggu?,ask_operating_hours
Kak berapa harga tiket Masjid Agung Palembang?,ask_ticket_price
Responnya cepat ya,provide_feedback
Info tentang Palembang Trade Center,ask_destination_info
Kak Bismillah mau tanya sih,greet
Recommend museums in Palembang,ask_category
Min alamat Hutan Wisata Punti Kayu apa ya?,ask_location_access
Al-Munawar di mana ya?,ask_location_access
Makasih atas bantuannya,goodbye
Halo Oke mantap kak dong,goodbye
Please Does Amanzi Waterpark have a mosque,ask_facilities
Hari ini Museum Balaputra Dewa buka gak ya?,ask_operating_hours
Maaf mau tanya Bagus infonya?,provide_feedback
Min Rekomendasi wisata Palembang dong,ask_recommendation
Min does PTC bridge open every day?,ask_operating_hours
Bang wisata terbaik di palembang apa?,ask_recommendation
Kak Apakah Jakabaring dekat LRT?,ask_lrt_destinations
Min Jadwal kereta api Jakarta?,ask_unrelated
Dari pusat kota ke SMB II berapa lama?,ask_location_access
"Hi, Best places for tourists in Palembang?",ask_recommendation
Halo berguna banget nih,provide_feedback
"Min Mau explore Palembang pakai LRT, kemana aja bisa ya kak",ask_lrt_destinations
Min Kalo hari Sabtu Benteng Kuto Besak buka,ask_operating_hours
Min perfect deh,provide_feedback
Min Wisata yang bisa dikunjungi sehari dong kak,ask_recommendation
Ceritakan tentang dinosaurus,ask_unrelated
Min Kapan piala dunia ya,ask_unrelated
Min kak rekomendasiin dong wisata di palembang ya kak,ask_recommendation
Maaf mau tanya Kak berapa harga tiket Masjid Agung Palembang dong kak,ask_ticket_price
Permisi kenapa Hutan Wisata Punti Kayu terkenal?,ask_destination_info
Kak Must-visit places in Palembang ya kak,ask_recommendation
Halo Tolong kasih tau alamat KI ya,ask_location_access
Eh Destinasi wisata kuliner Palembang deh,ask_category
Rekomendasi wisata yang dekat stasiun LRT sih,ask_lrt_destinations
Wisata yang paling dekat LRT?,ask_lrt_destinations
Maaf mau tanya mau tanya fasilitas di Punti Kayu dong kak,ask_facilities
"Hello, Recommend places to see in Palembang",ask_recommendation
Permisi Wisata baru yang belum terkenal sih,ask_hidden_gems
Mau nanya dong hai saya pertama kali ke palembang deh,greet
Permisi Wisata tersembunyi di Palembang?,ask_hidden_gems
Halo Noted kak,provide_feedback
Mau nanya dong apa itu OPI Mall?,ask_destination_info
Yang termasuk wisata alam apa aja?,ask_category
Maaf mau tanya Pasar 16 Ilir fasilitasnya apa aja?,ask_facilities
Permisi Pagi-pagi OPI Mall sudah buka belum ya kak,ask_operating_hours
Permisi Kenapa langit biru dong kak,ask_unrelated
Mau nanya dong info museum palembang dong kak,ask_category
Halo info tentang Amanzi Waterpark nih,ask_destination_info
Halo tolong kasih tau wisata dekat lrt ya kak,ask_lrt_destinations
Halo Wisata yang bisa dikunjungi sehari ya,ask_recommendation
Kapan Palembang Icon buka?,ask_operating_hours
Popular tourist spots in Palembang?,ask_recommendation
Bang Undiscovered places in Palembang sih,ask_hidden_gems
Bang Kambang Iwak ada area bermain anak ya kak,ask_facilities
Maaf mau tanya rekomendasi masjid palembang deh,ask_category
Wisata Tionghoa di Palembang?,ask_category
Halo Destinasi yang dekat stasiun LRT ya,ask_lrt_destinations
Mau ke Palembang Square bayar berapa?,ask_ticket_price
Eh Destinasi yang dekat stasiun LRT,ask_lrt_destinations
Min Siapa BTS deh,ask_unrelated
Can I take public transport to Kampung Kapitan?,ask_location_access
Halo Berapa ya tiket OPI Mall?,ask_ticket_price
Bang Tell me about dinosaurs deh,ask_unrelated
Permisi Oke paham,provide_feedback
Permisi Mau jalan-jalan di Palembang kemana ya kak,ask_recommendation
Bang Tiket masuk Taman Kambang Iwak Besak berapa?,ask_ticket_price
Tempat makan di sekitar Palembang Square ada nih,ask_facilities
Kak Chatbot nya bagus,provide_feedback
How do I get to Kampung Kapitan?,ask_location_access
Masjid Agung Palembang bisa ditempuh pakai apa?,ask_location_access
Mau nanya dong bingung mau bawa keluarga jalan-jalan kemana deh,ask_recommendation
Permisi Masjid Agung Palembang buka sampai malam gak nih,ask_operating_hours
Permisi Seru gak Masjid Agung Palembang?,ask_destination_info
"Hi, thank you for the information please",goodbye
What to see in Palembang?,ask_recommendation
Maaf mau tanya When does Sultan Mahmud Badaruddin II Museum close deh,ask_operating_hours
Min nice info nih,provide_feedback
Pagi-pagi KI sudah buka belum?,ask_operating_hours
Min Wisata Palembang yang LRT friendly deh,ask_lrt_destinations
Rute ke Punti Kayu gimana?,ask_location_access
Halo Unexplored attractions in Palembang nih,ask_hidden_gems
Rekomendasi hidden gems dong kak nih,ask_hidden_gems
Permisi fasilitas pendukung Masjid Agung Palembang?,ask_facilities
What can I see at Sultan Mahmud Badaruddin II Museum?,ask_destination_info
Halo Kak wisata yang bisa naik LRT apa aja?,ask_lrt_destinations
Permisi info tentang Kemaro deh,ask_destination_info
Mau nanya dong Tempat-tempat wisata yang aksesibel LRT nih,ask_lrt_destinations
Bang akses ke Kambang Iwak mudah gak?,ask_location_access
Siapa presiden Indonesia deh,ask_unrelated
Please How to reach OPI Mall??,ask_location_access
I want to know is there wifi at Taman Kebon Rojo park?,ask_facilities
what are the best places to visit in palembang??,ask_recommendation
Rating 5 untuk botnya,provide_feedback
Kak Halo kak mau nanya dong?,greet
Eh waalaikumsalam ya kak,greet
Min jam tutup Pulau Kemaro kapan?,ask_operating_hours
Mau tanya dong kak harga tiket SMB II,ask_ticket_price
Halo Oke noted terima kasih banyak kak ya kak,goodbye
Halo Ada gak wisata yang bisa ditempuh LRT deh,ask_lrt_destinations
Mau nanya dong Apakah Jembatan Ampera buka hari Minggu?,ask_operating_hours
Permisi Palembang punya wisata kuliner apa nih,ask_category
Min Arah ke Kawah Tengkurep gimana dong kak,ask_location_access
Halo rekomendasi wisata kuliner palembang sih,ask_category
Halo What's the weather today ya kak,ask_unrelated
Mau nanya dong Tempat wisata yang bisa diakses LRT dong,ask_lrt_destinations
Min Nature spots in Palembang deh,ask_category
Bayar berapa kalo masuk PTC?,ask_ticket_price
What can I see at Kambang Iwak?,ask_destination_info
Bang hai deh,greet
Bang halo halo ya kak,greet
Kak Wisata apa yang cocok untuk foto-foto?,ask_recommendation
Excellent information,provide_feedback
Eh Palembang punya wisata budaya apa ya,ask_category
Kak Tempat yang belum terkenal di Palembang deh,ask_hidden_gems
ada apa aja sih di Punti Kayu?,ask_destination_info
Maaf mau tanya Does Jakabaring Sport City have parking?,ask_facilities
Min Makasih infonya sih,goodbye
Tolong kasih tau wisata dekat LRT,ask_lrt_destinations
Halo tiket Kampung Kapitan berapa sih?,ask_ticket_price
Halo Wisata baru yang belum terkenal,ask_hidden_gems
What are the operating hours of Benteng Kuto Besak?,ask_operating_hours
Min Weekend Museum Balaputra Dewa buka deh,ask_operating_hours
Permisi greetings deh,greet
Kapan sih Monpera buka?,ask_operating_hours
Mau nanya dong Must-visit places in Palembang,ask_recommendation
Maaf mau tanya Kampung Kapitan bayar berapa deh,ask_ticket_price
Min aku lagi ngomong sama komputer ya,ask_unrelated
Bang Palembang Trade Center bayar berapa,ask_ticket_price
Halo Mau cari wisata yang seru di Palembang sih,ask_recommendation
Apakah kamu AI?,ask_unrelated
Masjid Agung Palembang bagus gak?,ask_destination_info
Halo Mau ke Bukit Siguntang lewat mana?,ask_location_access
Kak Mau tanya jam operasional Masjid Agung Palembang,ask_operating_hours
Min Pagi deh,greet
Min Jam operasional Jembatan Ampera dong,ask_operating_hours
Min halo ya kak,greet
Maaf mau tanya Kasih tau dong tentang Palembang Trade Center?,ask_destination_info
Kak weekday Pasar 16 Ilir buka jam berapa?,ask_operating_hours
Mau nanya dong info fasilitas Jembatan Ampera dong,ask_facilities
Bang mau cari wisata kuliner di palembang ya,ask_category
tempat wisata ikonik palembang?,ask_recommendation
Min dari pusat kota ke Museum Sultan Mahmud Badaruddin II berapa lama?,ask_location_access
Kak Deskripsi Amanzi Waterpark?,ask_destination_info
Min Rute LRT melewati wisata apa sih,ask_lrt_destinations
Does Ampera Bridge have parking?,ask_facilities
Min Dari mana ke Amanzi?,ask_location_access
Permisi hai mau konsultasi dong kak,greet
Min that makes sense deh,provide_feedback
Permisi Cara menuju Monpera gimana?,ask_location_access
Kak Stasiun LRT terdekat ke tempat wisata mana nih,ask_lrt_destinations
Tell me a story,ask_unrelated
Kak oke cukup kak makasih banyak,goodbye
Maaf mau tanya OK thank you,goodbye
Parkiran Jakabaring Sport City luas gak?,ask_facilities
Min Heyy,greet
Ke PIM bayar berapa ya?,ask_ticket_price
Permisi Very accurate dong,provide_feedback
Maaf mau tanya informatif banget ya,provide_feedback
Kak Permisi mau tanya sih,greet
Eh Min rekomendasi wisata Palembang apa nih,ask_recommendation
Mau nanya dong sup ya,greet
Permisi Ada orang deh,greet
Min yang termasuk wisata alam apa aja?,ask_category
Mau nanya dong bingung mau bawa keluarga jalan-jalan kemana dong,ask_recommendation
kok jawabannya lambat nih,ask_unrelated
Permisi min kasih tau hidden gems palembang dong,ask_hidden_gems
Maaf mau tanya Wisata apa yang recommended di Palembang sih,ask_recommendation
Maaf mau tanya Mau tau tentang Amanzi,ask_destination_info
Popular tourist spots in Palembang,ask_recommendation
Baiklah terima kasih banyak,goodbye
Parkiran Al Quran Al Akbar luas gak?,ask_facilities
Bang Lowongan kerja di Palembang sih,ask_unrelated
Kambang Iwak ada tempat parkir?,ask_facilities
"Hi, can i take lrt to Pasar 16 Ilir bridge?",ask_lrt_destinations
Mau nanya dong LRT accessible tourist spots in Palembang sih,ask_lrt_destinations
Is Kemaro Island free?,ask_ticket_price
Permisi Halo ada yang bisa dibantu deh,greet
"Kak hi, planning to visit palembang nih",greet
Please How to go to Masjid Cheng Ho Arab Village??,ask_location_access
Bang mau minta saran wisata palembang dong,ask_recommendation
Permisi kak ya kak,greet
"Min Mau keliling Palembang naik LRT, kemana aja?",ask_lrt_destinations
Eh Arah ke Palembang Trade Center gimana?,ask_location_access
Buka hari apa aja,ask_operating_hours
Information about Kambang Iwak Park,ask_destination_info
Min nyanyiin lagu dong,ask_unrelated
Permisi Boleh tanya ya kak,greet
Min Halo apakah botnya aktif ya,greet
Opening hours for Jakabaring Sport City?,ask_operating_hours
Eh bye for now ya kak,goodbye
Halo Places that tourists don't usually go nih,ask_hidden_gems
Is Kambang Iwak Park open today?,ask_operating_hours
Permisi Posisi Benteng Kuto Besak dimana ya kak,ask_location_access
Mau nanya dong Assalamualaikum mau tanya dong,greet
Yang termasuk taman apa aja dong kak,ask_category
Museum Balaputra Dewa buka jam berapa?,ask_operating_hours
Mau nanya dong Kambang Iwak ada kantin gak nih,ask_facilities
Permisi awesome thanks deh,goodbye
Min Palembang Square ada kantin gak?,ask_facilities
Jelaskan tentang Benteng Kuto Besak,ask_destination_info
Things to do in Palembang?,ask_recommendation
Bang nanti tanya lagi ya kak dong kak,goodbye
Kak Quiet but beautiful places in Palembang dong,ask_hidden_gems
Kak Any cultural tourism in Palembang dong kak,ask_category
Maaf mau tanya halo saya mau bertanya deh,greet
Bang Wisata wisata religi di Palembang apa aja ya kak,ask_category
Kayak apa sih BKB?,ask_destination_info
well explained dong kak,provide_feedback
Maaf mau tanya Bagaimana cara move on dong kak,ask_unrelated
Ampera gratis gak sih?,ask_ticket_price
Mau nanya dong Bye ya kak,goodbye
Opening hours for Kambang Iwak Park?,ask_operating_hours
Alamat lengkap Benteng Kuto Besak?,ask_location_access
Any religious tourism in Palembang?,ask_category
Apakah Kawah Tengkurep buka 24 jam?,ask_operating_hours
Eh Best places to visit by LRT nih,ask_lrt_destinations
Mau nanya dong Any hidden gems to visit dong kak,ask_hidden_gems
Describe it,ask_destination_info
When does Sultan Mahmud Badaruddin II Museum close?,ask_operating_hours
Biaya tiket Jembatan Ampera berapa kak?,ask_ticket_price
Maaf mau tanya Sip terima kasih kak ya kak,goodbye
Eh PIM terkenal karena apa dong,ask_destination_info
Permisi terima kasih atas informasinya ya kak,goodbye
Mau nanya dong Cara masak rendang gimana deh,ask_unrelated
Halo Bayar berapa ya,ask_ticket_price
Berapa ya tiket Fantasy Island?,ask_ticket_price
Hey are there toilets at Kambang Iwak park?,ask_facilities
Halo Best destinations in Palembang sih,ask_recommendation
Permisi wisata yang belum mainstream?,ask_hidden_gems
Mau nanya dong Menarik gak OPI Mall?,ask_destination_info
Kenapa langit biru?,ask_unrelated
Eh cukup sekian,goodbye
Apakah Masjid Cheng Ho gratis?,ask_ticket_price
Kak Kapan kiamat dong,ask_unrelated
bye bye ya kak,goodbye
Maaf mau tanya Top tourist attractions in Palembang?,ask_recommendation
"Hello, Where is Sultan Mahmud Badaruddin II Museum?",ask_location_access
Mau nanya dong canggih botnya sih,provide_feedback
Permisi Food tourism in Palembang deh,ask_category
Tiket Museum Balaputra Dewa berapa sih?,ask_ticket_price
Halo Weekend Kambang Iwak buka?,ask_operating_hours
Kampung Arab Al-Munawar tutup jam berapa?,ask_operating_hours
Tiket masuk ke Kemaro sekarang berapa ya?,ask_ticket_price
Permisi Must-visit places in Palembang ya,ask_recommendation
Halo info wisata yang terjangkau lrt dong,ask_lrt_destinations
Can you tell me How to reach Jembatan Ampera?,ask_location_access
Mau nanya dong Cara daftar kuliah nih,ask_unrelated
Tempat wisata alternatif Palembang?,ask_hidden_gems
Bang appreciate it ya,goodbye
Permisi Kayak apa sih Hutan Wisata Punti Kayu deh,ask_destination_info
Permisi Wisata apa aja yang dekat jalur LRT,ask_lrt_destinations
Mau nanya dong Kak wisata yang bisa naik LRT apa aja sih,ask_lrt_destinations
Halo Jembatan Ampera aksesnya lewat lrt bisa?,ask_lrt_destinations
Mau tanya fasilitas di Al Quran Al Akbar?,ask_facilities
Min Any parks in Palembang dong,ask_category
Min aplikasinya keren dong kak,provide_feedback
Maaf mau tanya Seru gak SMB II sih,ask_destination_info
Maaf mau tanya Dimana lokasi Al-Munawar dong,ask_location_access
Bang asal usul Kawah Tengkurep ini gimana ceritanya nih,ask_destination_info
Mau nanya dong BKB ada tempat istirahat,ask_facilities
Halo Tiket Jakabaring berapa sih,ask_ticket_price
Mau nanya dong Kampung Kapitan fasilitasnya apa aja?,ask_facilities
Bang Destinasi museum Palembang,ask_category
"Hello, can i take lrt to PIM bridge?",ask_lrt_destinations
Eh Hidden gem Palembang yang recommended deh,ask_hidden_gems
Eh Wisata baru yang belum terkenal?,ask_hidden_gems
Jakabaring Sport City ada di daerah mana?,ask_location_access
Eh Jembatan Ampera di mana ya?,ask_location_access
Kak halo selamat pagi sih,greet
Maaf mau tanya Wisata off the beaten path Palembang dong kak,ask_hidden_gems
Waalaikumsalam,greet
Halo sampai ketemu lagi sih,goodbye
"Hello, Can I take LRT to Al-Munawar Bridge",ask_lrt_destinations
Alamat Palembang Icon dimana?,ask_location_access
Where is Jakabaring Sport City located?,ask_location_access
Halo alamat BKB dimana?,ask_location_access
Kak fasilitas Monpera apa aja ya?,ask_facilities
Mau nanya dong Wisata yang bisa pake LRT nih,ask_lrt_destinations
Maaf mau tanya Great bot nih,provide_feedback
Selamat datang,greet
Eh OK bye dong,goodbye
Bang Naik LRT bisa ke wisata mana aja deh,ask_lrt_destinations
How much is the admission to Jakabaring Sport City?,ask_ticket_price
Eh cukup sekian nih,goodbye
Permisi tempat masjid di palembang?,ask_category
Mau tanya harga tiket Taman Kambang Iwak Besak,ask_ticket_price
Maaf mau tanya Tempat yang underrated di Palembang nih,ask_hidden_gems
Min Wisata gratis di Palembang ada gak deh,ask_recommendation
"Hello, off the beaten path places in palembang?",ask_hidden_gems
Sampai nanti kak deh,goodbye
OPI Mall ada area bermain anak?,ask_facilities
Halo Wisata masjid di Palembang apa aja dong,ask_category
Saranin wisata di Palembang dong,ask_recommendation
Kak Thanks a lot ya,goodbye
Maaf mau tanya berapa duit masuk Masjid Cheng Ho?,ask_ticket_price
Terima kasih banyak,goodbye
Mau nanya dong Wisata yang belum viral di Palembang ya kak,ask_hidden_gems
Permisi mau tanya harga tiket Kemaro,ask_ticket_price
Maaf mau tanya Wisata yang bernuansa Islami?,ask_category
Parkiran Hutan Wisata Punti Kayu luas gak?,ask_facilities
Mau tanya fasilitas di Museum Sultan Mahmud Badaruddin II,ask_facilities
Mau nanya dong Prediksi cuaca besok ya,ask_unrelated
Kak What amenities does Kambang Iwak offer?,ask_facilities
Awesome thanks,goodbye
Eh update harga tiket Al Quran Al Akbar dong,ask_ticket_price
"Hello, exactly what i needed please",provide_feedback
Permisi hi there,greet
Bang sing me a song ya kak,ask_unrelated
Kak Does Kemaro Arab Village have food stalls ya,ask_facilities
Jawabannya memuaskan,provide_feedback
Permisi assalamualaikum bye,goodbye
Hey What is AI??,ask_unrelated
Min harga masuk Palembang Icon berapa?,ask_ticket_price
Maaf mau tanya Benteng Kuto Besak fasilitasnya apa aja,ask_facilities
Can I take public transport to Kambang Iwak Park?,ask_location_access
Mau nanya dong selamat tinggal dong,goodbye
Jelaskan dong,ask_destination_info
Halo Tempat wisata yang jarang dikunjungi di Palembang,ask_hidden_gems
Mau nanya dong oke deh bye dong kak,goodbye
Mau nanya dong keren banget infonya sih,provide_feedback
What parks are in Palembang?,ask_category
Mau nanya dong Undiscovered places in Palembang sih,ask_hidden_gems
Jam operasional OPI Mall?,ask_operating_hours
Mau nanya dong Informatif banget sih,provide_feedback
Thanks for your help dong,goodbye
Eh Destinasi rahasia Palembang,ask_hidden_gems
Min what's available at PIM?,ask_facilities
Min Hidden spots in Palembang?,ask_hidden_gems
Maaf mau tanya naik apa ke Kemaro?,ask_location_access
How to learn programming?,ask_unrelated
Fasilitas pendukung Punti Kayu?,ask_facilities
I want to know Which places can I visit using LRT?,ask_lrt_destinations
Can you tell me How much is the admission to Museum Balaputra Dewa Park?,ask_ticket_price
Describe OPI Mall nih,ask_destination_info
Permisi clear explanation ya,provide_feedback
Kak Mau tanya fasilitas di Palembang Trade Center?,ask_facilities
Eh Who invented electricity deh,ask_unrelated
Halo bye bye makasih ya,goodbye
Amanzi ada tempat istirahat?,ask_facilities
I want to know Where is Kampung Arab Al-Munawar Arab Village,ask_location_access
Halo Saran tempat wisata di Palembang,ask_recommendation
Kak Review tentang Palembang Trade Center deh,ask_destination_info
Bang recommended banget aplikasinya ya,provide_feedback
Halo Palembang LRT tourism destinations deh,ask_lrt_destinations
Halo Ada wisata alam di Palembang dong kak,ask_category
Facilities at Kampung Kapitan?,ask_facilities
Naik apa ke Pasar 16 Ilir?,ask_location_access
Kak ada ide tempat buat nongkrong sore?,ask_recommendation
Kak Kambang Iwak buka jam berapa ya?,ask_operating_hours
Maaf mau tanya Rute ke Palembang Square gimana?,ask_location_access
Ada wisata kuliner gak di Palembang dong kak,ask_category
Maaf mau tanya Kasih info Palembang Square ya kak ya,ask_destination_info
Kak permisi mau tanya,greet
Lengkap banget infonya,provide_feedback
Permisi oke terima kasih banyak ya kak,goodbye
Eh Siapa pemenang Liga Champions dong,ask_unrelated
Makasih infonya,goodbye
Info fasilitas Punti Kayu dong,ask_facilities
Kak Apakah Palembang Icon buka 24 jam nih,ask_operating_hours
What cultural tourism are in Palembang thanks,ask_category
Info lokasi Monpera dong,ask_location_access
Maaf mau tanya Assalamualaikum bye nih,goodbye
Info harga tiket Benteng Kuto Besak dong kak,ask_ticket_price
Permisi Top wisata Palembang dong,ask_recommendation
Mau nanya dong Unexplored attractions in Palembang?,ask_hidden_gems
Eh Bisa rekomendasikan tempat wisata sih,ask_recommendation
Kak,greet
Mau tanya dong kak harga tiket Kambang Iwak,ask_ticket_price
Eh Destinasi wisata sejarah Palembang ya,ask_category
Wisata wisata alam di Palembang apa aja?,ask_category
Ada parkiran?,ask_facilities
What's Benteng Kuto Besak like?,ask_destination_info
Mau nanya dong Any museums in Palembang deh,ask_category
Bang Hidden gems di Palembang apa ya,ask_hidden_gems
How much does it cost?,ask_ticket_price
Jauh gak dari sini?,ask_location_access
Halo Wisata off the beaten path Palembang?,ask_hidden_gems
"Hello, is Kambang Iwak near an lrt station?",ask_lrt_destinations
Bang Ceritain Bukit Siguntang dong kak?,ask_destination_info
Which tourist spots are near LRT stations ya,ask_lrt_destinations
Bang Segitu dulu kak thanks?,goodbye
Maaf mau tanya mantap makasih ya kak,goodbye
"Hello, hello, i want to explore palembang",greet
"Hello, What's the entry fee for Siguntang?",ask_ticket_price
Destinasi yang dekat stasiun LRT deh,ask_lrt_destinations
Kak dimana ya PIM?,ask_location_access
Bang Popular tourist spots in Palembang deh,ask_recommendation
Maaf mau tanya Kenapa Fantasy Island terkenal?,ask_destination_info
Wisata yang aksesnya lewat LRT apa aja?,ask_lrt_destinations
How much does it cost to enter Grand Mosque of Palembang?,ask_ticket_price
Mau ke Kambang Iwak bayar berapa?,ask_ticket_price
SMB hari libur buka gak?,ask_operating_hours
Useful information dong,provide_feedback
Bang weekday Jakabaring buka jam berapa?,ask_operating_hours
Tempat wisata alternatif Palembang dong kak,ask_hidden_gems
Maaf mau tanya oke kak noted dong,provide_feedback
Fasilitas umum di Monpera apa aja?,ask_facilities
Mau nanya dong Any historical sites in Palembang nih,ask_category
Permisi Halo ada admin nih,greet
Min Selaamt pagi ya,greet
Jam tutup PIM kapan?,ask_operating_hours
Kak Wisata Palembang yang LRT friendly?,ask_lrt_destinations
Jawabannya cepat,provide_feedback
Halo Very detailed,provide_feedback
Bang tempat-tempat wisata yang aksesibel lrt?,ask_lrt_destinations
Monpera ada tempat istirahat?,ask_facilities
Deskripsi KI,ask_destination_info
Halo Wisata murah yang bisa naik LRT?,ask_lrt_destinations
Mau nanya dong Siguntang jauh gak dari pusat kota?,ask_location_access
Museum Sultan Mahmud Badaruddin II ada kantin gak?,ask_facilities
Nice,provide_feedback
Min haii sih,greet
Tempat wisata yang dilalui LRT?,ask_lrt_destinations
Bang Apakah Amanzi buka hari Minggu?,ask_operating_hours
Permisi Mau cari wisata yang seru di Palembang dong,ask_recommendation
Halo Amanzi lokasinya dimana?,ask_location_access
Min arah ke Kemaro gimana?,ask_location_access
I want to know Is BKB Bridge open in the morning?,ask_operating_hours
Maaf mau tanya Noted kak?,provide_feedback
Please What tourism spots are on the LRT line?,ask_lrt_destinations
Eh Bisa naik LRT ke Pulau Kemaro dong,ask_lrt_destinations
Amanzi ramah anak gak?,ask_facilities
i need assistance dong,greet
Maaf mau tanya Kalo hari Sabtu Palembang Trade Center buka deh,ask_operating_hours
Kak Halo ya kak,greet
Pasar 16 Ilir ada toilet gak?,ask_facilities
Maaf mau tanya LRT berhenti dekat wisata mana,ask_lrt_destinations
Min Suka sama jawabannya,provide_feedback
Bang Ada yang aktif?,greet
Halo smart bot dong kak,provide_feedback
Maaf mau tanya Ada masjid di Palembang ya,ask_category
Mau nanya dong LRT bisa ke Palembang Trade Center gak ya kak,ask_lrt_destinations
Kak bang mau nanya ya kak,greet
Yang termasuk taman apa aja?,ask_category
Good info,provide_feedback
Bang Are there restrooms dong,ask_facilities
Permisi Ceritakan joke dong kak,ask_unrelated
Permisi Ada gak wisata yang bisa ditempuh LRT deh,ask_lrt_destinations
Maaf mau tanya Naik apa ke Kambang Iwak?,ask_location_access
Eh Secret places in Palembang sih,ask_hidden_gems
permisi ya kak,greet
Kak info jam buka Pasar 16 Ilir dong kak,ask_operating_hours
What's the entry fee for Kampung Kapitan?,ask_ticket_price
Eh Wisata Tionghoa di Palembang sih,ask_category
Kak Recommend nature tourism in Palembang sih,ask_category
Kak Underrated tourist spots in Palembang dong,ask_hidden_gems
Harga emas hari ini dong,ask_unrelated
Info lebih lanjut dong,ask_destination_info
Akses ke Pulau Kemaro mudah gak?,ask_location_access
Kak penjelasannya bagus kak deh,provide_feedback
"Kak Mau explore Palembang pakai LRT, kemana aja bisa dong kak",ask_lrt_destinations
Bang LRT bisa ke BKB gak?,ask_lrt_destinations
Min Wisata instagramable Palembang ya kak,ask_recommendation
Permisi Local favorites in Palembang deh,ask_hidden_gems
Thanks infonya,goodbye
Wisata religi Palembang apa aja?,ask_category
Maaf mau tanya Yang termasuk wisata sejarah apa aja,ask_category
Wisata yang gak pasaran di Palembang?,ask_hidden_gems
Maaf mau tanya Wisata sungai Palembang ya kak,ask_category
Apa yang menarik dari Amanzi?,ask_destination_info
Bang Mau tanya jam operasional Palembang Square deh,ask_operating_hours
Hello mau tanya,greet
Tolong kasih tau alamat Kawah Tengkurep,ask_location_access
"Excuse me, does Bukit Siguntang bridge have a mosque?",ask_facilities
Jadwal buka Kawah Tengkurep kapan ya?,ask_operating_hours
Permisi SMB II fasilitasnya apa aja?,ask_facilities
Maaf mau tanya ada wisata yang jarang orang tau?,ask_hidden_gems
Min tempat wisata yang dilalui lrt?,ask_lrt_destinations
Price to enter Al-Munawar Arab Village?,ask_ticket_price
Bang Kayak apa sih tempatnya dong kak,ask_destination_info
Hey list of historical sites in palembang?,ask_category
Halo Wisata anti mainstream Palembang?,ask_hidden_gems
Cukup sekian,goodbye
Bang Thanks udah bantu ya,goodbye
Permisi Palembang Trade Center ada spot foto gak?,ask_facilities
Dari pusat kota ke Museum Balaputra Dewa berapa lama?,ask_location_access
Apakah Kampung Kapitan gratis?,ask_ticket_price
Mau nanya dong Masjid Cheng Ho berbayar atau gratis?,ask_ticket_price
Min selamat malam,greet
Mau tanya jam operasional Masjid Cheng Ho,ask_operating_hours
Kak berapa harga tiket Kampung Arab Al-Munawar?,ask_ticket_price
Al-Munawar buka sampai malam gak?,ask_operating_hours
Review tentang Punti Kayu,ask_destination_info
Permisi Kapan sih Museum Sultan Mahmud Badaruddin II buka?,ask_operating_hours
"Hi, What are the best places to visit in Palembang",ask_recommendation
Bang harga tiket masuk Bukit Siguntang sekarang berapa?,ask_ticket_price
Mau nanya dong Ada tempat wisata baru di Palembang,ask_hidden_gems
Permisi Apa Amanzi Waterpark bisa dijangkau LRT ya,ask_lrt_destinations
Apa Kampung Kapitan bayar?,ask_ticket_price
What's the location of Al-Munawar Arab Village?,ask_location_access
Mau tanya harga tiket Al-Munawar,ask_ticket_price
Mau nanya dong Baik terima kasih ya,goodbye
Kak dari pusat kota ke Kemaro berapa lama?,ask_location_access
Cara daftar CPNS gimana?,ask_unrelated
Hidden spots in Palembang dong,ask_hidden_gems
Halo Hotels in Jakarta,ask_unrelated
Terima kasih infonya,goodbye
tempat wisata unik di palembang?,ask_hidden_gems
Eh Pulau Kemaro dekat stasiun LRT mana dong,ask_lrt_destinations
Kak museums in palembang?,ask_category
Maaf mau tanya non-touristy places in palembang?,ask_hidden_gems
Wisata sore hari di Palembang?,ask_recommendation
Mau nanya dong oke cukup kak makasih banyak ya,goodbye
Min Terima kasih banyak,goodbye
"Hello, which places can i visit using lrt??",ask_lrt_destinations
Eh min alamat Amanzi apa ya?,ask_location_access
Eh Wisata museum di Palembang apa aja dong,ask_category
When does Fantasy Island Arab Village close sih,ask_operating_hours
I want to know what museums are in palembang??,ask_category
Are there toilets at Monpera?,ask_facilities
List of religious tourism in Palembang?,ask_category
Kapan sih Palembang Trade Center buka?,ask_operating_hours
Tell me about Benteng Kuto Besak,ask_destination_info
Min Unexplored attractions in Palembang nih,ask_hidden_gems
Permisi Oke cukup kak makasih banyak nih,goodbye
Palembang LRT tourism destinations dong,ask_lrt_destinations
Ada wifi di Kampung Arab Al-Munawar?,ask_facilities
Which places can I visit using LRT?,ask_lrt_destinations
Mau nanya dong Alamat lengkap Monpera sih,ask_location_access
"Hello, Is Bukit Siguntang near an LRT station",ask_lrt_destinations
Eh Dari stasiun LRT bisa ke wisata apa dong kak,ask_lrt_destinations
Bang rekomendasikan destinasi wisata palembang ya kak,ask_recommendation
Yang termasuk wisata religi apa aja?,ask_category
Min P deh,greet
Halo Kak wisata yang bisa naik LRT apa aja sih,ask_lrt_destinations
Tempat makan di sekitar Ampera ada?,ask_facilities
Sampai jumpa,goodbye
Permisi Fasilitasnya apa aja ya,ask_facilities
Permisi religious tourism places in Palembang?,ask_category
Halo Are there restrooms ya kak,ask_facilities
Is Grand Mosque of Palembang far from the city center?,ask_location_access
Mau nanya dong Wisata tersembunyi di Palembang dong,ask_hidden_gems
Min di Taman Kambang Iwak Besak itu kita bisa ngapain aja,ask_destination_info
Eh berapa biaya masuk ke Palembang Trade Center?,ask_ticket_price
"Excuse me, List of historical sites in Palembang",ask_category
Hey Does Jakabaring Arab Village have a mosque??,ask_facilities
Eh Destinasi tersembunyi Palembang ada gak ya kak,ask_hidden_gems
How to cook an egg?,ask_unrelated
Kapan Museum Sultan Mahmud Badaruddin II buka?,ask_operating_hours
Permisi Wisata sore hari di Palembang sih,ask_recommendation
Maaf mau tanya Hidden gems di Palembang apa dong kak,ask_hidden_gems
Maaf mau tanya Naik apa ke Fantasy Island?,ask_location_access
Maaf mau tanya Mau cari wisata alam di Palembang,ask_category
Can you tell me what facilities are available at Amanzi??,ask_facilities
Permisi good info dong,provide_feedback
Best movies of 2024?,ask_unrelated
Min Test bot ya kak,greet
Kasih pantun dong,ask_unrelated
Why is Grand Mosque of Palembang famous?,ask_destination_info
Maaf mau tanya Oke terima kasih banyak ya,goodbye
Tourist recommendations for Palembang ya,ask_recommendation
Monpera itu apa?,ask_destination_info
Cara mengobati flu nih,ask_unrelated
Palembang Icon terkenal karena apa?,ask_destination_info
Mau nanya dong Stasiun LRT dekat tempat wisata ya,ask_lrt_destinations
Bye for now,goodbye
Hey how much is the ticket to Masjid Agung Palembang forest??,ask_ticket_price
Bang Tempat wisata yang dilalui LRT sih,ask_lrt_destinations
Mau ke tempat bersejarah di Palembang,ask_category
Permisi Jam operasional Hutan Wisata Punti Kayu?,ask_operating_hours
Berapa duit masuk Kampung Arab Al-Munawar?,ask_ticket_price
Oke thanks nih,goodbye
Maaf mau tanya Wisata romantis di Palembang sih,ask_recommendation
Kak makasih ya infonya ya,goodbye
Maaf mau tanya 5 bintang deh kak,provide_feedback
Halo Arah ke Monpera gimana deh,ask_location_access
Amanzi Waterpark gratis gak sih?,ask_ticket_price
Halo Local favorites in Palembang dong,ask_hidden_gems
Min Harga tiket Museum Balaputra Dewa berapa ya?,ask_ticket_price
Permisi Hidden gems di Palembang apa,ask_hidden_gems
"Mau naik LRT, wisata apa yang dekat?",ask_lrt_destinations
Halo oke kak noted deh,provide_feedback
Ada fasilitas apa di Jembatan Ampera?,ask_facilities
Eh Kak dimana ya Kemaro?,ask_location_access
apa yang bikin BKB ini spesial?,ask_destination_info
Kak Tempat wisata alternatif Palembang ya,ask_hidden_gems
Eh Cultural attractions in Palembang dong kak,ask_category
Bang Mau ke tempat yang unik dan sepi?,ask_hidden_gems
Maaf mau tanya Tempat wisata alternatif Palembang sih,ask_hidden_gems
Min Rekomendasikan tempat wisata di Palembang,ask_recommendation
Eh Yang termasuk taman apa aja dong,ask_category
Halo Sangat membantu nih,provide_feedback
Eh slmat pagi deh,greet
Update harga tiket Palembang Square dong,ask_ticket_price
The answer is very detailed,provide_feedback
Bang Best destinations in Palembang dong kak,ask_recommendation
Permisi 5 stars ya kak,provide_feedback
Bang oke kak sampai jumpa dong,goodbye
Maaf mau tanya Palembang Square terkenal karena apa?,ask_destination_info
Maaf mau tanya oke paham,provide_feedback
Cara ke sana gimana?,ask_location_access
Maaf mau tanya Wisata masjid di Palembang apa aja ya kak,ask_category
Mau nanya dong Tempat masjid di Palembang?,ask_category
Kampung Kapitan itu apa?,ask_destination_info
Min Kasih rekomendasi wisata dong kak dong,ask_recommendation
What time does it open?,ask_operating_hours
Maaf mau tanya Kak ada hidden gems gak dong kak,ask_hidden_gems
When is Kampung Kapitan open?,ask_operating_hours
Weekend Punti Kayu buka?,ask_operating_hours
well explained sih,provide_feedback
Bang awesome thanks dong,goodbye
"Hello, What days is Museum Balaputra Dewa open?",ask_operating_hours
Jam operasional Benteng Kuto Besak?,ask_operating_hours
What's the address of SMB II Bridge please,ask_location_access
Museum Sultan Mahmud Badaruddin II buka hari apa aja?,ask_operating_hours
Berapa biaya masuk ke Punti Kayu?,ask_ticket_price
"Hi, tell me a story",ask_unrelated
Halo Tiket pesawat ke Bali berapa dong kak,ask_unrelated
Eh Info wisata budaya Palembang dong,ask_category
"Hello, Do I need to pay to enter Pulau Kemaro?",ask_ticket_price
Berapa biaya masuk ke Jakabaring?,ask_ticket_price
Best places to visit by LRT nih,ask_lrt_destinations
Halo sampai nanti kak ya kak,goodbye
Jadwal buka KI kapan ya?,ask_operating_hours
Fasilitas apa saja di PTC?,ask_facilities
Eh Ada hidden gems gak di Palembang ya,ask_hidden_gems
Min Wisata yang bisa dikunjungi sehari?,ask_recommendation
Eh Hidden gem Palembang yang recommended?,ask_hidden_gems
Maaf mau tanya Min tolong saran wisata dong?,ask_recommendation
Halo Wisata yang belum banyak orang tau di Palembang,ask_hidden_gems
Eh update harga tiket Punti Kayu dong kak,ask_ticket_price
Mau nanya dong Tempat wisata yang gak rame dong kak,ask_hidden_gems
Eh Hidden gem Palembang yang recommended ya,ask_hidden_gems
Halo Enaknya kemana ya di Palembang sih,ask_recommendation
Kalo hari Sabtu Hutan Wisata Punti Kayu buka?,ask_operating_hours
Min culinary tourism places in Palembang,ask_category
What museums are in Palembang please,ask_category
Al Quran Al Akbar itu apa?,ask_destination_info
Mau nanya dong aku lagi sedih nih,ask_unrelated
Mau nanya dong Kamu robot ya,ask_unrelated
Please How much is the ticket to Grand Mosque of Palembang please,ask_ticket_price
Permisi BKB tutup jam berapa nih,ask_operating_hours
Min Wisata yang cocok untuk keluarga nih,ask_recommendation
Is there an entry fee for Kambang Iwak Park?,ask_ticket_price
Permisi Yang termasuk wisata budaya apa aja?,ask_category
Palembang Square ada tempat istirahat?,ask_facilities
Halo Dari jam berapa Taman Kebon Rojo buka?,ask_operating_hours
Halo Ada wifi di Punti Kayu?,ask_facilities
Halo selamat pagi,greet
Bang Tiket masuk Jakabaring berapa dong,ask_ticket_price
Mau nanya dong Taman Kebon Rojo bayar berapa sih,ask_ticket_price
Kak Wisata accessible by LRT deh,ask_lrt_destinations
Can you tell me how do i get to Taman Kambang Iwak Besak park?,ask_location_access
Bang Benteng Kuto Besak ada toilet gak nih,ask_facilities
Mau nanya dong segitu dulu kak thanks sih,goodbye
Kak is PIM bridge child-friendly?,ask_facilities
Kapan Bukit Siguntang buka?,ask_operating_hours
Mau nanya dong oke kak noted dong,provide_feedback
"Min Got it, thanks nih",goodbye
Halo tiket SMB II berapa sih?,ask_ticket_price
Halo Mau jalan-jalan pakai LRT bisa kemana deh,ask_lrt_destinations
Maaf mau tanya Bisa naik apa ke sana nih,ask_location_access
Nais dong,provide_feedback
"Hi, what is Kambang Iwak?",ask_destination_info
Is Al-Munawar Arab Village child-friendly?,ask_facilities
Rekomendasi hidden gems dong kak,ask_hidden_gems
"Hello, I'm a tourist",greet
Ada fasilitas apa di Masjid Agung Palembang?,ask_facilities
Halo Location of Bukit Siguntang?,ask_location_access
Min Palembang tourism recommendations ya,ask_recommendation
Resep kue bolu?,ask_unrelated
Min Info lokasi Pulau Kemaro dong?,ask_location_access
Mau tanya jam operasional PIM,ask_operating_hours
Mau nanya dong very detailed sih,provide_feedback
Eh Amazing response,provide_feedback
Lewat mana ya?,ask_location_access
Eh Can someone help me ya kak,greet
Can you tell me Can I reach tourist places by LRT thanks,ask_lrt_destinations
Maaf mau tanya Pagi kak dong,greet
Halo clear explanation ya kak,provide_feedback
Mau tanya dong kak harga tiket Benteng Kuto Besak,ask_ticket_price
Permisi Hidden gem Palembang yang recommended deh,ask_hidden_gems
Bang Which tourist spots are near LRT stations ya kak,ask_lrt_destinations
Eh history of Monpera arab village?,ask_destination_info
Halo Anime yang bagus apa deh,ask_unrelated
Permisi Ceritakan tentang dinosaurus ya kak,ask_unrelated
Pasar 16 Ilir buka hari apa aja?,ask_operating_hours
Kampung Kapitan ramah anak gak?,ask_facilities
Wisata gratis di Palembang ada gak dong kak,ask_recommendation
Halo Rekomendasi wisata untuk liburan singkat ya kak,ask_recommendation
Kak kalo hari sabtu Al Quran Al Akbar buka?,ask_operating_hours
Wisata yang bisa pake LRT?,ask_lrt_destinations
Hai kak masih aktif?,greet
I want to know Is SMB Arab Village open in the morning??,ask_operating_hours
Permisi amazing response sih,provide_feedback
Bang Any historical sites in Palembang dong kak,ask_category
Can you tell me what parks are in palembang?,ask_category
What is Monpera?,ask_destination_info
Kak suka sama jawabannya ya kak,provide_feedback
Bang Unexplored attractions in Palembang sih,ask_hidden_gems
apa yang bikin Palembang Square ini spesial?,ask_destination_info
Maaf mau tanya makasih kak nanti saya tanya lagi,goodbye
Where can I find religious tourism in Palembang?,ask_category
Eh Pulau Kemaro di mana ya?,ask_location_access
I want to know Off the beaten path places in Palembang,ask_hidden_gems
Mau nanya dong Kampung Arab Al-Munawar ada spot foto gak?,ask_facilities
Min Oke makasih kak sangat membantu ya,goodbye
Bang Apakah ada wisata yang bisa dijangkau LRT?,ask_lrt_destinations
Bang Palembang LRT tourism destinations dong,ask_lrt_destinations
Min Hidden spots in Palembang deh,ask_hidden_gems
How do I get there?,ask_location_access
Bang oke segitu dulu ya kak,goodbye
"Thanks, see you next time ya kak",goodbye
Mau nanya dong SMB II deket stasiun lrt mana?,ask_location_access
Min Haai ya,greet
Halo Ampera buka hari apa aja dong,ask_operating_hours
Permisi Wisata wisata kuliner di Palembang apa aja dong,ask_category
Mau nanya dong Pasar 16 Ilir hari libur buka gak?,ask_operating_hours
Halo Wisata yang belum mainstream sih,ask_hidden_gems
Hey Can I take LRT to visit tourist places thanks,ask_lrt_destinations
Berapa biaya masuk ke Museum Balaputra Dewa?,ask_ticket_price
What makes Punti Kayu Forest unique?,ask_destination_info
Ke Punti Kayu bayar berapa ya?,ask_ticket_price
Halo Wisata air di Palembang ada ya kak,ask_category
Cuaca hari ini gimana nih,ask_unrelated
Min When does Pulau Kemaro Bridge close?,ask_operating_hours
Rute ke Pulau Kemaro gimana?,ask_location_access
Kemana aja bisa naik LRT untuk wisata?,ask_lrt_destinations
Bang tiket PIM berapa?,ask_ticket_price
Lokasinya dimana ya?,ask_location_access
Maaf mau tanya Wisata yang belum mainstream sih,ask_hidden_gems
Mau ke Fantasy Island lewat mana?,ask_location_access
Permisi Tourist spots along LRT route dong,ask_lrt_destinations
Min Aku mau cerita,ask_unrelated
Tiket masuk KI berapa?,ask_ticket_price
Min Ada wifi di Palembang Trade Center?,ask_facilities
Eh Ticket price for Punti Kayu Park dong,ask_ticket_price
Maaf mau tanya Kampung Arab Al-Munawar buka sampai malam gak?,ask_operating_hours
Bang Apotek 24 jam di Palembang nih,ask_unrelated
"Hi, off the beaten path places in palembang?",ask_hidden_gems
Cuaca hari ini gimana dong,ask_unrelated
Hai dong,greet
Permisi Makasih ya kak,goodbye
Mau nanya dong Museums in Palembang?,ask_category
Bang Quiet but beautiful places in Palembang?,ask_hidden_gems
Eh Stasiun LRT dekat tempat wisata sih,ask_lrt_destinations
Mau nanya dong Palembang Icon bagus gak ya,ask_destination_info
"Hi, off the beaten path places in palembang??",ask_hidden_gems
Kasih tau dong tentang SMB,ask_destination_info
Mau nanya dong Wisata murah yang bisa naik LRT?,ask_lrt_destinations
alamat lengkap Kampung Arab Al-Munawar?,ask_location_access
What can I see at Kambang Iwak Park?,ask_destination_info
"Eh mau keliling palembang naik lrt, kemana aja?",ask_lrt_destinations
Kak Siapa BTS nih,ask_unrelated
"Bang Mau keliling Palembang naik LRT, kemana aja?",ask_lrt_destinations
Eh misi sih,greet
Fasilitas apa saja di Kawah Tengkurep?,ask_facilities
Wisata religi Palembang apa aja deh,ask_category
Siang kak,greet
Eh hello mau tanya dong kak,greet
Tempat makan di sekitar Palembang Trade Center ada deh,ask_facilities
Permisi Kak rekomendasiin dong wisata di Palembang?,ask_recommendation
Update harga tiket Pasar 16 Ilir dong,ask_ticket_price
Tolong kasih tau alamat Amanzi deh,ask_location_access
Maaf mau tanya Museum Balaputra Dewa dekat stasiun LRT mana nih,ask_lrt_destinations
I want to know What to see in Palembang?,ask_recommendation
Facilities?,ask_facilities
Eh Good info ya,provide_feedback
Halo Rumah sakit terdekat dong,ask_unrelated
Tempat-tempat wisata yang aksesibel LRT ya,ask_lrt_destinations
Can you tell me When is Al-Munawar Arab Village open please,ask_operating_hours
Kak mau cari taman di palembang ya,ask_category
Halo Nice dong,provide_feedback
Halo 1+1 berapa dong kak,ask_unrelated
Min Wisata Palembang yang belum banyak orang kunjungi?,ask_hidden_gems
Kayak apa sih tempatnya?,ask_destination_info
Eh fasilitas pendukung Kambang Iwak?,ask_facilities
Any culinary tourism in Palembang?,ask_category
Wisata apa yang recommended di Palembang nih,ask_recommendation
Halo Tempat wisata budaya di Palembang nih,ask_category
Kak Destinasi favorit di Palembang nih,ask_recommendation
Maaf mau tanya Tips belajar bahasa Inggris deh,ask_unrelated
dadah ya kak,goodbye
hai tanyakito ya,greet
kenapa orang-orang suka ke Kemaro?,ask_destination_info
Eh Hai TanyaKito,greet
Kak apakah SMB II buka hari minggu?,ask_operating_hours
Halo hai kak masih aktif?,greet
Mau nanya dong hello there ya kak,greet
Permisi 5 stars,provide_feedback
Mau nanya dong ticket price for sultan mahmud badaruddin ii museum?,ask_ticket_price
Halo Non-touristy places in Palembang deh,ask_hidden_gems
Eh Sejarah Masjid Cheng Ho apa ya kak,ask_destination_info
Kak Apakah OPI Mall dekat stasiun LRT sih,ask_lrt_destinations
Permisi Info lokasi Museum Sultan Mahmud Badaruddin II dong?,ask_location_access
KI tutup jam berapa?,ask_operating_hours
Halo info tentang KI ya kak,ask_destination_info
Kak Top tourist attractions in Palembang ya kak,ask_recommendation
Taman Kebon Rojo itu apa?,ask_destination_info
Halo Siap kak dong kak,provide_feedback
"Excuse me, Thanks for the info",provide_feedback
Bang sip makasih dong,goodbye
Permisi Wah keren infonya sih,provide_feedback
Where is Ampera Bridge?,ask_location_access
What are the operating hours of Sultan Mahmud Badaruddin II Museum?,ask_operating_hours
Jakabaring ada tempat istirahat?,ask_facilities
Akses ke Jembatan Ampera mudah gak?,ask_location_access
"Bang thanks, see you next time",goodbye
Ceritakan tentang Taman Kebon Rojo dong,ask_destination_info
Kampung Arab Al-Munawar buka sampai malam gak?,ask_operating_hours
Al Quran Al Akbar buka jam berapa?,ask_operating_hours
Jam operasional Jakabaring?,ask_operating_hours
Maaf mau tanya helo nih,greet
"Hi, Is there an entry fee for Pulau Kemaro Arab Village??",ask_ticket_price
"Halo mau explore palembang pakai lrt, kemana aja bisa?",ask_lrt_destinations
Eh Unexplored attractions in Palembang dong kak,ask_hidden_gems
Permisi Nais sih,provide_feedback
I want to know Where can I find religious tourism in Palembang?,ask_category
Info tentang Jakabaring,ask_destination_info
Apa bahasa Inggrisnya kucing?,ask_unrelated
Berapa ya tiket Kambang Iwak?,ask_ticket_price
BKB ada spot foto gak?,ask_facilities
Eh adminnya mana dong kak,ask_unrelated
Al-Munawar ada spot foto gak?,ask_facilities
Can you tell me what's the ticket price for Palembang Icon?,ask_ticket_price
HTM nya berapa?,ask_ticket_price
Maaf mau tanya Apakah Benteng Kuto Besak dekat LRT?,ask_lrt_destinations
Maaf mau tanya Wisata malam di Palembang kemana nih,ask_recommendation
Bang Harga tiket Kambang Iwak berapa ya?,ask_ticket_price
Permisi Kawah Tengkurep itu tempat apa sih?,ask_destination_info
Permisi Akses ke Al-Munawar mudah gak,ask_location_access
Kak jelas banget penjelasannya dong kak,provide_feedback
Kak Wisata yang gak pasaran di Palembang,ask_hidden_gems
Ping,greet
Mau nanya dong kira-kira harga tiket Masjid Cheng Ho berapa?,ask_ticket_price
I want to know How to make money online thanks,ask_unrelated
Eh Ada wisata dekat LRT gak?,ask_lrt_destinations
Bang apa itu cryptocurrency?,ask_unrelated
Bang Siang min nih,greet
Halo Wisata accessible by LRT,ask_lrt_destinations
Maaf mau tanya Naik LRT bisa ke wisata mana aja sih,ask_lrt_destinations
Min Must-visit places in Palembang,ask_recommendation
Wisata instagramable Palembang?,ask_recommendation
Maaf mau tanya good answer,provide_feedback
Eh Menarik gak Benteng Kuto Besak?,ask_destination_info
Eh stasiun lrt terdekat ke tempat wisata mana?,ask_lrt_destinations
Permisi Popular tourist spots in Palembang sih,ask_recommendation
Eh Malam ya kak,greet
Maaf mau tanya P dong,greet
mau tanya harga tiket Masjid Cheng Ho nih,ask_ticket_price
Eh Oke sip mantap dong,provide_feedback
Eh Weekend Masjid Agung Palembang buka?,ask_operating_hours
Kak Mau tanya nih?,greet
Halo kak mau nanya dong,greet
Mau nanya dong Informatif banget,provide_feedback
Min Dari jam berapa Museum Balaputra Dewa buka ya kak,ask_operating_hours
Wisata tersembunyi di Palembang deh,ask_hidden_gems
Apakah Pasar 16 Ilir buka 24 jam?,ask_operating_hours
Eh LRT Palembang stop di wisata mana ya,ask_lrt_destinations
Ticket price for Benteng Kuto Besak?,ask_ticket_price
Can you tell me Are you a robot please,ask_unrelated
Min harga masuk Pasar 16 Ilir berapa?,ask_ticket_price
Bang Min rekomendasi wisata Palembang apa?,ask_recommendation
Maaf mau tanya Naik apa ke Palembang Square nih,ask_location_access
Jawaban yang sangat membantu,provide_feedback
Kak Address of Museum Sultan Mahmud Badaruddin II deh,ask_location_access
Fasilitas pendukung Taman Kambang Iwak Besak?,ask_facilities
Udah cukup,goodbye
Mau nanya dong Hai boleh tanya dong,greet
Sangat membantu,provide_feedback
Maaf mau tanya bingung mau bawa keluarga jalan-jalan kemana dong,ask_recommendation
Dari jam berapa Jakabaring buka?,ask_operating_hours
Eh gambar kucing dong kak,ask_unrelated
Min Dari jam berapa Ampera buka sih,ask_operating_hours
Kak Sore kak nih,greet
Maaf mau tanya Is Kampung Kapitan Bridge worth visiting ya kak,ask_destination_info
Min Yang termasuk wisata budaya apa aja,ask_category
Tempat wisata religi di Palembang?,ask_category
Permisi Wisata tersembunyi di Palembang dong,ask_hidden_gems
Mau tanya dong kak harga tiket Kampung Kapitan,ask_ticket_price
Kak that makes sense dong kak,provide_feedback
How much for Monpera tickets?,ask_ticket_price
Kak mau tanya nih,greet
Ada wisata kuliner di Palembang?,ask_category
Membantu banget,provide_feedback
Halo hai hai,greet
Eh Ada wifi di Palembang Icon?,ask_facilities
Mau nanya dong Any cultural tourism in Palembang?,ask_category
Museum Balaputra Dewa buka setiap hari dong,ask_operating_hours
Mau nanya dong Ada hidden gems gak di Palembang sih,ask_hidden_gems
Terima kasih infonya sangat berguna,provide_feedback
Maaf mau tanya Smart bot dong kak,provide_feedback
Bang Cara menuju Kawah Tengkurep gimana sih,ask_location_access
Mau nanya dong Apa SMB II bisa dijangkau LRT dong,ask_lrt_destinations
Jadwal kereta api Jakarta?,ask_unrelated
Berapa harga tiket masuk Ampera?,ask_ticket_price
Please What's the price of iPhone??,ask_unrelated
Kak What's SMB II Park like deh,ask_destination_info
Maaf mau tanya LRT Palembang stop di wisata mana dong kak,ask_lrt_destinations
Kak halo kamu cantik dong kak,ask_unrelated
"Mau nanya dong Hey, anyone there sih",greet
Halo Parkiran Kampung Arab Al-Munawar luas gak?,ask_facilities
PTC hari libur buka gak?,ask_operating_hours
Tips menurunkan berat badan?,ask_unrelated
What's the ticket price for Sultan Mahmud Badaruddin II Museum?,ask_ticket_price
Halo Weekday Kemaro buka jam berapa?,ask_operating_hours
Apa BKB bisa dijangkau LRT?,ask_lrt_destinations
Hi there,greet
Halo kasih tau deskripsinya dong,ask_destination_info
I want to know How to go to Hutan Wisata Punti Kayu?,ask_location_access
Biaya tiket Kambang Iwak berapa kak?,ask_ticket_price
Help me please,greet
Mau minta saran wisata Palembang,ask_recommendation
Permisi Destinasi tersembunyi Palembang ada gak?,ask_hidden_gems
Bang Good answer,provide_feedback
Describe Jakabaring Sport City,ask_destination_info
Seru gak Taman Kebon Rojo?,ask_destination_info
Bang secret places in palembang?,ask_hidden_gems
gambar kucing dong kak,ask_unrelated
Halo halo kak saya turis deh,greet
Eh Hutan Wisata Punti Kayu dekat stasiun LRT mana sih,ask_lrt_destinations
How much for Al-Munawar Arab Village tickets?,ask_ticket_price
Permisi Palembang punya wisata sejarah apa dong,ask_category
Assalamualaikum mau tanya,greet
Maaf mau tanya Arah ke Al-Munawar gimana?,ask_location_access
sejarah Monpera apa ya?,ask_destination_info
I want to know Is Masjid Cheng Ho near an LRT station please,ask_lrt_destinations
Min harga masuk KI berapa?,ask_ticket_price
Eh mau ke Museum Sultan Mahmud Badaruddin II lewat mana?,ask_location_access
"Hi, can you help me",greet
Bang Kemaro ada area bermain anak?,ask_facilities
Places that tourists don't usually go dong,ask_hidden_gems
Kak Min tolong saran wisata dong kak,ask_recommendation
Halo Recipe for chocolate cake nih,ask_unrelated
Halo canggih botnya nih,provide_feedback
Mau nanya dong Stasiun LRT dekat tempat wisata dong kak,ask_lrt_destinations
Min Wisata yang gak pasaran di Palembang ya,ask_hidden_gems
Ceritakan tentang PIM?,ask_destination_info
Maaf mau tanya Apa itu machine learning dong kak,ask_unrelated
Kak ada wisata kuliner gak di Palembang?,ask_category
Mau nanya dong Tiket pesawat ke Bali berapa ya,ask_unrelated
Mau nanya dong very accurate dong,provide_feedback
Maaf mau tanya location of Bukit Siguntang?,ask_location_access
Greetings,greet
Min Taman Kambang Iwak Besak hari libur buka gak,ask_operating_hours
Bang What's the address nih,ask_location_access
Is Masjid Agung Palembang Bridge child-friendly?,ask_facilities
What destinations are accessible by LRT?,ask_lrt_destinations
Kak apakah Al Quran Al Akbar dekat stasiun lrt?,ask_lrt_destinations
Permisi Ampera ramah anak gak,ask_facilities
Kak tempat makan di sekitar Palembang Icon ada?,ask_facilities
"Hi, Is Amanzi near an LRT station",ask_lrt_destinations
Kak parks places in Palembang ya,ask_category
Halo Palembang punya wisata sejarah apa ya kak,ask_category
Min Mau cari masjid di Palembang dong,ask_category
Tutup jam berapa?,ask_operating_hours
What makes Grand Mosque of Palembang unique?,ask_destination_info
asal usul Jembatan Ampera ini gimana ceritanya?,ask_destination_info
Permisi keren sih ini botnya ya,provide_feedback
Kak Taxi online di Palembang nih,ask_unrelated
Jadwal sholat hari ini?,ask_unrelated
Eh Ada museum di Palembang dong kak,ask_category
Kak Min alamat Masjid Agung Palembang apa ya?,ask_location_access
Weekday Kambang Iwak buka jam berapa?,ask_operating_hours
Mau nanya dong Wisata apa yang cocok untuk foto-foto?,ask_recommendation
Eh Tips menurunkan berat badan,ask_unrelated
Bang Makasih banyak ya kak,goodbye
Permisi Very detailed nih,provide_feedback
Eh very informative sih,provide_feedback
Taman Kambang Iwak Besak berbayar atau gratis?,ask_ticket_price
Permisi Monpera aksesnya lewat LRT bisa?,ask_lrt_destinations
"Hi, Unique places to visit in Palembang??",ask_hidden_gems
Min Cukup dulu ya kak,goodbye
Wah keren infonya,provide_feedback
Slmt siang,greet
Maaf mau tanya Ada wifi di Pasar 16 Ilir deh,ask_facilities
Kira-kira harga tiket Pasar 16 Ilir berapa?,ask_ticket_price
Can you tell me is admission to grand mosque of palembang free?,ask_ticket_price
Halo bye dong,goodbye
Eh ada apa aja sih di BKB?,ask_destination_info
Bye bye ya,goodbye
Tempat wisata yang gak rame?,ask_hidden_gems
Hey Best places for tourists in Palembang thanks,ask_recommendation
Mau nanya dong Destinasi yang LRT accessible sih,ask_lrt_destinations
Buka setiap hari nih,ask_operating_hours
Kak 5 bintang deh,provide_feedback
Permisi PTC buka dari jam berapa sampai jam berapa?,ask_operating_hours
Min Mau jalan-jalan di Palembang kemana ya kak,ask_recommendation
Permisi Destinasi museum Palembang dong,ask_category
Halo Wisata baru yang belum terkenal ya kak,ask_hidden_gems
Kak Yang termasuk museum apa aja dong,ask_category
Maaf mau tanya PTC ada tempat parkir?,ask_facilities
Harga masuk Bukit Siguntang berapa ya kak?,ask_ticket_price
Berapa harga iPhone terbaru ya,ask_unrelated
See you later,goodbye
Tempat paling menarik di Palembang nih,ask_recommendation
Eh Secret places in Palembang deh,ask_hidden_gems
Dimana lokasi Hutan Wisata Punti Kayu?,ask_location_access
Bang Kasih info Al Quran Al Akbar ya kak nih,ask_destination_info
"Excuse me, How to learn programming?",ask_unrelated
Ada fasilitas apa di KI?,ask_facilities
Kak Kamu bodoh,ask_unrelated
Kasih tau dong tentang Pulau Kemaro?,ask_destination_info
Berapa harga tiket masuk Taman Kambang Iwak Besak?,ask_ticket_price
Bang p nih,greet
Eh Bye kak makasih ya kak,goodbye
Slmat pagi,greet
Bang Wisata yang cocok untuk keluarga sih,ask_recommendation
see you later sih,goodbye
Eh ada apa aja sih di Bukit Siguntang?,ask_destination_info
Eh Underrated tourist spots in Palembang?,ask_hidden_gems
Can you tell me Where can I find nature tourism in Palembang please,ask_category
Halo kamu cantik,ask_unrelated
Kenapa Jakabaring Sport City terkenal?,ask_destination_info
Halo harga tiket masuk Palembang Icon sekarang berapa?,ask_ticket_price
Dari jam berapa Kambang Iwak buka?,ask_operating_hours
Mau nanya dong Hari ini OPI Mall buka gak ya?,ask_operating_hours
Bang Wisata sungai Palembang ya,ask_category
Kak Membantu banget dong kak,provide_feedback
Permisi Chatbot nya bagus dong,provide_feedback
Eh Aplikasinya keren ya,provide_feedback
Kak Apakah Siguntang dekat stasiun LRT?,ask_lrt_destinations
"Hello, where can i find museums in palembang??",ask_category
Bang Review tentang Kampung Kapitan dong kak,ask_destination_info
Eh Kapan Kambang Iwak buka?,ask_operating_hours
Mau nanya dong waalaikumsalam dong,goodbye
"Hi, I'm visiting Palembang",greet
Halo Mau liburan di Palembang kemana ya kak,ask_recommendation
Mau nanya dong Ada hidden gems gak di Palembang,ask_hidden_gems
Maaf mau tanya membantu banget kak ya kak,provide_feedback
Bang Does Museum Sultan Mahmud Badaruddin II Forest have parking dong,ask_facilities
Tell me a joke,ask_unrelated
Maaf mau tanya Infonya oke banget,provide_feedback
Eh Harga masuk Palembang Square berapa ya kak ya,ask_ticket_price
Dimana lokasi Jakabaring Sport City?,ask_location_access
Mau nanya dong What's love,ask_unrelated
Halo Wisata baru yang belum terkenal dong,ask_hidden_gems
Kak Directions to Al-Munawar deh,ask_location_access
Permisi Tempat wisata unik di Palembang ya kak,ask_hidden_gems
Maaf mau tanya Oke bagus dong kak,provide_feedback
Masjid Cheng Ho ada kantin gak?,ask_facilities
Ceritakan tentang Taman Kambang Iwak Besak,ask_destination_info
Min Kak fasilitas BKB apa aja ya,ask_facilities
Permisi Siapa BTS,ask_unrelated
Wisata apa aja yang dekat jalur LRT?,ask_lrt_destinations
Permisi Al Quran Al Akbar terkenal karena apa,ask_destination_info
kapan Masjid Agung Palembang buka?,ask_operating_hours
Maaf mau tanya Min tolong saran wisata dong kak,ask_recommendation
wisata palembang yang aesthetic tapi sepi?,ask_hidden_gems
Masuk Taman Kebon Rojo gratis atau bayar?,ask_ticket_price
which places can i visit using lrt??,ask_lrt_destinations
Kak Rekomendasi wisata religi Palembang dong kak,ask_category
Halo pagi-pagi KI sudah buka belum?,ask_operating_hours
Rekomendasi wisata Palembang dong kak,ask_recommendation
Halo Palembang Square bayar berapa?,ask_ticket_price
Min Does Kampung Kapitan Island have food stalls dong kak,ask_facilities
Mau nanya dong hello nih,greet
appreciate it ya,goodbye
Info lokasi Jakabaring dong,ask_location_access
Wisata yang paling dekat LRT nih,ask_lrt_destinations
Maaf mau tanya Kampung Kapitan ada tempat parkir dong kak,ask_facilities
Biaya tiket Al Quran Al Akbar berapa kak?,ask_ticket_price
Rute ke Masjid Agung Palembang gimana?,ask_location_access
Permisi Thank you very much ya kak,goodbye
Noted kak,provide_feedback
Halo Membantu banget kak?,provide_feedback
Bang Wisata yang paling dekat LRT deh,ask_lrt_destinations
"Halo Bye, thanks for everything sih",goodbye
"Excuse me, Things to do in Palembang?",ask_recommendation
Halo info wisata kuliner palembang dong,ask_category
Maaf mau tanya Oke deh bye dong kak,goodbye
Mau nanya dong What's the weather today,ask_unrelated
Eh permisi mau tanya dong kak,greet
Maaf mau tanya Alternative tourist spots in Palembang?,ask_hidden_gems
Maaf mau tanya Hey ya,greet
Permisi Wisata sepi tapi bagus di Palembang dong,ask_hidden_gems
Halo Hidden spots in Palembang dong kak,ask_hidden_gems
Maaf mau tanya Unexplored attractions in Palembang dong kak,ask_hidden_gems
Bisa naik angkot ke SMB?,ask_location_access
okay thanks,goodbye
Mau nanya dong Mau liburan di Palembang kemana ya kak,ask_recommendation
Kak hotels in jakarta?,ask_unrelated
Mau nanya dong sudah cukup terima kasih,goodbye
Permisi does Al Quran Al Akbar bridge have parking?,ask_facilities
Bang Monpera ada tempat istirahat dong kak,ask_facilities
Mau nanya dong Mau jalan-jalan pakai LRT bisa kemana nih,ask_lrt_destinations
Halo hotel murah di jakarta?,ask_unrelated
"Bang Hello, is anyone available dong kak",greet
Mau nanya dong Permisi saya ingin bertanya,greet
Eh Tempat wisata kuliner di Palembang dong,ask_category
Mau nanya dong Any hidden gems to visit?,ask_hidden_gems
Min gimana Amanzi?,ask_destination_info
Permisi kamu pintar ya,ask_unrelated
Halo Tempat wisata yang dilalui LRT deh,ask_lrt_destinations
Eh Alternative tourist spots in Palembang ya kak,ask_hidden_gems
Bang rekomendasi wisata untuk liburan singkat ya kak,ask_recommendation
Min aplikasinya keren,provide_feedback
Permisi Ada mushola di Masjid Cheng Ho dong,ask_facilities
Halo Kak fasilitas Museum Sultan Mahmud Badaruddin II apa aja ya?,ask_facilities
Kamu bodoh,ask_unrelated
Apakah ada wisata yang bisa dijangkau LRT?,ask_lrt_destinations
Kak Halo selamat pagi sih,greet
I want to know Can I take public transport to BKB?,ask_location_access
Eh aku bosan,ask_unrelated
Mau nanya dong Kasih rekomendasi wisata dong kak nih,ask_recommendation
Eh apakah Pulau Kemaro buka 24 jam?,ask_operating_hours
Eh Local favorites in Palembang?,ask_hidden_gems
Permisi Destinasi kategori alam?,ask_category
Permisi Ke Al Quran Al Akbar bayar berapa ya,ask_ticket_price
Mau nanya dong Wisata yang aksesnya lewat LRT apa aja ya,ask_lrt_destinations
Mau minta saran wisata Palembang ya,ask_recommendation
Min Lesser known attractions in Palembang ya kak,ask_hidden_gems
Maaf mau tanya aplikasinya keren nih,provide_feedback
Food tourism in Palembang ya,ask_category
"Hello, Can I take LRT to Museum Sultan Mahmud Badaruddin II Bridge?",ask_lrt_destinations
Kak Destinasi wisata alam Palembang?,ask_category
Permisi Nyanyiin lagu dong?,ask_unrelated
Pagi kak,greet
Halo penjelasannya bagus kak,provide_feedback
Recipe for chocolate cake?,ask_unrelated
Mau nanya dong thanks for your help dong kak,goodbye
Permisi Assalamualaikum kak dong,greet
Kak Enaknya kemana ya di Palembang dong kak,ask_recommendation
Mau nanya dong Berapa harga iPhone terbaru ya kak,ask_unrelated
Bang Lesser known attractions in Palembang?,ask_hidden_gems
Eh kurs dollar hari ini berapa?,ask_unrelated
Halo tiket masuk Palembang Icon berapa?,ask_ticket_price
Very accurate?,provide_feedback
Apa itu BKB?,ask_destination_info
Permisi Dari stasiun LRT bisa ke wisata apa ya,ask_lrt_destinations
Oke sip,provide_feedback
Bang Tempat wisata yang jarang dikunjungi di Palembang dong,ask_hidden_gems
Bang Rekomendasikan tempat wisata di Palembang dong,ask_recommendation
Eh Halo ada yang bisa dibantu ya,greet
Bang permisi mau tanya harga tiket Jakabaring,ask_ticket_price
Eh Ada wisata budaya di Palembang ya,ask_category
Eh Lesser known attractions in Palembang dong,ask_hidden_gems
Kak Places that tourists don't usually go ya,ask_hidden_gems
Bang Wisata apa yang recommended di Palembang dong kak,ask_recommendation
Where can I find museums in Palembang??,ask_category
Halo Kode pos Palembang berapa ya kak,ask_unrelated
Taman Kambang Iwak Besak terkenal karena apa?,ask_destination_info
"Hello, What facilities are there??",ask_facilities
Mau nanya dong kak mau tanya nih,greet
Waalaikumsalam,goodbye
Facilities at Monpera?,ask_facilities
Eh Tes ya,greet
What's Kemaro Island like?,ask_destination_info
Halo Palembang LRT tourism destinations ya kak,ask_lrt_destinations
Permisi mau tanya harga tiket OPI Mall,ask_ticket_price
Amanzi Waterpark fasilitasnya apa aja?,ask_facilities
Min Tempat paling menarik di Palembang ya,ask_recommendation
Halo fasilitas SMB lengkap gak?,ask_facilities
Tell me more,ask_destination_info
Mau nanya dong Seru gak Kawah Tengkurep?,ask_destination_info
Tempat wisata ikonik Palembang?,ask_recommendation
Biaya tiket Taman Kebon Rojo berapa kak?,ask_ticket_price
Oke kak sampai jumpa,goodbye
Palembang punya masjid apa?,ask_category
Ceritakan tentang Jembatan Ampera,ask_destination_info
Lokasi Pulau Kemaro dimana kak?,ask_location_access
Bang Suka sama aplikasinya ya,provide_feedback
Mau nanya dong Apa itu AI sih,ask_unrelated
Halo Cerita sejarah Jembatan Ampera dong,ask_destination_info
What does it cost to visit Kemaro Island?,ask_ticket_price
Min assalamu'alaikum deh,greet
Min Permisi mau tanya harga tiket Kampung Arab Al-Munawar?,ask_ticket_price
"Mau nanya dong Hey, anyone there?",greet
Mau nanya dong Oke makasih kak sangat membantu sih,goodbye
How to go to Punti Kayu Forest?,ask_location_access
Halo Sip makasih,goodbye
Tourist recommendations for Palembang?,ask_recommendation
Amanzi ada tempat parkir?,ask_facilities
Yang termasuk museum apa aja ya kak,ask_category
Mau ke Palembang Square lewat mana?,ask_location_access
Mau nanya dong ada apa aja sih di PTC nih,ask_destination_info
Can I take public transport to Ampera Bridge?,ask_location_access
Where can I find nature tourism in Palembang?,ask_category
Maaf mau tanya Good afternoon dong,greet
Eh Destinasi yang LRT accessible nih,ask_lrt_destinations
Eh Kira-kira harga tiket PIM berapa?,ask_ticket_price
Fasilitas apa saja di OPI Mall?,ask_facilities
Mau nanya dong Kak wisata yang bisa naik LRT apa aja,ask_lrt_destinations
Min Jembatan Ampera ada spot foto gak?,ask_facilities
Jembatan Ampera tutup jam berapa?,ask_operating_hours
Siapa BTS?,ask_unrelated
How do I get to Kambang Iwak Park?,ask_location_access
How much to get into Grand Mosque of Palembang?,ask_ticket_price
Fasilitas Fantasy Island lengkap gak?,ask_facilities
Cuaca hari ini gimana?,ask_unrelated
Wonderful,provide_feedback
Min Palembang LRT tourism destinations nih,ask_lrt_destinations
Palembang Square tutup jam berapa?,ask_operating_hours
asal usul BKB ini gimana ceritanya?,ask_destination_info
Eh jam tutup PIM kapan?,ask_operating_hours
Permisi Secret places in Palembang?,ask_hidden_gems
Hai mau konsultasi dong,greet
Kak Mau liburan di Palembang kemana ya kak,ask_recommendation
Maaf mau tanya what time does Bukit Siguntang island open?,ask_operating_hours
Min Palembang LRT tourism destinations ya,ask_lrt_destinations
Permisi Cara main saham dong kak,ask_unrelated
Hari ini Pulau Kemaro buka gak ya?,ask_operating_hours
Price to enter Jakabaring Sport City?,ask_ticket_price
Bang Wisata Palembang yang aesthetic tapi sepi nih,ask_hidden_gems
Permisi naik apa ke Palembang Icon?,ask_location_access
Hey How to learn programming??,ask_unrelated
Min Tempat yang belum terkenal di Palembang dong kak,ask_hidden_gems
Min resep pempek palembang ya,ask_unrelated
Maaf mau tanya Fasilitas umum di Palembang Square apa aja?,ask_facilities
Rumus pythagoras?,ask_unrelated
What time does Ampera Bridge close?,ask_operating_hours
Maaf mau tanya Apa Palembang Icon bisa dijangkau LRT?,ask_lrt_destinations
Halo Tess,greet
Oke paham,provide_feedback
Maaf mau tanya kenapa orang-orang suka ke Al Quran Al Akbar?,ask_destination_info
Jakabaring Sport City fasilitasnya apa aja?,ask_facilities
Min Tempat wisata alternatif Palembang deh,ask_hidden_gems
Kak Min rekomendasi wisata Palembang apa ya,ask_recommendation
Misi mau tanya,greet
Permisi wisata apa yang bisa dijangkau lrt?,ask_lrt_destinations
Eh Bagaimana cara move on dong,ask_unrelated
Eh Jakabaring Sport City ada spot foto gak?,ask_facilities
Permisi Permisi mau tanya harga tiket Kambang Iwak?,ask_ticket_price
Mau nanya dong Recommend tourist places in Palembang?,ask_recommendation
Monpera hari libur buka gak?,ask_operating_hours
Mau nanya dong Ada fasilitas apa di Palembang Trade Center?,ask_facilities
Bang Kasih info Kawah Tengkurep ya kak?,ask_destination_info
Kapan sih Punti Kayu buka?,ask_operating_hours
Jam tutup Al Quran Al Akbar kapan?,ask_operating_hours
Cultural attractions in Palembang?,ask_category
Maaf mau tanya Tips belajar bahasa Inggris dong kak,ask_unrelated
Hey can i take lrt to visit tourist places?,ask_lrt_destinations
Kak rekomendasi museum palembang deh,ask_category
"Halo Hi there, I need some information dong kak",greet
Maaf mau tanya Mantul kak deh,provide_feedback
I want to know How much is the admission to Siguntang Forest?,ask_ticket_price
Halo Recommend parks in Palembang nih,ask_category
Harga masuknya berapa kak?,ask_ticket_price
Halo Who invented electricity sih,ask_unrelated
Lagu hits 2024 apa ya,ask_unrelated
Halo biaya tiket Ampera berapa kak?,ask_ticket_price
Permisi jawaban yang sangat membantu sih,provide_feedback
Kak Local favorites in Palembang sih,ask_hidden_gems
"Hi, Thank you for the information please",goodbye
Kak Masjid bersejarah di Palembang deh,ask_category
Min Halo saya pengunjung baru dong kak,greet
Maaf mau tanya Popular tourist spots in Palembang nih,ask_recommendation
Permisi Informatif banget sih,provide_feedback
Kak Ada wifi di Kawah Tengkurep?,ask_facilities
Min See you later?,goodbye
Halo Undiscovered places in Palembang dong,ask_hidden_gems
Permisi mau tau tentang Jembatan Ampera ya kak,ask_destination_info
Bang Kemana aja bisa naik LRT untuk wisata dong kak,ask_lrt_destinations
Halo Kak ada wisata religi gak di Palembang deh,ask_category
Wisata Palembang yang LRT friendly nih,ask_lrt_destinations
Cara menghilangkan jerawat?,ask_unrelated
Tempat wisata yang wajib dikunjungi di Palembang,ask_recommendation
Permisi terima kasih sudah membantu dong,goodbye
Min Very informative?,provide_feedback
Eh Masjid Cheng Ho dekat stasiun LRT mana?,ask_lrt_destinations
Mau nanya dong Suka deh kak,provide_feedback
I want to know What is Grand Mosque of Palembang??,ask_destination_info
Kak parkiran Benteng Kuto Besak luas gak?,ask_facilities
Maaf mau tanya Wisata Palembang yang belum banyak orang kunjungi?,ask_hidden_gems
Bang Sore kak?,greet
nais,provide_feedback
Apa aja fasilitas di sana?,ask_facilities
Bye bye kak,goodbye
Eh Numpang tanya dong kak,greet
jos dong kak,provide_feedback
Ada fasilitas apa di Ampera?,ask_facilities
Palembang Icon ada area bermain anak?,ask_facilities
Halo hi bot sih,greet
Halo Palembang tourism recommendations ya,ask_recommendation
Eh Mau minta saran wisata Palembang?,ask_recommendation
Sejarah BKB apa ya?,ask_destination_info
Eh Destinasi taman Palembang ya kak,ask_category
Siguntang bagus gak?,ask_destination_info
Are you a robot?,ask_unrelated
Bang Wisata yang aksesnya lewat LRT apa aja sih,ask_lrt_destinations
Weekday Jakabaring Sport City buka jam berapa?,ask_operating_hours
Kak Palembang Trade Center gratis gak sih?,ask_ticket_price
mau jalan-jalan pakai lrt bisa kemana?,ask_lrt_destinations
Bang Wisata yang belum viral di Palembang?,ask_hidden_gems
Halo Tempat yang underrated di Palembang sih,ask_hidden_gems
Permisi Dimana lokasi PTC dong,ask_location_access
Halo quiet but beautiful places in palembang?,ask_hidden_gems
Can you tell me What to see in Palembang thanks,ask_recommendation
What days is Kampung Kapitan open?,ask_operating_hours
Mau tau tentang Kambang Iwak,ask_destination_info
Kak Tempat wisata unik di Palembang sih,ask_hidden_gems
Please Tell me a story?,ask_unrelated
Permisi cultural tourism places in Palembang,ask_category
Maaf mau tanya Harga masuk PTC berapa ya kak?,ask_ticket_price
Min Oke segitu aja dulu ya,goodbye
Bang Mau ke tempat yang unik dan sepi ya kak,ask_hidden_gems
Kak dimana ya Taman Kambang Iwak Besak?,ask_location_access
Mau nanya dong Kak fasilitas SMB II apa aja ya,ask_facilities
Bang Palembang tourism recommendations dong,ask_recommendation
"Hello, Can I take public transport to Al Quran Al Akbar Bridge?",ask_location_access
Permisi Wisata apa yang recommended di Palembang sih,ask_recommendation
Eh ada taman kota di palembang?,ask_category
Maaf mau tanya Harga emas hari ini ya,ask_unrelated
Good morning,greet
"Hi, the answer is very detailed please",provide_feedback
Kak Ada mushola di Siguntang dong kak,ask_facilities
"Mau keliling Palembang naik LRT, kemana aja?",ask_lrt_destinations
Mau tanya fasilitas di Kemaro,ask_facilities
Kak Berapa ya tiket Palembang Square ya,ask_ticket_price
Bang ok that's all i needed dong kak,goodbye
Review tentang Pasar 16 Ilir,ask_destination_info
Permisi Does Palembang Trade Center Forest have food stalls?,ask_facilities
Halo thanks a lot,goodbye
Maaf mau tanya Bayar berapa kalo masuk Monpera?,ask_ticket_price
Jam tutup PTC kapan?,ask_operating_hours
Assalamu'alaikum,greet
Bang jawabannya lengkap nih,provide_feedback
Eh Pulau Kemaro buka jam berapa dong,ask_operating_hours
Please what are the best places to visit in palembang??,ask_recommendation
"Halo hello, i need help ya kak",greet
Halo tempat wisata yang dilalui lrt?,ask_lrt_destinations
ceritain dong kenapa tempat ini viral,ask_destination_info
Permisi Tempat wisata alam di Palembang?,ask_category
Permisi harga masuk Hutan Wisata Punti Kayu berapa ya kak?,ask_ticket_price
Mau nanya dong Film terbaru 2024 apa,ask_unrelated
Halo Kemana aja bisa naik LRT untuk wisata sih,ask_lrt_destinations
Bagaimana cara ke PIM?,ask_location_access
Ada mushola di Kambang Iwak?,ask_facilities
"Halo anakku suka main air, enaknya bawa kemana ya?",ask_recommendation
Kenapa Pasar 16 Ilir terkenal?,ask_destination_info
Thanks kak,goodbye
5 bintang deh kak,provide_feedback
Halo apakah Jakabaring Sport City buka hari minggu?,ask_operating_hours
Eh misi dong kak,greet
Tempat wisata unik di Palembang?,ask_hidden_gems
"Hi, Is Sultan Mahmud Badaruddin II Museum open in the morning thanks",ask_operating_hours
Kawah Tengkurep ramah anak gak?,ask_facilities
Mau nanya dong Ada fasilitas apa di Ampera?,ask_facilities
Kak Ada wisata yang jarang orang tau sih,ask_hidden_gems
Mau nanya dong hey there nih,greet
Min Kenapa langit biru deh,ask_unrelated
Kak which tourist spots are near lrt stations?,ask_lrt_destinations
Lokasi Palembang Trade Center dimana kak?,ask_location_access
Mau nanya dong makasih ya kak sangat berguna infonya,goodbye
Bang Kapan sih BKB buka?,ask_operating_hours
Apa Taman Kebon Rojo bayar?,ask_ticket_price
Tourist spots along LRT route,ask_lrt_destinations
Directions?,ask_location_access
Ceritain Taman Kebon Rojo dong kak,ask_destination_info
Maaf mau tanya Cukup sekian dong kak,goodbye
Eh Sampai jumpa lagi sih,goodbye
Eh Update harga tiket PTC dong,ask_ticket_price
Please where should i go in palembang?,ask_recommendation
"Min Thanks, see you next time dong",goodbye
Bang Makasih ya,goodbye
Kak Mau jalan-jalan pakai LRT bisa kemana nih,ask_lrt_destinations
Permisi Fasilitas Bukit Siguntang lengkap gak?,ask_facilities
Please what tourism spots are on the lrt line?,ask_lrt_destinations
How to lose weight?,ask_unrelated
"Perfect, thank you ya kak",goodbye
Mau nanya dong Oke sip makasih,goodbye
Kenapa Kampung Kapitan terkenal?,ask_destination_info
Kak jawaban yang sangat membantu dong,provide_feedback
Cara menuju Museum Sultan Mahmud Badaruddin II gimana deh,ask_location_access
Bang Wisata gratis di Palembang ada gak?,ask_recommendation
Halo jawaban yang memuaskan,provide_feedback
Halo hai sih,greet
Mau nanya dong Apakah ada wisata yang bisa dijangkau LRT ya,ask_lrt_destinations
Hidden gem Palembang yang recommended,ask_hidden_gems
Info lokasi Al-Munawar dong,ask_location_access
Halo Wisata tersembunyi di Palembang ya,ask_hidden_gems
Eh Destinasi rahasia Palembang?,ask_hidden_gems
recommend tourist places in palembang nih,ask_recommendation
Jakabaring Sport City jauh gak dari pusat kota?,ask_location_access
Please How much for Sultan Mahmud Badaruddin II Museum tickets thanks,ask_ticket_price
Can you tell me is Kampung Arab Al-Munawar near an lrt station?,ask_lrt_destinations
Mau nanya dong Wisata Bali yang bagus?,ask_unrelated
Please does Pasar 16 Ilir forest have a mosque?,ask_facilities
Min tiket Palembang Trade Center berapa sih?,ask_ticket_price
Mau nanya dong Kampung Kapitan jauh gak dari pusat kota?,ask_location_access
Kak mau tanya harga tiket Benteng Kuto Besak nih,ask_ticket_price
Can you tell me What facilities are available at Taman Kambang Iwak Besak Park?,ask_facilities
"Hi, What destinations are accessible by LRT?",ask_lrt_destinations
Apa keunikan Pulau Kemaro?,ask_destination_info
Wisata untuk anak-anak di Palembang?,ask_recommendation
Permisi Lagu hits 2024 apa ya,ask_unrelated
Maaf mau tanya Wisata off the beaten path Palembang,ask_hidden_gems
Halo Hotels in Jakarta sih,ask_unrelated
Min hi bot nih,greet
Kak Hidden gem Palembang yang recommended ya,ask_hidden_gems
Min Destinasi yang dekat stasiun LRT?,ask_lrt_destinations
Halo Tempat wisata yang gak rame sih,ask_hidden_gems
Eh ini jawaban template ya?,ask_unrelated
Halo Bye kak nih,goodbye
Maaf mau tanya Local favorites in Palembang?,ask_hidden_gems
Halo local favorites in palembang?,ask_hidden_gems
Is there WiFi at Grand Mosque of Palembang?,ask_facilities
Mau nanya dong Halo apakah botnya aktif?,greet
Apa obat sakit kepala deh,ask_unrelated
kenapa orang-orang suka ke Hutan Wisata Punti Kayu?,ask_destination_info
Min Oke mantul?,provide_feedback
Maaf mau tanya kasih tau dong tentang Masjid Cheng Ho nih,ask_destination_info
Halo Wisata yang gak pasaran di Palembang ya,ask_hidden_gems
Mau nanya dong infonya akurat deh,provide_feedback
Halo What's the time?,ask_unrelated
Kak Kamu punya perasaan?,ask_unrelated
Harga tiket Palembang Icon berapa ya?,ask_ticket_price
Permisi sip lanjut kak sih,provide_feedback
Permisi Hai hai dong,greet
Eh Apakah Kambang Iwak dekat LRT deh,ask_lrt_destinations
Mau nanya dong apakah Taman Kambang Iwak Besak buka 24 jam?,ask_operating_hours
LRT Palembang stop di wisata mana?,ask_lrt_destinations
Permisi Non-touristy places in Palembang ya kak,ask_hidden_gems
Permisi Min kasih tau hidden gems Palembang ya,ask_hidden_gems
asal usul Kambang Iwak ini gimana ceritanya?,ask_destination_info
Al Quran Al Akbar jauh gak dari pusat kota?,ask_location_access
Permisi Jakabaring Sport City ada area bermain anak nih,ask_facilities
Maaf mau tanya slmat pagi dong,greet
Halo sip lanjut kak deh,provide_feedback
"Min thanks, see you next time nih",goodbye
Eh Palembang punya wisata budaya apa dong,ask_category
Mau nanya dong Wisata sepi tapi bagus di Palembang sih,ask_hidden_gems
Amanzi bisa ditempuh pakai apa?,ask_location_access
Permisi Apakah Kampung Kapitan dekat LRT?,ask_lrt_destinations
Kak Museum di Palembang apa aja?,ask_category
Bang Info wisata yang terjangkau LRT deh,ask_lrt_destinations
Can you tell me What is AI??,ask_unrelated
Bang Assalamualaikum kak deh,greet
Halo Kak dimana ya Museum Balaputra Dewa?,ask_location_access
Jam operasionalnya?,ask_operating_hours
di Amanzi itu kita bisa ngapain aja?,ask_destination_info
Gimana Ampera?,ask_destination_info
oke terima kasih jawabannya sih,provide_feedback
Hai hai,greet
Akar kuadrat dari 144,ask_unrelated
Can you tell me Unique places to visit in Palembang??,ask_hidden_gems
"Great, thanks",goodbye
Min Wisata yang belum banyak orang tau di Palembang ya kak,ask_hidden_gems
Underrated tourist spots in Palembang?,ask_hidden_gems
Kak Deskripsi Taman Kambang Iwak Besak?,ask_destination_info
Review tentang PTC,ask_destination_info
Maaf mau tanya Museum Balaputra Dewa lokasinya dimana dong kak,ask_location_access
Bang Jadwal buka Siguntang kapan ya,ask_operating_hours
What's special about Punti Kayu Forest?,ask_destination_info
Amanzi Waterpark bagus gak?,ask_destination_info
I want to know Can I take LRT to visit tourist places??,ask_lrt_destinations
Ticket price for Kemaro Island?,ask_ticket_price
I want to know What museums are in Palembang?,ask_category
Bang tempat yang bagus buat foto-foto keluarga di mana ya,ask_recommendation
Halo Tell me about Monpera Park dong,ask_destination_info
Cara menuju Masjid Cheng Ho gimana?,ask_location_access
Halo is Museum Sultan Mahmud Badaruddin II child-friendly?,ask_facilities
"Hello, is it open today?",ask_operating_hours
Mau nanya dong PTC ada area bermain anak?,ask_facilities
Eh Recommend tourist places in Palembang deh,ask_recommendation
Kak Love this bot nih,provide_feedback
Min tempat makan di sekitar Museum Balaputra Dewa ada?,ask_facilities
Min Kamu siapa nih,ask_unrelated
Biaya tiket Masjid Agung Palembang berapa kak?,ask_ticket_price
Min undiscovered places in palembang?,ask_hidden_gems
Bang halo tanyakito ya kak,greet
Jembatan Ampera bayar berapa?,ask_ticket_price
"Hi, What amenities are available thanks",ask_facilities
Bang recommend parks in palembang,ask_category
Kambang Iwak ada area bermain anak?,ask_facilities
Ada fasilitas apa di Kemaro?,ask_facilities
Mau nanya dong Nice ya kak,provide_feedback
Min hello bot ya kak,greet
Punti Kayu ada toilet gak?,ask_facilities
Punti Kayu buka dari jam berapa sampai jam berapa?,ask_operating_hours
Maaf mau tanya ok thank you nih,goodbye
Seru gak Bukit Siguntang?,ask_destination_info
Mau tanya jam operasional Taman Kebon Rojo,ask_operating_hours
tanya dong kak,greet
"Excuse me, How to get a visa??",ask_unrelated
LRT bisa ke Monpera gak?,ask_lrt_destinations
Keren sih ini botnya,provide_feedback
How to go to Ampera Bridge?,ask_location_access
Min Sampai jumpa lagi ya,goodbye
Bang naik apa ke Bukit Siguntang?,ask_location_access
Kamu bodoh?,ask_unrelated
Ceritain OPI Mall dong kak,ask_destination_info
Maaf mau tanya Mau cari taman di Palembang,ask_category
Eh ada wisata kuliner di palembang?,ask_category
Eh Wisata Palembang yang aesthetic tapi sepi deh,ask_hidden_gems
Mau nanya dong membantu banget kak nih,provide_feedback
What are the operating hours of Punti Kayu Forest?,ask_operating_hours
tes ya kak,greet
Min greetings dong,greet
Halo Tempat wisata yang gak rame ya kak,ask_hidden_gems
Harga tiket Bukit Siguntang berapa ya?,ask_ticket_price
Bang Best places to visit by LRT?,ask_lrt_destinations
Maaf mau tanya Jadwal buka OPI Mall kapan ya,ask_operating_hours
I want to know how much for Jakabaring Sport City tickets?,ask_ticket_price
Arah ke Benteng Kuto Besak gimana?,ask_location_access
Maaf mau tanya jawabannya lengkap,provide_feedback
Permisi Wisata yang gampang dijangkau LRT,ask_lrt_destinations
Bagus infonya sih,provide_feedback
Berapa duit masuk Al-Munawar?,ask_ticket_price
Oke deh makasih nih,goodbye
Bang mau cari wisata budaya di palembang dong,ask_category
I want to know Are there toilets at Sultan Mahmud Badaruddin II Museum thanks,ask_facilities
Kak di Jakabaring Sport City itu kita bisa ngapain aja?,ask_destination_info
Halo Naik apa ke Palembang Icon deh,ask_location_access
Can you tell me Thanks for the info,provide_feedback
Kemaro itu tempat apa sih?,ask_destination_info
Kak Non-touristy places in Palembang,ask_hidden_gems
"Hello, Which places can I visit using LRT?",ask_lrt_destinations
Bang Fasilitas apa saja di PTC dong,ask_facilities
Min Kak ada wisata sejarah gak di Palembang deh,ask_category
Eh fasilitas Monpera lengkap gak?,ask_facilities
"Hello, What's the meaning of life?",ask_unrelated
Maaf mau tanya Curhatan aku dong kak,ask_unrelated
Eh Operating hours,ask_operating_hours
Maaf mau tanya Rute ke Taman Kebon Rojo gimana?,ask_location_access
What's the ticket price for Jakabaring Sport City?,ask_ticket_price
Maaf mau tanya Apakah ada wisata yang bisa dijangkau LRT?,ask_lrt_destinations
Kak gimana Taman Kambang Iwak Besak?,ask_destination_info
BKB buka setiap hari?,ask_operating_hours
Permisi Famous places in Palembang?,ask_recommendation
Sip makasih,goodbye
Please Who is the president of Indonesia??,ask_unrelated
Mau nanya dong Bagaimana cara ke Museum Balaputra Dewa deh,ask_location_access
Halo Thanks kak ya,goodbye
Tes,greet
Min Palembang Icon ada tempat parkir deh,ask_facilities
Mau nanya dong oke sip dong kak,provide_feedback
Mau nanya dong Berapa ya tiket Hutan Wisata Punti Kayu ya,ask_ticket_price
Bang harga tiket Taman Kebon Rojo berapa ya?,ask_ticket_price
Maaf mau tanya Good job dong,provide_feedback
Directions to Monpera?,ask_location_access
What's special about Ampera Bridge?,ask_destination_info
Can you tell me Are there toilets at Taman Kebon Rojo Island,ask_facilities
Bang Jakabaring Sport City buka sampai malam gak dong kak,ask_operating_hours
Bang 5 bintang deh kak,provide_feedback
Mau nanya dong Siapa gubernur Palembang dong kak,ask_unrelated
Permisi Kasih rekomendasi wisata dong kak deh,ask_recommendation
Eh terima kasih sudah membantu,goodbye
Masih buka gak ya?,ask_operating_hours
Terima kasih atas informasinya deh,goodbye
Amanzi Waterpark ada area bermain anak,ask_facilities
Halo Dari mana ke Ampera?,ask_location_access
Suggest tourist spots in Palembang,ask_recommendation
Kak Info jam buka SMB II dong,ask_operating_hours
Permisi unexplored attractions in palembang?,ask_hidden_gems
Kak kasih rekomendasi wisata dong kak deh,ask_recommendation
Permisi Destinasi wisata alam Palembang nih,ask_category
Mau nanya dong Hidden gems in Palembang nih,ask_hidden_gems
Maaf mau tanya oke mantul nih,provide_feedback
Permisi destinasi favorit di palembang?,ask_recommendation
Ada wisata apa aja di Palembang?,ask_recommendation
Tolong kasih tau alamat Fantasy Island,ask_location_access
Min wisata off the beaten path palembang?,ask_hidden_gems
Halloo,greet
Eh tiket PIM berapa sih?,ask_ticket_price
Bang halo min dong kak,greet
Bang Pasar 16 Ilir jauh gak dari pusat kota ya,ask_location_access
kasih rekomendasi wisata dong kak dong kak,ask_recommendation
Mau nanya dong Oke terima kasih deh,goodbye
What's available at Kemaro Island?,ask_facilities
Awesome thanks?,goodbye
di Pulau Kemaro itu kita bisa ngapain aja?,ask_destination_info
Min Wisata indoor Palembang ya,ask_category
Bang Makasih atas bantuannya deh,goodbye
Kak fasilitas BKB apa aja ya?,ask_facilities
Halo Apa keunikan Kambang Iwak nih,ask_destination_info
Kak Kemaro buka jam berapa ya?,ask_operating_hours
Maaf mau tanya Palembang punya wisata kuliner apa deh,ask_category
Bang Alternative tourist spots in Palembang dong kak,ask_hidden_gems
Kasih info Kawah Tengkurep ya kak,ask_destination_info
Mau nanya dong Recommended banget aplikasinya?,provide_feedback
Halo info wisata religi palembang dong,ask_category
Love this bot ya kak,provide_feedback
Eh wisata malam di palembang kemana?,ask_recommendation
Eh Makasih kak sih,goodbye
Kak fasilitas Kampung Arab Al-Munawar lengkap gak?,ask_facilities
Min Berapa harga tiket masuk Kampung Arab Al-Munawar?,ask_ticket_price
Kapan Pasar 16 Ilir buka?,ask_operating_hours
Bang Oke sip makasih deh,goodbye
Bang Mau liburan di Palembang kemana ya,ask_recommendation
Wisata Palembang yang populer apa sih,ask_recommendation
di dalem situ ada apa aja sih?,ask_destination_info
Kak Halo kak saya turis dong,greet
hotel murah di jakarta?,ask_unrelated
Mau nanya dong Test bot sih,greet
Can you tell me Thanks for the info?,provide_feedback
Min Parkiran Bukit Siguntang luas gak?,ask_facilities
Permisi secret places in palembang?,ask_hidden_gems
Permisi Destinasi yang LRT accessible sih,ask_lrt_destinations
Apa itu machine learning deh,ask_unrelated
"Excuse me, hello, i want to explore palembang thanks",greet
Mau nanya dong Places that tourists don't usually go ya,ask_hidden_gems
Bang Information about Kampung Kapitan Forest?,ask_destination_info
Mau tanya dong kak harga tiket Pulau Kemaro,ask_ticket_price
Halo nature tourism places in Palembang sih,ask_category
Eh mau ke Palembang Icon lewat mana?,ask_location_access
Bang Apa yang menarik dari Palembang Icon dong kak,ask_destination_info
Permisi Membantu banget ya kak,provide_feedback
Halo permisi,greet
Halo Wisata Palembang yang populer apa,ask_recommendation
Jadwal buka Bukit Siguntang kapan ya?,ask_operating_hours
Permisi Sejarah Masjid Agung Palembang apa ya,ask_destination_info
Kak dimana ya Jakabaring Sport City?,ask_location_access
Bang Who are you nih,ask_unrelated
Permisi LRT accessible tourist spots in Palembang,ask_lrt_destinations
Min Places that tourists don't usually go dong,ask_hidden_gems
Min Ada toilet gak,ask_facilities
"Bang that's enough, thank you",goodbye
Bang Wisata anti mainstream Palembang ya kak,ask_hidden_gems
Halo Suka deh,provide_feedback
Halo Pulau Kemaro ada di daerah mana ya kak,ask_location_access
Alamat Amanzi dimana deh,ask_location_access
"Hi, What are the operating hours of PIM?",ask_operating_hours
Hello TanyaKito,greet
Bang wisata yang belum mainstream?,ask_hidden_gems
Min Facilities at Ampera?,ask_facilities
Bang deskripsi Pasar 16 Ilir deh,ask_destination_info
Eh Sore nih,greet
Pulau Kemaro buka sampai malam gak?,ask_operating_hours
5 stars,provide_feedback
Min hari ini Kawah Tengkurep buka gak ya?,ask_operating_hours
"Hi, can you help me?",greet
What are the opening hours of Grand Mosque of Palembang?,ask_operating_hours
Mau nanya dong Wassalamualaikum ya,goodbye
Min kasih rekomendasi wisata dong kak sih,ask_recommendation
Bang lagi pengen liat pemandangan kota dari atas dong,ask_recommendation
Mau nanya dong Rekomendasi wisata budaya Palembang deh,ask_category
Saran tempat wisata di Palembang?,ask_recommendation
Ada masjid di Palembang?,ask_category
Hidden gems in Palembang ya kak,ask_hidden_gems
Min Enaknya kemana ya di Palembang ya kak,ask_recommendation
Maaf mau tanya Oke mantap kak deh,goodbye
Can you tell me What are the iconic places in Palembang,ask_recommendation
I want to know What are the operating hours of Sultan Mahmud Badaruddin II Museum please,ask_operating_hours
Kak pagi,greet
Is Monpera open today?,ask_operating_hours
How much is the ticket to Kemaro Island?,ask_ticket_price
Bang ada ide tempat buat nongkrong sore dong,ask_recommendation
Mau nanya dong terima kasih sangat membantu dong kak,goodbye
Tempat-tempat wisata yang aksesibel LRT?,ask_lrt_destinations
Who are you sih,ask_unrelated
Who are you?,ask_unrelated
Permisi Destinasi wisata LRT Palembang,ask_lrt_destinations
How much is the ticket to Ampera Bridge?,ask_ticket_price
Mau nanya dong Wisata museum di Palembang apa aja?,ask_category
Mau nanya dong lokasi Jakabaring Sport City dimana kak?,ask_location_access
Permisi aku lagi pengen makan enak sambil liat sungai ya kak,ask_recommendation
Mau nanya dong 5 stars deh,provide_feedback
Halo Kak Kambang Iwak buka jam berapa ya kak,ask_operating_hours
Haii,greet
Bang Wisata weekend di Palembang sih,ask_recommendation
"Hi, where can i find historical sites in palembang?",ask_category
Maaf mau tanya lrt bisa ke Masjid Agung Palembang gak?,ask_lrt_destinations
Permisi Mau ke SMB lewat mana?,ask_location_access
Jam buka Benteng Kuto Besak kapan?,ask_operating_hours
Halo Tess deh,greet
Halo kok jawabannya lambat deh,ask_unrelated
Apa itu Palembang Square?,ask_destination_info
Kak Tempat wisata yang gak rame deh,ask_hidden_gems
Destinasi wisata alam Palembang?,ask_category
Kak Oke cukup kak makasih banyak?,goodbye
Recommend parks in Palembang,ask_category
Maaf mau tanya Berapa ya tiketnya ya,ask_ticket_price
"Hello, what's the entrance fee at Museum Balaputra Dewa bridge?",ask_ticket_price
Eh Sore kak?,greet
Buka setiap hari?,ask_operating_hours
Tolong kasih tau alamat PTC,ask_location_access
Kak Info taman Palembang dong,ask_category
Eh Halo saya mau bertanya deh,greet
good info,provide_feedback
Off the beaten path places in Palembang please,ask_hidden_gems
Can you tell me where is Taman Kebon Rojo park located?,ask_location_access
Maaf mau tanya Wisata anti mainstream Palembang?,ask_hidden_gems
Kak Destinasi favorit di Palembang dong,ask_recommendation
"Excuse me, what destinations are accessible by lrt??",ask_lrt_destinations
Lokasi Kawah Tengkurep dimana kak?,ask_location_access
Eh Makasih udah bantu nih,goodbye
Hotels in Jakarta?,ask_unrelated
Min Fasilitas apa saja di Taman Kebon Rojo,ask_facilities
asal usul Museum Balaputra Dewa ini gimana ceritanya?,ask_destination_info
Min Kemaro ada tempat parkir nih,ask_facilities
Halo info fasilitas Monpera dong,ask_facilities
Halo Ada mushola di Kawah Tengkurep?,ask_facilities
Halo Places that tourists don't usually go ya,ask_hidden_gems
"that's all, thanks dong kak",goodbye
Eh Ceritakan tentang Jakabaring?,ask_destination_info
"Excuse me, where can i find nature tourism in palembang??",ask_category
Mau nanya dong Suggest tourist spots in Palembang ya,ask_recommendation
Mau tanya nih,greet
Permisi Destinasi wisata budaya Palembang ya kak,ask_category
Mau nanya dong destinasi masjid palembang?,ask_category
Min Excellent information ya,provide_feedback
min kasih tau hidden gems palembang,ask_hidden_gems
Kak bye bye kak deh,goodbye
Halo kamu manusia apa robot deh,ask_unrelated
Min Very detailed ya,provide_feedback
Halo siang kak,greet
Bang Wonderful sih,provide_feedback
Eh oke makasih dong kak,goodbye
Mau nanya dong Hi,greet
Hlo,greet
Posisi Kampung Kapitan dimana ya?,ask_location_access
Kak kenapa Museum Balaputra Dewa terkenal?,ask_destination_info
Bang Baik terima kasih ya kak,goodbye
Permisi Tempat wisata ikonik Palembang nih,ask_recommendation
Maaf mau tanya Palembang tourism recommendations nih,ask_recommendation
Dadah kak,goodbye
Yo,greet
Please how to get a visa?,ask_unrelated
"Hi, unique places to visit in palembang??",ask_hidden_gems
Halo Oke sip mantap dong,provide_feedback
Mau ke Kemaro bayar berapa sih,ask_ticket_price
Maaf mau tanya oke sip ya kak,provide_feedback
Mau nanya dong Ada mushola di Jembatan Ampera dong kak,ask_facilities
"Halo Hello, I need help?",greet
Permisi Ada gak wisata yang masih asri di Palembang ya,ask_hidden_gems
"Hi, who is the president of indonesia?",ask_unrelated
Kak berapa harga tiket Masjid Agung Palembang ya,ask_ticket_price
Mau nanya dong Mantap,provide_feedback
kenapa orang-orang suka ke Al Quran Al Akbar?,ask_destination_info
1+1 berapa?,ask_unrelated
Lokasi Amanzi dimana kak?,ask_location_access
Please Off the beaten path places in Palembang??,ask_hidden_gems
"Hello, What's the price of iPhone",ask_unrelated
Eh Rekomendasi wisata sejarah Palembang ya,ask_category
Maaf mau tanya Ada gak wisata yang masih asri di Palembang ya,ask_hidden_gems
"Min Hi, planning to visit Palembang sih",greet
"Thanks, see you next time deh",goodbye
Mau ke Kemaro bayar berapa?,ask_ticket_price
Maaf mau tanya malam kak sih,greet
Halo mau ke Palembang Square bayar berapa?,ask_ticket_price
Sore min,greet
Udah itu aja kak makasih,goodbye
Halo permisi mau tanya harga tiket Jakabaring Sport City sih,ask_ticket_price
Mau nanya dong baik kak terima kasih,goodbye
Kak Tourist recommendations for Palembang nih,ask_recommendation
Bang Rekomendasi wisata alam Palembang sih,ask_category
"Hi, I'd like to ask something",greet
Apakah Punti Kayu gratis?,ask_ticket_price
How to reach SMB Island?,ask_location_access
Eh Makasih kak ya,goodbye
Kak suggest tourist spots in palembang ya,ask_recommendation
Maaf mau tanya Kak fasilitas Kambang Iwak apa aja ya?,ask_facilities
Min Wisata yang bisa dikunjungi sehari,ask_recommendation
Bang Siapa presiden Indonesia ya kak,ask_unrelated
Museum Sultan Mahmud Badaruddin II buka sampai malam gak?,ask_operating_hours
Min Wisata yang belum viral di Palembang ya kak,ask_hidden_gems
Eh misi dong,greet
Price to enter Monpera?,ask_ticket_price
Kak suka sama jawabannya dong,provide_feedback
Kak Wisata taman di Palembang apa aja dong kak,ask_category
Bang Seru gak Taman Kambang Iwak Besak dong,ask_destination_info
Halo Hello dong kak,greet
"Excuse me, What are the iconic places in Palembang",ask_recommendation
Permisi Recommend cultural tourism in Palembang dong kak,ask_category
Kak Destinasi kategori alam dong,ask_category
Kak Wisata Palembang yang LRT friendly deh,ask_lrt_destinations
Weekend Ampera buka?,ask_operating_hours
Arah ke Pasar 16 Ilir gimana?,ask_location_access
Halo mau keliling Palembang nih,greet
Hey there,greet
Please Facilities at Grand Mosque of Palembang?,ask_facilities
Maaf mau tanya permisi kak ya kak,greet
Bang Palembang punya museum apa dong,ask_category
Permisi Kamu robot ya,ask_unrelated
Apa yang menarik dari Kambang Iwak?,ask_destination_info
Bang Underrated tourist spots in Palembang dong kak,ask_hidden_gems
Terima kasih infonya deh,goodbye
Kapan Al-Munawar buka?,ask_operating_hours
Eh Bagaimana cara belajar coding deh,ask_unrelated
Kak helo nih,greet
Bang Cukup sekian,goodbye
Min Good info dong,provide_feedback
Kak Howdy sih,greet
Okay thanks,goodbye
Maaf mau tanya Tempat wisata budaya Palembang?,ask_category
Kak jawaban yang memuaskan nih,provide_feedback
when does Benteng Kuto Besak close?,ask_operating_hours
Bang Suka sama aplikasinya nih,provide_feedback
Min good evening sih,greet
Bang resep pempek palembang ya,ask_unrelated
Do I need to pay to enter Kampung Kapitan?,ask_ticket_price
Halo Tempat-tempat wisata yang aksesibel LRT?,ask_lrt_destinations
Eh apakah Monpera buka 24 jam?,ask_operating_hours
"Hello, what days is Amanzi Waterpark open?",ask_operating_hours
Permisi Mantap dong,provide_feedback
Permisi Lokasi Siguntang dimana kak?,ask_location_access
Permisi Enaknya kemana ya di Palembang nih,ask_recommendation
Mau tanya harga tiket Ampera,ask_ticket_price
info fasilitas Jembatan Ampera dong,ask_facilities
Please where can i find culinary tourism in palembang?,ask_category
Maaf mau tanya Jadwal buka BKB kapan ya,ask_operating_hours
Eh LRT berhenti dekat wisata mana nih,ask_lrt_destinations
Permisi Who are you sih,ask_unrelated
Halo selamat siang nih,greet
Eh bye bye makasih sih,goodbye
Halo kapan sih Hutan Wisata Punti Kayu buka?,ask_operating_hours
Mau nanya dong rekomendasikan destinasi wisata palembang ya,ask_recommendation
Permisi Monpera dekat stasiun LRT mana ya,ask_lrt_destinations
Hey How to go to Museum Sultan Mahmud Badaruddin II Arab Village,ask_location_access
"Hello, Off the beaten path places in Palembang",ask_hidden_gems
Halo Nice info ya kak,provide_feedback
Min Does Museum Balaputra Dewa have food stalls,ask_facilities
Min mau tanya fasilitas di Monpera dong,ask_facilities
What tourism spots are on the LRT line??,ask_lrt_destinations
Malam,greet
Eh Bot aktif dong,greet
Kamu robot ya?,ask_unrelated
Mau nanya dong Excellent information,provide_feedback
Menarik gak Amanzi Waterpark?,ask_destination_info
Fasilitas umum di Al-Munawar apa aja?,ask_facilities
Apotek 24 jam di Palembang?,ask_unrelated
Kasih info Palembang Icon ya kak,ask_destination_info
python atau java lebih bagus?,ask_unrelated
Maaf mau tanya rekomendasi wisata yang dekat stasiun lrt,ask_lrt_destinations
Kak Masjid bersejarah di Palembang ya kak,ask_category
Min Can someone help me deh,greet
Min canggih botnya ya kak,provide_feedback
Mau nanya dong Ada wifi di KI?,ask_facilities
Maaf mau tanya Any nature tourism in Palembang deh,ask_category
Maaf mau tanya LRT bisa ke Kampung Kapitan gak?,ask_lrt_destinations
PTC ada tempat parkir?,ask_facilities
Min Apa SMB II bisa dijangkau LRT ya,ask_lrt_destinations
PIM jauh gak dari pusat kota?,ask_location_access
Bagaimana cara ke Jakabaring?,ask_location_access
Museum di Palembang apa aja dong kak,ask_category
Min Halloo dong,greet
Kak Hutan Wisata Punti Kayu buka jam berapa ya?,ask_operating_hours
Eh Apakah kamu AI dong kak,ask_unrelated
Is there an entry fee for Jakabaring Sport City?,ask_ticket_price
"Hi, Is PTC far from the city center please",ask_location_access
Segitu dulu kak thanks,goodbye
Harga masuk Palembang Icon berapa ya kak?,ask_ticket_price
When is Al-Munawar Arab Village open?,ask_operating_hours
Secret places in Palembang ya kak,ask_hidden_gems
What's it like?,ask_destination_info
Eh Jembatan Ampera deket stasiun lrt mana?,ask_location_access
Berapa biaya masuk ke SMB II?,ask_ticket_price
Permisi Oke sip mantap dong,provide_feedback
min tolong saran wisata dong,ask_recommendation
Eh Hello TanyaKito deh,greet
KI ada kantin gak?,ask_facilities
"Kak Mau explore Palembang pakai LRT, kemana aja bisa?",ask_lrt_destinations
Amanzi buka jam berapa?,ask_operating_hours
Please How far is it please,ask_location_access
Mau nanya dong Mau jalan-jalan pakai LRT bisa kemana ya,ask_lrt_destinations
Cerita sejarah Bukit Siguntang dong,ask_destination_info
Ada gak wisata yang masih asri di Palembang?,ask_hidden_gems
Kak Makasih kak nanti saya tanya lagi dong kak,goodbye
Min Best movies of 2024 sih,ask_unrelated
Hey Can I reach tourist places by LRT?,ask_lrt_destinations
Eh Destinasi wisata LRT Palembang nih,ask_lrt_destinations
Permisi Destinasi yang LRT accessible ya,ask_lrt_destinations
Kak Assalamualaikum kak sih,greet
Fasilitasnya gimana?,ask_facilities
Destinasi taman Palembang?,ask_category
Permisi Sip terima kasih kak,goodbye
Min What amenities does Fantasy Island Park offer?,ask_facilities
Info fasilitas Fantasy Island dong,ask_facilities
Permisi Ada wisata yang jarang orang tau nih,ask_hidden_gems
"Kak Mau explore Palembang pakai LRT, kemana aja bisa ya",ask_lrt_destinations
That's helpful,provide_feedback
Eh thanks for your help,goodbye
Permisi fasilitas apa saja di SMB?,ask_facilities
Mau ke OPI Mall bayar berapa?,ask_ticket_price
"Can you tell me Good morning, I have a question?",greet
mantap kak nih,provide_feedback
Mau nanya dong ceritakan joke dong,ask_unrelated
Palembang Square lokasinya dimana sih,ask_location_access
Eh Keren banget infonya nih,provide_feedback
Apakah Monpera buka hari Minggu?,ask_operating_hours
Please Best things to do in Palembang please,ask_recommendation
Maaf mau tanya jawabannya memuaskan dong,provide_feedback
Maaf mau tanya Ada fasilitas apa di Pasar 16 Ilir?,ask_facilities
Where is it?,ask_location_access
Kak weekend SMB buka?,ask_operating_hours
Maaf mau tanya Bagaimana cara ke Jembatan Ampera?,ask_location_access
Jembatan Ampera ada spot foto gak?,ask_facilities
Religious sites in Palembang?,ask_category
Jakabaring Sport City buka sampai malam gak?,ask_operating_hours
Harga masuk Monpera berapa ya kak?,ask_ticket_price
Eh Mau jalan-jalan di Palembang kemana ya,ask_recommendation
Permisi Destinasi wisata sejarah Palembang ya kak,ask_category
Pagi-pagi Taman Kambang Iwak Besak sudah buka belum?,ask_operating_hours
Halo Bagaimana cara diet ya,ask_unrelated
Kak Jawabannya lengkap?,provide_feedback
Halo see you later,goodbye
Is Sultan Mahmud Badaruddin II Museum open on Sunday?,ask_operating_hours
Min is Jakabaring worth visiting?,ask_destination_info
Bang siang dong,greet
Kak enaknya kemana ya di palembang?,ask_recommendation
Maaf mau tanya Kampung Kapitan terkenal karena apa?,ask_destination_info
Assalamualaikum,greet
wisata sore hari di palembang?,ask_recommendation
Eh LRT Palembang lewat wisata mana dong kak,ask_lrt_destinations
"Bang Hi, first time in Palembang?",greet
Please How to lose weight??,ask_unrelated
Permisi Bagaimana cara memasak telur,ask_unrelated
What are the opening hours of Jakabaring Sport City?,ask_operating_hours
Slmt siang deh,greet
Posisi Masjid Agung Palembang dimana ya?,ask_location_access
Bang Permisi saya mau jalan-jalan di Palembang,greet
Mau nanya dong Ada wisata yang jarang orang tau ya,ask_hidden_gems
Fasilitas apa saja di Kampung Kapitan?,ask_facilities
Maaf mau tanya Bye bye ya kak,goodbye
Min halo saya mau bertanya nih,greet
Halo got it dong kak,provide_feedback
Fasilitas pendukung Fantasy Island?,ask_facilities
Tempat wisata yang jarang dikunjungi di Palembang?,ask_hidden_gems
What are the iconic places in Palembang?,ask_recommendation
Eh hidden gems in palembang?,ask_hidden_gems
sing me a song dong kak,ask_unrelated
Min Quiet but beautiful places in Palembang nih,ask_hidden_gems
Mau nanya dong Alamat lengkapnya dong kak,ask_location_access
Mau tau sejarah Taman Kambang Iwak Besak,ask_destination_info
Halo Naik LRT bisa ke wisata mana aja ya kak,ask_lrt_destinations
What should I visit in Palembang,ask_recommendation
Permisi Bye dong kak,goodbye
Min Destinasi yang LRT accessible sih,ask_lrt_destinations
"Hello, What facilities are available at Palembang Square Island?",ask_facilities
Eh Fasilitas apa saja di Kampung Kapitan sih,ask_facilities
Parkiran Amanzi Waterpark luas gak?,ask_facilities
Kak tempat wisata unik di palembang?,ask_hidden_gems
What's the address of Benteng Kuto Besak?,ask_location_access
Bang oke bagus sih,provide_feedback
Maaf mau tanya Wisata yang belum viral di Palembang deh,ask_hidden_gems
Thanks for the help thanks,goodbye
How much is the admission to Kambang Iwak Park?,ask_ticket_price
Is admission to Ampera Bridge free?,ask_ticket_price
Mau nanya dong Apa aja fasilitas di sana nih,ask_facilities
kamu bot beneran ya?,ask_unrelated
Maaf mau tanya Kak ada wisata alam gak di Palembang deh,ask_category
apa BKB bisa dijangkau lrt?,ask_lrt_destinations
Kak Famous places in Palembang ya kak,ask_recommendation
Museum Balaputra Dewa itu apa?,ask_destination_info
"Hello, I need help",greet
rekomendasi taman palembang deh,ask_category
Harga tiket Kambang Iwak berapa ya?,ask_ticket_price
Kak Wisata yang bisa pake LRT dong,ask_lrt_destinations
Permisi Hidden gems di Palembang apa ya,ask_hidden_gems
Kak tempat wisata yang gak rame?,ask_hidden_gems
Secret places in Palembang?,ask_hidden_gems
Thank you for the information,goodbye
Bang destinasi favorit di palembang?,ask_recommendation
Mau nanya dong Wisata Palembang yang populer apa?,ask_recommendation
Eh Fasilitas apa saja di PIM deh,ask_facilities
Min Wisata yang aksesnya lewat LRT apa aja dong,ask_lrt_destinations
Wisata sepi tapi bagus di Palembang?,ask_hidden_gems
Maaf mau tanya Bagaimana cara memasak telur?,ask_unrelated
Permisi Which tourist spots are near LRT stations ya,ask_lrt_destinations
Is Benteng Kuto Besak far from the city center?,ask_location_access
Kak Any cultural tourism in Palembang deh,ask_category
Halo berapa harga tiket masuk Museum Balaputra Dewa?,ask_ticket_price
Halo di Benteng Kuto Besak itu kita bisa ngapain aja dong kak,ask_destination_info
Eh Kampung Kapitan ramah anak gak?,ask_facilities
Rumus pythagoras ya,ask_unrelated
Test,greet
Permisi thanks nih,goodbye
Eh Waalaikumsalam?,goodbye
Sampai nanti kak,goodbye
Halo Lewat mana ya kak,ask_location_access
Permisi info wisata budaya palembang dong kak,ask_category
Maaf mau tanya Bye bye kak?,goodbye
Destinasi favorit di Palembang?,ask_recommendation
Oke sip makasih,goodbye
"Mau explore Palembang pakai LRT, kemana aja bisa?",ask_lrt_destinations
Perfect,provide_feedback
Bang Kak ada hidden gems gak,ask_hidden_gems
Min baik kak terima kasih,goodbye
Sudah cukup terima kasih,goodbye
Best universities in Indonesia?,ask_unrelated
"Hello, where should i go in palembang?",ask_recommendation
Dari jam berapa Kampung Kapitan buka deh,ask_operating_hours
Halo jam operasional Kampung Kapitan?,ask_operating_hours
Al Quran Al Akbar ada toilet gak deh,ask_facilities
Min Halo apakah ada yang bisa bantu ya,greet
Maaf mau tanya Price to enter Kemaro?,ask_ticket_price
Kasih rekomendasi wisata dong kak,ask_recommendation
Kak fasilitas Bukit Siguntang apa aja ya,ask_facilities
Permisi SMB II buka hari apa aja ya kak,ask_operating_hours
Eh Tempat keren tapi belum terkenal di Palembang ya kak,ask_hidden_gems
"Excuse me, Where can I find historical sites in Palembang thanks",ask_category
Maaf mau tanya Wisata Palembang yang belum banyak orang kunjungi nih,ask_hidden_gems
Details about Al-Munawar Arab Village?,ask_destination_info
"Excuse me, best things to do in palembang?",ask_recommendation
hallloo dong,greet
PTC buka jam berapa?,ask_operating_hours
Min Kambang Iwak ada spot foto gak deh,ask_facilities
parks places in Palembang?,ask_category
Kak keren dong,provide_feedback
Mau nanya dong tolong kasih tau alamat Siguntang dong kak,ask_location_access
Rute ke Jembatan Ampera gimana?,ask_location_access
Mau nanya dong Any hidden gems to visit deh,ask_hidden_gems
Eh Masuk Benteng Kuto Besak gratis atau bayar?,ask_ticket_price
What is Sultan Mahmud Badaruddin II Museum?,ask_destination_info
Dari jam berapa Hutan Wisata Punti Kayu buka?,ask_operating_hours
Destinasi yang dekat stasiun LRT?,ask_lrt_destinations
Can you tell me Is Kemaro near an LRT station?,ask_lrt_destinations
Maaf mau tanya Kak ada hidden gems gak deh,ask_hidden_gems
Mau nanya dong Tempat paling menarik di Palembang ya,ask_recommendation
Kawah Tengkurep itu apa?,ask_destination_info
Min Wisata outdoor Palembang?,ask_category
Thanks udah bantu ya,goodbye
Palembang punya wisata budaya apa?,ask_category
Mau nanya dong LRT friendly tourist destinations ya kak,ask_lrt_destinations
Mau nanya dong Rute ke Palembang Trade Center gimana?,ask_location_access
Min aku lagi ngomong sama komputer ya?,ask_unrelated
Ada fasilitas apa?,ask_facilities
Maaf mau tanya Mau cari wisata yang seru di Palembang?,ask_recommendation
Min Destinasi favorit di Palembang ya,ask_recommendation
Kasih pantun dong kak,ask_unrelated
Kak OPI Mall buka jam berapa ya?,ask_operating_hours
Bang Informasinya membantu ya,provide_feedback
Sip lanjut kak,provide_feedback
Mau nanya dong Hotels in Jakarta deh,ask_unrelated
Kak Dari stasiun LRT bisa ke wisata apa sih,ask_lrt_destinations
Thanks for your help,goodbye
Maaf mau tanya Wisata tersembunyi di Palembang dong,ask_hidden_gems
Kampung Kapitan itu tempat apa sih?,ask_destination_info
Bang Informatif banget?,provide_feedback
Kak Wisata yang belum mainstream nih,ask_hidden_gems
Bang kok jawabannya lambat ya,ask_unrelated
Permisi Kemaro ada tempat istirahat sih,ask_facilities
Eh Sampai jumpa deh,goodbye
Min Benteng Kuto Besak buka sampai malam gak dong,ask_operating_hours
see you ya kak,goodbye
Hari ini SMB II buka gak ya?,ask_operating_hours
Mau tau sejarah BKB,ask_destination_info
Hutan Wisata Punti Kayu itu tempat apa sih?,ask_destination_info
"Hi, Hi, can you help me please",greet
Maaf mau tanya alright thanks deh,goodbye
Maaf mau tanya Sip terima kasih kak nih,goodbye
Eh Sejarah Kampung Kapitan apa ya?,ask_destination_info
Maaf mau tanya Mau tanya nih?,greet
Min I'm bored dong kak,ask_unrelated
Mau nanya dong parkiran Siguntang luas gak?,ask_facilities
Halo Cara menghilangkan jerawat ya,ask_unrelated
Mau nanya dong very informative nih,provide_feedback
Eh Tes,greet
Jakabaring aksesnya lewat LRT bisa?,ask_lrt_destinations
Maaf mau tanya Berguna banget dong kak,provide_feedback
Eh wah makasih infonya lengkap,provide_feedback
Eh Mau cari wisata sejarah di Palembang,ask_category
Info wisata kuliner Palembang dong,ask_category
Eh Underrated tourist spots in Palembang dong,ask_hidden_gems
Permisi kayak apa sih Ampera?,ask_destination_info
Seru gak OPI Mall?,ask_destination_info
Mau nanya dong Ada wisata kuliner di Palembang dong,ask_category
Oke kak noted,provide_feedback
Min Kawah Tengkurep buka jam berapa,ask_operating_hours
Permisi Destinasi wisata religi Palembang?,ask_category
Mau nanya dong Oke noted makasih sih,goodbye
Any museums in Palembang deh,ask_category
Baik kak terima kasih,goodbye
Pagi-pagi Al-Munawar sudah buka belum?,ask_operating_hours
Permisi berapa harga tiket masuk SMB II?,ask_ticket_price
Bang Taman Kebon Rojo itu apa?,ask_destination_info
Fasilitas umum di Palembang Trade Center apa aja?,ask_facilities
Kak ada wisata kuliner di palembang?,ask_category
Eh ok that's all i needed dong,goodbye
Bang Apa itu machine learning?,ask_unrelated
Maaf mau tanya Cara masak rendang gimana ya kak,ask_unrelated
Maaf mau tanya Rumah sakit terdekat ya kak,ask_unrelated
Maaf mau tanya Wisata yang bisa pake LRT,ask_lrt_destinations
"Hi, Unique places to visit in Palembang thanks",ask_hidden_gems
Min Lesser known attractions in Palembang ya,ask_hidden_gems
Can you tell me what's the ticket price for Jembatan Ampera?,ask_ticket_price
Can you tell me Tell me a joke,ask_unrelated
Please The answer is very detailed,provide_feedback
Halo 5 stars sih,provide_feedback
Eh Punti Kayu buka setiap hari?,ask_operating_hours
Bang Hidden spots in Palembang ya kak,ask_hidden_gems
Permisi Fasilitas pendukung Jakabaring Sport City?,ask_facilities
Mau nanya dong Very helpful,provide_feedback
Mau nanya dong halo tanyakito ya,greet
Cek,greet
oke terima kasih banyak ya kak,goodbye
Mau nanya dong Wah makasih infonya lengkap ya,provide_feedback
Ada wifi di Pasar 16 Ilir?,ask_facilities
Tiket Masjid Cheng Ho berapa sih?,ask_ticket_price
"Bang mau naik lrt, wisata apa yang dekat?",ask_lrt_destinations
Eh Wisata tersembunyi di Palembang deh,ask_hidden_gems
Berapa biaya masuk ke Jakabaring Sport City ya kak,ask_ticket_price
Berapa harga iPhone terbaru?,ask_unrelated
"Kak That's all, thanks ya kak",goodbye
Min oke thanks sih,goodbye
Min permisi saya ingin bertanya deh,greet
Eh Amanzi Waterpark di mana ya?,ask_location_access
Museum Sultan Mahmud Badaruddin II fasilitasnya apa aja?,ask_facilities
Permisi Must-visit places in Palembang ya kak,ask_recommendation
Can you tell me how much to get into Palembang Icon forest??,ask_ticket_price
Makasih sih,goodbye
Bang What's the ticket price nih,ask_ticket_price
Aplikasinya keren sih,provide_feedback
Eh Wisata yang bisa pake LRT sih,ask_lrt_destinations
Eh Oke deh kak sampai jumpa dong,goodbye
Good job,provide_feedback
Kak Secret places in Palembang sih,ask_hidden_gems
Kambang Iwak bagus gak?,ask_destination_info
Kak What's up nih,greet
Permisi good evening sih,greet
Ada hidden gems gak di Palembang ya kak,ask_hidden_gems
Tiket PIM berapa sih?,ask_ticket_price
Halo Destinasi taman Palembang ya kak,ask_category
What's Bitcoin nih,ask_unrelated
Eh Tolong kasih tau alamat Masjid Agung Palembang dong kak,ask_location_access
Halo Jawabannya memuaskan,provide_feedback
Kak Ada wisata yang jarang orang tau?,ask_hidden_gems
"Excuse me, Do you have feelings",ask_unrelated
LRT accessible tourist spots in Palembang?,ask_lrt_destinations
I want to know what should i visit in palembang?,ask_recommendation
Min Tempat wisata yang jarang dikunjungi di Palembang dong kak,ask_hidden_gems
Kak bingung mau bawa keluarga jalan-jalan kemana,ask_recommendation
Maaf mau tanya Jawabannya cepat dong,provide_feedback
Permisi What amenities does Sultan Mahmud Badaruddin II Museum offer deh,ask_facilities
Halo dimana lokasi OPI Mall?,ask_location_access
Maaf mau tanya kamu bisa jawab apa aja sih?,ask_unrelated
5 bintang deh,provide_feedback
Min Suggest tourist spots in Palembang sih,ask_recommendation
Hey bot,greet
di Kambang Iwak itu kita bisa ngapain aja dong kak,ask_destination_info
Jakabaring Sport City buka hari apa aja?,ask_operating_hours
Min apa itu ai?,ask_unrelated
Aplikasinya keren?,provide_feedback
Mau tau sejarah Fantasy Island,ask_destination_info
Hallloo,greet
Kak min tolong saran wisata dong kak,ask_recommendation
Halo bot,greet
Benteng Kuto Besak di mana ya?,ask_location_access
thanks a lot dong kak,goodbye
Does Jakabaring Sport City have a mosque?,ask_facilities
Permisi Tell me more,ask_destination_info
Nais,provide_feedback
Maaf mau tanya Al Quran Al Akbar deket stasiun LRT mana dong kak,ask_location_access
Siang min,greet
Mau tanya harga tiket BKB,ask_ticket_price
Halo Ada rekomendasi wisata gak dong,ask_recommendation
Eh Kapan kiamat nih,ask_unrelated
Kak Suka sama aplikasinya sih,provide_feedback
"Hello, is Masjid Agung Palembang far from the city center?",ask_location_access
Maaf mau tanya Wisata yang cocok untuk keluarga dong kak,ask_recommendation
Mau nanya dong helloo ya,greet
Ada fasilitas apa di OPI Mall sih,ask_facilities
"Min Great, thanks sih",goodbye
Min Kampung Arab Al-Munawar terkenal karena apa?,ask_destination_info
Is there parking?,ask_facilities
Kak Makasih dong,goodbye
Bang Bisa naik LRT ke Jembatan Ampera dong kak,ask_lrt_destinations
"Kak Got it, thanks ya",goodbye
Apakah OPI Mall buka hari Minggu deh,ask_operating_hours
Kak wisata yang bisa dikunjungi sehari deh,ask_recommendation
Mau nanya dong bisa naik angkot ke Taman Kebon Rojo?,ask_location_access
Permisi Palembang punya wisata apa aja sih,ask_recommendation
Bang Rating 5 untuk botnya dong,provide_feedback
Bang apakah Benteng Kuto Besak dekat lrt?,ask_lrt_destinations
Bang smart bot ya,provide_feedback
Jembatan Ampera lokasinya dimana?,ask_location_access
Halo Min harga masuk Amanzi berapa?,ask_ticket_price
Eh jelas banget penjelasannya deh,provide_feedback
Bang mau cari wisata yang seru di palembang sih,ask_recommendation
Kira-kira harga tiket Kambang Iwak berapa?,ask_ticket_price
Ceritakan tentang Ampera,ask_destination_info
Tiket masuk OPI Mall berapa?,ask_ticket_price
Mau nanya dong Wisata anti mainstream Palembang nih,ask_hidden_gems
Palembang Trade Center lokasinya dimana?,ask_location_access
I want to know list of parks in palembang??,ask_category
Halo ini jawaban template ya,ask_unrelated
Hidden spots in Palembang?,ask_hidden_gems
Kak Undiscovered places in Palembang dong kak,ask_hidden_gems
"Mau keliling Palembang naik LRT, kemana aja ya kak",ask_lrt_destinations
What time does Grand Mosque of Palembang close?,ask_operating_hours
Keren,provide_feedback
Mau nanya dong ke PTC bayar berapa ya?,ask_ticket_price
Kak Membantu banget sih,provide_feedback
Mau nanya dong keren dong,provide_feedback
"Hi, List of museums in Palembang??",ask_category
tempat keren tapi belum terkenal di palembang?,ask_hidden_gems
Info lengkap KI dong,ask_destination_info
Maaf mau tanya saranin wisata di palembang dong kak,ask_recommendation
Wisata yang bernuansa Islami?,ask_category
Eh Wisata baru yang belum terkenal ya kak,ask_hidden_gems
Directions to Benteng Kuto Besak?,ask_location_access
Min cek sih,greet
What's the location of Punti Kayu Forest?,ask_location_access
Taman Kebon Rojo mulai buka jam berapa?,ask_operating_hours
Eh KI hari libur buka gak?,ask_operating_hours
Tes tes,greet
Maaf mau tanya tempat makan di sekitar Kemaro ada?,ask_facilities
Min Selamat tinggal dong,goodbye
Mau nanya dong Wisata apa yang cocok untuk foto-foto deh,ask_recommendation
Baik terima kasih,goodbye
Famous places in Palembang?,ask_recommendation
Min Halo aplikasi ya kak,greet
Halo Makasih banyak ya,goodbye
Tolong kasih tau alamat Jembatan Ampera,ask_location_access
Tiket Pulau Kemaro berapa sih?,ask_ticket_price
Eh Halo permisi,greet
Permisi Wisata off the beaten path Palembang dong kak,ask_hidden_gems
Halo TanyaKito,greet
Min info wisata dekat LRT dong,ask_lrt_destinations
Maaf mau tanya Palembang punya wisata alam apa sih,ask_category
Mau nanya dong Gimana Jakabaring Sport City sih,ask_destination_info
"Hi, what should i visit in palembang?",ask_recommendation
Halo halo saya dari jakarta mau tanya sih,greet
Hello there,greet
Permisi Mau tanya dong kak harga tiket Kambang Iwak?,ask_ticket_price
Mau nanya dong Kapan bukanya?,ask_operating_hours
Eh mau tau tentang Pulau Kemaro ya,ask_destination_info
Bang Can someone help me deh,greet
Maaf mau tanya kemana aja bisa naik lrt untuk wisata?,ask_lrt_destinations
Palembang Trade Center gratis gak sih?,ask_ticket_price
Update harga tiket Kambang Iwak dong,ask_ticket_price
Mau nanya dong cara bikin cuko pempek nih,ask_unrelated
Min makasih infonya,goodbye
Kira-kira harga tiket Kampung Kapitan berapa?,ask_ticket_price
What's the location of Kampung Kapitan?,ask_location_access
Eh bayar berapa kalo masuk Ampera?,ask_ticket_price
Eh Nanti tanya lagi ya kak nih,goodbye
Eh Bot,greet
Halo Quiet but beautiful places in Palembang dong kak,ask_hidden_gems
Apa itu SMB?,ask_destination_info
thanks for the info please,provide_feedback
Kak kapan sih Al-Munawar buka?,ask_operating_hours
Bang good day deh,greet
Eh htm Kampung Kapitan berapa?,ask_ticket_price
Eh Wisata Palembang yang LRT friendly ya,ask_lrt_destinations
Eh Haii ya kak,greet
HTM Al Quran Al Akbar berapa?,ask_ticket_price
Min ada mushola di Kambang Iwak?,ask_facilities
Eh Very helpful sih,provide_feedback
Maaf mau tanya Tempat-tempat wisata yang aksesibel LRT,ask_lrt_destinations
Permisi tempat makan di sekitar Jakabaring Sport City ada?,ask_facilities
Bang understood dong,provide_feedback
Halo Makasih ya kak sangat berguna infonya dong kak,goodbye
Hai saya baru ke Palembang,greet
Info lokasi Palembang Square dong,ask_location_access
Maaf mau tanya LRT berhenti dekat wisata mana dong,ask_lrt_destinations
Halo ada ide tempat buat nongkrong sore ya kak,ask_recommendation
List of historical sites in Palembang?,ask_category
Maaf mau tanya Ada wisata sejarah di Palembang dong,ask_category
Permisi parkiran SMB II luas gak?,ask_facilities
"Kak Got it, thanks dong",goodbye
Mau nanya dong Tempat wisata yang bisa diakses LRT ya,ask_lrt_destinations
"Halo That's enough, thank you dong",goodbye
Halo Tutup jam berapa ya kak,ask_operating_hours
aku lagi pengen makan enak sambil liat sungai?,ask_recommendation
Halo bye kak ya kak,goodbye
Wisata tersembunyi di Palembang?,ask_hidden_gems
Wisata wisata budaya di Palembang apa aja?,ask_category
Maaf mau tanya Taxi online di Palembang dong kak,ask_unrelated
Hey suggest places for sightseeing in palembang please,ask_recommendation
Wisata alam di Palembang ada apa aja?,ask_category
Palembang Square berbayar atau gratis?,ask_ticket_price
"Min Mau keliling Palembang naik LRT, kemana aja ya",ask_lrt_destinations
Wisata Palembang yang belum banyak orang kunjungi?,ask_hidden_gems
Eh Ada wisata apa aja di Palembang ya,ask_recommendation
Permisi Wisata apa yang recommended di Palembang dong kak,ask_recommendation
Halo Local favorites in Palembang nih,ask_hidden_gems
Hey How much is the ticket to Al Quran Al Akbar?,ask_ticket_price
Info wisata religi Palembang dong,ask_category
Maaf mau tanya jawabannya cepat dong kak,provide_feedback
Maaf mau tanya Infonya detail banget ya,provide_feedback
Halo Kapan Kampung Arab Al-Munawar buka,ask_operating_hours
Permisi Understood nih,provide_feedback
Hari ini Museum Sultan Mahmud Badaruddin II buka gak ya?,ask_operating_hours
Mau nanya dong Underrated tourist spots in Palembang dong,ask_hidden_gems
Bang apakah Palembang Icon dekat stasiun lrt?,ask_lrt_destinations
Fasilitas apa saja di Palembang Square?,ask_facilities
Rute LRT melewati wisata apa?,ask_lrt_destinations
Min Baiklah terima kasih banyak ya,goodbye
Eh bang tiket Amanzi Waterpark berapa?,ask_ticket_price
di Kampung Kapitan itu kita bisa ngapain aja?,ask_destination_info
Location of Kampung Kapitan?,ask_location_access
Bang kak ya,greet
Kak Jelaskan tentang Al Quran Al Akbar?,ask_destination_info
Mau nanya dong Apa itu machine learning?,ask_unrelated
Kak SMB II ada area bermain anak?,ask_facilities
Mau nanya dong Wisata baru yang belum terkenal ya kak,ask_hidden_gems
Eh Palembang punya wisata apa aja sih,ask_recommendation
Kak Wisata yang aksesnya lewat LRT apa aja nih,ask_lrt_destinations
Review tentang KI,ask_destination_info
Hidden gem Palembang yang recommended ya,ask_hidden_gems
What amenities does Kambang Iwak Park offer?,ask_facilities
What's Kambang Iwak Park like?,ask_destination_info
Food tourism in Palembang?,ask_category
"Excuse me, Things to do in Palembang please",ask_recommendation
Hey where is Kawah Tengkurep bridge?,ask_location_access
Oke noted terima kasih banyak kak,goodbye
Min Selamat malam deh,greet
Maaf mau tanya Rekomendasi hidden gems dong kak sih,ask_hidden_gems
Makasih banyak nih,goodbye
Jelaskan tentang OPI Mall sih,ask_destination_info
Eh nice ya,provide_feedback
Min Are there tourist attractions near LRT stations sih,ask_lrt_destinations
Kak Apa itu AI dong kak,ask_unrelated
Bang kayak apa sih Hutan Wisata Punti Kayu?,ask_destination_info
Unexplored attractions in Palembang?,ask_hidden_gems
Canggih botnya,provide_feedback
Jadwal buka Taman Kambang Iwak Besak kapan ya?,ask_operating_hours
Bang Parkiran Taman Kebon Rojo luas gak?,ask_facilities
Mau nanya dong rekomendasi wisata yang dekat stasiun lrt deh,ask_lrt_destinations
"Hi, List of cultural tourism in Palembang please",ask_category
Ada wifi di Taman Kambang Iwak Besak?,ask_facilities
Halo Address of Grand Mosque of Palembang deh,ask_location_access
List of culinary tourism in Palembang?,ask_category
Mau nanya dong What's the time ya,ask_unrelated
Please Tell me a joke?,ask_unrelated
Mau tau tentang Taman Kambang Iwak Besak,ask_destination_info
Any nature tourism in Palembang?,ask_category
Eh hai saya pertama kali ke palembang ya,greet
Mau nanya dong Which tourist spots are near LRT stations dong kak,ask_lrt_destinations
Bang recommend nature tourism in palembang deh,ask_category
Permisi bye bye kak dong kak,goodbye
Permisi recommend cultural tourism in palembang dong kak,ask_category
"Bang hi, i'd like to ask something dong",greet
Mau nanya dong Ada fasilitas apa sih,ask_facilities
Bang Jam operasional Jembatan Ampera?,ask_operating_hours
Oke segitu aja dulu ya?,goodbye
Min what's special about Taman Kambang Iwak Besak?,ask_destination_info
"Excuse me, where can i find historical sites in palembang??",ask_category
Bang Rekomendasi wisata Palembang dong kak,ask_recommendation
Can you tell me Is Monpera Park open in the morning?,ask_operating_hours
Eh Amanzi ada tempat parkir?,ask_facilities
Nature spots in Palembang?,ask_category
Eh Terima kasih dong kak,goodbye
Halo siapa di sini?,greet
Ada wisata sejarah di Palembang?,ask_category
Kak Ampera ramah anak gak?,ask_facilities
Maaf mau tanya Informasinya membantu dong kak,provide_feedback
Maaf mau tanya Hidden spots in Palembang?,ask_hidden_gems
Permisi rekomendasi hidden gems dong kak ya kak,ask_hidden_gems
Kak perfect dong,provide_feedback
Palembang Square ada tempat istirahat ya,ask_facilities
Describe Grand Mosque of Palembang,ask_destination_info
Halo Wassalamualaikum dong kak,goodbye
Mau nanya dong tempat keren tapi belum terkenal di palembang?,ask_hidden_gems
Maaf mau tanya tolong kasih tau wisata dekat lrt dong,ask_lrt_destinations
Is Kambang Iwak Park open on weekends?,ask_operating_hours
Mau nanya dong Local favorites in Palembang?,ask_hidden_gems
Maaf mau tanya Palembang tourism recommendations dong kak,ask_recommendation
Can I take LRT to visit tourist places?,ask_lrt_destinations
Kak Infonya oke banget dong,provide_feedback
Permisi SMB II lokasinya dimana?,ask_location_access
Mau nanya dong sip terima kasih kak ya,goodbye
Kak Tempat wisata budaya Palembang?,ask_category
Mau nanya dong Wisata apa yang bisa dijangkau LRT deh,ask_lrt_destinations
Mau nanya dong kamu bot beneran ya kak,ask_unrelated
Bang Min mau tanya dong,greet
"Hi, is there wifi at PIM bridge??",ask_facilities
Bang Jam operasional BKB?,ask_operating_hours
Bang help me please nih,greet
Gimana Kawah Tengkurep?,ask_destination_info
Ticket price?,ask_ticket_price
Update harga tiket Palembang Icon dong,ask_ticket_price
Is Ampera Bridge child-friendly?,ask_facilities
Mau nanya dong when does BKB park close?,ask_operating_hours
Maaf mau tanya Wisata sepi tapi bagus di Palembang ya,ask_hidden_gems
Mantap makasih,goodbye
Halo Info wisata kuliner Palembang dong?,ask_category
Min Tempat wisata budaya di Palembang,ask_category
Bang kak ada wisata religi gak di palembang?,ask_category
Kak Bot nya pintar ya,provide_feedback
Is Al-Munawar Arab Village open on weekends?,ask_operating_hours
Fasilitas umum di SMB apa aja?,ask_facilities
Kak that's helpful deh,provide_feedback
Permisi Parkiran Museum Balaputra Dewa luas gak?,ask_facilities
Kak oke noted makasih ya,goodbye
Bang Information about Jakabaring Sport City Island ya kak,ask_destination_info
Min Tempat wisata yang gak rame?,ask_hidden_gems
Eh Religious sites in Palembang,ask_category
Bang Infonya detail banget deh,provide_feedback
Min Wisata museum di Palembang apa aja,ask_category
Permisi lrt bisa ke Kambang Iwak gak?,ask_lrt_destinations
Bang bagaimana cara ke Palembang Square?,ask_location_access
Bisa naik angkot ke Benteng Kuto Besak?,ask_location_access
Ada gak wisata yang masih asri di Palembang,ask_hidden_gems
Permisi Rekomendasi museum Palembang deh,ask_category
Maaf mau tanya Sip makasih ya,goodbye
"Hi, What are the operating hours of Jakabaring?",ask_operating_hours
Mau nanya dong Taman Kambang Iwak Besak itu tempat apa sih?,ask_destination_info
"Permisi Thank you, goodbye sih",goodbye
Bayar berapa kalo masuk Amanzi Waterpark?,ask_ticket_price
Bang Gimana Taman Kebon Rojo?,ask_destination_info
"Hello, How to lose weight please",ask_unrelated
Mau nanya dong alright thanks nih,goodbye
Taman Kambang Iwak Besak jauh gak dari pusat kota?,ask_location_access
Halo nais dong kak,provide_feedback
Min Price to enter Sultan Mahmud Badaruddin II Museum dong,ask_ticket_price
Kambang Iwak berbayar atau gratis?,ask_ticket_price
Min is Pasar 16 Ilir island free?,ask_ticket_price
Permisi makasih infonya ya kak,goodbye
Maaf mau tanya Apakah Taman Kambang Iwak Besak buka 24 jam nih,ask_operating_hours
Min mau tanya,greet
Mau nanya dong kamu manusia apa robot ya kak,ask_unrelated
Apa keunikan Kambang Iwak?,ask_destination_info
Maaf mau tanya Baik terima kasih deh,goodbye
Tempat wisata yang gak rame dong kak,ask_hidden_gems
Permisi Wisata yang bisa dikunjungi sehari sih,ask_recommendation
Sejarah Palembang Square apa ya?,ask_destination_info
Eh mau ke tempat yang unik dan sepi dong kak,ask_hidden_gems
Min Weekday SMB buka jam berapa?,ask_operating_hours
Amanzi Waterpark gratis gak sih,ask_ticket_price
Mau nanya dong hi dong kak,greet
Permisi Jam operasionalnya ya kak,ask_operating_hours
Eh siang ya,greet
Yang termasuk wisata budaya apa aja?,ask_category
Permisi OPI Mall ada area bermain anak?,ask_facilities
Bang Palembang punya masjid apa sih,ask_category
Maaf mau tanya Cara daftar kuliah dong kak,ask_unrelated
Kak Wisata weekend di Palembang,ask_recommendation
"Bang thank you, goodbye dong kak",goodbye
Bagus gak tempatnya?,ask_destination_info
Kak Halo ada yang bisa dibantu?,greet
Permisi Wisata yang gak pasaran di Palembang deh,ask_hidden_gems
Please Best places for tourists in Palembang please,ask_recommendation
Maaf mau tanya Bagaimana cara diet ya,ask_unrelated
How to go to Kampung Kapitan?,ask_location_access
Bang jelaskan tentang Masjid Cheng Ho dong,ask_destination_info
Min tempat paling menarik di palembang?,ask_recommendation
"Kak bye, thanks for everything dong kak",goodbye
Min Misi nanya dong,greet
What makes Benteng Kuto Besak unique?,ask_destination_info
Arah ke Hutan Wisata Punti Kayu gimana?,ask_location_access
Kak oke kak noted nih,provide_feedback
Mau nanya dong Dadah kak sih,goodbye
Info harga tiket SMB II dong kak,ask_ticket_price
Halo lesser known attractions in palembang?,ask_hidden_gems
"Hello, What are the iconic places in Palembang",ask_recommendation
Bang Wisata Palembang yang aesthetic tapi sepi ya,ask_hidden_gems
Posisi SMB II dimana ya?,ask_location_access
Bang tiket BKB berapa?,ask_ticket_price
Flight tickets to Bali?,ask_unrelated
"Hello, What's the address of SMB Arab Village thanks",ask_location_access
Bang tiket Al-Munawar berapa?,ask_ticket_price
Halo tes tes deh,greet
Wassalamualaikum,goodbye
Hari ini Jakabaring Sport City buka gak ya?,ask_operating_hours
What's the ticket price for Al-Munawar Arab Village?,ask_ticket_price
Permisi Apa BKB bayar nih,ask_ticket_price
Mau nanya dong Kemana aja bisa naik LRT untuk wisata,ask_lrt_destinations
Kak LRT berhenti dekat wisata mana dong kak,ask_lrt_destinations
Mau nanya dong siapa yang bikin kamu ya kak,ask_unrelated
Mau nanya dong wisata yang belum viral di palembang?,ask_hidden_gems
Eh Tourist recommendations for Palembang nih,ask_recommendation
Wisata yang belum banyak orang tau di Palembang ya,ask_hidden_gems
Amanzi bayar berapa?,ask_ticket_price
Permisi clear explanation dong kak,provide_feedback
Eh Kampung Arab Al-Munawar ada tempat parkir sih,ask_facilities
mau minta saran wisata palembang deh,ask_recommendation
"Mau nanya dong thank you, goodbye",goodbye
"Hello, recommend places to see in palembang?",ask_recommendation
Mau nanya dong Tempat wisata murah di Palembang ya kak,ask_recommendation
Bang 5 stars deh,provide_feedback
Eh Perfect ya kak,provide_feedback
Kak 1 2 3 test ya,greet
Info lokasi Kemaro dong,ask_location_access
Permisi Mau cari museum di Palembang,ask_category
Mau nanya dong KI jauh gak dari pusat kota?,ask_location_access
Eh tempat yang bagus buat foto-foto keluarga di mana ya?,ask_recommendation
Dari mana ke Kemaro?,ask_location_access
Destinasi wisata religi Palembang?,ask_category
What can I see at Benteng Kuto Besak?,ask_destination_info
Museum Balaputra Dewa mulai buka jam berapa?,ask_operating_hours
Eh Religious sites in Palembang ya kak,ask_category
Eh Resep kue bolu nih,ask_unrelated
Maaf mau tanya kalo hari sabtu Monpera buka?,ask_operating_hours
Mau nanya dong Rumah sakit terdekat sih,ask_unrelated
Eh jawabannya cepat ya kak,provide_feedback
Museum di Palembang apa aja?,ask_category
Maaf mau tanya Kapan piala dunia ya kak,ask_unrelated
Permisi Baiklah terima kasih banyak dong,goodbye
Rekomendasi wisata sejarah Palembang,ask_category
Min Wisata yang gak pasaran di Palembang,ask_hidden_gems
Min Posisi SMB dimana ya,ask_location_access
Kak makasih ya kak,goodbye
What should I visit in Palembang?,ask_recommendation
Halo Kak dimana ya Fantasy Island ya kak,ask_location_access
What days is Benteng Kuto Besak open?,ask_operating_hours
mau ke tempat yang unik dan sepi ya,ask_hidden_gems
Min BKB itu tempat apa sih?,ask_destination_info
Min Menarik gak Taman Kebon Rojo nih,ask_destination_info
Maaf mau tanya Apa yang menarik dari SMB?,ask_destination_info
Palembang Icon berbayar atau gratis?,ask_ticket_price
Maaf mau tanya What's cryptocurrency ya,ask_unrelated
HTM Masjid Agung Palembang berapa?,ask_ticket_price
Helloo,greet
Bang very helpful nih,provide_feedback
Permisi Apa itu SMB?,ask_destination_info
Recommend religious tourism in Palembang,ask_category
Mau nanya dong Cara daftar CPNS gimana?,ask_unrelated
Menarik gak Kambang Iwak?,ask_destination_info
Min Jos sih,provide_feedback
Masuk Jakabaring Sport City gratis atau bayar?,ask_ticket_price
"hello, i'm looking for help nih",greet
Kak berapa harga tiket Taman Kambang Iwak Besak?,ask_ticket_price
Helo,greet
"Hi, unique places to visit in palembang?",ask_hidden_gems
Halo apakah Palembang Square dekat stasiun lrt?,ask_lrt_destinations
ada apa aja sih di Kampung Kapitan?,ask_destination_info
"Halo anakku suka main air, enaknya bawa kemana ya",ask_recommendation
Asalamualaikum,greet
Infonya oke banget,provide_feedback
Popular tourist spots in Palembang sih,ask_recommendation
Permisi Akses ke OPI Mall mudah gak dong kak,ask_location_access
I want to know List of culinary tourism in Palembang thanks,ask_category
Min kamu pintar ya,ask_unrelated
Permisi Harga masuk Masjid Agung Palembang berapa ya kak deh,ask_ticket_price
I want to know How to move on please,ask_unrelated
Palembang punya wisata apa aja?,ask_recommendation
Maaf mau tanya KI bisa ditempuh pakai apa?,ask_location_access
Eh Jam operasional Benteng Kuto Besak?,ask_operating_hours
Kak Terima kasih sangat membantu sih,goodbye
"Hello, How much for Monpera tickets?",ask_ticket_price
Kak Naik apa ke SMB?,ask_location_access
Kak Wisata murah yang bisa naik LRT deh,ask_lrt_destinations
Eh Kak wisata yang bisa naik LRT apa aja,ask_lrt_destinations
Min masuk Palembang Trade Center gratis atau bayar?,ask_ticket_price
Where can I go by LRT for sightseeing?,ask_lrt_destinations
Kak Nanti tanya lagi ya kak sih,goodbye
Permisi OK thank you dong kak,goodbye
Kak Berguna banget nih,provide_feedback
Kak Palembang Trade Center lokasinya dimana?,ask_location_access
Jadwal sholat hari ini ya kak,ask_unrelated
Where is Benteng Kuto Besak?,ask_location_access
Permisi Tempat wisata alternatif Palembang deh,ask_hidden_gems
Mau nanya dong Apakah Jakabaring Sport City buka 24 jam?,ask_operating_hours
Akses ke Punti Kayu mudah gak?,ask_location_access
Bot nya pintar ya,provide_feedback
Permisi info lengkap Pulau Kemaro dong,ask_destination_info
Mau tanya jam operasional PTC,ask_operating_hours
Wisata Palembang yang populer apa?,ask_recommendation
Min Oke terima kasih,goodbye
Mau nanya dong Info wisata yang terjangkau LRT nih,ask_lrt_destinations
Bang is Palembang Trade Center arab village open on weekends?,ask_operating_hours
Halo halo bot sih,greet
Wisata romantis di Palembang?,ask_recommendation
Bye bye makasih,goodbye
Hi chatbot,greet
What is AI please,ask_unrelated
Maaf mau tanya tourist recommendations for palembang?,ask_recommendation
Dari jam berapa Amanzi Waterpark buka?,ask_operating_hours
Alternative tourist spots in Palembang?,ask_hidden_gems
Maaf mau tanya Jam tutup SMB kapan deh,ask_operating_hours
Eh fasilitas apa saja di Ampera?,ask_facilities
"Excuse me, Off the beaten path places in Palembang?",ask_hidden_gems
Min Tolong kasih tau wisata dekat LRT dong kak,ask_lrt_destinations
Hey What tourism spots are on the LRT line??,ask_lrt_destinations
Mau nanya dong Wisata alam di Palembang ada apa aja sih,ask_category
Min Suka sama jawabannya nih,provide_feedback
Permisi ini jawaban template ya?,ask_unrelated
Apakah PIM gratis?,ask_ticket_price
Pasar 16 Ilir di mana ya?,ask_location_access
Eh Sampai jumpa lagi nih,goodbye
Palembang Trade Center buka setiap hari?,ask_operating_hours
Permisi Yang termasuk wisata religi apa aja dong,ask_category
Eh Good job dong kak,provide_feedback
Permisi Jam bukanya kapan?,ask_operating_hours
Min Dimana lokasi Museum Balaputra Dewa ya,ask_location_access
Halo Wah keren infonya,provide_feedback
Permisi wisata romantis di palembang?,ask_recommendation
Min Tempat wisata alternatif Palembang dong kak,ask_hidden_gems
Apakah Taman Kambang Iwak Besak buka 24 jam?,ask_operating_hours
Maaf mau tanya What's available at KI Forest?,ask_facilities
What amenities does Kampung Kapitan offer?,ask_facilities
Nanti tanya lagi ya kak,goodbye
Maaf mau tanya Ada wisata dekat LRT gak,ask_lrt_destinations
Permisi recommend parks in palembang deh,ask_category
Halo Tempat bersejarah apa aja ya kak,ask_category
Min Bisa naik LRT ke Palembang Trade Center,ask_lrt_destinations
Kak KI ada toilet gak ya,ask_facilities
Min halloo,greet
Wisata gratis di Palembang ada gak?,ask_recommendation
Maaf mau tanya LRT friendly tourist destinations ya,ask_lrt_destinations
Where is Monpera located?,ask_location_access
Sore min ya,greet
Maaf mau tanya rekomendasi hidden gems dong kak nih,ask_hidden_gems
Bang min info wisata dekat lrt dong kak,ask_lrt_destinations
Halo ada wifi di OPI Mall?,ask_facilities
Eh haai ya,greet
Mau nanya dong Update harga tiket Al Quran Al Akbar dong kak,ask_ticket_price
Halo Kawah Tengkurep aksesnya lewat LRT bisa deh,ask_lrt_destinations
Mau nanya dong 5 bintang deh kak,provide_feedback
Halo apa yang bikin Monpera ini spesial?,ask_destination_info
Min Jelas banget penjelasannya deh,provide_feedback
Kapan Siguntang buka?,ask_operating_hours
Halo apakah Jembatan Ampera buka hari minggu?,ask_operating_hours
Kak Jakabaring buka jam berapa ya?,ask_operating_hours
Can you tell me thanks for the info thanks,goodbye
Fasilitas Siguntang lengkap gak?,ask_facilities
Min Berapa ya tiket Kemaro dong kak,ask_ticket_price
Alamatnya dimana?,ask_location_access
Kak Top wisata Palembang,ask_recommendation
Maaf mau tanya Apakah ada wisata yang bisa dijangkau LRT sih,ask_lrt_destinations
Bang Any hidden gems to visit ya,ask_hidden_gems
recommend religious tourism in palembang deh,ask_category
Eh Mau minta saran wisata Palembang nih,ask_recommendation
Kampung Kapitan ada area bermain anak?,ask_facilities
Eh Responnya cepat ya,provide_feedback
Permisi Lengkap banget infonya sih,provide_feedback
Bang mantap makasih ya kak,goodbye
Halo Masuk Hutan Wisata Punti Kayu gratis atau bayar ya,ask_ticket_price
How much is the admission to Sultan Mahmud Badaruddin II Museum?,ask_ticket_price
Maaf mau tanya Underrated tourist spots in Palembang ya,ask_hidden_gems
Min Terima kasih sih,goodbye
Bisa naik angkot ke Al-Munawar?,ask_location_access
Can you tell me Unique places to visit in Palembang please,ask_hidden_gems
Kak oke makasih deh,goodbye
Berapa duit masuk Kemaro nih,ask_ticket_price
Mau nanya dong lagi pengen liat pemandangan kota dari atas ya kak,ask_recommendation
Min What amenities does Al Quran Al Akbar offer?,ask_facilities
Best places for tourists in Palembang?,ask_recommendation
Halo thanks for your help sih,goodbye
Bang Amanzi Waterpark ada toilet gak?,ask_facilities
"Hi, is there wifi at grand mosque of palembang?",ask_facilities
Permisi makasih udah bantu sih,goodbye
ada apa aja sih di Siguntang?,ask_destination_info
"Hi, what is Jembatan Ampera arab village?",ask_destination_info
Fasilitas Taman Kebon Rojo lengkap gak?,ask_facilities
Eh Wisata Arab di Palembang ya,ask_category
Permisi Fasilitas umum di Al Quran Al Akbar apa aja,ask_facilities
Min Flight tickets to Bali ya,ask_unrelated
Bagaimana cara ke SMB II?,ask_location_access
Halo wisata sepi tapi bagus di palembang?,ask_hidden_gems
Min Oke terima kasih jawabannya deh,provide_feedback
Halo Apa itu OPI Mall ya kak,ask_destination_info
SMB ada spot foto gak?,ask_facilities
Bang Ada wisata apa aja di Palembang dong,ask_recommendation
Kak Resep kue bolu deh,ask_unrelated
Maaf mau tanya Sup ya kak,greet
Berapa duit masuk Masjid Agung Palembang?,ask_ticket_price
Suggest places for sightseeing in Palembang,ask_recommendation
Eh Wisata indoor Palembang nih,ask_category
Permisi Hay mau nanya nih,greet
Mantap kak dong,provide_feedback
Mau nanya dong apa OPI Mall bayar?,ask_ticket_price
Bang Kamu punya perasaan sih,ask_unrelated
Permisi Historical places in Palembang deh,ask_category
Kak Tempat-tempat wisata yang aksesibel LRT,ask_lrt_destinations
Siguntang ada kantin gak?,ask_facilities
Bang jawaban yang memuaskan dong,provide_feedback
tempat makan di sekitar KI ada?,ask_facilities
Halo Love this bot sih,provide_feedback
ada ide tempat buat nongkrong sore?,ask_recommendation
Why is Kambang Iwak Park famous?,ask_destination_info
Is admission to Grand Mosque of Palembang free?,ask_ticket_price
Mau nanya dong Wisata yang cocok untuk keluarga sih,ask_recommendation
Very detailed,provide_feedback
Halo Al Quran Al Akbar buka hari apa aja ya kak,ask_operating_hours
Permisi Ada gak wisata yang masih asri di Palembang nih,ask_hidden_gems
What's the capital of France please,ask_unrelated
Kak Dari pusat kota ke Al-Munawar berapa lama?,ask_location_access
I want to know Where to go in Palembang please,ask_recommendation
Min Harga tiket masuk Jembatan Ampera sekarang berapa?,ask_ticket_price
Bayar berapa kalo masuk Bukit Siguntang?,ask_ticket_price
"Hi, What days is Monpera open??",ask_operating_hours
I want to know How to reach Kambang Iwak Park?,ask_location_access
Museum Balaputra Dewa bagus gak?,ask_destination_info
Halo Wisata romantis di Palembang deh,ask_recommendation
Bang Tempat wisata yang gak rame deh,ask_hidden_gems
Eh harga tiket masuk Ampera sekarang berapa?,ask_ticket_price
Kak Is Kambang Iwak Bridge open today?,ask_operating_hours
Halo parkiran Taman Kebon Rojo luas gak?,ask_facilities
Cara daftar kuliah?,ask_unrelated
Eh Recommend tourist places in Palembang sih,ask_recommendation
"Halo That's enough, thank you",goodbye
Min baik terima kasih dong,goodbye
Di daerah mana?,ask_location_access
Halo Destinasi rahasia Palembang,ask_hidden_gems
Maaf mau tanya terima kasih sangat membantu nih,goodbye
Is Ampera Bridge open today?,ask_operating_hours
Can you tell me what time does grand mosque of palembang close??,ask_operating_hours
Kak ada masjid gak di Palembang?,ask_category
Min Kasih info Pulau Kemaro ya kak?,ask_destination_info
Kampung Kapitan fasilitasnya apa aja?,ask_facilities
Bang Permisi saya ingin bertanya deh,greet
Halo Apakah ada wisata yang bisa dijangkau LRT dong,ask_lrt_destinations
Eh Kak ada hidden gems gak,ask_hidden_gems
Best things to do in Palembang?,ask_recommendation
Permisi Pagi kak dong kak,greet
Maaf mau tanya Wisata yang bisa dikunjungi sehari dong kak,ask_recommendation
Kak wisata sepi tapi bagus di palembang?,ask_hidden_gems
Halo Amanzi di mana ya?,ask_location_access
Min Udah cukup ya kak,goodbye
Bang is KI open on weekends?,ask_operating_hours
asal usul Taman Kambang Iwak Besak ini gimana ceritanya?,ask_destination_info
Recommend tourist places in Palembang,ask_recommendation
History of Ampera Bridge?,ask_destination_info
Halo Thanks for your help dong kak,goodbye
Stasiun LRT terdekat ke tempat wisata mana dong kak,ask_lrt_destinations
Eh Halo siapa di sini,greet
Kak Berapa harga tiket masuk BKB?,ask_ticket_price
List of cultural tourism in Palembang?,ask_category
Halo Rute LRT melewati wisata apa sih,ask_lrt_destinations
Hari ini Siguntang buka gak ya?,ask_operating_hours
Halo Which tourist spots are near LRT stations nih,ask_lrt_destinations
Halo Top tourist attractions in Palembang ya kak,ask_recommendation
Bagaimana cara ke Museum Balaputra Dewa?,ask_location_access
Please what nature tourism are in palembang??,ask_category
Min LRT accessible tourist spots in Palembang dong,ask_lrt_destinations
Bang Min alamat Hutan Wisata Punti Kayu apa ya?,ask_location_access
Mau nanya dong Mau tanya fasilitas di Kampung Kapitan dong,ask_facilities
Halo Wisata accessible by LRT nih,ask_lrt_destinations
Maaf mau tanya Any hidden gems to visit dong kak,ask_hidden_gems
Bang Jawaban yang sangat membantu dong kak,provide_feedback
Maaf mau tanya segitu dulu kak thanks ya,goodbye
Mau nanya dong Wisata sore hari di Palembang ya kak,ask_recommendation
Maaf mau tanya Mau tau sejarah BKB?,ask_destination_info
Eh wisata yang bisa dikunjungi sehari dong,ask_recommendation
Halo Udah itu aja kak makasih ya kak,goodbye
Kak Why is Palembang Icon Park famous ya kak,ask_destination_info
Bagaimana cara ke Kampung Kapitan?,ask_location_access
Siguntang buka sampai malam gak?,ask_operating_hours
Halo Masjid Agung Palembang buka hari apa aja?,ask_operating_hours
Thank you deh,goodbye
Eh Fasilitas umum di PIM apa aja?,ask_facilities
"Excuse me, What tourism spots are on the LRT line please",ask_lrt_destinations
Permisi tempat museum di palembang?,ask_category
Permisi Hai kak masih aktif ya kak,greet
Halo Oke kak sampai jumpa deh,goodbye
Halo Menarik gak Jakabaring Sport City deh,ask_destination_info
Amanzi mulai buka jam berapa?,ask_operating_hours
Maaf mau tanya wisata palembang yang belum banyak orang kunjungi?,ask_hidden_gems
Min Tempat yang belum terkenal di Palembang?,ask_hidden_gems
Maaf mau tanya Describe SMB ya,ask_destination_info
Halo Rute LRT melewati wisata apa deh,ask_lrt_destinations
"Hi, What's the capital of France?",ask_unrelated
Maaf mau tanya Weekday KI buka jam berapa dong kak,ask_operating_hours
Mau ke KI bayar berapa?,ask_ticket_price
Mau nanya dong Rekomendasi wisata alam Palembang nih,ask_category
Jakabaring terkenal karena apa?,ask_destination_info
Halo Cara menghilangkan jerawat deh,ask_unrelated
Maaf mau tanya Mau tanya dong kak harga tiket Benteng Kuto Besak dong,ask_ticket_price
Deskripsi Punti Kayu,ask_destination_info
Berapa duit masuk Kawah Tengkurep?,ask_ticket_price
Eh Is Kambang Iwak Bridge open on Sunday?,ask_operating_hours
Bang cara menuju Kawah Tengkurep gimana?,ask_location_access
Info lengkap Kampung Kapitan dong,ask_destination_info
Describe it ya kak,ask_destination_info
Bang Kak fasilitas Al-Munawar apa aja ya,ask_facilities
What amenities does Grand Mosque of Palembang offer?,ask_facilities
Kira-kira harga tiket Taman Kebon Rojo berapa?,ask_ticket_price
Min assalamualaikum min ya kak,greet
penjelasannya bagus kak dong kak,provide_feedback
Halo terima kasih sangat membantu dong kak,goodbye
Permisi Tempat wisata yang jarang dikunjungi di Palembang ya,ask_hidden_gems
Kak Jam operasional Pulau Kemaro?,ask_operating_hours
Min Best movies of 2024 ya kak,ask_unrelated
Tell me about Jakabaring Sport City,ask_destination_info
Eh Why is Sultan Mahmud Badaruddin II Museum famous,ask_destination_info
Maaf mau tanya tempat yang bagus buat foto-foto keluarga di mana ya kak,ask_recommendation
adminnya mana?,ask_unrelated
Halo Kak rekomendasiin dong wisata di Palembang ya kak,ask_recommendation
Mau nanya dong Enaknya kemana ya di Palembang nih,ask_recommendation
What's the weather today?,ask_unrelated
Maaf mau tanya jawabannya memuaskan deh,provide_feedback
Kak cerita sejarah Amanzi Waterpark dong kak,ask_destination_info
Please What culinary tourism are in Palembang thanks,ask_category
Alright thanks,goodbye
Kak info lengkap Siguntang dong,ask_destination_info
Wah keren infonya dong,provide_feedback
Mau tau tentang Palembang Icon,ask_destination_info
Maaf mau tanya Wisata Palembang yang LRT friendly ya,ask_lrt_destinations
Eh min alamat Taman Kebon Rojo apa ya?,ask_location_access
Monpera buka dari jam berapa sampai jam berapa?,ask_operating_hours
"Excuse me, How much for Al-Munawar tickets please",ask_ticket_price
Bang very informative,provide_feedback
LRT friendly tourist destinations dong,ask_lrt_destinations
Maaf mau tanya that makes sense dong,provide_feedback
Maaf mau tanya LRT Palembang stop di wisata mana nih,ask_lrt_destinations
Kak ada wisata alam gak di Palembang?,ask_category
Oke cukup kak makasih banyak,goodbye
Rute ke Museum Sultan Mahmud Badaruddin II gimana?,ask_location_access
Kak Pagi-pagi Punti Kayu sudah buka belum?,ask_operating_hours
Eh Mau cari wisata kuliner di Palembang ya,ask_category
Min Membantu banget kak sih,provide_feedback
Eh ada mushola di Amanzi?,ask_facilities
Min Tempat wisata yang jarang dikunjungi di Palembang ya kak,ask_hidden_gems
Mau nanya dong LRT friendly tourist destinations sih,ask_lrt_destinations
Kak Wisata tersembunyi di Palembang ya kak,ask_hidden_gems
Can you tell me where is Kambang Iwak forest?,ask_location_access
Permisi Wisata yang paling sering dikunjungi nih,ask_recommendation
Mau nanya dong terima kasih banyak,goodbye
asal usul Palembang Square ini gimana ceritanya?,ask_destination_info
Permisi Destinasi wisata alam Palembang ya kak,ask_category
Permisi Wisata yang belum viral di Palembang ya kak,ask_hidden_gems
Halo tempat yang bagus buat foto-foto keluarga di mana ya?,ask_recommendation
Ada fasilitas apa di Bukit Siguntang?,ask_facilities
Mau nanya dong wisata yang paling dekat lrt?,ask_lrt_destinations
Eh kenapa orang-orang suka ke Kampung Kapitan ya,ask_destination_info
"Hi, where can i find religious tourism in palembang??",ask_category
Mau nanya dong clear explanation dong,provide_feedback
Posisi Museum Sultan Mahmud Badaruddin II dimana ya?,ask_location_access
Bang Excellent information?,provide_feedback
Wah makasih infonya lengkap,provide_feedback
Hey What parks are in Palembang??,ask_category
"Halo Mau naik LRT, wisata apa yang dekat sih",ask_lrt_destinations
Mau nanya dong Rekomendasi wisata religi Palembang ya,ask_category
Can I take LRT to visit tourist places please,ask_lrt_destinations
what's up deh,greet
Kak rute lrt melewati wisata apa?,ask_lrt_destinations
Eh min harga masuk Benteng Kuto Besak berapa?,ask_ticket_price
Alternative tourist spots in Palembang deh,ask_hidden_gems
Permisi hari ini Monpera buka gak ya?,ask_operating_hours
Mau ke PTC lewat mana?,ask_location_access
Mau nanya dong Halo saya mau bertanya,greet
Maaf mau tanya Jadwal buka Kambang Iwak kapan ya?,ask_operating_hours
Halo info wisata alam palembang dong kak,ask_category
Bang kamu bot beneran ya kak,ask_unrelated
Mau nanya dong wah makasih infonya lengkap ya kak,provide_feedback
Min apa arti cinta?,ask_unrelated
Selamat sore,greet
Bang kenapa orang-orang suka ke Pulau Kemaro?,ask_destination_info
Mau nanya dong kenapa orang-orang suka ke Fantasy Island?,ask_destination_info
Min Kak fasilitas Bukit Siguntang apa aja ya?,ask_facilities
Please Recommend places to see in Palembang thanks,ask_recommendation
Mantap kak,provide_feedback
Mau nanya dong Siguntang ramah anak gak?,ask_facilities
Mau cari museum di Palembang,ask_category
historical sites places in Palembang dong,ask_category
Hey Why is Grand Mosque of Palembang famous,ask_destination_info
Dari mana ke Palembang Square?,ask_location_access
Bang Kemana aja bisa naik LRT untuk wisata,ask_lrt_destinations
Info fasilitas Pasar 16 Ilir dong,ask_facilities
Local favorites in Palembang?,ask_hidden_gems
Kambang Iwak buka sampai malam gak?,ask_operating_hours
Tempat keren tapi belum terkenal di Palembang dong,ask_hidden_gems
Eh Siapa penemu lampu,ask_unrelated
Monpera deket stasiun LRT mana nih,ask_location_access
"Hello, What destinations are accessible by LRT",ask_lrt_destinations
Eh Kemana aja bisa naik LRT untuk wisata nih,ask_lrt_destinations
Info lokasi Kambang Iwak dong,ask_location_access
Eh Underrated tourist spots in Palembang sih,ask_hidden_gems
Mau nanya dong Tempat wisata alternatif Palembang sih,ask_hidden_gems
Maaf mau tanya Wisata malam di Palembang kemana sih,ask_recommendation
Maaf mau tanya sih,greet
Is there WiFi at Jakabaring Sport City?,ask_facilities
Cara menuju Bukit Siguntang gimana?,ask_location_access
Museum Balaputra Dewa itu tempat apa sih?,ask_destination_info
"Hi, What amenities does Grand Mosque of Palembang offer",ask_facilities
Tiketnya mahal gak?,ask_ticket_price
Weekday Museum Sultan Mahmud Badaruddin II buka jam berapa?,ask_operating_hours
Halo Great bot?,provide_feedback
Maaf mau tanya Mahal gak tiketnya ya kak,ask_ticket_price
kalo hari sabtu Punti Kayu buka?,ask_operating_hours
Min Tourist recommendations for Palembang nih,ask_recommendation
Eh Tempat wisata yang dilalui LRT ya,ask_lrt_destinations
Permisi cara bikin cuko pempek ya,ask_unrelated
Hey what are the best places to visit in palembang?,ask_recommendation
Kak Palembang punya wisata alam apa deh,ask_category
Permisi Wisata masjid di Palembang apa aja,ask_category
Tempat museum di Palembang?,ask_category
Mau nanya dong Does Jembatan Ampera have parking?,ask_facilities
how to get a visa??,ask_unrelated
Kalo hari Sabtu Jakabaring buka?,ask_operating_hours
Fantasy Island deket stasiun LRT mana?,ask_location_access
Hai selamat siang,greet
Eh Top wisata Palembang dong,ask_recommendation
Permisi Wisata anti mainstream Palembang,ask_hidden_gems
Min Suka deh?,provide_feedback
Monpera ada toilet gak?,ask_facilities
info taman palembang dong,ask_category
Maaf mau tanya alamat PTC dimana?,ask_location_access
Museum Sultan Mahmud Badaruddin II gratis gak sih?,ask_ticket_price
Halo Info harga tiket KI dong kak?,ask_ticket_price
KI berbayar atau gratis?,ask_ticket_price
What facilities are available at Kambang Iwak Park?,ask_facilities
Ada rekomendasi wisata gak nih,ask_recommendation
Min Wisata Tionghoa di Palembang dong kak,ask_category
Does Ampera Bridge have a mosque?,ask_facilities
Does Kampung Kapitan have a mosque?,ask_facilities
Buka sampai malam?,ask_operating_hours
Halo Rekomendasikan tempat wisata di Palembang deh,ask_recommendation
Permisi Top wisata Palembang deh,ask_recommendation
Permisi oke deh bye deh,goodbye
Permisi mau tanya dong kak harga tiket Punti Kayu sih,ask_ticket_price
"Hello, is anyone available?",greet
Eh Fasilitas pendukung Masjid Agung Palembang?,ask_facilities
Kak Cara menuju BKB gimana nih,ask_location_access
Alamat lengkap Taman Kebon Rojo?,ask_location_access
Min Bye kak dong,goodbye
Min Ada wifi di Taman Kebon Rojo?,ask_facilities
Halo assalamu'alaikum nih,greet
Mau nanya dong cara daftar kuliah?,ask_unrelated
Hey Is admission to Jakabaring Sport City Bridge free?,ask_ticket_price
"Excuse me, What are the operating hours of Kampung Arab Al-Munawar Forest?",ask_operating_hours
Eh recommend culinary tourism in palembang ya kak,ask_category
Eh Tempat keren tapi belum terkenal di Palembang dong,ask_hidden_gems
Top tourist attractions in Palembang?,ask_recommendation
Monpera buka setiap hari?,ask_operating_hours
Min Local favorites in Palembang ya kak,ask_hidden_gems
Kak mau tau sejarah Museum Balaputra Dewa dong,ask_destination_info
Mau nanya dong Weekday Masjid Cheng Ho buka jam berapa,ask_operating_hours
Oke mantap kak?,goodbye
Halo wisata untuk anak-anak di palembang?,ask_recommendation
Halo Rekomendasi hidden gems dong kak,ask_hidden_gems
Tempat masjid di Palembang?,ask_category
Cerita sejarah Taman Kebon Rojo dong,ask_destination_info
Eh Destinasi yang LRT accessible,ask_lrt_destinations
Maaf mau tanya kamu robot ya?,ask_unrelated
Hey Is there WiFi at Jakabaring?,ask_facilities
Permisi Selamat sore nih,greet
Kak assalamualaikum bye dong,goodbye
Halo kasih tau dong tentang Palembang Icon ya,ask_destination_info
Bisa naik angkot ke Museum Sultan Mahmud Badaruddin II sih,ask_location_access
Hai chatbot,greet
Very accurate,provide_feedback
Halo Kemaro buka jam berapa?,ask_operating_hours
Can you tell me Suggest places for sightseeing in Palembang??,ask_recommendation
Eh hotel murah di jakarta?,ask_unrelated
Halo Tell me about PIM,ask_destination_info
Permisi Ada gak wisata yang masih asri di Palembang deh,ask_hidden_gems
Kak What's it like dong kak,ask_destination_info
Eh tolong kasih tau alamat Punti Kayu ya kak,ask_location_access
Min Any hidden gems to visit ya kak,ask_hidden_gems
"Kak Hello, is anyone available?",greet
Eh Wisata yang gampang dijangkau LRT sih,ask_lrt_destinations
What's 2+2?,ask_unrelated
Jam buka Kampung Kapitan kapan?,ask_operating_hours
Oke deh makasih ya kak,goodbye
Mau nanya dong terima kasih infonya ya kak,goodbye
Maaf mau tanya Siapa penemu lampu?,ask_unrelated
Mau nanya dong OPI Mall ada area bermain anak ya kak,ask_facilities
Permisi apakah ada wisata yang bisa dijangkau lrt?,ask_lrt_destinations
nature tourism places in Palembang?,ask_category
Permisi Nature spots in Palembang,ask_category
Kak selamat siang sih,greet
Halo tempat wisata alternatif palembang?,ask_hidden_gems
Maaf mau tanya terima kasih atas informasinya ya kak,goodbye
Kak Thanks infonya dong kak,goodbye
Maaf mau tanya What time does SMB II open nih,ask_operating_hours
Mau nanya dong Ada tempat wisata baru di Palembang?,ask_hidden_gems
Kak rekomendasikan destinasi wisata palembang sih,ask_recommendation
Halo Min alamat Benteng Kuto Besak apa ya,ask_location_access
Oke noted makasih,goodbye
Permisi makasih atas bantuannya ya,goodbye
Min Assalamualaikum,greet
Mau nanya dong Tolong kasih tau wisata dekat LRT dong kak,ask_lrt_destinations
Min cultural tourism places in Palembang ya kak,ask_category
Min What's special about Monpera sih,ask_destination_info
Berapa biaya masuk ke SMB dong kak,ask_ticket_price
Kak KI itu apa?,ask_destination_info
Got it,provide_feedback
Eh Tempat wisata yang bisa diakses LRT ya,ask_lrt_destinations
kapan kiamat?,ask_unrelated
Bang Noted kak,provide_feedback
Mau nanya dong Tempat wisata yang dilalui LRT,ask_lrt_destinations
Kambang Iwak ada tempat istirahat?,ask_facilities
Bang Kak wisata yang bisa naik LRT apa aja dong kak,ask_lrt_destinations
Is Kemaro Island worth visiting?,ask_destination_info
Maaf mau tanya apakah Kambang Iwak buka 24 jam?,ask_operating_hours
Bang Posisi Palembang Trade Center dimana ya?,ask_location_access
Min review tentang Amanzi Waterpark sih,ask_destination_info
Gimana Palembang Icon?,ask_destination_info
Halo Kak OPI Mall buka jam berapa ya kak,ask_operating_hours
is Palembang Trade Center worth visiting?,ask_destination_info
Min pinter ya botnya,provide_feedback
Permisi makasih ya kak,goodbye
Bang Wisata weekend di Palembang dong,ask_recommendation
Eh is Kampung Kapitan arab village open today?,ask_operating_hours
Eh dari pusat kota ke Kampung Arab Al-Munawar berapa lama?,ask_location_access
Kak Ada gak wisata yang masih asri di Palembang nih,ask_hidden_gems
Stasiun LRT terdekat ke tempat wisata mana?,ask_lrt_destinations
Anime yang bagus apa dong kak,ask_unrelated
good morning dong,greet
Maaf mau tanya Siang kak sih,greet
Maaf mau tanya recommend tourist places in palembang dong,ask_recommendation
"Excuse me, What are the opening hours of Grand Mosque of Palembang thanks",ask_operating_hours
Bang Mau jalan-jalan di Palembang kemana ya,ask_recommendation
Min harga masuk Masjid Cheng Ho berapa?,ask_ticket_price
Eh Wisata anti mainstream Palembang sih,ask_hidden_gems
Eh OK that's all I needed dong,goodbye
Eh Halo permisi ya,greet
Min Makasih ya kak,goodbye
Does Punti Kayu Forest open every day?,ask_operating_hours
Permisi Hidden spots in Palembang deh,ask_hidden_gems
"Hello, Is there WiFi at Monpera?",ask_facilities
Maaf mau tanya Ada wisata yang jarang orang tau sih,ask_hidden_gems
Mau nanya dong Bagaimana cara ke Kemaro?,ask_location_access
Info lengkap SMB II dong,ask_destination_info
kenapa orang-orang suka ke SMB?,ask_destination_info
Bagaimana cara ke Kampung Arab Al-Munawar?,ask_location_access
Mau minta saran wisata Palembang ya kak,ask_recommendation
Kak Wisata yang gampang dijangkau LRT?,ask_lrt_destinations
Maaf mau tanya Tempat wisata ikonik Palembang?,ask_recommendation
Min apa yang menarik dari Amanzi Waterpark?,ask_destination_info
Mau nanya dong Bisa rekomendasikan tempat wisata,ask_recommendation
Permisi Kak Jembatan Ampera buka jam berapa ya?,ask_operating_hours
Kapan sih Fantasy Island buka?,ask_operating_hours
Masjid Cheng Ho terkenal karena apa?,ask_destination_info
I want to know is there wifi at Kampung Kapitan park?,ask_facilities
Mau nanya dong Destinasi yang dekat stasiun LRT deh,ask_lrt_destinations
Kak Does Amanzi Arab Village have food stalls deh,ask_facilities
Top tourist attractions in Palembang dong,ask_recommendation
Kasih tau dong tentang PIM,ask_destination_info
"Hi, Can I take LRT to Palembang Trade Center Bridge?",ask_lrt_destinations
Bukit Siguntang jauh gak dari pusat kota?,ask_location_access
Kak Tempat wisata bertema budaya Melayu nih,ask_category
Permisi Destinasi yang dekat stasiun LRT sih,ask_lrt_destinations
Mau nanya dong Wisata murah yang bisa naik LRT dong,ask_lrt_destinations
Permisi Bot aktif,greet
Kak Ada gak wisata yang masih asri di Palembang ya kak,ask_hidden_gems
Tell me about dinosaurs,ask_unrelated
What makes Kambang Iwak Park unique?,ask_destination_info
Is Kemaro Island open today?,ask_operating_hours
Kak assalamualaikum kak,greet
Jam operasional Kambang Iwak?,ask_operating_hours
Bang fasilitas apa saja di Kampung Kapitan?,ask_facilities
Menarik gak Museum Balaputra Dewa?,ask_destination_info
Kampung Arab Al-Munawar ada di daerah mana?,ask_location_access
Halo Goodbye,goodbye
Kak Hay deh,greet
Kasih info PTC ya kak,ask_destination_info
Mau nanya dong Wisata paling bagus di Palembang ya,ask_recommendation
Mau nanya dong Ada wisata yang jarang orang tau sih,ask_hidden_gems
Kak Tips belajar bahasa Inggris ya,ask_unrelated
Berapa biaya masuk ke Siguntang?,ask_ticket_price
Maaf mau tanya Mau tau tentang PIM?,ask_destination_info
Can you tell me Where is Sultan Mahmud Badaruddin II Museum,ask_location_access
Infonya detail banget,provide_feedback
Palembang LRT tourism destinations?,ask_lrt_destinations
resep pempek palembang deh,ask_unrelated
Ada mushola di Hutan Wisata Punti Kayu?,ask_facilities
Bang LRT Palembang lewat wisata mana dong,ask_lrt_destinations
Bang Best places to visit by LRT dong kak,ask_lrt_destinations
Kapan kiamat?,ask_unrelated
SMB II fasilitasnya apa aja?,ask_facilities
Mau nanya dong Palembang LRT tourism destinations deh,ask_lrt_destinations
Eh Oke paham sih,provide_feedback
Mau nanya dong Ada hidden gems gak di Palembang ya,ask_hidden_gems
perfect deh,provide_feedback
Seru gak Monpera?,ask_destination_info
Apa itu cryptocurrency?,ask_unrelated
Tips perawatan kulit?,ask_unrelated
Kak Fasilitas umum di Kampung Kapitan apa aja ya,ask_facilities
Dadah,goodbye
Fasilitas apa saja di Masjid Cheng Ho?,ask_facilities
Kak fasilitas Jembatan Ampera apa aja ya?,ask_facilities
Kak thank you,goodbye
Maaf mau tanya Infonya akurat ya,provide_feedback
Mau nanya dong Weekend Kampung Kapitan buka dong,ask_operating_hours
Halo wisata apa yang recommended di palembang?,ask_recommendation
Bang Mau tanya harga tiket Kawah Tengkurep nih,ask_ticket_price
Sejarah SMB apa ya?,ask_destination_info
Kak wisata gratis di palembang ada gak?,ask_recommendation
SMB II ada area bermain anak?,ask_facilities
wisata wisata budaya di palembang apa aja?,ask_category
I need assistance,greet
Permisi Palembang Trade Center buka setiap hari sih,ask_operating_hours
"Min Hello, I'm looking for help sih",greet
Jakabaring Sport City ada area bermain anak?,ask_facilities
Halo Tempat-tempat wisata yang aksesibel LRT,ask_lrt_destinations
Halo ok bye,goodbye
Fasilitas pendukung Benteng Kuto Besak?,ask_facilities
Bang What's Jakabaring Island like sih,ask_destination_info
Eh hey bot ya kak,greet
Maaf mau tanya Apa keunikan Taman Kambang Iwak Besak deh,ask_destination_info
Please where can i find museums in palembang?,ask_category
"Hello, Things to do in Palembang please",ask_recommendation
Halo aku lagi pengen makan enak sambil liat sungai,ask_recommendation
Hey tell me a joke thanks,ask_unrelated
Bang Mantap kak nih,provide_feedback
Apakah Kampung Kapitan buka hari Minggu?,ask_operating_hours
"Excuse me, do you have feelings??",ask_unrelated
Permisi Mau ke Jembatan Ampera bayar berapa dong,ask_ticket_price
Info harga tiket Kambang Iwak dong kak,ask_ticket_price
Oke noted makasih nih,goodbye
What's the location of Sultan Mahmud Badaruddin II Museum?,ask_location_access
Halo terima kasih sudah membantu,goodbye
Can you tell me how do i get to Taman Kebon Rojo?,ask_location_access
Permisi Bot nya pintar ya?,provide_feedback
Kak berapa harga tiket Jembatan Ampera?,ask_ticket_price
Menarik gak Amanzi?,ask_destination_info
Mau tau tentang Ampera,ask_destination_info
Bang Recommend museums in Palembang sih,ask_category
Eh kok jawabannya lambat?,ask_unrelated
Maaf mau tanya Wisata romantis di Palembang nih,ask_recommendation
Kak Kemaro ada spot foto gak?,ask_facilities
Kak Palembang punya wisata religi apa ya kak,ask_category
Eh Info lokasi Masjid Cheng Ho dong,ask_location_access
Kak tourist spots along lrt route?,ask_lrt_destinations
Ada wifi di PTC deh,ask_facilities
Bang Ada wisata yang jarang orang tau sih,ask_hidden_gems
Bang Appreciate it dong,goodbye
Min Ada wifi di Jakabaring Sport City deh,ask_facilities
Bang Good day dong,greet
Eh bagaimana cara ke Monpera?,ask_location_access
Maaf mau tanya Udah itu aja kak makasih sih,goodbye
Permisi Best places to visit by LRT sih,ask_lrt_destinations
Halo membantu banget dong,provide_feedback
Keren sih ini botnya ya kak,provide_feedback
"Hey, anyone there deh",greet
Eh Kampung Arab Al-Munawar ada toilet gak?,ask_facilities
Mau nanya dong Rekomendasi wisata yang dekat stasiun LRT dong,ask_lrt_destinations
Is there WiFi at Kambang Iwak Park?,ask_facilities
Kak LRT Palembang stop di wisata mana ya,ask_lrt_destinations
Permisi Perfect dong,provide_feedback
Halo pinter ya botnya dong kak,provide_feedback
Halo Posisi BKB dimana ya kak,ask_location_access
Kak Recommend religious tourism in Palembang sih,ask_category
Details about Monpera?,ask_destination_info
Min Oke noted makasih?,goodbye
Dimana lokasi Ampera?,ask_location_access
Kak bye deh,goodbye
Permisi Pagi min sih,greet
Bang well explained,provide_feedback
Mau nanya dong BKB buka dari jam berapa sampai jam berapa?,ask_operating_hours
Permisi Pagi min,greet
Bang Tourist recommendations for Palembang sih,ask_recommendation
Wisata yang cocok untuk keluarga?,ask_recommendation
Please What time does Grand Mosque of Palembang open please,ask_operating_hours
Eh mau tanya harga tiket Al-Munawar nih,ask_ticket_price
Mau nanya dong Kak ada hidden gems gak sih,ask_hidden_gems
How far is it?,ask_location_access
"Hello, Suggest places for sightseeing in Palembang??",ask_recommendation
Dimana lokasi OPI Mall?,ask_location_access
Bang is Palembang Trade Center forest open on sunday?,ask_operating_hours
Bang bingung mau bawa keluarga jalan-jalan kemana ya kak,ask_recommendation
Permisi mau tanya harga tiket Kampung Kapitan,ask_ticket_price
Bye kak,goodbye
Halo Wisata yang paling sering dikunjungi nih,ask_recommendation
Alamat Palembang Square dimana?,ask_location_access
Halo Rute LRT melewati wisata apa dong kak,ask_lrt_destinations
Makasih ya,goodbye
Halo Destinasi yang LRT accessible sih,ask_lrt_destinations
ada gak wisata yang bisa ditempuh lrt?,ask_lrt_destinations
Mau nanya dong Wisata yang gak pasaran di Palembang?,ask_hidden_gems
Permisi Destinasi favorit di Palembang,ask_recommendation
Kak Pulau Kemaro ada kantin gak deh,ask_facilities
Best destinations in Palembang deh,ask_recommendation
Taman Kambang Iwak Besak ramah anak gak sih,ask_facilities
Halo Oke deh bye,goodbye
"Hi, How do I get to Museum Sultan Mahmud Badaruddin II please",ask_location_access
kamu manusia apa robot?,ask_unrelated
"Mau nanya dong hello, i'm looking for help sih",greet
Wisata wisata budaya di Palembang apa aja ya,ask_category
Kak dimana ya Museum Balaputra Dewa?,ask_location_access
Halo Berapa biaya masuk ke Amanzi Waterpark?,ask_ticket_price
Eh Destinasi wisata LRT Palembang dong kak,ask_lrt_destinations
Mau nanya dong Hay mau nanya,greet
Dari pusat kota ke Kampung Kapitan berapa lama?,ask_location_access
Halo Stasiun LRT terdekat ke tempat wisata mana sih,ask_lrt_destinations
Bang Oke segitu dulu ya,goodbye
Cerita sejarah Pulau Kemaro dong,ask_destination_info
Eh Translate bahasa Inggris dong kak,ask_unrelated
siap kak ya,provide_feedback
Min Makasih infonya kak nih,provide_feedback
Wisata masjid di Palembang apa aja?,ask_category
Halo Hello there ya kak,greet
Min Wisata untuk anak-anak di Palembang deh,ask_recommendation
Maaf mau tanya Any culinary tourism in Palembang deh,ask_category
Kak Info wisata budaya Palembang dong,ask_category
Kalo hari Sabtu Amanzi Waterpark buka?,ask_operating_hours
"Hi, How to go to Ampera Forest?",ask_location_access
Kak What's cryptocurrency deh,ask_unrelated
Halo jos nih,provide_feedback
Bang Chatbot nya bagus ya,provide_feedback
Maaf mau tanya Keren banget infonya?,provide_feedback
"Hello, Thanks for the help?",goodbye
Mau nanya dong What's Bitcoin,ask_unrelated
Bang well explained deh,provide_feedback
Eh Bang sih,greet
Bang Wisata Bali yang bagus dong,ask_unrelated
Makasih kak,goodbye
What are the opening hours of Kampung Kapitan?,ask_operating_hours
Maaf mau tanya Ampera ada di daerah mana?,ask_location_access
Thanks so much dong kak,goodbye
Halo 5 stars nih,provide_feedback
Bang does Siguntang open every day?,ask_operating_hours
Tempat makan di sekitar Bukit Siguntang ada?,ask_facilities
"Halo perfect, thank you",goodbye
Halo tempat keren tapi belum terkenal di palembang?,ask_hidden_gems
When is the World Cup?,ask_unrelated
"Excuse me, What destinations are accessible by LRT??",ask_lrt_destinations
Apakah Ampera dekat LRT?,ask_lrt_destinations
Kak Jakabaring Sport City ada tempat parkir?,ask_facilities
Halo Mau ke tempat yang unik dan sepi dong,ask_hidden_gems
"Hi, what should i visit in palembang??",ask_recommendation
Kak waalaikumsalam nih,greet
Maaf mau tanya Is Jakabaring Park open on weekends?,ask_operating_hours
Bang Siapa penemu lampu ya,ask_unrelated
Bang Pulau Kemaro buka dari jam berapa sampai jam berapa?,ask_operating_hours
Fasilitas Palembang Trade Center lengkap gak?,ask_facilities
Halo Wisata apa aja yang dekat jalur LRT ya kak,ask_lrt_destinations
Kak Ticket price?,ask_ticket_price
Permisi bisa naik angkot ke Taman Kebon Rojo?,ask_location_access
"Hello, What historical sites are in Palembang",ask_category
Kak wisata yang bisa naik LRT apa aja?,ask_lrt_destinations
ceritain Kambang Iwak dong kak,ask_destination_info
Bang cara bikin cuko pempek deh,ask_unrelated
chatbot nya bagus ya kak,provide_feedback
What's the entry fee for Sultan Mahmud Badaruddin II Museum?,ask_ticket_price
Bang bingung mau bawa keluarga jalan-jalan kemana sih,ask_recommendation
Min Kak ya kak,greet
Maaf mau tanya Best places to visit by LRT ya kak,ask_lrt_destinations
Eh Sudah cukup terima kasih sih,goodbye
Min Mau tanya fasilitas di Amanzi Waterpark dong,ask_facilities
Eh kamu bot beneran ya kak,ask_unrelated
Kak Palembang punya wisata religi apa,ask_category
Kak Mau jalan-jalan di Palembang kemana ya,ask_recommendation
How to cook fried rice?,ask_unrelated
Is it worth visiting?,ask_destination_info
Are there toilets at Sultan Mahmud Badaruddin II Museum?,ask_facilities
Eh nice info dong,provide_feedback
Bang Tempat wisata yang jarang dikunjungi di Palembang dong kak,ask_hidden_gems
Can you tell me How to go to PIM Forest??,ask_location_access
Halo Kalo hari Sabtu Siguntang buka dong kak,ask_operating_hours
Mau nanya dong Hi there sih,greet
Bagaimana cara ke Taman Kebon Rojo?,ask_location_access
Mau nanya dong Hai chatbot,greet
Maaf mau tanya Oke mantap kak dong,goodbye
Harga tiket masuk Museum Sultan Mahmud Badaruddin II sekarang berapa?,ask_ticket_price
Is Punti Kayu Forest child-friendly?,ask_facilities
Halo Kak OPI Mall buka jam berapa ya?,ask_operating_hours
Hey best things to do in palembang?,ask_recommendation
Maaf mau tanya Tempat yang belum terkenal di Palembang dong,ask_hidden_gems
Eh wonderful,provide_feedback
Eh Wisata wisata alam di Palembang apa aja dong kak,ask_category
Kak Famous places in Palembang sih,ask_recommendation
Where is Kampung Kapitan located?,ask_location_access
Bang Hello there dong kak,greet
What's the address of Al-Munawar Arab Village?,ask_location_access
Hidden gems di Palembang apa?,ask_hidden_gems
Bagaimana cara move on?,ask_unrelated
Mau nanya dong Take care dong kak,goodbye
Min Hidden gems in Palembang dong,ask_hidden_gems
Permisi Stasiun LRT terdekat ke tempat wisata mana sih,ask_lrt_destinations
Weekend Monpera buka?,ask_operating_hours
Tanya dong,greet
Hello,greet
Yang termasuk wisata sejarah apa aja?,ask_category
Bang Tempat wisata yang wajib dikunjungi di Palembang?,ask_recommendation
Bang thanks ya,goodbye
How do I get to Kemaro Island?,ask_location_access
Mau nanya dong tempat yang bagus buat foto-foto keluarga di mana ya?,ask_recommendation
Mau nanya dong Weekend Kemaro buka sih,ask_operating_hours
Can you tell me Off the beaten path places in Palembang please,ask_hidden_gems
Kak Best universities in Indonesia ya kak,ask_unrelated
Apa keunikan Museum Sultan Mahmud Badaruddin II?,ask_destination_info
Lengkap gak fasilitasnya?,ask_facilities
Min Destinasi taman Palembang sih,ask_category
What's the entrance fee at Al-Munawar Arab Village?,ask_ticket_price
Halo Tourist spots along LRT route ya kak,ask_lrt_destinations
Cara menuju Al Quran Al Akbar gimana?,ask_location_access
"Excuse me, Do I need to pay to enter OPI Mall please",ask_ticket_price
Ada taman di Palembang?,ask_category
Museum Sultan Mahmud Badaruddin II lokasinya dimana?,ask_location_access
Malam kak,greet
Info wisata yang terjangkau LRT,ask_lrt_destinations
Can you tell me What destinations are accessible by LRT thanks,ask_lrt_destinations
Min What time does Benteng Kuto Besak Forest close?,ask_operating_hours
Maaf mau tanya Destinasi wisata religi Palembang dong,ask_category
How much does it cost to enter Kemaro Island?,ask_ticket_price
lagi pengen liat pemandangan kota dari atas,ask_recommendation
Bang Info jam buka Kampung Kapitan dong?,ask_operating_hours
Mau ke Monpera lewat mana?,ask_location_access
I want to know What is Sultan Mahmud Badaruddin II Museum please,ask_destination_info
Halo Rekomendasi museum Palembang dong,ask_category
Kak oke sip sih,provide_feedback
When is Jakabaring Sport City open?,ask_operating_hours
Halo Kambang Iwak hari libur buka gak sih,ask_operating_hours
Halo Kemaro fasilitasnya apa aja?,ask_facilities
What is it?,ask_destination_info
Who is the president of Indonesia?,ask_unrelated
Hey Is there an entry fee for OPI Mall?,ask_ticket_price
Halo ada yang bisa dibantu?,greet
Min Kamu punya perasaan dong kak,ask_unrelated
"Permisi that's all, thanks dong kak",goodbye
Kak Asalamualaikum nih,greet
Mau nanya dong Tempat wisata unik di Palembang ya,ask_hidden_gems
Maaf mau tanya Mau jalan-jalan di Palembang kemana ya?,ask_recommendation
Kambang Iwak deket stasiun LRT mana?,ask_location_access
Ke Museum Balaputra Dewa bayar berapa ya?,ask_ticket_price
Kawah Tengkurep gratis gak sih?,ask_ticket_price
Hutan Wisata Punti Kayu ada area bermain anak?,ask_facilities
Kak Wisata weekend di Palembang deh,ask_recommendation
Maaf mau tanya SMB II buka setiap hari?,ask_operating_hours
When does Monpera close?,ask_operating_hours
Naik apa ke Ampera sih,ask_location_access
Fasilitas Al-Munawar lengkap gak?,ask_facilities
Permisi Alternative tourist spots in Palembang nih,ask_hidden_gems
Ada yang aktif?,greet
Kak Halo halo,greet
Bang Halo saya pengunjung baru sih,greet
Kak 1+1 berapa,ask_unrelated
oke terima kasih jawabannya dong,provide_feedback
What's the entry fee for Al-Munawar Arab Village?,ask_ticket_price
Permisi halo selamat pagi ya,greet
Min berapa ya tiket Jakabaring?,ask_ticket_price
Kasih tau dong tentang Palembang Square,ask_destination_info
Taman Kambang Iwak Besak ada di daerah mana?,ask_location_access
Mau nanya dong infonya detail banget dong,provide_feedback
OPI Mall jauh gak dari pusat kota?,ask_location_access
Hidden gem Palembang yang recommended?,ask_hidden_gems
Permisi mau tanya harga tiket Museum Balaputra Dewa,ask_ticket_price
Eh Siap kak?,provide_feedback
Halo thanks kak nih,goodbye
Permisi Wisata Tionghoa di Palembang ya,ask_category
Mau nanya dong Apa aja fasilitas di sana deh,ask_facilities
Which tourist spots are near LRT stations?,ask_lrt_destinations
Mau nanya dong Destinasi rahasia Palembang ya,ask_hidden_gems
Min jadwal buka Masjid Agung Palembang kapan ya?,ask_operating_hours
Facilities at Grand Mosque of Palembang?,ask_facilities
Bang Mau cari wisata religi di Palembang dong kak,ask_category
Mau cari wisata yang seru di Palembang,ask_recommendation
Halo Wisata terbaik di Palembang apa ya kak,ask_recommendation
Permisi Haii deh,greet
Min Ada wisata dekat LRT gak sih,ask_lrt_destinations
Eh LRT friendly tourist destinations nih,ask_lrt_destinations
Bang Ke Jakabaring Sport City bayar berapa ya?,ask_ticket_price
Chatbot nya bagus,provide_feedback
Permisi Makasih kak deh,goodbye
Permisi Test bot deh,greet
Mau nanya dong amazing response,provide_feedback
Can I reach tourist places by LRT?,ask_lrt_destinations
See you ya kak,goodbye
"Maaf mau tanya great, thanks dong",goodbye
Punti Kayu buka setiap hari?,ask_operating_hours
Mau nanya dong Monpera ada di daerah mana?,ask_location_access
Fasilitas pendukung Kampung Arab Al-Munawar?,ask_facilities
Bang Opening hours for Monpera Park ya,ask_operating_hours
Masjid Agung Palembang ada spot foto gak?,ask_facilities
PIM mulai buka jam berapa?,ask_operating_hours
Halo great info ya kak,provide_feedback
Tiket masuk Kampung Kapitan berapa?,ask_ticket_price
Kak Wisata accessible by LRT nih,ask_lrt_destinations
ping deh,greet
Eh Makasih kak nanti saya tanya lagi,goodbye
Min Kenapa langit biru dong kak,ask_unrelated
Halo Tempat makan di sekitar Benteng Kuto Besak ada deh,ask_facilities
"Hi, Where can I go by LRT for sightseeing",ask_lrt_destinations
Bang Wisata yang bisa pake LRT ya,ask_lrt_destinations
Bang halo bang ya,greet
Halo Jembatan Ampera fasilitasnya apa aja?,ask_facilities
Eh Gambar kucing dong?,ask_unrelated
Bang permisi saya mau jalan-jalan di palembang nih,greet
Weekday Palembang Icon buka jam berapa?,ask_operating_hours
Min Rekomendasi taman Palembang,ask_category
Maaf mau tanya kak ada wisata budaya gak di palembang?,ask_category
Info lokasi Palembang Icon dong,ask_location_access
Bang fasilitas umum di Amanzi apa aja?,ask_facilities
Oke segitu dulu,goodbye
Permisi Palembang punya wisata apa aja?,ask_recommendation
What does it cost to visit Ampera Bridge?,ask_ticket_price
Kak Bagaimana cara belajar coding?,ask_unrelated
Address of Kemaro Island?,ask_location_access
Maaf mau tanya,greet
Min Universitas terbaik Indonesia dong,ask_unrelated
Maaf mau tanya KI ada tempat parkir dong,ask_facilities
Permisi Aku lagi sedih nih kak,ask_unrelated
Kak Mau cari wisata alam di Palembang deh,ask_category
"Excuse me, Best places for tourists in Palembang thanks",ask_recommendation
Min Help me please dong,greet
Please when is Kawah Tengkurep open?,ask_operating_hours
Halo Apakah Jembatan Ampera gratis ya kak,ask_ticket_price
Permisi apa keunikan Kampung Kapitan?,ask_destination_info
Bang Oke sip mantap ya,provide_feedback
Kak rekomendasi masjid palembang deh,ask_category
Min alamat Amanzi Waterpark apa ya?,ask_location_access
Can you tell me Who is the president of Indonesia??,ask_unrelated
Eh gimana Taman Kebon Rojo?,ask_destination_info
"Halo Hi, planning to visit Palembang ya",greet
"Hi there, I need some information",greet
Naik apa ke Amanzi Waterpark?,ask_location_access
Apakah Bukit Siguntang buka 24 jam?,ask_operating_hours
Taman Kebon Rojo bisa ditempuh pakai apa?,ask_location_access
Jam buka Taman Kambang Iwak Besak kapan?,ask_operating_hours
"Hi, list of historical sites in palembang??",ask_category
Eh rekomendasikan destinasi wisata palembang dong,ask_recommendation
Mau nanya dong Terima kasih infonya sangat berguna dong,provide_feedback
"Hello, List of museums in Palembang",ask_category
Halo kak saya turis,greet
History of Kemaro Island?,ask_destination_info
Info museum Palembang dong,ask_category
Pagi-pagi Kawah Tengkurep sudah buka belum?,ask_operating_hours
Bang Noted kak sih,provide_feedback
Permisi Museum Sultan Mahmud Badaruddin II ada kantin gak dong,ask_facilities
How much to get into Punti Kayu Forest?,ask_ticket_price
Very informative,provide_feedback
Kak Aku lagi sedih nih?,ask_unrelated
Permisi Permisi mau tanya harga tiket Masjid Agung Palembang nih,ask_ticket_price
What time does Grand Mosque of Palembang open?,ask_operating_hours
"Permisi Hello, is anyone available sih",greet
Halo Tiket masuk Taman Kebon Rojo berapa?,ask_ticket_price
Kak wisata yang bisa naik LRT apa aja ya,ask_lrt_destinations
Mau nanya dong ada ide tempat buat nongkrong sore deh,ask_recommendation
Bang ke Jembatan Ampera bayar berapa ya?,ask_ticket_price
Please What culinary tourism are in Palembang?,ask_category
Hari ini buka?,ask_operating_hours
Min wisata yang gampang dijangkau lrt?,ask_lrt_destinations
Kak Famous places in Palembang ya,ask_recommendation
Berapa biaya masuk ke Pulau Kemaro?,ask_ticket_price
Kak Tolong kasih tau wisata dekat LRT dong kak,ask_lrt_destinations
Info wisata alam Palembang dong,ask_category
Test?,greet
Min alamat Siguntang apa ya?,ask_location_access
Eh Wisata accessible by LRT sih,ask_lrt_destinations
What's the meaning of life?,ask_unrelated
Mau nanya dong jam tutup Kambang Iwak kapan?,ask_operating_hours
Mau tanya jam operasional SMB,ask_operating_hours
Halo Cerita sejarah Monpera dong?,ask_destination_info
Ada yang aktif,greet
Palembang punya wisata religi apa?,ask_category
Review tentang Jakabaring Sport City,ask_destination_info
How to reach Kemaro Island?,ask_location_access
Historical places in Palembang?,ask_category
Permisi Ada hidden gems gak di Palembang sih,ask_hidden_gems
Kak Al-Munawar aksesnya lewat lrt bisa?,ask_lrt_destinations
Jam tutup Amanzi kapan?,ask_operating_hours
Kak bagaimana cara ke Monpera?,ask_location_access
Info wisata sejarah Palembang dong kak,ask_category
Apakah KI dekat LRT dong,ask_lrt_destinations
Kak Pagi dong,greet
Info jam buka Kampung Kapitan dong,ask_operating_hours
Halo got it nih,provide_feedback
"Excuse me, How do I get there please",ask_location_access
Min What's available at Kambang Iwak Island deh,ask_facilities
LRT berhenti dekat wisata mana?,ask_lrt_destinations
Min Mau liburan di Palembang kemana ya kak,ask_recommendation
Maaf mau tanya PTC mulai buka jam berapa?,ask_operating_hours
Halo ada ide tempat buat nongkrong sore dong kak,ask_recommendation
What's special about Benteng Kuto Besak?,ask_destination_info
Maaf mau tanya Any nature tourism in Palembang nih,ask_category
Hay,greet
Halo Wisata off the beaten path Palembang,ask_hidden_gems
Kak What makes Jembatan Ampera unique ya kak,ask_destination_info
Eh Destinasi tersembunyi Palembang ada gak,ask_hidden_gems
Destinasi yang LRT accessible deh,ask_lrt_destinations
rekomendasi wisata palembang dong,ask_recommendation
Kira-kira harga tiket Jembatan Ampera berapa?,ask_ticket_price
