text,label
Salam kenal,greet
"Excuse me, What to see in Palembang?",ask_recommendation
Jadwal buka Palembang Icon kapan ya? ya,ask_operating_hours
Min Oke terima kasih banyak ya deh,goodbye
Maaf mau tanya Mau liburan di Palembang kemana ya? sih,ask_recommendation
Kak Wisata romantis di Palembang? sih,ask_recommendation
Seru gak Jakabaring? dong,ask_destination_info
Eh Jawaban yang sangat membantu ya,provide_feedback
How much does it cost to enter Monpera?,ask_ticket_price
Kak Min kasih tau hidden gems Palembang deh,ask_hidden_gems
Alamatnya dimana?,ask_location_access
Min Selamat malam,greet
Min Tempat masjid di Palembang? nih,ask_category
Maaf mau tanya What amenities does Sultan Mahmud Badaruddin II Museum offer? sih,ask_facilities
Kak Sip makasih ya kak,goodbye
Wisata romantis di Palembang? deh,ask_recommendation
Jelaskan tentang Kampung Kapitan,ask_destination_info
Maaf mau tanya Wisata off the beaten path Palembang? ya,ask_hidden_gems
Al Quran Al Akbar bisa ditempuh pakai apa?,ask_location_access
Oke deh bye,goodbye
Min Kamu bodoh nih,ask_unrelated
Mau nanya dong Min info wisata dekat LRT dong dong kak,ask_lrt_destinations
Min Lokasi Kambang Iwak dimana kak? ya kak,ask_location_access
"Kak Hello, I'm looking for help ya",greet
Min Baik kak terima kasih ya kak,goodbye
Kira-kira harga tiket Kawah Tengkurep berapa?,ask_ticket_price
Where is Ampera Bridge located?,ask_location_access
"Excuse me, Good morning, I have a question please",greet
great info,provide_feedback
Bang Sip lanjut kak sih,provide_feedback
Directions to Sultan Mahmud Badaruddin II Museum?,ask_location_access
Maaf mau tanya Tempat yang belum terkenal di Palembang? dong kak,ask_hidden_gems
Permisi saya mau jalan-jalan di Palembang sih,greet
Menarik gak OPI Mall?,ask_destination_info
Bang Kamu bodoh,ask_unrelated
Maaf mau tanya Oi ya kak,greet
"Bang Mau keliling Palembang naik LRT, kemana aja?",ask_lrt_destinations
Eh Selamat malam,greet
Mau nanya dong Mantap kak dong kak,provide_feedback
Permisi Wisata yang gak pasaran di Palembang? nih,ask_hidden_gems
Wisata apa yang bisa dijangkau LRT? ya kak,ask_lrt_destinations
Is Monpera worth visiting?,ask_destination_info
Amanzi terkenal karena apa?,ask_destination_info
Mau nanya dong Info wisata yang terjangkau LRT deh,ask_lrt_destinations
Mau nanya dong Jawabannya memuaskan dong kak,provide_feedback
Wah keren infonya,provide_feedback
Halo Info wisata yang terjangkau LRT dong kak,ask_lrt_destinations
PIM gratis gak sih?,ask_ticket_price
I'm bored dong kak,ask_unrelated
"Hi, Off the beaten path places in Palembang? please",ask_hidden_gems
Kak Wisata apa yang bisa dijangkau LRT? dong,ask_lrt_destinations
Min Tips belajar bahasa Inggris? dong,ask_unrelated
Can you tell me Off the beaten path places in Palembang??,ask_hidden_gems
Test bot,greet
Mau nanya dong Apakah Palembang Trade Center buka hari Minggu? dong kak,ask_operating_hours
Permisi Min info wisata dekat LRT dong ya,ask_lrt_destinations
Maaf mau tanya Jam operasional Amanzi Waterpark? nih,ask_operating_hours
Mau nanya dong Top tourist attractions in Palembang? sih,ask_recommendation
Saranin wisata di Palembang dong nih,ask_recommendation
Halo Jawabannya memuaskan dong kak,provide_feedback
Halo Wisata apa yang bisa dijangkau LRT? sih,ask_lrt_destinations
apa bkb bisa dijangkau lrt?,ask_lrt_destinations
Min Best universities in Indonesia? dong,ask_unrelated
Mau liburan di Palembang kemana ya? nih,ask_recommendation
Halo Jawabannya memuaskan ya,provide_feedback
Bang Sip makasih nih,goodbye
Cerita sejarah Kampung Kapitan dong,ask_destination_info
Bang Oke terima kasih banyak ya,goodbye
Mau nanya dong Seru gak Jakabaring? ya kak,ask_destination_info
Bang Tiket masuk Monpera berapa? dong kak,ask_ticket_price
Bang Berapa duit tiketnya? ya kak,ask_ticket_price
mau cari wisata alam di palembang,ask_category
Halo Jam operasional Amanzi Waterpark? dong,ask_operating_hours
Eh Recommend culinary tourism in Palembang dong kak,ask_category
Kak ada hidden gems gak?,ask_hidden_gems
"Please Good morning, I have a question",greet
Why is Benteng Kuto Besak famous?,ask_destination_info
Mau nanya dong Recommend culinary tourism in Palembang dong kak,ask_category
Kak Mau liburan di Palembang kemana ya?,ask_recommendation
Tiket masuk Jakabaring berapa?,ask_ticket_price
"Hello, What to see in Palembang? please",ask_recommendation
Dari mana ke Taman Kambang Iwak Besak?,ask_location_access
Eh Mau ke Kawah Tengkurep lewat mana? nih,ask_location_access
Hai selamat siang,greet
Mau nanya dong Baik kak terima kasih ya,goodbye
Kak Tempat keren tapi belum terkenal di Palembang? dong kak,ask_hidden_gems
Maaf mau tanya Makasih kak,goodbye
Bang Which tourist spots are near LRT stations? nih,ask_lrt_destinations
Info harga tiket Palembang Trade Center dong kak,ask_ticket_price
Permisi Tempat wisata alam di Palembang? sih,ask_category
Bisa naik angkot ke PTC? ya,ask_location_access
Kira-kira harga tiket Taman Kambang Iwak Besak berapa?,ask_ticket_price
Bang Penjelasannya bagus kak ya kak,provide_feedback
Mau tau tentang Al Quran Al Akbar,ask_destination_info
Is admission to Al-Munawar Arab Village free?,ask_ticket_price
Seru gak Jakabaring? sih,ask_destination_info
Maaf mau tanya Apakah Palembang Trade Center buka hari Minggu? dong,ask_operating_hours
Kak Jawabannya memuaskan,provide_feedback
"Hello, I need help",greet
Maaf mau tanya Kamu bodoh,ask_unrelated
Bang Selamat malam nih,greet
Canggih botnya,provide_feedback
Kasih tau dong tentang Museum Sultan Mahmud Badaruddin II,ask_destination_info
Permisi Tempat yang belum terkenal di Palembang? dong kak,ask_hidden_gems
Eh Mau cari museum di Palembang dong,ask_category
Kak Palembang punya wisata religi apa? ya,ask_category
Kak Palembang punya wisata religi apa?,ask_category
"Halo Hello, I'm looking for help ya kak",greet
Permisi Apa itu cryptocurrency?,ask_unrelated
Bang Wisata apa yang bisa dijangkau LRT?,ask_lrt_destinations
Bang Permisi saya mau jalan-jalan di Palembang ya kak,greet
Mau nanya dong What's 2+2? nih,ask_unrelated
Nice info dong,provide_feedback
Maaf mau tanya Jam operasional Amanzi Waterpark? ya,ask_operating_hours
Berapa ya tiket Kambang Iwak?,ask_ticket_price
"Excuse me, What does it cost to visit Kambang Iwak Park? thanks",ask_ticket_price
Halo Tempat wisata unik di Palembang? deh,ask_hidden_gems
Amanzi bayar berapa?,ask_ticket_price
Eh Tips belajar bahasa Inggris? nih,ask_unrelated
Bang Halo aplikasi sih,greet
Maaf mau tanya I'm bored ya,ask_unrelated
Permisi Ada mushola di Monpera? sih,ask_facilities
Kak Tiket masuk ke Taman Kebon Rojo sekarang berapa ya? dong,ask_ticket_price
How to move on?,ask_unrelated
Kak Apa itu cryptocurrency? dong,ask_unrelated
Maaf mau tanya Informatif banget dong,provide_feedback
Wisata apa aja yang dekat jalur LRT? nih,ask_lrt_destinations
Kak Sip lanjut kak nih,provide_feedback
Naik apa ke Al-Munawar?,ask_location_access
Kak Weekend KI buka? ya,ask_operating_hours
"Eh Mau keliling Palembang naik LRT, kemana aja? ya kak",ask_lrt_destinations
Halo Tempat yang belum terkenal di Palembang?,ask_hidden_gems
Eh Oke terima kasih banyak ya ya,goodbye
Mau ke Kawah Tengkurep lewat mana? dong kak,ask_location_access
Al-Munawar hari libur buka gak?,ask_operating_hours
Bang Jam operasional Amanzi Waterpark? deh,ask_operating_hours
Permisi Min rekomendasi wisata Palembang apa? deh,ask_recommendation
Berapa ya tiket Al Quran Al Akbar?,ask_ticket_price
Eh Mau tau tentang Al Quran Al Akbar dong,ask_destination_info
Halo Wisata apa aja yang dekat jalur LRT? ya kak,ask_lrt_destinations
Saranin wisata di Palembang dong ya,ask_recommendation
Mau nanya dong Jadwal buka Palembang Icon kapan ya? sih,ask_operating_hours
"Hi, What are the operating hours of Ampera Bridge? please",ask_operating_hours
Is Monpera open in the morning?,ask_operating_hours
Mau nanya dong Informatif banget ya,provide_feedback
Resep kue bolu?,ask_unrelated
Min Wisata apa yang bisa dijangkau LRT? nih,ask_lrt_destinations
Maaf mau tanya Wisata apa yang bisa dijangkau LRT? dong,ask_lrt_destinations
Halo Seru gak Benteng Kuto Besak?,ask_destination_info
Maaf mau tanya Great info,provide_feedback
Good evening,greet
Bang Dadah kak dong kak,goodbye
Mau nanya dong Tiket masuk Monpera berapa?,ask_ticket_price
Eh Mau liburan di Palembang kemana ya? dong,ask_recommendation
Eh What's 2+2? deh,ask_unrelated
Halo What's Kemaro Island like? dong,ask_destination_info
"Mau nanya dong Got it, thanks nih",goodbye
Review tentang OPI Mall,ask_destination_info
Min What amenities does Sultan Mahmud Badaruddin II Museum offer? dong,ask_facilities
Maaf mau tanya Mau liburan di Palembang kemana ya? deh,ask_recommendation
Mau tanya fasilitas di Amanzi Waterpark,ask_facilities
Ada mushola di Monpera,ask_facilities
Permisi Best universities in Indonesia? dong,ask_unrelated
Maaf mau tanya Jawaban yang sangat membantu ya,provide_feedback
mau cari museum di palembang,ask_category
"Can you tell me Good morning, I have a question thanks",greet
Bang Bisa naik angkot ke PTC? sih,ask_location_access
Eh Sip makasih dong,goodbye
Maaf mau tanya Mantap kak dong,provide_feedback
Min Bisa naik angkot ke PTC? nih,ask_location_access
Eh Good evening nih,greet
Mau nanya dong Terima kasih banyak nih,goodbye
Mau nanya dong Mantap kak ya,provide_feedback
Maaf mau tanya Great info dong,provide_feedback
Permisi Halo aplikasi dong,greet
Ada mushola di Museum Balaputra Dewa?,ask_facilities
Bang Apa BKB bisa dijangkau LRT? dong,ask_lrt_destinations
Apa BKB bisa dijangkau LRT? dong kak,ask_lrt_destinations
Halo Mau cari museum di Palembang sih,ask_category
Kak Jawaban yang sangat membantu dong kak,provide_feedback
KI deket stasiun LRT mana?,ask_location_access
Sampai ketemu lagi,goodbye
Kambang Iwak ramah anak gak?,ask_facilities
Tutup jam berapa?,ask_operating_hours
Min Naik apa ke Taman Kambang Iwak Besak?,ask_location_access
Halo Nice info ya kak,provide_feedback
Weekend KI buka? deh,ask_operating_hours
Mau nanya dong Fasilitas apa saja di PIM? deh,ask_facilities
Halo Min info wisata dekat LRT dong dong,ask_lrt_destinations
Weekend KI buka?,ask_operating_hours
Hotel murah di Jakarta?,ask_unrelated
Mau nanya dong Kamu bodoh dong kak,ask_unrelated
Mau nanya dong Wisata romantis di Palembang? ya,ask_recommendation
Apa yang menarik dari PIM?,ask_destination_info
Halo Tiket masuk ke Taman Kebon Rojo sekarang berapa ya?,ask_ticket_price
ada mushola di pim?,ask_facilities
Eh Ada mushola di PIM? nih,ask_facilities
Eh Price to enter Kemaro Island? nih,ask_ticket_price
Maaf mau tanya Selamat malam dong,greet
Halo Naik apa ke Taman Kambang Iwak Besak? dong,ask_location_access
Halo Good evening dong,greet
Eh Ada mushola di PIM? ya,ask_facilities
Mau tau tentang Al Quran Al Akbar nih,ask_destination_info
Kak Makasih kak ya kak,goodbye
Mau tanya harga tiket Amanzi,ask_ticket_price
Mau tanya fasilitas di PTC,ask_facilities
Any museums in Palembang?,ask_category
Bang Best universities in Indonesia? sih,ask_unrelated
Halo Wisata apa aja yang dekat jalur LRT? dong,ask_lrt_destinations
Eh Oke terima kasih banyak ya dong kak,goodbye
Alamat Kawah Tengkurep dimana?,ask_location_access
Maaf mau tanya Ada mushola di PIM?,ask_facilities
Mau nanya dong Tiket masuk ke Taman Kebon Rojo sekarang berapa ya? ya kak,ask_ticket_price
"anakku suka main air, enaknya bawa kemana ya?",ask_recommendation
Mau nanya dong Fasilitas apa saja di PIM? nih,ask_facilities
Hotels in Jakarta?,ask_unrelated
Ceritain Kemaro dong kak,ask_destination_info
Min Wisata accessible by LRT?,ask_lrt_destinations
Apakah SMB buka hari Minggu?,ask_operating_hours
Menarik gak Masjid Agung Palembang?,ask_destination_info
Howdy,greet
Maaf mau tanya Wisata apa aja yang dekat jalur LRT? dong,ask_lrt_destinations
Hey What to see in Palembang?,ask_recommendation
Maaf mau tanya Nice info deh,provide_feedback
Mau tanya nih,greet
Mau nanya dong Jadwal buka Palembang Icon kapan ya? dong kak,ask_operating_hours
"Permisi Hello, I'm looking for help dong",greet
Apakah Taman Kambang Iwak Besak buka hari Minggu?,ask_operating_hours
Maaf mau tanya Good evening ya kak,greet
Membantu banget kak,provide_feedback
Harga emas hari ini?,ask_unrelated
Min Which tourist spots are near LRT stations? nih,ask_lrt_destinations
Maaf mau tanya Kak ada hidden gems gak? dong,ask_hidden_gems
Halo Mau ke Kawah Tengkurep lewat mana? dong kak,ask_location_access
Maaf mau tanya Apa itu cryptocurrency? dong kak,ask_unrelated
Info jam buka Fantasy Island dong,ask_operating_hours
Wisata romantis di Palembang,ask_recommendation
Permisi Permisi saya mau jalan-jalan di Palembang ya kak,greet
Halo Tempat wisata unik di Palembang? nih,ask_hidden_gems
Halo Fasilitas apa saja di PIM? nih,ask_facilities
Mau nanya dong Min info wisata dekat LRT dong,ask_lrt_destinations
Maaf mau tanya Palembang punya wisata religi apa? nih,ask_category
Maaf mau tanya Tempat wisata unik di Palembang? dong,ask_hidden_gems
Oke bagus,provide_feedback
Maaf mau tanya Sip lanjut kak sih,provide_feedback
Tell me more,ask_destination_info
Min Jawaban yang sangat membantu sih,provide_feedback
Min Berapa duit tiketnya? ya,ask_ticket_price
Tiket masuk ke Taman Kebon Rojo sekarang berapa ya? dong kak,ask_ticket_price
Are you a robot?,ask_unrelated
Mau nanya dong Baik kak terima kasih dong,goodbye
Kambang Iwak bisa ditempuh pakai apa?,ask_location_access
Halo Bisa naik angkot ke PTC? sih,ask_location_access
"Got it, thanks?",goodbye
Punti Kayu bayar berapa?,ask_ticket_price
Eh Wisata yang gak pasaran di Palembang? deh,ask_hidden_gems
Posisi Kampung Arab Al-Munawar dimana ya?,ask_location_access
Bang Top tourist attractions in Palembang? sih,ask_recommendation
Halo What's Kemaro Island like? deh,ask_destination_info
Min Recommend culinary tourism in Palembang sih,ask_category
Eh Jawabannya memuaskan ya kak,provide_feedback
Helloo,greet
Maaf mau tanya Terima kasih banyak nih,goodbye
Mau nanya dong Wisata gratis di Palembang ada gak? ya,ask_recommendation
Berapa harga tiket masuk Al Quran Al Akbar?,ask_ticket_price
Mau nanya dong Bisa naik angkot ke PTC? dong,ask_location_access
Min Great info ya,provide_feedback
Kayak apa sih Kampung Kapitan?,ask_destination_info
Permisi Kamu bodoh ya,ask_unrelated
Halo Top tourist attractions in Palembang? ya,ask_recommendation
"Halo Got it, thanks dong kak",goodbye
Min Oke terima kasih banyak ya ya,goodbye
Halo Baik kak terima kasih ya,goodbye
Bye for now,goodbye
Bang Wisata tersembunyi di Palembang? sih,ask_hidden_gems
Best things to do in Palembang??,ask_recommendation
Min Baik kak terima kasih dong kak,goodbye
Maaf mau tanya Tiket masuk Monpera berapa? ya,ask_ticket_price
Asalamualaikum,greet
Permisi Kasih pantun dong dong kak,ask_unrelated
Oke terima kasih banyak ya deh,goodbye
"Hi, Off the beaten path places in Palembang? thanks",ask_hidden_gems
Maaf mau tanya Jam operasional Amanzi Waterpark? deh,ask_operating_hours
See you,goodbye
Eh Mau cari museum di Palembang deh,ask_category
Permisi Tiket masuk Monpera berapa? sih,ask_ticket_price
Permisi Min kasih tau hidden gems Palembang sih,ask_hidden_gems
Min I'm bored ya kak,ask_unrelated
Halo Lokasi Kambang Iwak dimana kak? ya kak,ask_location_access
Eh PIM ada tempat parkir?,ask_facilities
"Halo Got it, thanks dong",goodbye
Halo Wisata yang gak pasaran di Palembang? deh,ask_hidden_gems
Apa BKB bisa dijangkau LRT? dong,ask_lrt_destinations
"Excuse me, Where should I go in Palembang? please",ask_recommendation
Maaf mau tanya Baik kak terima kasih dong kak,goodbye
Mau nanya dong Jawabannya memuaskan ya,provide_feedback
"Mau keliling Palembang naik LRT, kemana aja? dong kak",ask_lrt_destinations
Halo Wisata apa yang bisa dijangkau LRT? dong,ask_lrt_destinations
Min Weekend KI buka? dong,ask_operating_hours
asal usul Al-Munawar ini gimana ceritanya?,ask_destination_info
Eh Weekend KI buka? dong kak,ask_operating_hours
Maaf mau tanya Min info wisata dekat LRT dong sih,ask_lrt_destinations
"Mau keliling Palembang naik LRT, kemana aja?",ask_lrt_destinations
"Hello, I want to explore Palembang",greet
Kak Min rekomendasi wisata Palembang apa? dong kak,ask_recommendation
Kak Baik kak terima kasih deh,goodbye
Bang Berapa duit tiketnya? nih,ask_ticket_price
Maaf mau tanya Mau cari museum di Palembang,ask_category
Mau nanya dong Which tourist spots are near LRT stations?,ask_lrt_destinations
Kak Wisata yang gak pasaran di Palembang? ya,ask_hidden_gems
Bang Seru gak Jakabaring? ya kak,ask_destination_info
Min Kasih pantun dong ya kak,ask_unrelated
Bang Good evening dong,greet
Bang What's 2+2? dong,ask_unrelated
Informatif banget ya,provide_feedback
Eh Apa itu cryptocurrency? dong,ask_unrelated
Mau nanya dong Permisi saya mau jalan-jalan di Palembang deh,greet
Min Tempat wisata unik di Palembang? ya,ask_hidden_gems
Eh Informatif banget dong kak,provide_feedback
Pulau Kemaro mulai buka jam berapa?,ask_operating_hours
Bang Seru gak Benteng Kuto Besak? deh,ask_destination_info
Tempat wisata yang dilalui LRT?,ask_lrt_destinations
Ada mushola di Masjid Agung Palembang?,ask_facilities
Ada gak wisata yang bisa ditempuh LRT?,ask_lrt_destinations
Bisa naik angkot ke PTC?,ask_location_access
Mau nanya dong Jadwal buka Palembang Icon kapan ya? ya,ask_operating_hours
Hey there,greet
Min Dadah kak sih,goodbye
Mau nanya dong Selamat malam deh,greet
Hari ini KI buka gak ya?,ask_operating_hours
Mau nanya dong Wisata apa aja yang dekat jalur LRT?,ask_lrt_destinations
Permisi Palembang punya wisata religi apa? sih,ask_category
Who is the president of Indonesia?,ask_unrelated
Kamu punya perasaan?,ask_unrelated
Eh Oi sih,greet
Can I take public transport to Kemaro Island?,ask_location_access
Weekend KI buka? dong,ask_operating_hours
Mau nanya dong Tempat masjid di Palembang? dong,ask_category
I want to know What are the operating hours of Ampera Bridge? please,ask_operating_hours
Permisi saya mau jalan-jalan di Palembang ya,greet
Eh Informatif banget,provide_feedback
Permisi Jawaban yang sangat membantu ya kak,provide_feedback
Mau nanya dong Mau cari wisata alam di Palembang dong,ask_category
Kak Info wisata yang terjangkau LRT deh,ask_lrt_destinations
Maaf mau tanya Wisata romantis di Palembang? dong kak,ask_recommendation
Bang Best universities in Indonesia? deh,ask_unrelated
Eh Tempat yang belum terkenal di Palembang? dong kak,ask_hidden_gems
Top tourist attractions in Palembang,ask_recommendation
Eh Wisata apa aja yang dekat jalur LRT? ya,ask_lrt_destinations
Mau nanya dong Ada mushola di Monpera? nih,ask_facilities
Min Mau tau tentang Al Quran Al Akbar nih,ask_destination_info
Bang Informatif banget,provide_feedback
Kak Tempat wisata unik di Palembang? dong,ask_hidden_gems
Underrated tourist spots in Palembang?,ask_hidden_gems
Info fasilitas Amanzi dong,ask_facilities
Maaf mau tanya Ada mushola di Monpera? ya,ask_facilities
Wisata air di Palembang ada?,ask_category
Bang Wisata apa yang bisa dijangkau LRT? dong kak,ask_lrt_destinations
Kak Wisata romantis di Palembang? deh,ask_recommendation
Kak Price to enter Kemaro Island? sih,ask_ticket_price
Tolong kasih tau alamat Amanzi,ask_location_access
Permisi Makasih kak ya kak,goodbye
"Excuse me, Where is Benteng Kuto Besak?",ask_location_access
Fasilitas Kemaro lengkap gak?,ask_facilities
Does Kemaro Island have a mosque?,ask_facilities
Min Mau tau tentang Al Quran Al Akbar sih,ask_destination_info
Keren,provide_feedback
Maaf mau tanya Tempat wisata alam di Palembang? sih,ask_category
mau liburan di palembang kemana ya?,ask_recommendation
Min Penjelasannya bagus kak deh,provide_feedback
Mau nanya dong Permisi saya mau jalan-jalan di Palembang dong,greet
Eh Baik kak terima kasih deh,goodbye
Please What does it cost to visit Kambang Iwak Park?,ask_ticket_price
Permisi What amenities does Sultan Mahmud Badaruddin II Museum offer? sih,ask_facilities
Wisata yang gak pasaran di Palembang,ask_hidden_gems
"I want to know Good morning, I have a question",greet
Halo Mau liburan di Palembang kemana ya? nih,ask_recommendation
Maaf mau tanya Mau tau tentang Al Quran Al Akbar dong,ask_destination_info
Kak fasilitas Museum Balaputra Dewa apa aja ya?,ask_facilities
Halo Recommend culinary tourism in Palembang,ask_category
What does it cost to visit Kambang Iwak Park?,ask_ticket_price
Kak Kak ada hidden gems gak? ya kak,ask_hidden_gems
Mau cari wisata alam di Palembang sih,ask_category
Eh What's 2+2?,ask_unrelated
Permisi mau tanya harga tiket Jakabaring,ask_ticket_price
Min Tempat keren tapi belum terkenal di Palembang? deh,ask_hidden_gems
"Mau nanya dong Mau keliling Palembang naik LRT, kemana aja? ya kak",ask_lrt_destinations
Kak What amenities does Sultan Mahmud Badaruddin II Museum offer? dong,ask_facilities
Bang Tempat wisata alam di Palembang? ya kak,ask_category
Mau nanya dong Jadwal buka Palembang Icon kapan ya? nih,ask_operating_hours
Maaf mau tanya Wisata apa yang bisa dijangkau LRT? nih,ask_lrt_destinations
"Permisi Hello, I'm looking for help ya",greet
Mau liburan di Palembang kemana ya? sih,ask_recommendation
Maaf mau tanya Min kasih tau hidden gems Palembang sih,ask_hidden_gems
Wisata yang bisa dikunjungi sehari,ask_recommendation
Maaf mau tanya Tempat wisata alam di Palembang? nih,ask_category
Halo What amenities does Sultan Mahmud Badaruddin II Museum offer? dong,ask_facilities
Eh Great info dong kak,provide_feedback
Min alamat Pasar 16 Ilir apa ya?,ask_location_access
Mau nanya dong Wisata off the beaten path Palembang? dong,ask_hidden_gems
Cerita sejarah Kambang Iwak dong,ask_destination_info
What's Kemaro Island like? dong kak,ask_destination_info
Eh Apa BKB bisa dijangkau LRT? deh,ask_lrt_destinations
Min What's Kemaro Island like? deh,ask_destination_info
Mau nanya dong Sip lanjut kak deh,provide_feedback
Dari jam berapa PIM buka?,ask_operating_hours
"Bang Hello, I'm looking for help deh",greet
"Kak Got it, thanks",goodbye
Mau nanya dong Seru gak Benteng Kuto Besak? dong kak,ask_destination_info
Help me please,greet
Info lokasi Monpera dong,ask_location_access
I want to know What to see in Palembang??,ask_recommendation
Please List of parks in Palembang?,ask_category
Maaf mau tanya Tempat wisata alam di Palembang? dong kak,ask_category
Mau nanya dong What's 2+2? deh,ask_unrelated
Maaf mau tanya Top tourist attractions in Palembang? ya kak,ask_recommendation
Kak Permisi saya mau jalan-jalan di Palembang dong,greet
Eh Apakah Palembang Trade Center buka hari Minggu? sih,ask_operating_hours
Maaf mau tanya Apa BKB bisa dijangkau LRT? ya,ask_lrt_destinations
Halo Naik apa ke Taman Kambang Iwak Besak? deh,ask_location_access
"Min Hello, I'm looking for help nih",greet
Rekomendasi masjid Palembang,ask_category
"Halo Mau keliling Palembang naik LRT, kemana aja? ya kak",ask_lrt_destinations
Bang Wisata accessible by LRT? nih,ask_lrt_destinations
Mau nanya dong Tempat wisata unik di Palembang? ya kak,ask_hidden_gems
Maaf mau tanya Great info ya kak,provide_feedback
Halo Min rekomendasi wisata Palembang apa? dong kak,ask_recommendation
SMB ada tempat istirahat?,ask_facilities
Eh Nice info dong,provide_feedback
Lowongan kerja di Palembang?,ask_unrelated
Bang Mau tau tentang Al Quran Al Akbar dong kak,ask_destination_info
Min alamat Pulau Kemaro apa ya?,ask_location_access
Mau nanya dong Kasih pantun dong dong kak,ask_unrelated
"Hello, What to see in Palembang?",ask_recommendation
Eh Wisata romantis di Palembang? dong,ask_recommendation
Permisi What's Kemaro Island like? sih,ask_destination_info
Maaf mau tanya Selamat malam ya kak,greet
Halo Wisata off the beaten path Palembang? sih,ask_hidden_gems
Al Quran Al Akbar bagus gak?,ask_destination_info
What's the entrance fee at Kemaro Island?,ask_ticket_price
Min Recommend culinary tourism in Palembang deh,ask_category
Siguntang ada toilet gak?,ask_facilities
Alamat Palembang Trade Center dimana?,ask_location_access
Jakabaring buka sampai malam gak?,ask_operating_hours
Bang Dadah kak nih,goodbye
What does it cost to visit Kambang Iwak Park??,ask_ticket_price
Ticket price for Al-Munawar Arab Village?,ask_ticket_price
Berapa duit masuk Fantasy Island?,ask_ticket_price
"Permisi Got it, thanks dong",goodbye
Mau nanya dong Kamu bodoh,ask_unrelated
Taman Kebon Rojo ada tempat istirahat?,ask_facilities
Tempat wisata alam di Palembang? dong,ask_category
Oi dong,greet
Siang kak,greet
Maaf mau tanya Jawabannya memuaskan ya kak,provide_feedback
Mau nanya dong Mau tau tentang Al Quran Al Akbar nih,ask_destination_info
Hutan Wisata Punti Kayu buka jam berapa?,ask_operating_hours
Kak Penjelasannya bagus kak,provide_feedback
Hutan Wisata Punti Kayu buka setiap hari?,ask_operating_hours
"Hi, What are the operating hours of Ampera Bridge??",ask_operating_hours
Jelaskan tentang Hutan Wisata Punti Kayu,ask_destination_info
What's it like?,ask_destination_info
Min Wisata romantis di Palembang? ya,ask_recommendation
Mau nanya dong Kak ada hidden gems gak?,ask_hidden_gems
Mau tau tentang Al Quran Al Akbar ya,ask_destination_info
Info harga tiket Museum Sultan Mahmud Badaruddin II dong kak,ask_ticket_price
Can you tell me What to see in Palembang? thanks,ask_recommendation
Operating hours?,ask_operating_hours
What's the entry fee?,ask_ticket_price
Ada mushola di Kambang Iwak?,ask_facilities
Maaf mau tanya Permisi saya mau jalan-jalan di Palembang dong,greet
Kak Wisata off the beaten path Palembang? ya kak,ask_hidden_gems
Bang tiket OPI Mall berapa?,ask_ticket_price
What's special about Grand Mosque of Palembang?,ask_destination_info
Fasilitas umum di Kemaro apa aja?,ask_facilities
Bang Oi dong kak,greet
Mau nanya dong Nice info deh,provide_feedback
Maaf mau tanya Which tourist spots are near LRT stations? dong,ask_lrt_destinations
Maaf mau tanya Best universities in Indonesia? ya kak,ask_unrelated
Min Apa itu cryptocurrency? deh,ask_unrelated
Min PIM ada tempat parkir? sih,ask_facilities
Eh Mau cari wisata alam di Palembang deh,ask_category
Min harga masuk Hutan Wisata Punti Kayu berapa?,ask_ticket_price
Maaf mau tanya Apa itu cryptocurrency? dong,ask_unrelated
Mau nanya dong What's 2+2? dong,ask_unrelated
Permisi Baik kak terima kasih ya,goodbye
"Mau keliling Palembang naik LRT, kemana aja? dong",ask_lrt_destinations
Kak Info wisata yang terjangkau LRT,ask_lrt_destinations
Kak Oi ya kak,greet
Eh Naik apa ke Taman Kambang Iwak Besak? ya kak,ask_location_access
Eh Tiket masuk Monpera berapa? sih,ask_ticket_price
Eh Mau tau tentang Al Quran Al Akbar deh,ask_destination_info
tiket masuk ke taman kebon rojo sekarang berapa ya?,ask_ticket_price
Eh Seru gak Benteng Kuto Besak? ya kak,ask_destination_info
Apakah Palembang Trade Center buka hari Minggu? dong,ask_operating_hours
Permisi Seru gak Jakabaring? deh,ask_destination_info
Please Where should I go in Palembang??,ask_recommendation
Amanzi Waterpark buka hari apa aja?,ask_operating_hours
Wisata accessible by LRT?,ask_lrt_destinations
Is Ampera Bridge open in the morning?,ask_operating_hours
Eh Tempat masjid di Palembang? dong kak,ask_category
Permisi Good evening dong kak,greet
Mantap kak?,provide_feedback
Maaf mau tanya Apa itu cryptocurrency? sih,ask_unrelated
Kak Makasih deh,goodbye
Mau nanya dong Lokasi Kambang Iwak dimana kak? deh,ask_location_access
Amanzi Waterpark deket stasiun LRT mana?,ask_location_access
Kak ada hidden gems gak? sih,ask_hidden_gems
Are there toilets at Ampera Bridge?,ask_facilities
Dimana lokasi SMB II?,ask_location_access
How to reach Ampera Bridge?,ask_location_access
Permisi Fasilitas apa saja di PIM? ya kak,ask_facilities
Ada mushola di PIM? dong kak,ask_facilities
Cara ke sana gimana?,ask_location_access
Halo Tempat masjid di Palembang? deh,ask_category
Permisi Ada mushola di PIM? deh,ask_facilities
Mau tanya jam operasional Amanzi Waterpark,ask_operating_hours
Ping,greet
Min Seru gak Benteng Kuto Besak? nih,ask_destination_info
Bang Permisi saya mau jalan-jalan di Palembang nih,greet
Min Informatif banget sih,provide_feedback
Permisi Seru gak Benteng Kuto Besak?,ask_destination_info
Apa keunikan Palembang Square?,ask_destination_info
Lokasi Kambang Iwak dimana kak? ya,ask_location_access
Price to enter Kemaro Island? nih,ask_ticket_price
Lesser known attractions in Palembang?,ask_hidden_gems
Permisi Weekend KI buka? sih,ask_operating_hours
What are the opening hours of Al-Munawar Arab Village?,ask_operating_hours
Kamu bodoh ya,ask_unrelated
Kayak apa sih Museum Sultan Mahmud Badaruddin II?,ask_destination_info
Min Oke terima kasih banyak ya nih,goodbye
Permisi Terima kasih banyak dong,goodbye
Mau nanya dong Seru gak Jakabaring? sih,ask_destination_info
Apa BKB bisa dijangkau LRT? nih,ask_lrt_destinations
Good day,greet
Where is Ampera Bridge?,ask_location_access
Eh Jawaban yang sangat membantu sih,provide_feedback
Apa yang menarik dari Masjid Agung Palembang?,ask_destination_info
Eh Seru gak Benteng Kuto Besak? sih,ask_destination_info
Min Tips belajar bahasa Inggris? deh,ask_unrelated
Bang Sip lanjut kak,provide_feedback
Mau nanya dong Info wisata yang terjangkau LRT,ask_lrt_destinations
Maaf mau tanya Naik apa ke Taman Kambang Iwak Besak? dong kak,ask_location_access
Maaf mau tanya Great info sih,provide_feedback
Kak Informatif banget,provide_feedback
Maaf mau tanya Tempat wisata alam di Palembang? deh,ask_category
Halo Tiket masuk Monpera berapa? ya,ask_ticket_price
Kak Ada mushola di PIM? dong kak,ask_facilities
Halo Apa BKB bisa dijangkau LRT? sih,ask_lrt_destinations
Price to enter Kemaro Island? sih,ask_ticket_price
Permisi Jawaban yang sangat membantu ya,provide_feedback
Eh Info wisata yang terjangkau LRT ya,ask_lrt_destinations
Permisi PIM ada tempat parkir? sih,ask_facilities
Kak Lokasi Kambang Iwak dimana kak? ya,ask_location_access
Permisi Bisa naik angkot ke PTC?,ask_location_access
Bisa naik angkot ke BKB?,ask_location_access
Halo Kasih pantun dong dong kak,ask_unrelated
Halo Wisata off the beaten path Palembang?,ask_hidden_gems
Bang Mau tau tentang Al Quran Al Akbar sih,ask_destination_info
Bang Tips belajar bahasa Inggris? dong,ask_unrelated
Pulau Kemaro buka sampai malam gak?,ask_operating_hours
Saranin wisata di Palembang dong dong,ask_recommendation
Mau nanya dong Good evening nih,greet
Kapan sih Palembang Trade Center buka?,ask_operating_hours
Bang Info wisata yang terjangkau LRT sih,ask_lrt_destinations
Bisa naik angkot ke Bukit Siguntang?,ask_location_access
Bang Kamu bodoh dong kak,ask_unrelated
Halo Tiket masuk ke Taman Kebon Rojo sekarang berapa ya? dong kak,ask_ticket_price
Parkiran Kampung Kapitan luas gak?,ask_facilities
Kasih pantun dong dong kak,ask_unrelated
Eh Wisata romantis di Palembang? ya,ask_recommendation
Bang Tempat wisata unik di Palembang? ya,ask_hidden_gems
Maaf mau tanya PIM ada tempat parkir? ya kak,ask_facilities
Eh I'm bored ya kak,ask_unrelated
Permisi Wisata apa yang bisa dijangkau LRT?,ask_lrt_destinations
Mau nanya dong Seru gak Jakabaring?,ask_destination_info
Fasilitas apa saja di PIM,ask_facilities
Min Jawabannya memuaskan sih,provide_feedback
Min Seru gak Jakabaring? dong,ask_destination_info
Taman Kambang Iwak Besak ada toilet gak?,ask_facilities
"Halo Got it, thanks",goodbye
Mau nanya dong Wisata romantis di Palembang? dong,ask_recommendation
bisa naik angkot ke ptc?,ask_location_access
Maaf mau tanya Wisata apa aja yang dekat jalur LRT?,ask_lrt_destinations
Eh Mau cari wisata alam di Palembang dong kak,ask_category
Mau nanya dong Lokasi Kambang Iwak dimana kak? sih,ask_location_access
Halo Bisa naik angkot ke PTC? dong kak,ask_location_access
Min Oi dong,greet
Maaf mau tanya Kak ada hidden gems gak? nih,ask_hidden_gems
Kak Min rekomendasi wisata Palembang apa? nih,ask_recommendation
Malam,greet
How much to get into Monpera?,ask_ticket_price
Info wisata sejarah Palembang dong,ask_category
Kak Baik kak terima kasih ya kak,goodbye
"Bang Mau keliling Palembang naik LRT, kemana aja? dong kak",ask_lrt_destinations
Min Palembang punya wisata religi apa? ya,ask_category
"Hello, What are the operating hours of Ampera Bridge? thanks",ask_operating_hours
Bang I'm bored ya,ask_unrelated
Maaf mau tanya Recommend culinary tourism in Palembang sih,ask_category
Eh Mau cari wisata alam di Palembang ya kak,ask_category
Maaf mau tanya Fasilitas apa saja di PIM?,ask_facilities
Useful information,provide_feedback
Permisi Mau tau tentang Al Quran Al Akbar sih,ask_destination_info
Maaf mau tanya,greet
Permisi Wisata tersembunyi di Palembang? ya kak,ask_hidden_gems
Min What amenities does Sultan Mahmud Badaruddin II Museum offer? nih,ask_facilities
Info jam buka OPI Mall dong,ask_operating_hours
Min Jadwal buka Palembang Icon kapan ya? deh,ask_operating_hours
Eh Seru gak Jakabaring? deh,ask_destination_info
Kak Min kasih tau hidden gems Palembang sih,ask_hidden_gems
Bang Tips belajar bahasa Inggris? sih,ask_unrelated
Dari pusat kota ke Benteng Kuto Besak berapa lama?,ask_location_access
Eh Terima kasih banyak nih,goodbye
Maaf mau tanya Tempat yang belum terkenal di Palembang? deh,ask_hidden_gems
Palembang Square bisa ditempuh pakai apa?,ask_location_access
Bang Oi sih,greet
Kak Oi deh,greet
Is BKB near an LRT station?,ask_lrt_destinations
Does Monpera have food stalls?,ask_facilities
Weekend KI buka? nih,ask_operating_hours
Please Off the beaten path places in Palembang?,ask_hidden_gems
Info lokasi Benteng Kuto Besak dong,ask_location_access
"Min Got it, thanks dong kak",goodbye
Recommend culinary tourism in Palembang?,ask_category
Eh Tempat wisata alam di Palembang? nih,ask_category
Eh Min info wisata dekat LRT dong dong kak,ask_lrt_destinations
Halo Palembang punya wisata religi apa? dong,ask_category
Bang What amenities does Sultan Mahmud Badaruddin II Museum offer? nih,ask_facilities
Maaf mau tanya Min rekomendasi wisata Palembang apa?,ask_recommendation
Kak Wisata tersembunyi di Palembang? sih,ask_hidden_gems
Halo Kasih pantun dong,ask_unrelated
Museum Sultan Mahmud Badaruddin II tutup jam berapa?,ask_operating_hours
Bang Min kasih tau hidden gems Palembang ya kak,ask_hidden_gems
Bang Oi dong,greet
Describe Jakabaring Sport City,ask_destination_info
Fasilitas umum di Masjid Agung Palembang apa aja?,ask_facilities
Masjid Cheng Ho ada spot foto gak?,ask_facilities
Min kasih tau hidden gems Palembang nih,ask_hidden_gems
Kak Wisata accessible by LRT? deh,ask_lrt_destinations
Min Oi ya,greet
Eh Apa itu cryptocurrency? ya kak,ask_unrelated
Tiket masuk ke Taman Kebon Rojo sekarang berapa ya? deh,ask_ticket_price
Bang Mau tau tentang Al Quran Al Akbar dong,ask_destination_info
Bang Mau liburan di Palembang kemana ya? ya,ask_recommendation
Min Wisata yang gak pasaran di Palembang? dong,ask_hidden_gems
Permisi Palembang punya wisata religi apa? dong,ask_category
asal usul Jakabaring Sport City ini gimana ceritanya?,ask_destination_info
Bang Apa itu cryptocurrency? ya kak,ask_unrelated
Bang Mau tanya fasilitas di Punti Kayu dong kak,ask_facilities
Min Baik kak terima kasih sih,goodbye
Min Tips belajar bahasa Inggris? sih,ask_unrelated
"Eh Hello, I'm looking for help nih",greet
Halo halo,greet
Kasih tau dong tentang Museum Balaputra Dewa,ask_destination_info
Halo Jawabannya memuaskan nih,provide_feedback
Min Min info wisata dekat LRT dong dong kak,ask_lrt_destinations
Eh Good evening,greet
Maaf mau tanya Fasilitas apa saja di PIM? ya kak,ask_facilities
Permisi Great info ya,provide_feedback
Kak Jam operasional Amanzi Waterpark? deh,ask_operating_hours
Suka sama aplikasinya,provide_feedback
Sip lanjut kak dong kak,provide_feedback
Eh Wisata off the beaten path Palembang? deh,ask_hidden_gems
Bisa bantu saya?,greet
Kayak apa sih Taman Kebon Rojo?,ask_destination_info
Maaf mau tanya Recommend culinary tourism in Palembang ya kak,ask_category
Details about Monpera?,ask_destination_info
Gimana Palembang Icon?,ask_destination_info
Mau nanya dong Tempat masjid di Palembang? sih,ask_category
Bang Min kasih tau hidden gems Palembang deh,ask_hidden_gems
Rute ke Kemaro gimana?,ask_location_access
Bang Wisata romantis di Palembang? sih,ask_recommendation
Bang,greet
Bang Lokasi Kambang Iwak dimana kak? ya,ask_location_access
Permisi Saranin wisata di Palembang dong,ask_recommendation
SMB terkenal karena apa?,ask_destination_info
Permisi Tempat wisata unik di Palembang? dong kak,ask_hidden_gems
Permisi Makasih kak ya,goodbye
Eh Kak ada hidden gems gak? nih,ask_hidden_gems
Maaf mau tanya Mau ke Kawah Tengkurep lewat mana? deh,ask_location_access
Permisi Weekend KI buka? deh,ask_operating_hours
Halo PIM ada tempat parkir? dong kak,ask_facilities
Jakabaring bayar berapa?,ask_ticket_price
Bang Kak ada hidden gems gak? sih,ask_hidden_gems
Ceritakan tentang Kampung Kapitan,ask_destination_info
Palembang punya wisata religi apa? ya,ask_category
Maaf mau tanya Good evening,greet
Mantap kak nih,provide_feedback
Mau nanya dong Halo aplikasi deh,greet
Please Off the beaten path places in Palembang? thanks,ask_hidden_gems
Bang Tempat keren tapi belum terkenal di Palembang? deh,ask_hidden_gems
Destinasi wisata kuliner Palembang?,ask_category
Permisi Min rekomendasi wisata Palembang apa? dong,ask_recommendation
Maaf mau tanya Mantap kak deh,provide_feedback
Min kasih tau hidden gems Palembang ya,ask_hidden_gems
Maaf mau tanya Info wisata yang terjangkau LRT ya kak,ask_lrt_destinations
Halo Saranin wisata di Palembang dong sih,ask_recommendation
"Hi, Where should I go in Palembang? please",ask_recommendation
Min Oi dong kak,greet
Maaf mau tanya What amenities does Sultan Mahmud Badaruddin II Museum offer? dong,ask_facilities
Info jam buka Pulau Kemaro dong,ask_operating_hours
"Excuse me, Off the beaten path places in Palembang??",ask_hidden_gems
"Excuse me, Good morning, I have a question thanks",greet
Eh Sip makasih sih,goodbye
Kak Top tourist attractions in Palembang? nih,ask_recommendation
Pagi min,greet
Seru gak Benteng Kuto Besak? ya kak,ask_destination_info
Berapa ya tiket Bukit Siguntang?,ask_ticket_price
Deskripsi Pulau Kemaro,ask_destination_info
Permisi What's Kemaro Island like? dong,ask_destination_info
Maaf mau tanya Dadah kak dong,goodbye
Haii,greet
Halo Mau cari museum di Palembang ya kak,ask_category
Kak Tempat wisata alam di Palembang? dong,ask_category
Mau nanya dong Min rekomendasi wisata Palembang apa? ya,ask_recommendation
Min Seru gak Benteng Kuto Besak? sih,ask_destination_info
Opening hours?,ask_operating_hours
Permisi Mau tanya fasilitas di Punti Kayu dong kak,ask_facilities
Mau nanya dong Permisi saya mau jalan-jalan di Palembang ya,greet
Eh Makasih kak nih,goodbye
Maaf mau tanya Tempat yang belum terkenal di Palembang? ya,ask_hidden_gems
Kira-kira harga tiket Siguntang berapa?,ask_ticket_price
Min Wisata off the beaten path Palembang? ya kak,ask_hidden_gems
Maaf mau tanya Wisata apa yang bisa dijangkau LRT? deh,ask_lrt_destinations
Maaf mau tanya Oke terima kasih banyak ya sih,goodbye
Oi dong kak,greet
Kak Min rekomendasi wisata Palembang apa? ya,ask_recommendation
Where is Benteng Kuto Besak?,ask_location_access
Min Recommend culinary tourism in Palembang dong kak,ask_category
Maaf mau tanya Saranin wisata di Palembang dong nih,ask_recommendation
Apakah Punti Kayu gratis?,ask_ticket_price
Bang Mau liburan di Palembang kemana ya? dong,ask_recommendation
Kak Tempat masjid di Palembang? dong kak,ask_category
Eh Seru gak Jakabaring? dong kak,ask_destination_info
Permisi Min kasih tau hidden gems Palembang dong,ask_hidden_gems
Eh Wisata off the beaten path Palembang?,ask_hidden_gems
Permisi Wisata romantis di Palembang? deh,ask_recommendation
Bang Selamat malam ya kak,greet
Permisi Apa BKB bisa dijangkau LRT? dong,ask_lrt_destinations
Do I need to pay to enter Kambang Iwak Park?,ask_ticket_price
Min Wisata yang gak pasaran di Palembang? dong kak,ask_hidden_gems
Kak Mau ke Kawah Tengkurep lewat mana? dong,ask_location_access
Bang Wisata apa aja yang dekat jalur LRT? dong,ask_lrt_destinations
Eh Seru gak Jakabaring? sih,ask_destination_info
Maaf mau tanya Tiket masuk Monpera berapa? deh,ask_ticket_price
Permisi Mau liburan di Palembang kemana ya? dong kak,ask_recommendation
Mau ke PTC lewat mana?,ask_location_access
Bang Mau tau tentang Al Quran Al Akbar ya,ask_destination_info
Maaf mau tanya Kak ada hidden gems gak? ya kak,ask_hidden_gems
Permisi Baik kak terima kasih nih,goodbye
"Excuse me, How to go to Benteng Kuto Besak? please",ask_location_access
Info wisata yang terjangkau LRT sih,ask_lrt_destinations
Apakah Kambang Iwak buka 24 jam?,ask_operating_hours
Ticket price for Kemaro Island?,ask_ticket_price
Can you tell me List of parks in Palembang??,ask_category
Halo Wisata off the beaten path Palembang? dong kak,ask_hidden_gems
Tes tes,greet
Parkiran Pulau Kemaro luas gak?,ask_facilities
Maaf mau tanya Price to enter Kemaro Island? dong kak,ask_ticket_price
Mau nanya dong Tiket masuk ke Taman Kebon Rojo sekarang berapa ya? dong kak,ask_ticket_price
Mau nanya dong Wisata romantis di Palembang?,ask_recommendation
Eh Dadah kak deh,goodbye
Address of Benteng Kuto Besak?,ask_location_access
Permisi Kasih pantun dong deh,ask_unrelated
Halo saya pengunjung baru,greet
Mau nanya dong Tempat wisata alam di Palembang? dong,ask_category
Permisi Min kasih tau hidden gems Palembang deh,ask_hidden_gems
Posisi BKB dimana ya?,ask_location_access
Maaf mau tanya Makasih kak sih,goodbye
Wisata wisata kuliner di Palembang apa aja?,ask_category
Mau cari wisata alam di Palembang ya,ask_category
Eh Lokasi Kambang Iwak dimana kak? ya,ask_location_access
Maaf mau tanya Informatif banget deh,provide_feedback
Min Min info wisata dekat LRT dong dong,ask_lrt_destinations
Kambang Iwak jauh gak dari pusat kota?,ask_location_access
Maaf mau tanya Permisi saya mau jalan-jalan di Palembang dong kak,greet
tempat yang bagus buat foto-foto keluarga di mana ya?,ask_recommendation
Bang Kasih pantun dong dong,ask_unrelated
Oke terima kasih,goodbye
Permisi Mau cari wisata alam di Palembang deh,ask_category
Maaf mau tanya Oi ya,greet
Destinasi wisata sejarah Palembang?,ask_category
Min Jam operasional Amanzi Waterpark?,ask_operating_hours
Bayar berapa kalo masuk Kemaro?,ask_ticket_price
Min Wisata apa yang bisa dijangkau LRT?,ask_lrt_destinations
Tempat wisata unik di Palembang? dong kak,ask_hidden_gems
Recommend culinary tourism in Palembang ya,ask_category
Eh Wisata tersembunyi di Palembang? nih,ask_hidden_gems
Permisi Tempat wisata unik di Palembang?,ask_hidden_gems
Is there WiFi at Kemaro Island?,ask_facilities
Halo Mantap kak dong,provide_feedback
Bang Ada mushola di Monpera? sih,ask_facilities
Maaf mau tanya Min info wisata dekat LRT dong,ask_lrt_destinations
Al Quran Al Akbar ada spot foto gak?,ask_facilities
Min Min info wisata dekat LRT dong deh,ask_lrt_destinations
Where is Benteng Kuto Besak,ask_location_access
Halo Ada mushola di PIM?,ask_facilities
Bang Good evening nih,greet
Maaf mau tanya Makasih kak ya,goodbye
Permisi Tiket masuk ke Taman Kebon Rojo sekarang berapa ya? ya kak,ask_ticket_price
Mantap kak dong kak,provide_feedback
Maaf mau tanya Wisata accessible by LRT?,ask_lrt_destinations
What's Bitcoin?,ask_unrelated
Halo Tiket masuk ke Taman Kebon Rojo sekarang berapa ya? ya kak,ask_ticket_price
OK thank you,goodbye
Kak Sip lanjut kak deh,provide_feedback
Min Price to enter Kemaro Island? ya,ask_ticket_price
Maaf mau tanya Min rekomendasi wisata Palembang apa? deh,ask_recommendation
Ada fasilitas apa?,ask_facilities
Tempat masjid di Palembang?,ask_category
Kak Great info deh,provide_feedback
Haloo,greet
Bang Makasih kak dong kak,goodbye
Eh What amenities does Sultan Mahmud Badaruddin II Museum offer?,ask_facilities
Bang Mau cari wisata alam di Palembang dong kak,ask_category
Permisi Wisata gratis di Palembang ada gak? dong,ask_recommendation
Taman Kebon Rojo buka hari apa aja?,ask_operating_hours
Maaf mau tanya Nice info nih,provide_feedback
Apa itu cryptocurrency? ya,ask_unrelated
Kak Tempat keren tapi belum terkenal di Palembang? ya kak,ask_hidden_gems
Permisi Wisata off the beaten path Palembang? ya kak,ask_hidden_gems
Dimana lokasi Amanzi Waterpark?,ask_location_access
Recommend historical sites in Palembang,ask_category
Permisi Oi nih,greet
Deskripsi Bukit Siguntang,ask_destination_info
Mau nanya dong Terima kasih banyak deh,goodbye
Jawaban yang sangat membantu ya,provide_feedback
Maaf mau tanya Tempat wisata alam di Palembang?,ask_category
Posisi Masjid Agung Palembang dimana ya?,ask_location_access
Maaf mau tanya Fasilitas apa saja di PIM? nih,ask_facilities
Eh Min kasih tau hidden gems Palembang,ask_hidden_gems
Tempat wisata kuliner di Palembang?,ask_category
Maaf mau tanya Jawaban yang sangat membantu dong,provide_feedback
Min Tiket masuk ke Taman Kebon Rojo sekarang berapa ya? nih,ask_ticket_price
Halo Min kasih tau hidden gems Palembang ya kak,ask_hidden_gems
Mau tanya harga tiket Pulau Kemaro,ask_ticket_price
What's the address of Kampung Kapitan?,ask_location_access
Mau nanya dong Apa BKB bisa dijangkau LRT? dong,ask_lrt_destinations
Min Jawabannya memuaskan nih,provide_feedback
Min Tempat masjid di Palembang? ya kak,ask_category
Bang PIM ada tempat parkir? dong kak,ask_facilities
Ada toilet gak?,ask_facilities
Quiet but beautiful places in Palembang?,ask_hidden_gems
Permisi Jam operasional Amanzi Waterpark? dong,ask_operating_hours
Eh Jawaban yang sangat membantu dong,provide_feedback
Eh Dadah kak dong kak,goodbye
Min Wisata romantis di Palembang?,ask_recommendation
When does it close?,ask_operating_hours
Maaf mau tanya Palembang punya wisata religi apa? dong,ask_category
Min Permisi saya mau jalan-jalan di Palembang sih,greet
Permisi Saranin wisata di Palembang dong dong,ask_recommendation
Min Jawaban yang sangat membantu ya,provide_feedback
Eh Lokasi Kambang Iwak dimana kak?,ask_location_access
Maaf mau tanya Wisata tersembunyi di Palembang? nih,ask_hidden_gems
Maaf mau tanya Tempat wisata unik di Palembang? deh,ask_hidden_gems
Seru gak Museum Balaputra Dewa?,ask_destination_info
Permisi Apakah Palembang Trade Center buka hari Minggu? deh,ask_operating_hours
What's the capital of France?,ask_unrelated
Dari jam berapa Ampera buka?,ask_operating_hours
Halo Jadwal buka Palembang Icon kapan ya? ya,ask_operating_hours
What's Kemaro Island like? ya kak,ask_destination_info
Permisi Nice info sih,provide_feedback
Bang Terima kasih banyak,goodbye
Kemaro buka dari jam berapa sampai jam berapa?,ask_operating_hours
"Bang Mau keliling Palembang naik LRT, kemana aja? sih",ask_lrt_destinations
Maaf mau tanya Tiket masuk ke Taman Kebon Rojo sekarang berapa ya? dong,ask_ticket_price
Halo Tips belajar bahasa Inggris? dong,ask_unrelated
Review tentang Monpera,ask_destination_info
Bang Mau cari museum di Palembang deh,ask_category
Alamat Fantasy Island dimana?,ask_location_access
Bang Tiket masuk Monpera berapa? nih,ask_ticket_price
Min Sip lanjut kak ya kak,provide_feedback
Bang Mantap kak,provide_feedback
Min Min rekomendasi wisata Palembang apa? sih,ask_recommendation
Mau nanya dong Halo aplikasi dong kak,greet
Pasar 16 Ilir buka setiap hari?,ask_operating_hours
Great info deh,provide_feedback
Bang Kak ada hidden gems gak? ya kak,ask_hidden_gems
Apa Masjid Cheng Ho bayar?,ask_ticket_price
Hey What are the operating hours of Ampera Bridge??,ask_operating_hours
Permisi Jadwal buka Palembang Icon kapan ya? dong kak,ask_operating_hours
Saranin wisata di Palembang dong sih,ask_recommendation
Jakabaring Sport City ramah anak gak?,ask_facilities
Dari mana ke Jembatan Ampera?,ask_location_access
Hari ini Siguntang buka gak ya?,ask_operating_hours
Maaf mau tanya Apa itu cryptocurrency?,ask_unrelated
Min Min rekomendasi wisata Palembang apa? deh,ask_recommendation
Eh Wisata yang gak pasaran di Palembang? nih,ask_hidden_gems
Wisata tersembunyi di Palembang? dong kak,ask_hidden_gems
Kak Bisa naik angkot ke PTC?,ask_location_access
Eh Halo aplikasi,greet
Halo Good evening dong kak,greet
Kak fasilitas SMB apa aja ya?,ask_facilities
Siap kak,provide_feedback
Kak Tempat keren tapi belum terkenal di Palembang? ya,ask_hidden_gems
Kak Jadwal buka Palembang Icon kapan ya? ya kak,ask_operating_hours
Min Kamu bodoh dong kak,ask_unrelated
Maaf mau tanya Min rekomendasi wisata Palembang apa? ya kak,ask_recommendation
Cara menuju Jembatan Ampera gimana?,ask_location_access
Halo Tempat wisata alam di Palembang? ya kak,ask_category
Halo Wisata tersembunyi di Palembang? dong kak,ask_hidden_gems
Mau nanya dong Good evening ya kak,greet
Halo Dadah kak ya,goodbye
Jelaskan tentang Pulau Kemaro,ask_destination_info
Permisi Sip makasih,goodbye
info wisata yang terjangkau lrt,ask_lrt_destinations
Eh Nice info deh,provide_feedback
Maaf mau tanya Seru gak Benteng Kuto Besak? deh,ask_destination_info
I want to know What to see in Palembang? thanks,ask_recommendation
Permisi Berapa duit tiketnya? ya,ask_ticket_price
Info jam buka Al-Munawar dong,ask_operating_hours
Terima kasih,goodbye
Eh PIM ada tempat parkir? ya,ask_facilities
Thanks,goodbye
Mau nanya dong Min rekomendasi wisata Palembang apa? dong kak,ask_recommendation
Bang Oi deh,greet
Halo Nice info deh,provide_feedback
Eh Wisata gratis di Palembang ada gak? dong kak,ask_recommendation
Ada mushola di PIM? dong,ask_facilities
Permisi Min rekomendasi wisata Palembang apa? dong kak,ask_recommendation
Kak Sip makasih sih,goodbye
"Excuse me, List of parks in Palembang? thanks",ask_category
Halo Kasih pantun dong sih,ask_unrelated
Maaf mau tanya What's Kemaro Island like?,ask_destination_info
Halo What's Kemaro Island like? nih,ask_destination_info
Mau nanya dong Kamu bodoh deh,ask_unrelated
Mau nanya dong Wisata yang gak pasaran di Palembang? deh,ask_hidden_gems
Anime yang bagus apa?,ask_unrelated
Min Info wisata yang terjangkau LRT dong kak,ask_lrt_destinations
Masjid Cheng Ho mulai buka jam berapa?,ask_operating_hours
Mau nanya dong Nice info nih,provide_feedback
Dari mana ke Hutan Wisata Punti Kayu?,ask_location_access
Kasih tau deskripsinya,ask_destination_info
Fasilitas apa saja di PTC?,ask_facilities
Bang Halo aplikasi ya kak,greet
Mau nanya dong Sip lanjut kak nih,provide_feedback
"Excuse me, Off the beaten path places in Palembang? thanks",ask_hidden_gems
Kak Wisata off the beaten path Palembang?,ask_hidden_gems
Halo What's 2+2? nih,ask_unrelated
Dadah kak deh,goodbye
Eh Oke terima kasih banyak ya dong,goodbye
PIM ada tempat parkir? deh,ask_facilities
Bang Jawaban yang sangat membantu nih,provide_feedback
Maaf mau tanya Good evening dong,greet
Bang What's Kemaro Island like? nih,ask_destination_info
Min Oi ya kak,greet
Eh Naik apa ke Taman Kambang Iwak Besak? deh,ask_location_access
"That's all, thanks",goodbye
Permisi Wisata tersembunyi di Palembang?,ask_hidden_gems
Min Sip makasih dong,goodbye
mau tau tentang al quran al akbar,ask_destination_info
Permisi PIM ada tempat parkir? dong,ask_facilities
Min Sip lanjut kak dong,provide_feedback
Bang Kamu bodoh ya,ask_unrelated
Which tourist spots are near LRT stations?,ask_lrt_destinations
Kak dimana ya Kampung Kapitan?,ask_location_access
Apa BKB bisa dijangkau LRT? sih,ask_lrt_destinations
Permisi Nice info dong,provide_feedback
Kasih tau dong tentang Amanzi Waterpark,ask_destination_info
Eh Jawaban yang sangat membantu ya kak,provide_feedback
Ada fasilitas apa di Pulau Kemaro?,ask_facilities
"Excuse me, How to go to Benteng Kuto Besak?",ask_location_access
Min Baik kak terima kasih ya,goodbye
Kak Mau cari wisata alam di Palembang ya,ask_category
Yang termasuk wisata kuliner apa aja?,ask_category
Hutan Wisata Punti Kayu berbayar atau gratis?,ask_ticket_price
Eh Makasih kak dong kak,goodbye
Permisi Min kasih tau hidden gems Palembang ya,ask_hidden_gems
Kak Tempat yang belum terkenal di Palembang? dong,ask_hidden_gems
Bang Sip makasih ya,goodbye
Bang Which tourist spots are near LRT stations? ya,ask_lrt_destinations
Eh Weekend KI buka? ya,ask_operating_hours
Mau nanya dong Oi ya kak,greet
Mau nanya dong Sip makasih sih,goodbye
Min Ada mushola di Monpera? ya kak,ask_facilities
Terima kasih atas informasinya,goodbye
"Hi, What are the operating hours of Ampera Bridge? thanks",ask_operating_hours
Eh Jam operasional Amanzi Waterpark? deh,ask_operating_hours
Kapan sih Benteng Kuto Besak buka?,ask_operating_hours
Maaf mau tanya Sip makasih,goodbye
History of Jakabaring Sport City?,ask_destination_info
Halo Wisata apa aja yang dekat jalur LRT? ya,ask_lrt_destinations
Mau nanya dong Ada mushola di Monpera? dong kak,ask_facilities
Kak ada wisata budaya gak di Palembang?,ask_category
Mau nanya dong Baik kak terima kasih nih,goodbye
Mau nanya dong Jawabannya memuaskan sih,provide_feedback
Kak Naik apa ke Taman Kambang Iwak Besak? ya kak,ask_location_access
Halo Tempat masjid di Palembang? dong kak,ask_category
Selamat pagi,greet
Tempat wisata unik di Palembang? ya kak,ask_hidden_gems
Eh Mau cari wisata alam di Palembang ya,ask_category
Kak Lokasi Kambang Iwak dimana kak?,ask_location_access
Eh I'm bored sih,ask_unrelated
Kak Info wisata yang terjangkau LRT dong kak,ask_lrt_destinations
Halo I'm bored sih,ask_unrelated
Maaf mau tanya Info wisata yang terjangkau LRT ya,ask_lrt_destinations
Permisi Kak ada hidden gems gak? sih,ask_hidden_gems
Permisi Mantap kak deh,provide_feedback
Where is it located?,ask_location_access
Kak I'm bored ya,ask_unrelated
Does Punti Kayu Forest open every day?,ask_operating_hours
Info fasilitas Fantasy Island dong,ask_facilities
Suka deh,provide_feedback
Mau nanya dong Info wisata yang terjangkau LRT ya kak,ask_lrt_destinations
Eh Selamat malam ya,greet
What amenities does Monpera offer?,ask_facilities
Eh Mau cari wisata alam di Palembang,ask_category
Permisi Best universities in Indonesia? dong kak,ask_unrelated
Halo Sip makasih ya,goodbye
Permisi What amenities does Sultan Mahmud Badaruddin II Museum offer? dong,ask_facilities
Maaf mau tanya Wisata apa yang bisa dijangkau LRT? dong kak,ask_lrt_destinations
Min What's Kemaro Island like? dong kak,ask_destination_info
Do I need to pay to enter Benteng Kuto Besak?,ask_ticket_price
Fantasy Island bisa ditempuh pakai apa?,ask_location_access
Rekomendasi museum Palembang,ask_category
Eh Saranin wisata di Palembang dong sih,ask_recommendation
"Min Mau keliling Palembang naik LRT, kemana aja? deh",ask_lrt_destinations
Bang tiket Al-Munawar berapa?,ask_ticket_price
Bang What's 2+2? dong kak,ask_unrelated
Is there WiFi at Grand Mosque of Palembang?,ask_facilities
"Eh Mau keliling Palembang naik LRT, kemana aja? dong kak",ask_lrt_destinations
Kalo hari Sabtu SMB buka?,ask_operating_hours
Mau nanya dong Weekend KI buka? dong kak,ask_operating_hours
Mau nanya dong Jadwal buka Palembang Icon kapan ya? deh,ask_operating_hours
Permisi Tiket masuk ke Taman Kebon Rojo sekarang berapa ya? sih,ask_ticket_price
Permisi Saranin wisata di Palembang dong deh,ask_recommendation
Mau nanya dong Makasih kak nih,goodbye
Apakah Punti Kayu buka 24 jam?,ask_operating_hours
Min rekomendasi wisata Palembang apa? sih,ask_recommendation
Kapan kiamat?,ask_unrelated
Halo Tips belajar bahasa Inggris?,ask_unrelated
Yang termasuk masjid apa aja?,ask_category
Permisi What's 2+2? ya kak,ask_unrelated
Min What amenities does Sultan Mahmud Badaruddin II Museum offer? dong kak,ask_facilities
Kak Min info wisata dekat LRT dong ya,ask_lrt_destinations
best universities in indonesia?,ask_unrelated
Eh Sip lanjut kak sih,provide_feedback
asal usul Jembatan Ampera ini gimana ceritanya?,ask_destination_info
Permisi Bisa naik angkot ke PTC? dong kak,ask_location_access
Bang Ada mushola di Monpera? ya,ask_facilities
Hi bot,greet
I want to know What to see in Palembang?,ask_recommendation
Min Min info wisata dekat LRT dong ya,ask_lrt_destinations
Info lengkap Kampung Kapitan dong,ask_destination_info
Bang Great info ya,provide_feedback
Fantasy Island bagus gak?,ask_destination_info
Maaf mau tanya Selamat malam,greet
Bang Oke terima kasih banyak ya dong kak,goodbye
Maaf mau tanya Wisata yang gak pasaran di Palembang? nih,ask_hidden_gems
Ada mushola di Monpera? nih,ask_facilities
Bang Saranin wisata di Palembang dong nih,ask_recommendation
Ada taman kota di Palembang?,ask_category
Kak Makasih ya kak,goodbye
Bayar berapa kalo masuk BKB?,ask_ticket_price
Maaf mau tanya I'm bored sih,ask_unrelated
Bismillah mau tanya,greet
Maaf mau tanya What amenities does Sultan Mahmud Badaruddin II Museum offer? ya kak,ask_facilities
Halo Tips belajar bahasa Inggris? ya,ask_unrelated
Bang Ada mushola di PIM? dong,ask_facilities
Halo Mau cari wisata alam di Palembang ya kak,ask_category
Bang Wisata off the beaten path Palembang? deh,ask_hidden_gems
Maaf mau tanya Halo aplikasi sih,greet
Hello TanyaKito,greet
Bang Tempat wisata unik di Palembang?,ask_hidden_gems
Bang Tiket masuk Monpera berapa? ya kak,ask_ticket_price
Halo permisi,greet
Kak Jawabannya memuaskan sih,provide_feedback
Mau ke Kawah Tengkurep lewat mana? sih,ask_location_access
Tempat wisata religi di Palembang?,ask_category
Bang Saranin wisata di Palembang dong dong kak,ask_recommendation
Min PIM ada tempat parkir? ya kak,ask_facilities
Mau nanya dong Tempat wisata alam di Palembang? ya,ask_category
Bang Min info wisata dekat LRT dong dong kak,ask_lrt_destinations
Min Great info dong kak,provide_feedback
Maaf mau tanya Min rekomendasi wisata Palembang apa? dong,ask_recommendation
What parks are in Palembang?,ask_category
Kak What amenities does Sultan Mahmud Badaruddin II Museum offer? ya,ask_facilities
Permisi Jawabannya memuaskan,provide_feedback
Halo Tiket masuk ke Taman Kebon Rojo sekarang berapa ya? deh,ask_ticket_price
Mau tau tentang Pasar 16 Ilir,ask_destination_info
Min Which tourist spots are near LRT stations? sih,ask_lrt_destinations
Tiket Amanzi berapa sih?,ask_ticket_price
selamat malam,greet
Jawabannya memuaskan,provide_feedback
Apa itu cryptocurrency? deh,ask_unrelated
Hey,greet
Bang Apa BKB bisa dijangkau LRT? nih,ask_lrt_destinations
Kamu bodoh nih,ask_unrelated
Min Seru gak Jakabaring? sih,ask_destination_info
Halo Best universities in Indonesia? nih,ask_unrelated
Min Wisata yang gak pasaran di Palembang?,ask_hidden_gems
Eh Saranin wisata di Palembang dong ya kak,ask_recommendation
Informatif banget,provide_feedback
Eh Permisi saya mau jalan-jalan di Palembang,greet
Eh Bisa naik angkot ke PTC?,ask_location_access
Pulau Kemaro buka hari apa aja?,ask_operating_hours
Tiket masuk Monpera berapa?,ask_ticket_price
tempat masjid di palembang?,ask_category
Permisi Info wisata yang terjangkau LRT ya kak,ask_lrt_destinations
Kak Wisata weekend di Palembang? deh,ask_recommendation
Eh Nice info ya,provide_feedback
Recommend culinary tourism in Palembang sih,ask_category
Apakah Palembang Icon gratis?,ask_ticket_price
Mau nanya dong Seru gak Jakabaring? deh,ask_destination_info
Maaf mau tanya Kasih pantun dong,ask_unrelated
Min Sip makasih sih,goodbye
Tempat makan di sekitar Monpera ada?,ask_facilities
KI jauh gak dari pusat kota?,ask_location_access
Tempat wisata alam di Palembang?,ask_category
Kak Tempat wisata unik di Palembang? ya,ask_hidden_gems
Mau nanya dong Ada mushola di PIM?,ask_facilities
Kasih rekomendasi wisata dong kak,ask_recommendation
"Min Mau keliling Palembang naik LRT, kemana aja? ya",ask_lrt_destinations
price to enter kemaro island?,ask_ticket_price
Bang Mau cari wisata alam di Palembang dong,ask_category
Kak Naik apa ke Taman Kambang Iwak Besak?,ask_location_access
How do I get to Jakabaring Sport City?,ask_location_access
Wisata yang gak pasaran di Palembang? nih,ask_hidden_gems
Permisi Great info nih,provide_feedback
Bang Tiket masuk ke Taman Kebon Rojo sekarang berapa ya? dong kak,ask_ticket_price
Kira-kira harga tiket PIM berapa?,ask_ticket_price
Kak Bisa naik angkot ke PTC? dong kak,ask_location_access
Bang Mau liburan di Palembang kemana ya? ya kak,ask_recommendation
Min info wisata dekat LRT dong dong,ask_lrt_destinations
Min Nice info ya kak,provide_feedback
Translate bahasa Inggris dong,ask_unrelated
Maaf mau tanya Tempat masjid di Palembang?,ask_category
Permisi Palembang punya wisata religi apa? nih,ask_category
Bang PIM ada tempat parkir?,ask_facilities
Maaf mau tanya Price to enter Kemaro Island? deh,ask_ticket_price
Bang Tempat keren tapi belum terkenal di Palembang? dong kak,ask_hidden_gems
Permisi Best universities in Indonesia? sih,ask_unrelated
Mau nanya dong Nice info,provide_feedback
Where should I go in Palembang?,ask_recommendation
Kalo hari Sabtu KI buka?,ask_operating_hours
Which tourist spots are near LRT stations? ya,ask_lrt_destinations
Thanks kak,goodbye
Min alamat Masjid Cheng Ho apa ya?,ask_location_access
Kak Palembang Square buka dari jam berapa sampai jam berapa?,ask_operating_hours
Eh Saranin wisata di Palembang dong dong,ask_recommendation
Mau nanya dong Kamu bodoh nih,ask_unrelated
"Min Mau keliling Palembang naik LRT, kemana aja? ya kak",ask_lrt_destinations
Eh Kamu bodoh ya kak,ask_unrelated
Jelas banget penjelasannya,provide_feedback
Min Wisata romantis di Palembang? sih,ask_recommendation
Min Halo aplikasi deh,greet
Eh Mau ke Kawah Tengkurep lewat mana?,ask_location_access
Bang Recommend culinary tourism in Palembang ya,ask_category
Hey What does it cost to visit Kambang Iwak Park?,ask_ticket_price
Mau tau tentang Al Quran Al Akbar?,ask_destination_info
Bang What amenities does Sultan Mahmud Badaruddin II Museum offer? sih,ask_facilities
Min Tempat wisata unik di Palembang? dong kak,ask_hidden_gems
Bang Oke terima kasih banyak ya ya,goodbye
Deskripsi Kambang Iwak,ask_destination_info
Maaf mau tanya Sip lanjut kak nih,provide_feedback
Is Kampung Kapitan free?,ask_ticket_price
"Excuse me, What does it cost to visit Kambang Iwak Park? please",ask_ticket_price
Bang What amenities does Sultan Mahmud Badaruddin II Museum offer? ya,ask_facilities
Halo Good evening sih,greet
"Permisi Hello, I'm looking for help sih",greet
Permisi Tempat masjid di Palembang?,ask_category
Bang I'm bored sih,ask_unrelated
Wisata yang cocok untuk keluarga?,ask_recommendation
Kak Mantap kak nih,provide_feedback
Mau nanya dong Palembang punya wisata religi apa? deh,ask_category
Wisata untuk anak-anak di Palembang?,ask_recommendation
apa yang bikin SMB II ini spesial?,ask_destination_info
Best destinations in Palembang?,ask_recommendation
Min Good evening nih,greet
Halo Info wisata yang terjangkau LRT sih,ask_lrt_destinations
Mau cari wisata alam di Palembang?,ask_category
Eh Top tourist attractions in Palembang?,ask_recommendation
kak ada hidden gems gak?,ask_hidden_gems
Bang Jam operasional Amanzi Waterpark? dong kak,ask_operating_hours
Bang What's 2+2? sih,ask_unrelated
Min Wisata gratis di Palembang ada gak?,ask_recommendation
Min Wisata apa yang bisa dijangkau LRT? ya,ask_lrt_destinations
Kak Wisata tersembunyi di Palembang? ya,ask_hidden_gems
Top tourist attractions in Palembang? nih,ask_recommendation
Kak Jam operasional Amanzi Waterpark? nih,ask_operating_hours
"Mau nanya dong Got it, thanks dong kak",goodbye
Great info ya,provide_feedback
parks places in Palembang?,ask_category
Maaf mau tanya Sip makasih dong kak,goodbye
Jakabaring ada toilet gak?,ask_facilities
"I want to know Good morning, I have a question please",greet
Kak fasilitas PIM apa aja ya?,ask_facilities
Mau nanya dong Wisata yang gak pasaran di Palembang? nih,ask_hidden_gems
Mau nanya dong Oi,greet
Permisi mau tanya,greet
Eh Good evening deh,greet
Permisi I'm bored sih,ask_unrelated
Ada mushola di PIM? sih,ask_facilities
Mau nanya dong Mau cari museum di Palembang dong kak,ask_category
Maaf mau tanya Apa BKB bisa dijangkau LRT? dong kak,ask_lrt_destinations
Kak Wisata apa yang bisa dijangkau LRT?,ask_lrt_destinations
Dari jam berapa Museum Sultan Mahmud Badaruddin II buka?,ask_operating_hours
"Got it, thanks ya",goodbye
Eh Palembang punya wisata religi apa?,ask_category
When does Punti Kayu Forest close?,ask_operating_hours
Permisi Mau tanya fasilitas di Punti Kayu,ask_facilities
Eh Apa BKB bisa dijangkau LRT? nih,ask_lrt_destinations
Kasih pantun dong ya,ask_unrelated
Jawabannya memuaskan dong,provide_feedback
Bang Jawabannya memuaskan deh,provide_feedback
Halo Permisi saya mau jalan-jalan di Palembang nih,greet
Kak Sip lanjut kak sih,provide_feedback
Kak ada hidden gems gak? dong kak,ask_hidden_gems
Halo Tempat masjid di Palembang? ya kak,ask_category
Kak Permisi saya mau jalan-jalan di Palembang ya,greet
Mau nanya dong Saranin wisata di Palembang dong nih,ask_recommendation
Permisi Mau cari museum di Palembang dong kak,ask_category
Kak Wisata apa yang bisa dijangkau LRT? deh,ask_lrt_destinations
Maaf mau tanya Baik kak terima kasih nih,goodbye
Sangat membantu,provide_feedback
Kak Tempat yang belum terkenal di Palembang?,ask_hidden_gems
Describe it,ask_destination_info
Kak Naik apa ke Taman Kambang Iwak Besak? ya,ask_location_access
Permisi PIM ada tempat parkir? ya kak,ask_facilities
Mau nanya dong What's Kemaro Island like? dong kak,ask_destination_info
Ada mushola di Fantasy Island?,ask_facilities
Ada wisata kuliner di Palembang?,ask_category
Maaf mau tanya Tiket masuk Monpera berapa? ya kak,ask_ticket_price
Maaf mau tanya PIM ada tempat parkir? sih,ask_facilities
Mau nanya dong Selamat malam sih,greet
Permisi Jawabannya memuaskan nih,provide_feedback
Kak Terima kasih banyak nih,goodbye
Eh Lokasi Kambang Iwak dimana kak? sih,ask_location_access
"Bang Mau keliling Palembang naik LRT, kemana aja? nih",ask_lrt_destinations
Mau nanya dong Best universities in Indonesia? dong,ask_unrelated
Kak Palembang punya wisata religi apa? nih,ask_category
Kak Seru gak Jakabaring? dong,ask_destination_info
Halo Lokasi Kambang Iwak dimana kak? ya,ask_location_access
Kak Weekend KI buka? ya kak,ask_operating_hours
Kak Selamat malam,greet
Directions to Jakabaring Sport City?,ask_location_access
Halo Jam operasional Amanzi Waterpark? nih,ask_operating_hours
Kalo hari Sabtu BKB buka?,ask_operating_hours
Mau nanya dong Wisata romantis di Palembang? nih,ask_recommendation
Tiket masuk SMB berapa?,ask_ticket_price
Halo Recommend culinary tourism in Palembang ya kak,ask_category
Permisi Mantap kak,provide_feedback
Ada mushola di PIM?,ask_facilities
Permisi Mau liburan di Palembang kemana ya? ya kak,ask_recommendation
Mau nanya dong Kak ada hidden gems gak? nih,ask_hidden_gems
Bang Tiket masuk ke Taman Kebon Rojo sekarang berapa ya? ya,ask_ticket_price
what's 2+2?,ask_unrelated
Bang Mau ke Kawah Tengkurep lewat mana?,ask_location_access
Halo Makasih kak deh,goodbye
Min Nice info sih,provide_feedback
Kak Apa itu cryptocurrency? deh,ask_unrelated
Is it free?,ask_ticket_price
What amenities does Sultan Mahmud Badaruddin II Museum offer? dong,ask_facilities
Kambang Iwak gratis gak sih?,ask_ticket_price
Maaf mau tanya Wisata tersembunyi di Palembang? sih,ask_hidden_gems
Mau nanya dong Tempat masjid di Palembang? ya,ask_category
Maaf mau tanya Informatif banget ya,provide_feedback
Arah ke SMB II gimana?,ask_location_access
"Min Got it, thanks deh",goodbye
Recommended banget aplikasinya,provide_feedback
Permisi Top tourist attractions in Palembang? dong,ask_recommendation
Permisi Wisata accessible by LRT? dong kak,ask_lrt_destinations
Bang Tempat yang belum terkenal di Palembang?,ask_hidden_gems
Tempat museum di Palembang?,ask_category
Eh Mau ke Kawah Tengkurep lewat mana? ya kak,ask_location_access
Bang Seru gak Jakabaring? dong kak,ask_destination_info
Why is Ampera Bridge famous?,ask_destination_info
Bang Kak ada hidden gems gak? dong,ask_hidden_gems
Tempat masjid di Palembang? ya,ask_category
Kak Kak ada hidden gems gak?,ask_hidden_gems
Eh Baik kak terima kasih nih,goodbye
Eh Mau cari museum di Palembang,ask_category
Kak Good evening sih,greet
Kayak apa sih tempatnya?,ask_destination_info
Bang Tempat masjid di Palembang? deh,ask_category
Posisi Kemaro dimana ya?,ask_location_access
Review tentang Kambang Iwak,ask_destination_info
I want to know Off the beaten path places in Palembang? please,ask_hidden_gems
Min Bisa naik angkot ke PTC? sih,ask_location_access
Bayar berapa kalo masuk Palembang Square?,ask_ticket_price
Best universities in Indonesia?,ask_unrelated
Makasih ya kak sangat berguna infonya,goodbye
Bang Good evening ya kak,greet
Eh Sip lanjut kak deh,provide_feedback
Kak Oke terima kasih banyak ya nih,goodbye
PIM terkenal karena apa?,ask_destination_info
Hey Off the beaten path places in Palembang??,ask_hidden_gems
Pasar 16 Ilir ada kantin gak?,ask_facilities
Kapan sih SMB II buka?,ask_operating_hours
Bang Baik kak terima kasih dong kak,goodbye
Mau nanya dong Mau liburan di Palembang kemana ya? nih,ask_recommendation
Mau nanya dong Makasih kak sih,goodbye
Halo Oi ya kak,greet
Kak Mau cari wisata alam di Palembang dong kak,ask_category
Info jam buka Hutan Wisata Punti Kayu dong,ask_operating_hours
Eh Which tourist spots are near LRT stations? sih,ask_lrt_destinations
Permisi mau tanya harga tiket PTC,ask_ticket_price
Berapa duit masuk Jakabaring?,ask_ticket_price
Cara menuju Palembang Icon gimana?,ask_location_access
Halo Informatif banget sih,provide_feedback
Kak Jawabannya memuaskan dong,provide_feedback
Eh Jam operasional Amanzi Waterpark? dong,ask_operating_hours
Min Kasih pantun dong,ask_unrelated
Eh Great info sih,provide_feedback
good evening,greet
KI tutup jam berapa?,ask_operating_hours
Halo Min info wisata dekat LRT dong nih,ask_lrt_destinations
Min Tempat yang belum terkenal di Palembang? nih,ask_hidden_gems
Berapa duit masuk Monpera?,ask_ticket_price
Bang Best universities in Indonesia? dong kak,ask_unrelated
Maaf mau tanya What's Kemaro Island like? ya kak,ask_destination_info
Kak Ada mushola di PIM? deh,ask_facilities
What's available at Benteng Kuto Besak?,ask_facilities
Halo Jawabannya memuaskan,provide_feedback
Maaf mau tanya Wisata gratis di Palembang ada gak?,ask_recommendation
Seru gak Kampung Arab Al-Munawar?,ask_destination_info
Good afternoon,greet
Siguntang buka dari jam berapa sampai jam berapa?,ask_operating_hours
"Permisi Got it, thanks deh",goodbye
"Mau nanya dong Got it, thanks ya",goodbye
Permisi Tips belajar bahasa Inggris? dong,ask_unrelated
Amanzi Waterpark ada toilet gak?,ask_facilities
Halo Tempat wisata unik di Palembang?,ask_hidden_gems
Lengkap banget infonya,provide_feedback
Kak What's 2+2? deh,ask_unrelated
Jam operasionalnya?,ask_operating_hours
Eh Weekend KI buka? dong,ask_operating_hours
Wisata apa aja yang dekat jalur LRT? dong kak,ask_lrt_destinations
Bang Seru gak Jakabaring? dong,ask_destination_info
"Maaf mau tanya Mau keliling Palembang naik LRT, kemana aja? dong kak",ask_lrt_destinations
What's the ticket price for Punti Kayu Forest?,ask_ticket_price
Mau nanya dong Apakah Palembang Trade Center buka hari Minggu? nih,ask_operating_hours
Kak apa yang bikin SMB II ini spesial? nih,ask_destination_info
Address of Ampera Bridge?,ask_location_access
Informatif banget deh,provide_feedback
"Hi, What to see in Palembang?",ask_recommendation
Mau nanya dong Info wisata yang terjangkau LRT nih,ask_lrt_destinations
Palembang Icon buka sampai malam gak?,ask_operating_hours
Bang Nice info ya,provide_feedback
Min Jam operasional Amanzi Waterpark? dong,ask_operating_hours
Mau nanya dong Apa itu cryptocurrency? ya kak,ask_unrelated
"Excuse me, Where is Benteng Kuto Besak??",ask_location_access
Permisi Best universities in Indonesia? nih,ask_unrelated
Mahal gak tiketnya?,ask_ticket_price
Tiket OPI Mall berapa sih?,ask_ticket_price
Palembang punya wisata alam apa?,ask_category
Min Wisata tersembunyi di Palembang? ya,ask_hidden_gems
Tiket masuk ke Jembatan Ampera sekarang berapa ya?,ask_ticket_price
Wisata baru yang belum terkenal?,ask_hidden_gems
Min Bisa naik angkot ke PTC?,ask_location_access
Ticket price for Ampera Bridge?,ask_ticket_price
Mau nanya dong Permisi saya mau jalan-jalan di Palembang sih,greet
Min Ada mushola di Monpera? sih,ask_facilities
Min Saranin wisata di Palembang dong ya,ask_recommendation
Bang Kasih pantun dong ya,ask_unrelated
Halo Informatif banget dong,provide_feedback
"Kak Got it, thanks deh",goodbye
Kak Ada mushola di PIM? ya,ask_facilities
Permisi Wisata apa aja yang dekat jalur LRT? ya kak,ask_lrt_destinations
Mau nanya dong Halo aplikasi dong,greet
Tiket Siguntang berapa sih?,ask_ticket_price
Permisi Jawaban yang sangat membantu dong kak,provide_feedback
Eh Great info nih,provide_feedback
Permisi Mantap kak dong kak,provide_feedback
Mau nanya dong Jawaban yang sangat membantu deh,provide_feedback
Kak Oke terima kasih banyak ya ya,goodbye
How to lose weight?,ask_unrelated
Permisi What's 2+2? deh,ask_unrelated
Min Berapa duit tiketnya? ya kak,ask_ticket_price
Kak Terima kasih banyak dong,goodbye
Punti Kayu buka jam berapa?,ask_operating_hours
Info lokasi KI dong,ask_location_access
Eh Jawabannya memuaskan deh,provide_feedback
Tempat wisata sejarah di Palembang?,ask_category
Maaf mau tanya Palembang punya wisata religi apa? deh,ask_category
Thanks for the help,goodbye
Maaf mau tanya Makasih kak dong kak,goodbye
Saranin wisata di Palembang dong dong kak,ask_recommendation
Where is Monpera?,ask_location_access
Eh Wisata gratis di Palembang ada gak?,ask_recommendation
Kak Lokasi Kambang Iwak dimana kak? dong kak,ask_location_access
Infonya oke banget,provide_feedback
Kak Bisa naik angkot ke PTC? ya kak,ask_location_access
Maaf mau tanya Wisata tersembunyi di Palembang? ya kak,ask_hidden_gems
Halo What amenities does Sultan Mahmud Badaruddin II Museum offer? dong kak,ask_facilities
Eh Jawabannya memuaskan dong kak,provide_feedback
Kak Wisata accessible by LRT? ya kak,ask_lrt_destinations
Mau nanya dong I'm bored ya,ask_unrelated
Jelaskan tentang Museum Balaputra Dewa,ask_destination_info
Eh Min kasih tau hidden gems Palembang sih,ask_hidden_gems
Permisi Jawaban yang sangat membantu nih,provide_feedback
How to reach Sultan Mahmud Badaruddin II Museum?,ask_location_access
Mau nanya dong Palembang punya wisata religi apa? sih,ask_category
Is Al-Munawar Arab Village far from the city center?,ask_location_access
Wisata instagramable Palembang?,ask_recommendation
Min Seru gak Benteng Kuto Besak? deh,ask_destination_info
Kak Wisata apa aja yang dekat jalur LRT? sih,ask_lrt_destinations
Wisata Tionghoa di Palembang?,ask_category
Maaf mau tanya Mau cari museum di Palembang ya,ask_category
Tiket pesawat ke Bali berapa?,ask_unrelated
Bang Sip lanjut kak ya,provide_feedback
i'm bored,ask_unrelated
Maaf mau tanya Wisata gratis di Palembang ada gak? dong,ask_recommendation
What historical sites are in Palembang?,ask_category
What's the location of Benteng Kuto Besak?,ask_location_access
Lokasi Kambang Iwak dimana kak? dong,ask_location_access
Naik apa ke Taman Kambang Iwak Besak?,ask_location_access
Eh Apakah Palembang Trade Center buka hari Minggu? dong kak,ask_operating_hours
Mau nanya dong Tiket masuk ke Taman Kebon Rojo sekarang berapa ya? sih,ask_ticket_price
Eh Lokasi Kambang Iwak dimana kak? dong,ask_location_access
Min Saranin wisata di Palembang dong sih,ask_recommendation
What's the ticket price for Jakabaring Sport City?,ask_ticket_price
Maaf mau tanya Lokasi Kambang Iwak dimana kak? dong kak,ask_location_access
Mau jalan-jalan di Palembang kemana ya?,ask_recommendation
Is Monpera open today?,ask_operating_hours
Min Wisata weekend di Palembang? ya,ask_recommendation
Mau cari museum di Palembang ya,ask_category
Mau nanya dong Dadah kak ya kak,goodbye
Maaf mau tanya Selamat malam dong kak,greet
Maaf mau tanya Tiket masuk Monpera berapa? dong kak,ask_ticket_price
Min Permisi saya mau jalan-jalan di Palembang dong kak,greet
Halo Oke terima kasih banyak ya sih,goodbye
Bang Which tourist spots are near LRT stations? dong,ask_lrt_destinations
Tempat makan di sekitar SMB ada?,ask_facilities
Permisi What's 2+2?,ask_unrelated
Mau nanya dong Tempat wisata unik di Palembang? dong kak,ask_hidden_gems
Wisata off the beaten path Palembang? nih,ask_hidden_gems
apa yang bikin Fantasy Island ini spesial?,ask_destination_info
"Eh Mau keliling Palembang naik LRT, kemana aja? sih",ask_lrt_destinations
Bayar berapa kalo masuk Museum Sultan Mahmud Badaruddin II?,ask_ticket_price
Min Ada mushola di Monpera? ya,ask_facilities
Maaf mau tanya Jawaban yang sangat membantu sih,provide_feedback
Kira-kira harga tiket Kambang Iwak berapa?,ask_ticket_price
Hari ini Kampung Kapitan buka gak ya?,ask_operating_hours
Mau nanya dong Kamu bodoh ya,ask_unrelated
Min Wisata off the beaten path Palembang? ya,ask_hidden_gems
Halo Apakah Palembang Trade Center buka hari Minggu?,ask_operating_hours
Halo Palembang punya wisata religi apa? ya kak,ask_category
Permisi Wisata tersembunyi di Palembang? dong kak,ask_hidden_gems
Permisi Informatif banget ya kak,provide_feedback
Eh Tips belajar bahasa Inggris?,ask_unrelated
Bang Jawabannya memuaskan,provide_feedback
Mau nanya dong Oke terima kasih banyak ya,goodbye
Bang Terima kasih banyak deh,goodbye
Maaf mau tanya Palembang punya wisata religi apa? dong kak,ask_category
When does Al-Munawar Arab Village close?,ask_operating_hours
Permisi Wisata yang gak pasaran di Palembang? dong kak,ask_hidden_gems
Kak Tiket masuk Monpera berapa? sih,ask_ticket_price
Eh Wisata romantis di Palembang? dong kak,ask_recommendation
Mau nanya dong Mau tau tentang Al Quran Al Akbar dong,ask_destination_info
Apa yang menarik dari Amanzi?,ask_destination_info
Mau nanya dong Tempat yang belum terkenal di Palembang? nih,ask_hidden_gems
Kak Palembang Square buka dari jam berapa sampai jam berapa? dong,ask_operating_hours
Eh Wisata yang gak pasaran di Palembang? dong,ask_hidden_gems
Halo Jawaban yang sangat membantu sih,provide_feedback
Weekend KI buka? sih,ask_operating_hours
Mau nanya dong Wisata romantis di Palembang? dong kak,ask_recommendation
"Hello, List of parks in Palembang?",ask_category
Palembang Icon mulai buka jam berapa?,ask_operating_hours
Permisi Tempat wisata unik di Palembang? deh,ask_hidden_gems
Eh Min info wisata dekat LRT dong nih,ask_lrt_destinations
Maaf mau tanya Dadah kak nih,goodbye
Halo Fasilitas apa saja di PIM? sih,ask_facilities
Min Wisata gratis di Palembang ada gak? deh,ask_recommendation
Bang Makasih kak sih,goodbye
Maaf mau tanya Min kasih tau hidden gems Palembang ya,ask_hidden_gems
Mau tanya harga tiket Jakabaring,ask_ticket_price
Bang Mau liburan di Palembang kemana ya? deh,ask_recommendation
Mau nanya dong Oi dong kak,greet
Perfect,provide_feedback
Bang Kamu bodoh deh,ask_unrelated
Mau nanya dong Permisi saya mau jalan-jalan di Palembang dong kak,greet
Deskripsi Kampung Kapitan,ask_destination_info
Mau nanya dong Good evening ya,greet
Halo Kamu bodoh deh,ask_unrelated
Min Jawabannya memuaskan dong kak,provide_feedback
Where can I find museums in Palembang?,ask_category
Min Nice info dong,provide_feedback
How much is the ticket to Benteng Kuto Besak?,ask_ticket_price
Min Dadah kak,goodbye
Eh Bisa naik angkot ke PTC? deh,ask_location_access
Mau nanya dong Tempat yang belum terkenal di Palembang? dong,ask_hidden_gems
Maaf mau tanya Halo aplikasi ya kak,greet
Bang Permisi saya mau jalan-jalan di Palembang deh,greet
Kak Wisata apa yang bisa dijangkau LRT? nih,ask_lrt_destinations
Info lokasi Kampung Kapitan dong,ask_location_access
Kak Min rekomendasi wisata Palembang apa? sih,ask_recommendation
Min Price to enter Kemaro Island?,ask_ticket_price
Permisi What's Kemaro Island like? ya kak,ask_destination_info
Kak Jam operasional Amanzi Waterpark?,ask_operating_hours
"Min Mau keliling Palembang naik LRT, kemana aja? dong kak",ask_lrt_destinations
Halo aplikasi nih,greet
Bang Penjelasannya bagus kak nih,provide_feedback
Bang Palembang punya wisata religi apa? dong kak,ask_category
Selamat malam?,greet
what's kemaro island like?,ask_destination_info
Mau nanya dong Makasih kak ya,goodbye
Oke cukup kak makasih banyak,goodbye
Cara menuju Kampung Kapitan gimana?,ask_location_access
Ada fasilitas apa di Palembang Trade Center?,ask_facilities
Bang Nice info dong kak,provide_feedback
Tempat wisata unik di Palembang? deh,ask_hidden_gems
Is there an entry fee for Kemaro Island?,ask_ticket_price
Seru gak Benteng Kuto Besak? dong,ask_destination_info
Info lengkap Jembatan Ampera dong,ask_destination_info
Min Wisata romantis di Palembang? ya kak,ask_recommendation
Maaf mau tanya Weekend KI buka?,ask_operating_hours
Mau nanya dong Mau cari museum di Palembang sih,ask_category
Min Wisata yang gak pasaran di Palembang? deh,ask_hidden_gems
Halo Mau cari wisata alam di Palembang ya,ask_category
Kak Wisata weekend di Palembang? nih,ask_recommendation
Maaf mau tanya Saranin wisata di Palembang dong deh,ask_recommendation
Permisi Naik apa ke Taman Kambang Iwak Besak? ya,ask_location_access
Mau nanya dong Tempat wisata unik di Palembang?,ask_hidden_gems
Please List of parks in Palembang??,ask_category
Halo Seru gak Benteng Kuto Besak? ya,ask_destination_info
Informatif banget nih,provide_feedback
Museum Balaputra Dewa buka sampai malam gak?,ask_operating_hours
"Excuse me, What to see in Palembang??",ask_recommendation
Min Apakah Palembang Trade Center buka hari Minggu? dong kak,ask_operating_hours
Hey What does it cost to visit Kambang Iwak Park? please,ask_ticket_price
Min Ada mushola di Monpera? dong,ask_facilities
Bagaimana cara diet?,ask_unrelated
Min Tempat masjid di Palembang? deh,ask_category
Halo Tempat wisata alam di Palembang? dong,ask_category
Suka sama jawabannya,provide_feedback
"Mau nanya dong Mau keliling Palembang naik LRT, kemana aja? nih",ask_lrt_destinations
Bye bye kak,goodbye
Bang Wisata apa yang bisa dijangkau LRT? deh,ask_lrt_destinations
Info wisata alam Palembang dong,ask_category
Slmat pagi,greet
Aku bosan,ask_unrelated
Mau nanya dong kak,greet
Kambang Iwak mulai buka jam berapa?,ask_operating_hours
Maaf mau tanya Kak ada hidden gems gak? deh,ask_hidden_gems
Alamat Museum Balaputra Dewa dimana?,ask_location_access
Maaf mau tanya Mau ke Kawah Tengkurep lewat mana? dong,ask_location_access
Bang Seru gak Benteng Kuto Besak? dong,ask_destination_info
Min Tiket masuk Monpera berapa? ya,ask_ticket_price
Halo Mau tau tentang Al Quran Al Akbar ya,ask_destination_info
Sip lanjut kak deh,provide_feedback
Bang Tempat masjid di Palembang? ya kak,ask_category
Hey What are the operating hours of Ampera Bridge?,ask_operating_hours
Permisi Tempat yang belum terkenal di Palembang? nih,ask_hidden_gems
Eh Recommend culinary tourism in Palembang deh,ask_category
When does Kampung Kapitan close?,ask_operating_hours
Mau liburan di Palembang kemana ya? dong kak,ask_recommendation
Describe Grand Mosque of Palembang,ask_destination_info
Halo Makasih kak,goodbye
Kapan bukanya?,ask_operating_hours
Kak Min rekomendasi wisata Palembang apa? deh,ask_recommendation
"Hello, How to go to Benteng Kuto Besak? please",ask_location_access
Mau nanya dong Jam operasional Amanzi Waterpark?,ask_operating_hours
Hey Where should I go in Palembang?,ask_recommendation
Permisi Mau cari wisata alam di Palembang sih,ask_category
What are the opening hours of Kemaro Island?,ask_operating_hours
Kak I'm bored nih,ask_unrelated
"Eh Got it, thanks sih",goodbye
Benteng Kuto Besak itu apa?,ask_destination_info
Halo Ada mushola di Monpera? sih,ask_facilities
Mau tanya jam operasional Al-Munawar,ask_operating_hours
Mau nanya dong Mau cari wisata alam di Palembang deh,ask_category
Permisi Dadah kak deh,goodbye
Weekday Fantasy Island buka jam berapa?,ask_operating_hours
Min Info wisata yang terjangkau LRT sih,ask_lrt_destinations
Jakabaring Sport City itu apa?,ask_destination_info
Makasih kak ya kak,goodbye
Bang Tempat wisata unik di Palembang? deh,ask_hidden_gems
Min info wisata dekat LRT dong deh,ask_lrt_destinations
Kak Apa itu cryptocurrency? nih,ask_unrelated
"Good morning, I have a question?",greet
Jakabaring Sport City mulai buka jam berapa?,ask_operating_hours
Kapan Pulau Kemaro buka?,ask_operating_hours
Maaf mau tanya Wisata yang gak pasaran di Palembang? deh,ask_hidden_gems
Weekday SMB II buka jam berapa?,ask_operating_hours
Kak Apakah Palembang Trade Center buka hari Minggu? dong,ask_operating_hours
Halo Oi sih,greet
Lokasi Kambang Iwak dimana kak? dong kak,ask_location_access
Mau nanya dong Jam operasional Amanzi Waterpark? ya kak,ask_operating_hours
Bang Naik apa ke Taman Kambang Iwak Besak? dong,ask_location_access
Mau nanya dong Tiket masuk ke Taman Kebon Rojo sekarang berapa ya? dong,ask_ticket_price
Mau nanya dong Sip makasih dong,goodbye
Bukit Siguntang ramah anak gak?,ask_facilities
Assalamu'alaikum,greet
Min Weekend KI buka? nih,ask_operating_hours
Apakah Palembang Trade Center buka hari Minggu? deh,ask_operating_hours
Min Top tourist attractions in Palembang? ya kak,ask_recommendation
Kak Kasih pantun dong nih,ask_unrelated
Eh Jawabannya memuaskan sih,provide_feedback
Kak Dadah kak ya kak,goodbye
Halo Apa itu cryptocurrency? dong kak,ask_unrelated
Kak Best universities in Indonesia? dong,ask_unrelated
Permisi Wisata romantis di Palembang? nih,ask_recommendation
Halo Sip makasih nih,goodbye
Harga masuk Palembang Icon berapa ya kak?,ask_ticket_price
Kak Wisata gratis di Palembang ada gak? ya kak,ask_recommendation
Eh Terima kasih banyak ya,goodbye
Halo Oke terima kasih banyak ya ya,goodbye
Berapa duit masuk Kampung Kapitan?,ask_ticket_price
Mau nanya dong Wisata gratis di Palembang ada gak? dong,ask_recommendation
Permisi Mau cari wisata alam di Palembang ya,ask_category
Permisi Apakah Palembang Trade Center buka hari Minggu? dong kak,ask_operating_hours
Masjid Agung Palembang bayar berapa?,ask_ticket_price
Bang Kasih pantun dong dong kak,ask_unrelated
Halo Top tourist attractions in Palembang? ya kak,ask_recommendation
Mau nanya dong Tips belajar bahasa Inggris? ya,ask_unrelated
Maaf mau tanya Min kasih tau hidden gems Palembang dong kak,ask_hidden_gems
Bang Dadah kak ya,goodbye
Mau nanya dong Terima kasih banyak dong kak,goodbye
Kak Wisata off the beaten path Palembang? dong,ask_hidden_gems
Eh Tempat wisata unik di Palembang? dong kak,ask_hidden_gems
Eh Jadwal buka Palembang Icon kapan ya? sih,ask_operating_hours
Apa Kemaro bayar?,ask_ticket_price
Min What's 2+2? nih,ask_unrelated
Permisi Jam operasional Amanzi Waterpark? deh,ask_operating_hours
Min Naik apa ke Taman Kambang Iwak Besak? dong kak,ask_location_access
Bang Good evening dong kak,greet
Non-touristy places in Palembang?,ask_hidden_gems
Halo Makasih kak dong kak,goodbye
Bang Wisata apa aja yang dekat jalur LRT? sih,ask_lrt_destinations
Halo What's Kemaro Island like? sih,ask_destination_info
Halo Mau tau tentang Al Quran Al Akbar dong,ask_destination_info
Kak Jawabannya memuaskan ya kak,provide_feedback
Eh Tiket masuk ke Taman Kebon Rojo sekarang berapa ya? dong kak,ask_ticket_price
Kampung Kapitan di mana ya?,ask_location_access
Excellent information,provide_feedback
Maaf mau tanya Tempat wisata alam di Palembang? ya kak,ask_category
Mau nanya dong What's Kemaro Island like? dong,ask_destination_info
Min Sip makasih deh,goodbye
Bang Wisata apa aja yang dekat jalur LRT? ya kak,ask_lrt_destinations
Eh Apa BKB bisa dijangkau LRT?,ask_lrt_destinations
Kasih pantun dong nih,ask_unrelated
Mau tanya fasilitas di Al-Munawar,ask_facilities
"Got it, thanks",goodbye
Biaya tiket Al-Munawar berapa kak?,ask_ticket_price
Eh Min kasih tau hidden gems Palembang ya kak,ask_hidden_gems
How to go to Al-Munawar Arab Village?,ask_location_access
Bang Wisata yang gak pasaran di Palembang? deh,ask_hidden_gems
Bang Kasih pantun dong nih,ask_unrelated
Min Apa itu cryptocurrency?,ask_unrelated
Nice info?,provide_feedback
Cerita sejarah Hutan Wisata Punti Kayu dong,ask_destination_info
Good evening nih,greet
Mau nanya dong Tempat masjid di Palembang? nih,ask_category
Maaf mau tanya Seru gak Jakabaring? ya kak,ask_destination_info
Mau nanya dong Selamat malam nih,greet
Permisi saya mau jalan-jalan di Palembang deh,greet
Rute ke OPI Mall gimana?,ask_location_access
Ceritakan tentang Ampera,ask_destination_info
Bisa naik angkot ke PTC? ya kak,ask_location_access
Bang tiket SMB berapa?,ask_ticket_price
Permisi Wisata off the beaten path Palembang? sih,ask_hidden_gems
Kak Saranin wisata di Palembang dong deh,ask_recommendation
SMB II di mana ya?,ask_location_access
Bang Min rekomendasi wisata Palembang apa? ya,ask_recommendation
naik apa ke taman kambang iwak besak?,ask_location_access
Halo Mau ke Kawah Tengkurep lewat mana? nih,ask_location_access
Permisi Halo aplikasi,greet
Min Naik apa ke Taman Kambang Iwak Besak? ya kak,ask_location_access
Mau nanya dong What's 2+2? dong kak,ask_unrelated
Please Where is Benteng Kuto Besak??,ask_location_access
Min Nice info deh,provide_feedback
Min Which tourist spots are near LRT stations? dong kak,ask_lrt_destinations
Mau nanya dong Tiket masuk ke Taman Kebon Rojo sekarang berapa ya?,ask_ticket_price
Eh Ada mushola di PIM? sih,ask_facilities
Bang Seru gak Benteng Kuto Besak?,ask_destination_info
Min Nice info nih,provide_feedback
Kak Jam operasional Amanzi Waterpark? dong kak,ask_operating_hours
Eh PIM ada tempat parkir? dong kak,ask_facilities
Eh Apa itu cryptocurrency? deh,ask_unrelated
Al-Munawar buka sampai malam gak?,ask_operating_hours
Is Kampung Kapitan open on Sunday?,ask_operating_hours
Tempat wisata yang bisa diakses LRT?,ask_lrt_destinations
Bang Tips belajar bahasa Inggris?,ask_unrelated
"Hello, Good morning, I have a question please",greet
Permisi Oi ya kak,greet
Bang Mau tau tentang Al Quran Al Akbar deh,ask_destination_info
What's Monpera like?,ask_destination_info
Bang Apa itu cryptocurrency? dong,ask_unrelated
Kamu bodoh ya kak,ask_unrelated
Permisi Fasilitas apa saja di PIM? nih,ask_facilities
"Hello, I'm looking for help deh",greet
Mau nanya dong Apa itu cryptocurrency? sih,ask_unrelated
Mau tau tentang Palembang Icon,ask_destination_info
Permisi Mau cari wisata alam di Palembang ya kak,ask_category
Eh Wisata romantis di Palembang?,ask_recommendation
"Halo Mau keliling Palembang naik LRT, kemana aja?",ask_lrt_destinations
Berapa harga tiket masuk Taman Kebon Rojo?,ask_ticket_price
Halo Tiket masuk ke Taman Kebon Rojo sekarang berapa ya? ya,ask_ticket_price
Mau tau tentang Al Quran Al Akbar deh,ask_destination_info
Oke makasih,goodbye
History of Al-Munawar Arab Village?,ask_destination_info
Parkiran Amanzi luas gak?,ask_facilities
Halo Tips belajar bahasa Inggris? ya kak,ask_unrelated
Mau nanya dong Selamat malam ya kak,greet
Kak Selamat malam nih,greet
Hey List of parks in Palembang?,ask_category
Wisata outdoor Palembang?,ask_category
Kasih pantun dong ya kak,ask_unrelated
Saran tempat wisata di Palembang?,ask_recommendation
Eh PIM ada tempat parkir? ya kak,ask_facilities
Tiket masuk ke Taman Kebon Rojo sekarang berapa ya? ya,ask_ticket_price
Eh Seru gak Jakabaring?,ask_destination_info
Museum Balaputra Dewa berbayar atau gratis?,ask_ticket_price
Min Apa BKB bisa dijangkau LRT? dong,ask_lrt_destinations
Permisi kak,greet
Min Tempat wisata unik di Palembang? sih,ask_hidden_gems
Maaf mau tanya Baik kak terima kasih deh,goodbye
Kak Best universities in Indonesia? nih,ask_unrelated
Maaf mau tanya Ada mushola di Monpera?,ask_facilities
Bang Min rekomendasi wisata Palembang apa? deh,ask_recommendation
ceritain dong kenapa tempat ini viral,ask_destination_info
Min Wisata tersembunyi di Palembang? dong,ask_hidden_gems
Kak Jawaban yang sangat membantu,provide_feedback
Permisi Fasilitas apa saja di PIM? sih,ask_facilities
Permisi Jawabannya memuaskan ya kak,provide_feedback
Eh Lokasi Kambang Iwak dimana kak? dong kak,ask_location_access
Maaf mau tanya Sip lanjut kak,provide_feedback
Bang Tempat wisata alam di Palembang? ya,ask_category
Bang Wisata romantis di Palembang? deh,ask_recommendation
Kak Berapa duit tiketnya? sih,ask_ticket_price
Bang Tips belajar bahasa Inggris? deh,ask_unrelated
Halo Good evening ya,greet
Palembang punya wisata religi apa,ask_category
Wisata gratis di Palembang ada gak?,ask_recommendation
Kalo hari Sabtu Kawah Tengkurep buka?,ask_operating_hours
Min Penjelasannya bagus kak,provide_feedback
Halo Ada mushola di Monpera? ya,ask_facilities
Min Bisa naik angkot ke PTC? ya,ask_location_access
Min Informatif banget dong kak,provide_feedback
"Got it, thanks deh",goodbye
Kak I'm bored deh,ask_unrelated
Informatif banget sih,provide_feedback
Mau nanya dong Which tourist spots are near LRT stations? dong kak,ask_lrt_destinations
Min Wisata off the beaten path Palembang? dong,ask_hidden_gems
Wisata apa yang bisa dijangkau LRT? dong kak,ask_lrt_destinations
Please Where is Benteng Kuto Besak?,ask_location_access
Maaf mau tanya Tiket masuk ke Taman Kebon Rojo sekarang berapa ya?,ask_ticket_price
Mau nanya dong Apakah Palembang Trade Center buka hari Minggu? ya,ask_operating_hours
Min Jawabannya memuaskan deh,provide_feedback
Monpera ada kantin gak?,ask_facilities
Bang PIM ada tempat parkir? ya,ask_facilities
Bang Top tourist attractions in Palembang? deh,ask_recommendation
Bang Sip lanjut kak dong,provide_feedback
Permisi Mau ke Kawah Tengkurep lewat mana? ya kak,ask_location_access
Mau nanya dong Jawaban yang sangat membantu,provide_feedback
Eh Good evening ya,greet
Bang Lokasi Kambang Iwak dimana kak? dong kak,ask_location_access
Kak Tiket masuk ke Taman Kebon Rojo sekarang berapa ya? dong kak,ask_ticket_price
Maaf mau tanya Lokasi Kambang Iwak dimana kak? deh,ask_location_access
Mau nanya dong Tempat wisata unik di Palembang? sih,ask_hidden_gems
Eh Mau cari museum di Palembang dong kak,ask_category
wisata apa aja yang dekat jalur lrt?,ask_lrt_destinations
Mau nanya dong Nice info ya,provide_feedback
Bang Saranin wisata di Palembang dong deh,ask_recommendation
Min Mau ke Kawah Tengkurep lewat mana? dong,ask_location_access
Permisi Kak ada hidden gems gak? ya kak,ask_hidden_gems
Bisa naik angkot ke PTC? dong kak,ask_location_access
Maaf mau tanya Seru gak Benteng Kuto Besak? nih,ask_destination_info
"Maaf mau tanya Hello, I'm looking for help sih",greet
Eh Apa BKB bisa dijangkau LRT? dong,ask_lrt_destinations
Kak Tempat wisata unik di Palembang? nih,ask_hidden_gems
What amenities does Sultan Mahmud Badaruddin II Museum offer? nih,ask_facilities
Museum Sultan Mahmud Badaruddin II lokasinya dimana?,ask_location_access
Historical places in Palembang?,ask_category
Famous places in Palembang?,ask_recommendation
Maaf mau tanya What amenities does Sultan Mahmud Badaruddin II Museum offer? nih,ask_facilities
Selaamt pagi,greet
Min Jawaban yang sangat membantu dong kak,provide_feedback
Kak What's 2+2? dong,ask_unrelated
Bang Jawabannya memuaskan sih,provide_feedback
Eh Jawaban yang sangat membantu nih,provide_feedback
What's the time?,ask_unrelated
Min Info wisata yang terjangkau LRT deh,ask_lrt_destinations
Maaf mau tanya Baik kak terima kasih ya kak,goodbye
Info jam buka Museum Balaputra Dewa dong,ask_operating_hours
Mau nanya dong Great info ya kak,provide_feedback
Thanks a lot,goodbye
Permisi Ada mushola di Monpera? dong kak,ask_facilities
"Excuse me, What does it cost to visit Kambang Iwak Park?",ask_ticket_price
Min Penjelasannya bagus kak sih,provide_feedback
Mau ke PIM bayar berapa?,ask_ticket_price
Min Tiket masuk ke Taman Kebon Rojo sekarang berapa ya? dong kak,ask_ticket_price
Bang Baik kak terima kasih ya kak,goodbye
Prediksi cuaca besok?,ask_unrelated
How much for Kampung Kapitan tickets?,ask_ticket_price
Apa arti cinta?,ask_unrelated
Bang Tempat keren tapi belum terkenal di Palembang?,ask_hidden_gems
Permisi Tiket masuk ke Taman Kebon Rojo sekarang berapa ya? deh,ask_ticket_price
Eh Baik kak terima kasih ya kak,goodbye
"Min Hello, I'm looking for help sih",greet
Jakabaring buka setiap hari?,ask_operating_hours
Bang Great info dong kak,provide_feedback
Mau nanya dong Informatif banget sih,provide_feedback
Rekomendasi wisata yang dekat stasiun LRT,ask_lrt_destinations
Mau nanya dong Lokasi Kambang Iwak dimana kak?,ask_location_access
Palembang punya wisata religi apa? ya kak,ask_category
Kak Nice info,provide_feedback
Bang Ada mushola di Monpera? deh,ask_facilities
Kak Berapa duit tiketnya? dong kak,ask_ticket_price
Halo Best universities in Indonesia? ya,ask_unrelated
Min Kamu bodoh,ask_unrelated
Mau cari wisata alam di Palembang dong kak,ask_category
Siapa presiden Indonesia?,ask_unrelated
Bang Wisata romantis di Palembang? nih,ask_recommendation
Mau nanya dong Mau ke Kawah Tengkurep lewat mana? nih,ask_location_access
Maaf mau tanya Nice info dong kak,provide_feedback
Halo Jawabannya memuaskan ya kak,provide_feedback
Mau nanya dong Tiket masuk Monpera berapa? ya kak,ask_ticket_price
Permisi Wisata accessible by LRT? nih,ask_lrt_destinations
Maaf mau tanya Min kasih tau hidden gems Palembang nih,ask_hidden_gems
Bang Tempat keren tapi belum terkenal di Palembang? sih,ask_hidden_gems
Mau nanya dong Best universities in Indonesia? sih,ask_unrelated
"Kak Mau keliling Palembang naik LRT, kemana aja? ya",ask_lrt_destinations
Halo Min kasih tau hidden gems Palembang dong kak,ask_hidden_gems
Mau ke Siguntang lewat mana?,ask_location_access
Is Punti Kayu Forest far from the city center?,ask_location_access
Bang Oke terima kasih banyak ya dong,goodbye
Bang Makasih kak ya,goodbye
Permisi Mau tau tentang Al Quran Al Akbar ya kak,ask_destination_info
Permisi mau tanya harga tiket Kampung Kapitan,ask_ticket_price
"Hello, What are the operating hours of Ampera Bridge? please",ask_operating_hours
Eh Wisata romantis di Palembang? sih,ask_recommendation
Min Mantap kak ya,provide_feedback
Jawaban yang sangat membantu,provide_feedback
Ada wifi di Taman Kebon Rojo?,ask_facilities
Seru gak Jakabaring? dong kak,ask_destination_info
Mau nanya dong Min kasih tau hidden gems Palembang dong,ask_hidden_gems
Amanzi Waterpark ada spot foto gak?,ask_facilities
Bang Mantap kak dong,provide_feedback
Kak Mau tau tentang Al Quran Al Akbar ya,ask_destination_info
Tiket masuk ke Masjid Agung Palembang sekarang berapa ya?,ask_ticket_price
Kak Apa BKB bisa dijangkau LRT? sih,ask_lrt_destinations
Kak PIM ada tempat parkir?,ask_facilities
Halo aplikasi sih,greet
Kak Wisata apa yang bisa dijangkau LRT? sih,ask_lrt_destinations
Halo Ada mushola di Monpera? nih,ask_facilities
Please Where should I go in Palembang? please,ask_recommendation
Mau tanya harga tiket Masjid Agung Palembang,ask_ticket_price
Eh Min kasih tau hidden gems Palembang ya,ask_hidden_gems
Bang PIM ada tempat parkir? deh,ask_facilities
Cara menuju Siguntang gimana?,ask_location_access
Halo Mau cari wisata alam di Palembang deh,ask_category
Min Sip lanjut kak ya,provide_feedback
Min Tiket masuk Monpera berapa? sih,ask_ticket_price
Maaf mau tanya Jadwal buka Palembang Icon kapan ya? sih,ask_operating_hours
Maaf mau tanya Tempat masjid di Palembang? sih,ask_category
Mau nanya dong Dadah kak dong kak,goodbye
Halo Mau cari wisata alam di Palembang dong kak,ask_category
Eh Makasih kak sih,goodbye
Min Seru gak Jakabaring? deh,ask_destination_info
Flight tickets to Bali?,ask_unrelated
Min Tempat yang belum terkenal di Palembang? sih,ask_hidden_gems
Mau nanya dong Wisata off the beaten path Palembang? nih,ask_hidden_gems
Kak Halo aplikasi nih,greet
Naik apa ke Taman Kambang Iwak Besak? ya kak,ask_location_access
"Min Got it, thanks sih",goodbye
Halo Seru gak Jakabaring? sih,ask_destination_info
Wisata paling bagus di Palembang?,ask_recommendation
Wisata apa aja yang dekat jalur LRT? dong,ask_lrt_destinations
Maaf mau tanya Jadwal buka Palembang Icon kapan ya? dong,ask_operating_hours
Menarik gak Jembatan Ampera?,ask_destination_info
Wisata Arab di Palembang?,ask_category
Maaf mau tanya I'm bored dong kak,ask_unrelated
Masjid Agung Palembang hari libur buka gak?,ask_operating_hours
Mau nanya dong Ada mushola di Monpera? sih,ask_facilities
Eh Palembang punya wisata religi apa? dong kak,ask_category
Smart bot,provide_feedback
Tolong kasih tau alamat Monpera,ask_location_access
asal usul Al Quran Al Akbar ini gimana ceritanya?,ask_destination_info
Kak Recommend culinary tourism in Palembang ya kak,ask_category
Kasih info Pasar 16 Ilir ya kak,ask_destination_info
Permisi PIM ada tempat parkir? nih,ask_facilities
Bang Mau cari museum di Palembang dong kak,ask_category
Please Where is Benteng Kuto Besak? please,ask_location_access
"Eh Hello, I'm looking for help dong kak",greet
Halo Kak ada hidden gems gak? nih,ask_hidden_gems
Permisi Mau tau tentang Al Quran Al Akbar ya,ask_destination_info
Wisata indoor Palembang?,ask_category
which tourist spots are near lrt stations?,ask_lrt_destinations
"Kak Mau keliling Palembang naik LRT, kemana aja?",ask_lrt_destinations
Kapan sih Jakabaring Sport City buka?,ask_operating_hours
"Halo Hello, I'm looking for help sih",greet
Maaf mau tanya Tiket masuk ke Taman Kebon Rojo sekarang berapa ya? ya kak,ask_ticket_price
Min Dadah kak dong kak,goodbye
Hi,greet
Mau nanya dong Min info wisata dekat LRT dong dong,ask_lrt_destinations
What days is Al-Munawar Arab Village open?,ask_operating_hours
Kak apa yang bikin SMB II ini spesial?,ask_destination_info
Eh PIM ada tempat parkir? nih,ask_facilities
Halo Mau cari museum di Palembang,ask_category
Is Sultan Mahmud Badaruddin II Museum child-friendly?,ask_facilities
What's the address of Punti Kayu Forest?,ask_location_access
Ada fasilitas apa di Al Quran Al Akbar?,ask_facilities
Bang Jawaban yang sangat membantu ya kak,provide_feedback
Min Berapa duit tiketnya? dong kak,ask_ticket_price
Hai saya pertama kali ke Palembang,greet
Eh Kamu bodoh dong kak,ask_unrelated
Mau ke Kawah Tengkurep lewat mana? dong,ask_location_access
Mau nanya dong What amenities does Sultan Mahmud Badaruddin II Museum offer? ya,ask_facilities
How much is the ticket?,ask_ticket_price
Bang Ada mushola di PIM? nih,ask_facilities
Halo Selamat malam,greet
what does it cost to visit kambang iwak park?,ask_ticket_price
Permisi Wisata romantis di Palembang? dong,ask_recommendation
Mau nanya dong Good evening deh,greet
Hey Best things to do in Palembang? thanks,ask_recommendation
When is Ampera Bridge open?,ask_operating_hours
Tiket masuk Monpera berapa? deh,ask_ticket_price
Maaf mau tanya Weekend KI buka? dong,ask_operating_hours
Halo PIM ada tempat parkir? deh,ask_facilities
Info lengkap Palembang Trade Center dong,ask_destination_info
Eh Mau tau tentang Al Quran Al Akbar dong kak,ask_destination_info
Permisi Apakah Palembang Trade Center buka hari Minggu? ya,ask_operating_hours
Permisi Wisata gratis di Palembang ada gak? sih,ask_recommendation
Mau nanya dong What's 2+2? ya,ask_unrelated
Kak Bisa naik angkot ke PTC? sih,ask_location_access
Eh Jadwal buka Palembang Icon kapan ya? deh,ask_operating_hours
Kak Makasih,goodbye
Mau nanya dong Info wisata yang terjangkau LRT dong kak,ask_lrt_destinations
Nice info sih,provide_feedback
Maaf mau tanya Mau ke Kawah Tengkurep lewat mana?,ask_location_access
Best things to do in Palembang,ask_recommendation
Bang Tips belajar bahasa Inggris? dong kak,ask_unrelated
PIM ada tempat parkir? dong,ask_facilities
What amenities does Sultan Mahmud Badaruddin II Museum offer,ask_facilities
Maaf mau tanya Jawabannya memuaskan dong kak,provide_feedback
Maaf mau tanya Jawabannya memuaskan nih,provide_feedback
Berapa ya tiket Amanzi?,ask_ticket_price
Oi nih,greet
Mau nanya dong Seru gak Jakabaring? dong kak,ask_destination_info
Maaf mau tanya Recommend culinary tourism in Palembang deh,ask_category
Bang Recommend culinary tourism in Palembang ya kak,ask_category
Mau nanya dong Tempat wisata alam di Palembang? dong kak,ask_category
Maaf mau tanya Info wisata yang terjangkau LRT sih,ask_lrt_destinations
Eh Tempat wisata alam di Palembang?,ask_category
Mau nanya dong Wisata yang gak pasaran di Palembang? ya kak,ask_hidden_gems
What time does Grand Mosque of Palembang open?,ask_operating_hours
Mau nanya dong Tempat masjid di Palembang? ya kak,ask_category
"Hey Good morning, I have a question",greet
Maaf mau tanya Jadwal buka Palembang Icon kapan ya? deh,ask_operating_hours
best things to do in palembang?,ask_recommendation
Best things to do in Palembang? please,ask_recommendation
Bang Berapa duit tiketnya? ya,ask_ticket_price
Maaf mau tanya What's 2+2? nih,ask_unrelated
Can I take public transport to Kampung Kapitan?,ask_location_access
Update harga tiket Palembang Icon dong,ask_ticket_price
"Maaf mau tanya Got it, thanks nih",goodbye
Dari mana ke Kawah Tengkurep?,ask_location_access
Bang Weekend KI buka? ya kak,ask_operating_hours
Eh Jam operasional Amanzi Waterpark? nih,ask_operating_hours
Dari pusat kota ke Palembang Icon berapa lama?,ask_location_access
Udah cukup,goodbye
Gambar kucing dong,ask_unrelated
Mau nanya dong Sip makasih deh,goodbye
Where should I go in Palembang,ask_recommendation
Min Which tourist spots are near LRT stations? ya,ask_lrt_destinations
Please Where should I go in Palembang? thanks,ask_recommendation
Bang Jam operasional Amanzi Waterpark?,ask_operating_hours
Permisi What's 2+2? dong kak,ask_unrelated
Permisi Wisata off the beaten path Palembang? ya,ask_hidden_gems
Taman Kebon Rojo jauh gak dari pusat kota?,ask_location_access
Bang What's Kemaro Island like? dong,ask_destination_info
Min info wisata dekat LRT dong sih,ask_lrt_destinations
Min Tempat masjid di Palembang? sih,ask_category
Maaf mau tanya Apakah Palembang Trade Center buka hari Minggu? dong kak,ask_operating_hours
Please Off the beaten path places in Palembang? please,ask_hidden_gems
Eh Weekend KI buka? deh,ask_operating_hours
Eh Best universities in Indonesia? ya kak,ask_unrelated
Best universities in Indonesia? ya,ask_unrelated
Min Mau tau tentang Al Quran Al Akbar dong,ask_destination_info
Kak Lokasi Kambang Iwak dimana kak? deh,ask_location_access
Sip makasih ya kak,goodbye
Jos,provide_feedback
Min Mau cari wisata alam di Palembang ya,ask_category
Recommend religious tourism in Palembang,ask_category
Halo Halo aplikasi deh,greet
Bang Jadwal buka Palembang Icon kapan ya?,ask_operating_hours
Bang Apa BKB bisa dijangkau LRT? sih,ask_lrt_destinations
Things to do in Palembang?,ask_recommendation
Eh Wisata apa aja yang dekat jalur LRT? ya kak,ask_lrt_destinations
Mau cari wisata alam di Palembang nih,ask_category
Maaf mau tanya Ada mushola di PIM? dong,ask_facilities
Maaf mau tanya Makasih kak nih,goodbye
Maaf mau tanya Oke terima kasih banyak ya ya,goodbye
Eh Which tourist spots are near LRT stations? dong kak,ask_lrt_destinations
Kak ada taman gak di Palembang?,ask_category
"Kak Hello, I'm looking for help deh",greet
"Kak Got it, thanks nih",goodbye
Posisi Museum Sultan Mahmud Badaruddin II dimana ya?,ask_location_access
Kak Jawaban yang sangat membantu ya kak,provide_feedback
terima kasih banyak,goodbye
Halo Tempat wisata alam di Palembang? nih,ask_category
Halo Oke terima kasih banyak ya deh,goodbye
Bang Ada mushola di Monpera? nih,ask_facilities
Wisata apa aja yang dekat jalur LRT? ya,ask_lrt_destinations
"Halo Hello, I'm looking for help deh",greet
Kak Makasih kak nih,goodbye
Bang Berapa duit tiketnya?,ask_ticket_price
Mau nanya dong Wisata apa yang bisa dijangkau LRT? ya kak,ask_lrt_destinations
Halo Jam operasional Amanzi Waterpark? ya kak,ask_operating_hours
Price to enter Sultan Mahmud Badaruddin II Museum?,ask_ticket_price
Kak Recommend culinary tourism in Palembang ya,ask_category
"Hi, How to go to Benteng Kuto Besak? please",ask_location_access
Permisi Oke terima kasih banyak ya dong,goodbye
Halo Best universities in Indonesia? ya kak,ask_unrelated
Permisi Sip lanjut kak ya,provide_feedback
Siapa BTS?,ask_unrelated
Min Makasih ya kak,goodbye
Eh Naik apa ke Taman Kambang Iwak Besak? dong,ask_location_access
Kak rekomendasiin dong wisata di Palembang,ask_recommendation
Halo Dadah kak deh,goodbye
Apakah Palembang Trade Center buka hari Minggu,ask_operating_hours
Mau ke Museum Balaputra Dewa bayar berapa?,ask_ticket_price
Permisi Bisa naik angkot ke PTC? deh,ask_location_access
Eh Kasih pantun dong dong kak,ask_unrelated
Min Halo aplikasi sih,greet
Permisi Permisi saya mau jalan-jalan di Palembang,greet
Eh Good evening dong,greet
Kak Ada mushola di Monpera? sih,ask_facilities
Mantap kak sih,provide_feedback
"Hello, What are the operating hours of Ampera Bridge?",ask_operating_hours
How much to get into Al-Munawar Arab Village?,ask_ticket_price
Maaf mau tanya Kasih pantun dong deh,ask_unrelated
Maaf mau tanya Dadah kak ya,goodbye
Apa itu cryptocurrency? dong kak,ask_unrelated
Eh Seru gak Benteng Kuto Besak? ya,ask_destination_info
Bang Wisata gratis di Palembang ada gak? nih,ask_recommendation
Eh Informatif banget nih,provide_feedback
Arah ke Palembang Trade Center gimana?,ask_location_access
Apakah Pasar 16 Ilir gratis?,ask_ticket_price
Halo Wisata tersembunyi di Palembang? nih,ask_hidden_gems
Kak Oi,greet
Min Penjelasannya bagus kak ya kak,provide_feedback
Ceritakan tentangnya,ask_destination_info
Halo Dadah kak,goodbye
Halo Recommend culinary tourism in Palembang dong kak,ask_category
Bukit Siguntang ada spot foto gak?,ask_facilities
Bang Which tourist spots are near LRT stations? dong kak,ask_lrt_destinations
"Excuse me, Good morning, I have a question?",greet
"Excuse me, What are the operating hours of Ampera Bridge??",ask_operating_hours
Kak Nice info deh,provide_feedback
Permisi Fasilitas apa saja di PIM? dong,ask_facilities
Permisi Seru gak Jakabaring? nih,ask_destination_info
Min Sip lanjut kak dong kak,provide_feedback
Halo Apa BKB bisa dijangkau LRT? dong kak,ask_lrt_destinations
Maaf mau tanya Tempat wisata unik di Palembang? dong kak,ask_hidden_gems
Kak Sip makasih ya,goodbye
How much does it cost?,ask_ticket_price
Mau nanya dong Tempat yang belum terkenal di Palembang? dong kak,ask_hidden_gems
Masjid Cheng Ho hari libur buka gak?,ask_operating_hours
Amanzi tutup jam berapa?,ask_operating_hours
Min alamat Al Quran Al Akbar apa ya?,ask_location_access
Mau nanya dong Mau tau tentang Al Quran Al Akbar deh,ask_destination_info
Maaf mau tanya Apa BKB bisa dijangkau LRT? ya kak,ask_lrt_destinations
Min Tempat wisata alam di Palembang? dong kak,ask_category
Wisata wisata alam di Palembang apa aja?,ask_category
Halo Great info nih,provide_feedback
Tempat yang belum terkenal di Palembang? ya kak,ask_hidden_gems
Pulau Kemaro buka setiap hari?,ask_operating_hours
Ada wifi di Benteng Kuto Besak?,ask_facilities
Tempat wisata unik di Palembang? dong,ask_hidden_gems
Lokasi PIM dimana kak?,ask_location_access
Sip makasih?,goodbye
Halo Min kasih tau hidden gems Palembang dong,ask_hidden_gems
Monpera itu apa?,ask_destination_info
"Eh Mau keliling Palembang naik LRT, kemana aja?",ask_lrt_destinations
Bang Mau ke Kawah Tengkurep lewat mana? ya,ask_location_access
Best universities in Indonesia,ask_unrelated
Palembang Square buka setiap hari?,ask_operating_hours
"Halo Hello, I'm looking for help",greet
Info taman Palembang dong,ask_category
Jembatan Ampera di mana ya?,ask_location_access
Berapa ya tiket Hutan Wisata Punti Kayu?,ask_ticket_price
Halo Kamu bodoh nih,ask_unrelated
Kak Weekend KI buka? nih,ask_operating_hours
Kalo hari Sabtu Palembang Icon buka?,ask_operating_hours
Tempat bersejarah apa aja?,ask_category
Kenapa langit biru?,ask_unrelated
Can I reach tourist places by LRT?,ask_lrt_destinations
Apa BKB bisa dijangkau LRT? ya kak,ask_lrt_destinations
Maaf mau tanya Ada mushola di PIM? deh,ask_facilities
Min Palembang punya wisata religi apa? ya kak,ask_category
Bang I'm bored dong,ask_unrelated
Dari pusat kota ke Al Quran Al Akbar berapa lama?,ask_location_access
Kak Weekend KI buka? dong,ask_operating_hours
Wisata apa aja yang dekat jalur LRT? sih,ask_lrt_destinations
What's Kemaro Island like? deh,ask_destination_info
Permisi Tiket masuk ke Taman Kebon Rojo sekarang berapa ya? dong kak,ask_ticket_price
Maaf mau tanya Tempat yang belum terkenal di Palembang? sih,ask_hidden_gems
Sip lanjut kak dong,provide_feedback
Mau nanya dong Mau ke Kawah Tengkurep lewat mana?,ask_location_access
Halo Seru gak Jakabaring?,ask_destination_info
Best universities in Indonesia? deh,ask_unrelated
What's Benteng Kuto Besak like?,ask_destination_info
Maaf mau tanya Baik kak terima kasih,goodbye
Tolong kasih tau alamat Siguntang,ask_location_access
Min Kamu bodoh sih,ask_unrelated
Permisi Wisata apa yang bisa dijangkau LRT? nih,ask_lrt_destinations
Menarik gak Taman Kebon Rojo?,ask_destination_info
Permisi Informatif banget nih,provide_feedback
Eh Fasilitas apa saja di PIM? sih,ask_facilities
Permisi Min info wisata dekat LRT dong nih,ask_lrt_destinations
Permisi Mau liburan di Palembang kemana ya? sih,ask_recommendation
Eh Kamu bodoh deh,ask_unrelated
Ke Kampung Kapitan bayar berapa ya?,ask_ticket_price
Mau nanya dong Wisata tersembunyi di Palembang?,ask_hidden_gems
Bang Jawabannya memuaskan ya kak,provide_feedback
"Eh Hello, I'm looking for help dong",greet
"Hello, Good morning, I have a question?",greet
Halo Dadah kak nih,goodbye
"Halo Mau keliling Palembang naik LRT, kemana aja? nih",ask_lrt_destinations
Kak Sip makasih,goodbye
What's the address of Jakabaring Sport City?,ask_location_access
Kira-kira harga tiket Jakabaring berapa?,ask_ticket_price
Eh Mantap kak nih,provide_feedback
I'm bored nih,ask_unrelated
Min Kak ada hidden gems gak? dong kak,ask_hidden_gems
Dari jam berapa Kemaro buka?,ask_operating_hours
What's special about Kemaro Island?,ask_destination_info
Kak Oke terima kasih banyak ya dong kak,goodbye
Halo Tempat yang belum terkenal di Palembang? ya kak,ask_hidden_gems
Min Penjelasannya bagus kak nih,provide_feedback
Permisi Info wisata yang terjangkau LRT nih,ask_lrt_destinations
Maaf mau tanya Mau cari museum di Palembang sih,ask_category
Biaya masuknya berapa?,ask_ticket_price
Is Sultan Mahmud Badaruddin II Museum open on weekends?,ask_operating_hours
Min Oi sih,greet
Halo Top tourist attractions in Palembang? nih,ask_recommendation
Eh Mau cari museum di Palembang ya kak,ask_category
Halo Terima kasih banyak dong kak,goodbye
Fasilitas apa saja di PIM? nih,ask_facilities
Eh Bisa naik angkot ke PTC? dong,ask_location_access
"Maaf mau tanya Got it, thanks dong kak",goodbye
Min Halo aplikasi dong kak,greet
Are there restrooms?,ask_facilities
Is Grand Mosque of Palembang open today?,ask_operating_hours
Min Bisa naik angkot ke PTC? dong,ask_location_access
Eh Which tourist spots are near LRT stations? ya kak,ask_lrt_destinations
Does Kampung Kapitan have a mosque?,ask_facilities
Permisi Mau cari museum di Palembang deh,ask_category
Mau nanya dong Halo aplikasi ya,greet
Bang Oke terima kasih banyak ya ya kak,goodbye
Misi,greet
Kak Kak ada hidden gems gak? deh,ask_hidden_gems
Min Wisata apa aja yang dekat jalur LRT? dong,ask_lrt_destinations
1+1 berapa?,ask_unrelated
Terima kasih infonya,goodbye
Maaf mau tanya Min rekomendasi wisata Palembang apa? sih,ask_recommendation
"Kak Hello, I'm looking for help",greet
"Excuse me, Off the beaten path places in Palembang? please",ask_hidden_gems
Halo Oi,greet
Kambang Iwak buka dari jam berapa sampai jam berapa?,ask_operating_hours
Permisi Mau cari wisata alam di Palembang dong,ask_category
"Great, thanks",goodbye
Min Jadwal buka Palembang Icon kapan ya? nih,ask_operating_hours
Baik kak terima kasih dong,goodbye
Ada tempat wisata baru di Palembang?,ask_hidden_gems
PIM ada tempat parkir? sih,ask_facilities
Bang Baik kak terima kasih dong,goodbye
Kak What's 2+2? ya kak,ask_unrelated
Info lengkap Monpera dong,ask_destination_info
Halo Great info dong kak,provide_feedback
Min Mau liburan di Palembang kemana ya? ya,ask_recommendation
Permisi I'm bored ya kak,ask_unrelated
Min Makasih kak dong kak,goodbye
What does it cost to visit Kambang Iwak Park? please,ask_ticket_price
Min Best universities in Indonesia? deh,ask_unrelated
Kak ada hidden gems gak? dong,ask_hidden_gems
Halo Mau cari wisata alam di Palembang,ask_category
Kak Seru gak Jakabaring? ya,ask_destination_info
Kak Good evening deh,greet
ada ide tempat buat nongkrong sore?,ask_recommendation
Permisi I'm bored dong,ask_unrelated
Gratis atau bayar?,ask_ticket_price
Kak Ada mushola di PIM? nih,ask_facilities
"Hi, Where is Benteng Kuto Besak? thanks",ask_location_access
Halo Fasilitas apa saja di PIM? dong kak,ask_facilities
Halo Oke terima kasih banyak ya dong kak,goodbye
Permisi Berapa duit tiketnya? nih,ask_ticket_price
Hai mau konsultasi dong,greet
What's the entry fee for Sultan Mahmud Badaruddin II Museum?,ask_ticket_price
Wisata apa yang bisa dijangkau LRT? deh,ask_lrt_destinations
Rute ke Jakabaring gimana?,ask_location_access
Info wisata yang terjangkau LRT dong,ask_lrt_destinations
What's the ticket price?,ask_ticket_price
Eh What amenities does Sultan Mahmud Badaruddin II Museum offer? ya kak,ask_facilities
Terima kasih banyak ya,goodbye
Maaf mau tanya Tiket masuk ke Taman Kebon Rojo sekarang berapa ya? deh,ask_ticket_price
Hutan Wisata Punti Kayu buka hari apa aja?,ask_operating_hours
Maaf mau tanya Good evening sih,greet
Kasih info Hutan Wisata Punti Kayu ya kak,ask_destination_info
Halo Price to enter Kemaro Island? deh,ask_ticket_price
Parkiran Kawah Tengkurep luas gak?,ask_facilities
Halo Selamat malam sih,greet
Bang What amenities does Sultan Mahmud Badaruddin II Museum offer? dong,ask_facilities
I want to know Off the beaten path places in Palembang?,ask_hidden_gems
Mau nanya dong Dadah kak nih,goodbye
Mau nanya dong Tips belajar bahasa Inggris? deh,ask_unrelated
Bang Mau cari museum di Palembang sih,ask_category
"Hi, Off the beaten path places in Palembang?",ask_hidden_gems
baik kak terima kasih,goodbye
Palembang punya wisata sejarah apa?,ask_category
Location of Sultan Mahmud Badaruddin II Museum?,ask_location_access
Jelaskan dong,ask_destination_info
Mau tanya fasilitas di Hutan Wisata Punti Kayu,ask_facilities
What facilities are there?,ask_facilities
Bayar berapa kalo masuk Al Quran Al Akbar?,ask_ticket_price
Yang termasuk museum apa aja?,ask_category
Where should I go in Palembang??,ask_recommendation
Maaf mau tanya Mau liburan di Palembang kemana ya? dong,ask_recommendation
Please Off the beaten path places in Palembang??,ask_hidden_gems
Kak Weekend KI buka? dong kak,ask_operating_hours
Mau cari museum di Palembang ya kak,ask_category
Bang Lokasi Kambang Iwak dimana kak? dong,ask_location_access
Eh Oi,greet
Maaf mau tanya Tiket masuk Monpera berapa? sih,ask_ticket_price
"Permisi Mau keliling Palembang naik LRT, kemana aja? nih",ask_lrt_destinations
Maaf mau tanya Sip makasih sih,goodbye
What makes Kampung Kapitan unique?,ask_destination_info
Bang Great info sih,provide_feedback
Maaf mau tanya Ada mushola di Monpera? ya kak,ask_facilities
Mau nanya dong Lokasi Kambang Iwak dimana kak? dong,ask_location_access
Min Wisata apa yang bisa dijangkau LRT? dong,ask_lrt_destinations
Eh Tiket masuk ke Taman Kebon Rojo sekarang berapa ya? ya kak,ask_ticket_price
Kak Tiket masuk Monpera berapa? ya kak,ask_ticket_price
Fasilitas apa saja di Masjid Cheng Ho?,ask_facilities
Min Min info wisata dekat LRT dong nih,ask_lrt_destinations
Bang Jadwal buka Palembang Icon kapan ya? ya,ask_operating_hours
Bisa naik angkot ke PTC,ask_location_access
What makes Sultan Mahmud Badaruddin II Museum unique?,ask_destination_info
Best things to do in Palembang?,ask_recommendation
Mau nanya dong Fasilitas apa saja di PIM? dong,ask_facilities
Min Wisata romantis di Palembang? dong,ask_recommendation
LRT bisa ke Monpera gak?,ask_lrt_destinations
Maaf mau tanya Tempat masjid di Palembang? dong kak,ask_category
Mau nanya dong Ada mushola di Monpera? deh,ask_facilities
Alamat PIM dimana?,ask_location_access
Permisi Info wisata yang terjangkau LRT deh,ask_lrt_destinations
Buka setiap hari?,ask_operating_hours
Hey Where is Benteng Kuto Besak? please,ask_location_access
top tourist attractions in palembang?,ask_recommendation
Min Apa BKB bisa dijangkau LRT? ya kak,ask_lrt_destinations
Wisata yang aksesnya lewat LRT apa aja?,ask_lrt_destinations
Fasilitas umum di KI apa aja?,ask_facilities
"Maaf mau tanya Hello, I'm looking for help deh",greet
Cara menuju Ampera gimana?,ask_location_access
Is Punti Kayu Forest free?,ask_ticket_price
Terima kasih banyak nih,goodbye
1 2 3 test,greet
Maaf mau tanya Saranin wisata di Palembang dong sih,ask_recommendation
Eh Tempat yang belum terkenal di Palembang? deh,ask_hidden_gems
Nice info ya,provide_feedback
palembang punya wisata religi apa?,ask_category
Wisata yang bisa pake LRT?,ask_lrt_destinations
Permisi Terima kasih banyak,goodbye
Maaf mau tanya Saranin wisata di Palembang dong ya kak,ask_recommendation
Permisi Kak ada hidden gems gak? dong,ask_hidden_gems
Eh Permisi saya mau jalan-jalan di Palembang ya kak,greet
Permisi Top tourist attractions in Palembang?,ask_recommendation
Masjid Agung Palembang buka sampai malam gak?,ask_operating_hours
Ada fasilitas apa di Jembatan Ampera?,ask_facilities
Kak Ada mushola di PIM? dong,ask_facilities
Halo Tempat wisata unik di Palembang? sih,ask_hidden_gems
"Hi, What does it cost to visit Kambang Iwak Park? please",ask_ticket_price
Eh Jadwal buka Palembang Icon kapan ya? dong,ask_operating_hours
"Mau keliling Palembang naik LRT, kemana aja? deh",ask_lrt_destinations
Bang Great info deh,provide_feedback
Min Mau liburan di Palembang kemana ya? deh,ask_recommendation
Kak fasilitas Ampera apa aja ya?,ask_facilities
Can you tell me Where is Benteng Kuto Besak? please,ask_location_access
Oi sih,greet
Bisa naik angkot ke Taman Kebon Rojo?,ask_location_access
"Hello, Where is Benteng Kuto Besak??",ask_location_access
Halo Seru gak Jakabaring? nih,ask_destination_info
Dari pusat kota ke Punti Kayu berapa lama?,ask_location_access
Is Monpera open on Sunday?,ask_operating_hours
Al Quran Al Akbar buka hari apa aja?,ask_operating_hours
Kak Sip lanjut kak ya kak,provide_feedback
Min Recommend culinary tourism in Palembang ya kak,ask_category
What are the operating hours of Ampera Bridge? thanks,ask_operating_hours
Bang Palembang punya wisata religi apa? nih,ask_category
Harga masuk Kawah Tengkurep berapa ya kak?,ask_ticket_price
Bang Wisata yang gak pasaran di Palembang? ya kak,ask_hidden_gems
Mau nanya dong Tiket masuk Monpera berapa? ya,ask_ticket_price
Jam buka Pasar 16 Ilir kapan?,ask_operating_hours
Mau nanya dong Ada mushola di PIM? sih,ask_facilities
Mau cari wisata sejarah di Palembang,ask_category
Bang Dadah kak sih,goodbye
Min rekomendasi wisata Palembang apa? dong kak,ask_recommendation
Bang Weekend KI buka? dong kak,ask_operating_hours
Which places can I visit using LRT?,ask_lrt_destinations
Mau nanya dong Ada mushola di Monpera?,ask_facilities
Permisi Tempat wisata alam di Palembang? ya kak,ask_category
"Thanks, see you next time",goodbye
Halo Naik apa ke Taman Kambang Iwak Besak? nih,ask_location_access
"Min Got it, thanks nih",goodbye
Mau ke BKB bayar berapa?,ask_ticket_price
Bang Fasilitas apa saja di PIM? ya,ask_facilities
Mau nanya dong Top tourist attractions in Palembang? deh,ask_recommendation
Kak Makasih dong kak,goodbye
Bang Min rekomendasi wisata Palembang apa? dong,ask_recommendation
Bang What's Kemaro Island like?,ask_destination_info
History of Benteng Kuto Besak?,ask_destination_info
Kak Top tourist attractions in Palembang? sih,ask_recommendation
Tempat yang belum terkenal di Palembang? ya,ask_hidden_gems
Halo Great info ya kak,provide_feedback
Min Wisata accessible by LRT? deh,ask_lrt_destinations
Mau nanya dong What's Kemaro Island like?,ask_destination_info
Kak Oi sih,greet
Halo I'm bored,ask_unrelated
siapa yang bikin kamu?,ask_unrelated
Seru gak Benteng Kuto Besak? deh,ask_destination_info
"Mau nanya dong Mau keliling Palembang naik LRT, kemana aja? dong kak",ask_lrt_destinations
Kambang Iwak di mana ya?,ask_location_access
Permisi Wisata apa aja yang dekat jalur LRT? dong kak,ask_lrt_destinations
Min Selamat malam ya,greet
Maaf mau tanya What's 2+2?,ask_unrelated
Mau liburan di Palembang kemana ya?,ask_recommendation
Bang Bisa naik angkot ke PTC? nih,ask_location_access
Eh Wisata tersembunyi di Palembang? ya kak,ask_hidden_gems
Bang Apa BKB bisa dijangkau LRT? dong kak,ask_lrt_destinations
Apakah Jembatan Ampera buka hari Minggu?,ask_operating_hours
Very helpful,provide_feedback
Bang Bisa naik angkot ke PTC? deh,ask_location_access
Bang Info wisata yang terjangkau LRT dong kak,ask_lrt_destinations
Permisi Tiket masuk ke Taman Kebon Rojo sekarang berapa ya? nih,ask_ticket_price
Min Dadah kak ya,goodbye
What's 2+2? dong kak,ask_unrelated
Mau nanya dong Apa BKB bisa dijangkau LRT? dong kak,ask_lrt_destinations
Permisi Makasih kak deh,goodbye
Mau nanya dong Apa BKB bisa dijangkau LRT? nih,ask_lrt_destinations
Permisi Sip makasih sih,goodbye
How much is the admission to Benteng Kuto Besak?,ask_ticket_price
Where can I find religious tourism in Palembang?,ask_category
"Excuse me, Off the beaten path places in Palembang?",ask_hidden_gems
"Thank you, goodbye",goodbye
Undiscovered places in Palembang?,ask_hidden_gems
Can I take public transport to Ampera Bridge?,ask_location_access
Bang Mantap kak nih,provide_feedback
Eh Ada mushola di PIM? dong kak,ask_facilities
Apakah Ampera dekat LRT?,ask_lrt_destinations
Permisi Tempat wisata unik di Palembang? nih,ask_hidden_gems
Kayak apa sih Kambang Iwak?,ask_destination_info
Bang Wisata tersembunyi di Palembang? ya kak,ask_hidden_gems
Bang Seru gak Benteng Kuto Besak? nih,ask_destination_info
Bang Wisata apa aja yang dekat jalur LRT? ya,ask_lrt_destinations
Mau cari masjid di Palembang,ask_category
Min Tiket masuk ke Taman Kebon Rojo sekarang berapa ya?,ask_ticket_price
Permisi Price to enter Kemaro Island? nih,ask_ticket_price
Permisi Tempat masjid di Palembang? deh,ask_category
Halo Mau cari museum di Palembang dong,ask_category
Weekend KI buka? dong kak,ask_operating_hours
Bang Wisata romantis di Palembang?,ask_recommendation
SMB ada kantin gak?,ask_facilities
PIM ada tempat istirahat?,ask_facilities
Bang Top tourist attractions in Palembang?,ask_recommendation
Bang Tiket masuk ke Taman Kebon Rojo sekarang berapa ya? ya kak,ask_ticket_price
Min rekomendasi wisata Palembang apa? dong,ask_recommendation
Information about Punti Kayu Forest,ask_destination_info
Maaf mau tanya Tips belajar bahasa Inggris? sih,ask_unrelated
Halo Mantap kak,provide_feedback
Permisi Wisata romantis di Palembang? sih,ask_recommendation
Eh Min kasih tau hidden gems Palembang deh,ask_hidden_gems
What's the entry fee for Grand Mosque of Palembang?,ask_ticket_price
Kemaro ada kantin gak?,ask_facilities
Mau nanya dong Kasih pantun dong sih,ask_unrelated
Bang Tempat yang belum terkenal di Palembang? sih,ask_hidden_gems
Mau nanya dong Permisi saya mau jalan-jalan di Palembang nih,greet
Maaf mau tanya Min kasih tau hidden gems Palembang dong,ask_hidden_gems
Eh Info wisata yang terjangkau LRT deh,ask_lrt_destinations
Permisi Tiket masuk Monpera berapa? ya kak,ask_ticket_price
Fasilitas apa saja di Kemaro?,ask_facilities
Bang Ada mushola di PIM? ya kak,ask_facilities
Bang Kak ada hidden gems gak? dong kak,ask_hidden_gems
Is Kampung Kapitan worth visiting?,ask_destination_info
Bang What's Kemaro Island like? ya,ask_destination_info
Oke terima kasih banyak ya ya,goodbye
Permisi Min kasih tau hidden gems Palembang dong kak,ask_hidden_gems
Kasih info Al-Munawar ya kak,ask_destination_info
Eh Recommend culinary tourism in Palembang dong,ask_category
Min Tempat wisata unik di Palembang? deh,ask_hidden_gems
Jawaban yang sangat membantu deh,provide_feedback
Permisi Ada mushola di Monpera? dong,ask_facilities
Min Dadah kak dong,goodbye
Maaf mau tanya Kak ada hidden gems gak? ya,ask_hidden_gems
Aku lagi sedih nih,ask_unrelated
Permisi Min kasih tau hidden gems Palembang nih,ask_hidden_gems
Bang Best universities in Indonesia? nih,ask_unrelated
"Hello, Off the beaten path places in Palembang? please",ask_hidden_gems
Permisi Mau ke Kawah Tengkurep lewat mana? dong,ask_location_access
Apa itu cryptocurrency,ask_unrelated
Kampung Kapitan deket stasiun LRT mana?,ask_location_access
"Maaf mau tanya Hello, I'm looking for help ya",greet
Eh Jawaban yang sangat membantu dong kak,provide_feedback
Mau nanya dong Saranin wisata di Palembang dong,ask_recommendation
Review tentang Siguntang,ask_destination_info
Ceritain BKB dong kak,ask_destination_info
Min Apa itu cryptocurrency? sih,ask_unrelated
Min Wisata accessible by LRT? ya kak,ask_lrt_destinations
Kak Ada mushola di PIM?,ask_facilities
"Bang Got it, thanks dong kak",goodbye
Permisi Jadwal buka Palembang Icon kapan ya? sih,ask_operating_hours
Can you tell me What does it cost to visit Kambang Iwak Park? please,ask_ticket_price
Mau nanya dong Kak ada hidden gems gak? ya,ask_hidden_gems
Eh Ada mushola di PIM? deh,ask_facilities
Kak Berapa duit tiketnya? ya,ask_ticket_price
Mau nanya dong PIM ada tempat parkir? ya kak,ask_facilities
Kak Berapa duit tiketnya? nih,ask_ticket_price
Mau nanya dong Jawabannya memuaskan,provide_feedback
Maaf mau tanya Wisata gratis di Palembang ada gak? ya,ask_recommendation
Ceritakan tentang PIM,ask_destination_info
Eh Info wisata yang terjangkau LRT dong,ask_lrt_destinations
Bang Baik kak terima kasih ya,goodbye
Mau nanya dong Naik apa ke Taman Kambang Iwak Besak? dong,ask_location_access
Info fasilitas Kawah Tengkurep dong,ask_facilities
Min Palembang punya wisata religi apa? dong kak,ask_category
Permisi Wisata tersembunyi di Palembang? nih,ask_hidden_gems
I'm bored dong,ask_unrelated
Min Apakah Palembang Trade Center buka hari Minggu? nih,ask_operating_hours
Bang Penjelasannya bagus kak dong,provide_feedback
Permisi Informatif banget deh,provide_feedback
I want to know Off the beaten path places in Palembang? thanks,ask_hidden_gems
Permisi Mau liburan di Palembang kemana ya? nih,ask_recommendation
Permisi Dadah kak sih,goodbye
Siang,greet
Jadwal buka Palembang Icon kapan ya? dong kak,ask_operating_hours
Jawaban yang sangat membantu?,provide_feedback
Mau nanya dong Tiket masuk Monpera berapa? dong kak,ask_ticket_price
Eh Tempat yang belum terkenal di Palembang? sih,ask_hidden_gems
Min Mantap kak dong,provide_feedback
Kak Mau cari museum di Palembang deh,ask_category
Wisata gratis di Palembang ada gak? sih,ask_recommendation
Bang Selamat malam dong,greet
Eh Jadwal buka Palembang Icon kapan ya?,ask_operating_hours
Ticket price for Grand Mosque of Palembang?,ask_ticket_price
Kak Dadah kak sih,goodbye
Terima kasih sangat membantu,goodbye
Kapan Benteng Kuto Besak buka?,ask_operating_hours
Fasilitas umum di PTC apa aja?,ask_facilities
Ceritakan tentang Palembang Icon,ask_destination_info
Mau nanya dong Wisata tersembunyi di Palembang? ya kak,ask_hidden_gems
Kak What amenities does Sultan Mahmud Badaruddin II Museum offer? ya kak,ask_facilities
Permisi Seru gak Jakabaring? sih,ask_destination_info
Menarik gak Kampung Kapitan?,ask_destination_info
Eh Ada mushola di Monpera? dong,ask_facilities
Wisata yang belum mainstream?,ask_hidden_gems
"Hey Good morning, I have a question?",greet
Halo Which tourist spots are near LRT stations? dong kak,ask_lrt_destinations
Dadah kak ya,goodbye
Bang Terima kasih banyak ya,goodbye
"Can you tell me Good morning, I have a question?",greet
Mau nanya dong Naik apa ke Taman Kambang Iwak Besak? deh,ask_location_access
Kak Palembang Square buka dari jam berapa sampai jam berapa? ya kak,ask_operating_hours
Mau nanya dong Which tourist spots are near LRT stations? dong,ask_lrt_destinations
Numpang tanya dong,greet
Halo Wisata romantis di Palembang? ya kak,ask_recommendation
Maaf mau tanya Good evening ya,greet
Eh Sip lanjut kak dong kak,provide_feedback
Eh Dadah kak sih,goodbye
Halo aplikasi ya kak,greet
Halo Oi dong,greet
How much to get into Benteng Kuto Besak?,ask_ticket_price
Mau nanya dong Palembang punya wisata religi apa?,ask_category
Min Mau cari museum di Palembang sih,ask_category
Hey Best things to do in Palembang?,ask_recommendation
Bang Wisata accessible by LRT?,ask_lrt_destinations
Ceritakan tentang dinosaurus,ask_unrelated
Permisi Kasih pantun dong ya,ask_unrelated
Min Apakah Palembang Trade Center buka hari Minggu? sih,ask_operating_hours
apa yang bikin BKB ini spesial?,ask_destination_info
Min Terima kasih banyak dong kak,goodbye
Min Tempat wisata alam di Palembang? deh,ask_category
Min Informatif banget nih,provide_feedback
Kak Info wisata yang terjangkau LRT ya kak,ask_lrt_destinations
Bang Sip lanjut kak ya kak,provide_feedback
Mau nanya dong Jadwal buka Palembang Icon kapan ya?,ask_operating_hours
Jam operasional Amanzi Waterpark? ya kak,ask_operating_hours
Pulau Kemaro terkenal karena apa?,ask_destination_info
Eh Selamat malam deh,greet
Kak Apa itu cryptocurrency? ya kak,ask_unrelated
Mau nanya dong Top tourist attractions in Palembang? dong kak,ask_recommendation
"Kak Got it, thanks ya",goodbye
Permisi Mau cari museum di Palembang ya,ask_category
Mau nanya dong Fasilitas apa saja di PIM? sih,ask_facilities
Halo Great info dong,provide_feedback
Tell me about Sultan Mahmud Badaruddin II Museum,ask_destination_info
Kak Jawabannya memuaskan ya,provide_feedback
Maaf mau tanya Tempat wisata unik di Palembang? ya kak,ask_hidden_gems
Address of Punti Kayu Forest?,ask_location_access
Bang Apa itu cryptocurrency? nih,ask_unrelated
Info harga tiket PTC dong kak,ask_ticket_price
Mau tau sejarah Pulau Kemaro,ask_destination_info
Halo Jadwal buka Palembang Icon kapan ya?,ask_operating_hours
Seru gak Benteng Kuto Besak? nih,ask_destination_info
Min Mau tau tentang Al Quran Al Akbar ya kak,ask_destination_info
Eh What amenities does Sultan Mahmud Badaruddin II Museum offer? dong kak,ask_facilities
P,greet
Min Top tourist attractions in Palembang? sih,ask_recommendation
Permisi Jadwal buka Palembang Icon kapan ya? ya,ask_operating_hours
Eh Best universities in Indonesia? sih,ask_unrelated
What religious tourism are in Palembang?,ask_category
Kak mau tanya,greet
Min Kamu bodoh deh,ask_unrelated
Oke terima kasih banyak ya dong,goodbye
"Hello, Where should I go in Palembang? thanks",ask_recommendation
Is Kambang Iwak Park open on Sunday?,ask_operating_hours
"Good morning, I have a question",greet
Kapan Al Quran Al Akbar buka?,ask_operating_hours
Permisi Great info ya kak,provide_feedback
Halo Wisata apa aja yang dekat jalur LRT? nih,ask_lrt_destinations
Tiket masuk ke Taman Kebon Rojo sekarang berapa ya? sih,ask_ticket_price
Bang Mau tau tentang Al Quran Al Akbar ya kak,ask_destination_info
Maaf mau tanya Tips belajar bahasa Inggris?,ask_unrelated
Does Jakabaring Sport City open every day?,ask_operating_hours
Kasih pantun dong,ask_unrelated
Makasih infonya,goodbye
Permisi Apa BKB bisa dijangkau LRT?,ask_lrt_destinations
Maaf mau tanya Palembang punya wisata religi apa?,ask_category
Kak Selamat malam deh,greet
Siguntang buka jam berapa?,ask_operating_hours
Tolong kasih tau alamat Amanzi Waterpark,ask_location_access
Permisi Wisata romantis di Palembang? dong kak,ask_recommendation
Permisi Top tourist attractions in Palembang? ya,ask_recommendation
Makasih infonya kak,provide_feedback
Halo Seru gak Jakabaring? ya kak,ask_destination_info
Bang Wisata off the beaten path Palembang? nih,ask_hidden_gems
Halo What amenities does Sultan Mahmud Badaruddin II Museum offer? nih,ask_facilities
Masjid Cheng Ho buka jam berapa?,ask_operating_hours
Ada wisata religi di Palembang?,ask_category
Permisi What amenities does Sultan Mahmud Badaruddin II Museum offer? nih,ask_facilities
Bang Min info wisata dekat LRT dong ya,ask_lrt_destinations
Bang Saranin wisata di Palembang dong ya,ask_recommendation
Mau nanya dong Mau ke Kawah Tengkurep lewat mana? deh,ask_location_access
Kampung Arab Al-Munawar mulai buka jam berapa?,ask_operating_hours
Punti Kayu deket stasiun LRT mana?,ask_location_access
Kak Sip lanjut kak dong,provide_feedback
Mau nanya dong Apa itu cryptocurrency? dong,ask_unrelated
Hey What are the operating hours of Ampera Bridge? thanks,ask_operating_hours
Min Saranin wisata di Palembang dong nih,ask_recommendation
Permisi Oke terima kasih banyak ya deh,goodbye
Halo Top tourist attractions in Palembang? deh,ask_recommendation
Permisi Sip makasih nih,goodbye
Fasilitas Kambang Iwak lengkap gak?,ask_facilities
Mau ke tempat bersejarah di Palembang,ask_category
Kasih tau dong tentang Taman Kambang Iwak Besak,ask_destination_info
Permisi Dadah kak dong,goodbye
Min Berapa duit tiketnya? sih,ask_ticket_price
Maaf mau tanya Wisata tersembunyi di Palembang? ya,ask_hidden_gems
Food tourism in Palembang?,ask_category
Min Informatif banget,provide_feedback
Min Wisata tersembunyi di Palembang? ya kak,ask_hidden_gems
Kak Recommend culinary tourism in Palembang dong kak,ask_category
Mau nanya dong Jawabannya memuaskan dong,provide_feedback
Is Kampung Kapitan child-friendly?,ask_facilities
Min Fasilitas apa saja di PIM? ya,ask_facilities
Tiketnya mahal gak?,ask_ticket_price
Maaf mau tanya Wisata romantis di Palembang? ya kak,ask_recommendation
Eh Seru gak Jakabaring? dong,ask_destination_info
Benteng Kuto Besak bayar berapa?,ask_ticket_price
Eh Tempat wisata unik di Palembang? deh,ask_hidden_gems
Destinasi rahasia Palembang?,ask_hidden_gems
Maaf mau tanya Bisa naik angkot ke PTC?,ask_location_access
Mau nanya dong Wisata apa yang bisa dijangkau LRT?,ask_lrt_destinations
Mau nanya dong Info wisata yang terjangkau LRT sih,ask_lrt_destinations
Kak Tips belajar bahasa Inggris? deh,ask_unrelated
Halo Lokasi Kambang Iwak dimana kak?,ask_location_access
Kak Tiket masuk ke Taman Kebon Rojo sekarang berapa ya?,ask_ticket_price
Halo Which tourist spots are near LRT stations? sih,ask_lrt_destinations
Kak Jadwal buka Palembang Icon kapan ya?,ask_operating_hours
Wisata apa yang bisa dijangkau LRT? ya,ask_lrt_destinations
Min Price to enter Kemaro Island? dong,ask_ticket_price
Apakah Palembang Trade Center buka hari Minggu? ya kak,ask_operating_hours
"Permisi Hello, I'm looking for help nih",greet
Mau ke Kampung Kapitan bayar berapa?,ask_ticket_price
Kak Tempat wisata alam di Palembang? sih,ask_category
Cara menghilangkan jerawat?,ask_unrelated
Permisi Apa itu cryptocurrency? nih,ask_unrelated
Eh Terima kasih banyak ya kak,goodbye
Kak PIM ada tempat parkir? dong kak,ask_facilities
Hello there,greet
Min Great info dong,provide_feedback
Eh Saranin wisata di Palembang dong nih,ask_recommendation
Halo Weekend KI buka? ya kak,ask_operating_hours
Eh Tempat masjid di Palembang? ya kak,ask_category
Permisi What's 2+2? ya,ask_unrelated
Eh Terima kasih banyak dong kak,goodbye
Maaf mau tanya Which tourist spots are near LRT stations?,ask_lrt_destinations
Fasilitas umum di Palembang Square apa aja?,ask_facilities
"Halo Mau keliling Palembang naik LRT, kemana aja? sih",ask_lrt_destinations
Eh Jam operasional Amanzi Waterpark?,ask_operating_hours
Halo Min rekomendasi wisata Palembang apa?,ask_recommendation
Min Mau cari museum di Palembang dong kak,ask_category
Kak Bisa naik angkot ke PTC? ya,ask_location_access
Mau nanya dong Mau cari wisata alam di Palembang,ask_category
Mau nanya dong Wisata tersembunyi di Palembang? deh,ask_hidden_gems
Maaf mau tanya Mantap kak,provide_feedback
Halo Min kasih tau hidden gems Palembang deh,ask_hidden_gems
Eh Recommend culinary tourism in Palembang ya kak,ask_category
Halo Mau liburan di Palembang kemana ya? dong kak,ask_recommendation
Wisata sore hari di Palembang?,ask_recommendation
What time does Kampung Kapitan close?,ask_operating_hours
Bang What's 2+2? ya,ask_unrelated
How much is the ticket to Jakabaring Sport City?,ask_ticket_price
Info museum Palembang dong,ask_category
Cerita sejarah Kampung Arab Al-Munawar dong,ask_destination_info
Min What's 2+2? sih,ask_unrelated
Taman Kebon Rojo buka setiap hari?,ask_operating_hours
Min kasih tau hidden gems Palembang deh,ask_hidden_gems
Maaf mau tanya Nice info,provide_feedback
Who invented electricity?,ask_unrelated
Eh Min info wisata dekat LRT dong,ask_lrt_destinations
Sudah cukup terima kasih,goodbye
Maaf mau tanya What's Kemaro Island like? deh,ask_destination_info
Jembatan Ampera mulai buka jam berapa?,ask_operating_hours
Permisi Wisata apa yang bisa dijangkau LRT? ya,ask_lrt_destinations
Kasih info Ampera ya kak,ask_destination_info
Opening hours for Punti Kayu Forest?,ask_operating_hours
Please What are the operating hours of Ampera Bridge?,ask_operating_hours
Palembang punya wisata religi apa?,ask_category
Kak Wisata accessible by LRT? ya,ask_lrt_destinations
Any cultural tourism in Palembang?,ask_category
Bang Jadwal buka Palembang Icon kapan ya? nih,ask_operating_hours
Describe Benteng Kuto Besak,ask_destination_info
Kak Terima kasih banyak ya kak,goodbye
Permisi I'm bored,ask_unrelated
Infonya detail banget,provide_feedback
Kak Wisata tersembunyi di Palembang? dong kak,ask_hidden_gems
Siang min,greet
Maaf mau tanya Bisa naik angkot ke PTC? deh,ask_location_access
Kak Palembang punya wisata religi apa? dong kak,ask_category
Parks in Palembang?,ask_category
"Bang Mau keliling Palembang naik LRT, kemana aja? ya",ask_lrt_destinations
Kak Tips belajar bahasa Inggris? nih,ask_unrelated
Best places to visit by LRT?,ask_lrt_destinations
Halo Tiket masuk Monpera berapa? sih,ask_ticket_price
Permisi Kasih pantun dong,ask_unrelated
Wisata apa yang recommended di Palembang?,ask_recommendation
Mau nanya dong Terima kasih banyak,goodbye
Eh Tiket masuk ke Taman Kebon Rojo sekarang berapa ya? deh,ask_ticket_price
Maaf mau tanya Sip makasih dong,goodbye
Permisi I'm bored deh,ask_unrelated
Eh Weekend KI buka?,ask_operating_hours
Min Jawabannya memuaskan ya,provide_feedback
Universitas terbaik Indonesia?,ask_unrelated
Amanzi Waterpark hari libur buka gak?,ask_operating_hours
Halo Wisata yang gak pasaran di Palembang?,ask_hidden_gems
Info jam buka SMB II dong,ask_operating_hours
Min Penjelasannya bagus kak dong,provide_feedback
Halo Mantap kak sih,provide_feedback
Hey Off the beaten path places in Palembang? thanks,ask_hidden_gems
Sing me a song,ask_unrelated
Kak Baik kak terima kasih,goodbye
Is Ampera Bridge worth visiting?,ask_destination_info
Bang Jadwal buka Palembang Icon kapan ya? deh,ask_operating_hours
"Kak Hello, I'm looking for help ya kak",greet
Maaf mau tanya Info wisata yang terjangkau LRT nih,ask_lrt_destinations
Kak Tempat wisata unik di Palembang? deh,ask_hidden_gems
Mau nanya dong Great info ya,provide_feedback
Please Best things to do in Palembang??,ask_recommendation
Halo Permisi saya mau jalan-jalan di Palembang dong,greet
Kak ada museum gak di Palembang?,ask_category
Bang Apakah Palembang Trade Center buka hari Minggu? ya kak,ask_operating_hours
Eh What's Kemaro Island like? sih,ask_destination_info
Eh Min info wisata dekat LRT dong ya kak,ask_lrt_destinations
Kak Great info dong,provide_feedback
"Hi, How to go to Benteng Kuto Besak? thanks",ask_location_access
Cerita sejarah Kemaro dong,ask_destination_info
Bang Mau cari wisata alam di Palembang ya kak,ask_category
Apakah Kambang Iwak gratis?,ask_ticket_price
Bang Nice info,provide_feedback
Jakabaring aksesnya lewat LRT bisa?,ask_lrt_destinations
Bang Dadah kak deh,goodbye
Maaf mau tanya What's Kemaro Island like? sih,ask_destination_info
Mau cari wisata yang seru di Palembang,ask_recommendation
Min Weekend KI buka? ya,ask_operating_hours
Wisata off the beaten path Palembang? ya kak,ask_hidden_gems
Kak Saranin wisata di Palembang dong ya kak,ask_recommendation
Okay thanks,goodbye
Eh Seru gak Benteng Kuto Besak? dong kak,ask_destination_info
Eh Wisata yang gak pasaran di Palembang? dong kak,ask_hidden_gems
Mau nanya dong Tempat yang belum terkenal di Palembang? deh,ask_hidden_gems
Bang Tips belajar bahasa Inggris? nih,ask_unrelated
Maaf mau tanya Info wisata yang terjangkau LRT dong kak,ask_lrt_destinations
Mau nanya dong Makasih kak dong,goodbye
Fasilitas umum di Bukit Siguntang apa aja?,ask_facilities
Eh Min kasih tau hidden gems Palembang dong kak,ask_hidden_gems
Do I need to pay to enter Sultan Mahmud Badaruddin II Museum?,ask_ticket_price
Kak Informatif banget deh,provide_feedback
Kak Apakah Palembang Trade Center buka hari Minggu? nih,ask_operating_hours
Maaf mau tanya Ada mushola di Monpera? dong kak,ask_facilities
Kak Permisi saya mau jalan-jalan di Palembang nih,greet
Min Wisata yang gak pasaran di Palembang? ya,ask_hidden_gems
Maaf mau tanya Top tourist attractions in Palembang? deh,ask_recommendation
Halo Jawaban yang sangat membantu dong,provide_feedback
Selamat siang,greet
Permisi Berapa duit tiketnya? sih,ask_ticket_price
How much is it?,ask_ticket_price
Maaf mau tanya Oke terima kasih banyak ya nih,goodbye
Malam kak,greet
Directions to Al-Munawar Arab Village?,ask_location_access
Maaf mau tanya Weekend KI buka? sih,ask_operating_hours
Mau nanya dong What amenities does Sultan Mahmud Badaruddin II Museum offer? dong kak,ask_facilities
Directions to Monpera?,ask_location_access
Siguntang ada kantin gak?,ask_facilities
Are there tourist attractions near LRT stations?,ask_lrt_destinations
Bang Min kasih tau hidden gems Palembang ya,ask_hidden_gems
Kak Oke terima kasih banyak ya sih,goodbye
Kak Wisata yang gak pasaran di Palembang?,ask_hidden_gems
What can I see at Kampung Kapitan?,ask_destination_info
Halo Halo aplikasi nih,greet
Eh Price to enter Kemaro Island? deh,ask_ticket_price
Ada wifi di Taman Kambang Iwak Besak?,ask_facilities
Kak Mantap kak dong,provide_feedback
Hey Best things to do in Palembang? please,ask_recommendation
Permisi Halo aplikasi deh,greet
Lokasi Kawah Tengkurep dimana kak?,ask_location_access
Tempat makan di sekitar Palembang Icon ada?,ask_facilities
Halo Bisa naik angkot ke PTC? deh,ask_location_access
Maaf mau tanya What's 2+2? dong,ask_unrelated
Mau nanya dong Mau tau tentang Al Quran Al Akbar ya kak,ask_destination_info
Min info wisata dekat LRT dong dong kak,ask_lrt_destinations
"Eh Hello, I'm looking for help deh",greet
Bang Mantap kak sih,provide_feedback
Tiket masuk Monpera berapa? nih,ask_ticket_price
"Hi, Where should I go in Palembang?",ask_recommendation
Maaf mau tanya Seru gak Jakabaring?,ask_destination_info
Kak Tempat yang belum terkenal di Palembang? sih,ask_hidden_gems
Mau nanya dong Recommend culinary tourism in Palembang ya kak,ask_category
Eh Baik kak terima kasih dong,goodbye
Min Kak ada hidden gems gak? sih,ask_hidden_gems
Halo Mau ke Kawah Tengkurep lewat mana? ya,ask_location_access
"Mau nanya dong Hello, I'm looking for help dong kak",greet
sip makasih,goodbye
LRT Palembang stop di wisata mana?,ask_lrt_destinations
Maaf mau tanya Weekend KI buka? dong kak,ask_operating_hours
Taxi online di Palembang?,ask_unrelated
Halo Fasilitas apa saja di PIM? ya,ask_facilities
Al-Munawar itu apa?,ask_destination_info
Tempat masjid di Palembang? ya kak,ask_category
Palembang Icon lokasinya dimana?,ask_location_access
Bang Oi ya kak,greet
Apakah Jakabaring gratis?,ask_ticket_price
Min kasih tau hidden gems Palembang dong,ask_hidden_gems
Is Al-Munawar Arab Village open in the morning?,ask_operating_hours
Mau nanya dong Lokasi Kambang Iwak dimana kak? ya,ask_location_access
Halo Good evening deh,greet
Maaf mau tanya Apakah Palembang Trade Center buka hari Minggu? sih,ask_operating_hours
Halo Weekend KI buka? dong kak,ask_operating_hours
Maaf mau tanya Sip lanjut kak ya,provide_feedback
Permisi Saranin wisata di Palembang dong dong kak,ask_recommendation
Mau nanya dong Kak ada hidden gems gak? dong kak,ask_hidden_gems
Bang Informatif banget deh,provide_feedback
"Got it, thanks nih",goodbye
Seru gak Jakabaring? deh,ask_destination_info
Ada taman di Palembang?,ask_category
Mau nanya dong Bisa naik angkot ke PTC?,ask_location_access
Min Tiket masuk ke Taman Kebon Rojo sekarang berapa ya? sih,ask_ticket_price
Maaf mau tanya Halo aplikasi nih,greet
Maaf mau tanya Seru gak Benteng Kuto Besak? ya kak,ask_destination_info
"Bang Hello, I'm looking for help ya",greet
Kak Tempat wisata alam di Palembang? nih,ask_category
Kira-kira harga tiket Taman Kebon Rojo berapa?,ask_ticket_price
Permisi Tempat wisata alam di Palembang? deh,ask_category
Tips menurunkan berat badan?,ask_unrelated
Apa BKB bisa dijangkau LRT? ya,ask_lrt_destinations
Halo Jawaban yang sangat membantu,provide_feedback
Permisi Naik apa ke Taman Kambang Iwak Besak? ya kak,ask_location_access
Min Saranin wisata di Palembang dong deh,ask_recommendation
Min Mau cari museum di Palembang nih,ask_category
Permisi Tempat keren tapi belum terkenal di Palembang? ya,ask_hidden_gems
Permisi Mau tau tentang Al Quran Al Akbar deh,ask_destination_info
Permisi Wisata tersembunyi di Palembang? ya,ask_hidden_gems
Palembang Icon bisa ditempuh pakai apa?,ask_location_access
Maaf mau tanya Oke terima kasih banyak ya dong,goodbye
Bang Wisata tersembunyi di Palembang? deh,ask_hidden_gems
What can I see at Punti Kayu Forest?,ask_destination_info
Hidden gems di Palembang apa?,ask_hidden_gems
Kak Wisata yang gak pasaran di Palembang? nih,ask_hidden_gems
Arah ke PIM gimana?,ask_location_access
Baik kak terima kasih,goodbye
Mau nanya dong Weekend KI buka? nih,ask_operating_hours
Permisi Wisata apa aja yang dekat jalur LRT? sih,ask_lrt_destinations
Masjid Agung Palembang gratis gak sih?,ask_ticket_price
Halo What amenities does Sultan Mahmud Badaruddin II Museum offer? sih,ask_facilities
Maaf mau tanya Oke terima kasih banyak ya ya kak,goodbye
Maaf mau tanya Wisata accessible by LRT? ya,ask_lrt_destinations
Mau nanya dong Tempat wisata alam di Palembang? nih,ask_category
Min Selamat malam nih,greet
Kak Wisata romantis di Palembang?,ask_recommendation
"Excuse me, What to see in Palembang? thanks",ask_recommendation
Eh Baik kak terima kasih dong kak,goodbye
Permisi Good evening nih,greet
Eh Lokasi Kambang Iwak dimana kak? deh,ask_location_access
Jadwal kereta api Jakarta?,ask_unrelated
Kak Min rekomendasi wisata Palembang apa?,ask_recommendation
Hello bot,greet
Oi ya,greet
Buka jam berapa?,ask_operating_hours
Kak Ada mushola di Monpera? ya,ask_facilities
Well explained,provide_feedback
Ampera deket stasiun LRT mana?,ask_location_access
Eh Apakah Palembang Trade Center buka hari Minggu? nih,ask_operating_hours
I'm bored,ask_unrelated
Maaf mau tanya Kamu bodoh dong,ask_unrelated
Halo Permisi saya mau jalan-jalan di Palembang ya kak,greet
Gimana Al Quran Al Akbar?,ask_destination_info
Halo Tempat yang belum terkenal di Palembang? dong kak,ask_hidden_gems
Min Mau cari wisata alam di Palembang sih,ask_category
Directions?,ask_location_access
Maaf mau tanya Tempat wisata unik di Palembang? nih,ask_hidden_gems
Kurs dollar hari ini berapa?,ask_unrelated
Apa keunikan Pasar 16 Ilir?,ask_destination_info
Mau liburan di Palembang kemana ya? deh,ask_recommendation
Min Dadah kak deh,goodbye
Kak Seru gak Benteng Kuto Besak? ya,ask_destination_info
OPI Mall ada toilet gak?,ask_facilities
Kak Mau cari museum di Palembang ya kak,ask_category
Jam operasional Amanzi Waterpark,ask_operating_hours
Bang Wisata yang gak pasaran di Palembang? dong,ask_hidden_gems
Halo Tempat yang belum terkenal di Palembang? dong,ask_hidden_gems
Rute ke Palembang Square gimana?,ask_location_access
Permisi Sip makasih deh,goodbye
Bye bye makasih,goodbye
Halo Which tourist spots are near LRT stations? nih,ask_lrt_destinations
Maaf mau tanya Tempat yang belum terkenal di Palembang?,ask_hidden_gems
Apa keunikan Al Quran Al Akbar?,ask_destination_info
Seru gak Jakabaring? ya,ask_destination_info
Min Tiket masuk Monpera berapa? dong kak,ask_ticket_price
"Halo Hello, I'm looking for help dong",greet
What's Kemaro Island like? ya,ask_destination_info
How much does it cost to enter Jakabaring Sport City?,ask_ticket_price
"Mau keliling Palembang naik LRT, kemana aja? ya",ask_lrt_destinations
Kak Apa itu cryptocurrency? dong kak,ask_unrelated
historical sites places in Palembang?,ask_category
Bang Wisata apa yang bisa dijangkau LRT? dong,ask_lrt_destinations
Halo selamat pagi,greet
Kak Kak ada hidden gems gak? nih,ask_hidden_gems
Halo Informatif banget nih,provide_feedback
Eh PIM ada tempat parkir? sih,ask_facilities
Bang Fasilitas apa saja di PIM? ya kak,ask_facilities
Info fasilitas BKB dong,ask_facilities
Cukup sekian,goodbye
Eh Good evening sih,greet
Permisi Jawabannya memuaskan dong kak,provide_feedback
Price to enter Kemaro Island? dong kak,ask_ticket_price
Aplikasinya keren,provide_feedback
Eh Oi dong,greet
Min Informatif banget dong,provide_feedback
Apa Masjid Agung Palembang bayar?,ask_ticket_price
Kak Tiket masuk ke Taman Kebon Rojo sekarang berapa ya? sih,ask_ticket_price
Permisi Price to enter Kemaro Island? sih,ask_ticket_price
Apakah Kampung Arab Al-Munawar buka hari Minggu?,ask_operating_hours
Permisi Tiket masuk Monpera berapa? deh,ask_ticket_price
"Hello, I'm looking for help sih",greet
What amenities does Benteng Kuto Besak offer?,ask_facilities
Weekend Al-Munawar buka?,ask_operating_hours
Halo Best universities in Indonesia?,ask_unrelated
Permisi saya ingin bertanya,greet
Bang Tiket masuk ke Taman Kebon Rojo sekarang berapa ya?,ask_ticket_price
Good evening dong kak,greet
Permisi Tips belajar bahasa Inggris? dong kak,ask_unrelated
Halo Palembang punya wisata religi apa? deh,ask_category
Understood,provide_feedback
Eh Ada mushola di Monpera? ya,ask_facilities
Eh Mau cari museum di Palembang nih,ask_category
Kak Min info wisata dekat LRT dong dong,ask_lrt_destinations
Kak Apa itu cryptocurrency? ya,ask_unrelated
Bagaimana cara belajar coding?,ask_unrelated
Permisi Bisa naik angkot ke PTC? dong,ask_location_access
Halo Ada mushola di PIM? nih,ask_facilities
"Permisi Got it, thanks dong kak",goodbye
What's the entry fee for Benteng Kuto Besak?,ask_ticket_price
Min Great info,provide_feedback
Bang Wisata accessible by LRT? deh,ask_lrt_destinations
Permisi Halo aplikasi ya kak,greet
Permisi Top tourist attractions in Palembang? ya kak,ask_recommendation
Permisi Wisata off the beaten path Palembang? dong kak,ask_hidden_gems
Apa yang menarik dari Al-Munawar?,ask_destination_info
kok jawabannya lambat,ask_unrelated
Wisata yang gak pasaran di Palembang? deh,ask_hidden_gems
Eh Jawaban yang sangat membantu deh,provide_feedback
Ada fasilitas apa di Ampera?,ask_facilities
Min Bisa naik angkot ke PTC? ya kak,ask_location_access
Maaf mau tanya Best universities in Indonesia? deh,ask_unrelated
Rekomendasi hidden gems dong kak,ask_hidden_gems
Halo Jadwal buka Palembang Icon kapan ya? dong,ask_operating_hours
Kak Tempat keren tapi belum terkenal di Palembang? nih,ask_hidden_gems
Halo Wisata off the beaten path Palembang? dong,ask_hidden_gems
Maaf mau tanya Wisata off the beaten path Palembang? ya kak,ask_hidden_gems
Permisi What amenities does Sultan Mahmud Badaruddin II Museum offer? ya kak,ask_facilities
Kak Info wisata yang terjangkau LRT ya,ask_lrt_destinations
Bang Mau ke Kawah Tengkurep lewat mana? ya kak,ask_location_access
Bang Tempat wisata unik di Palembang? dong,ask_hidden_gems
Berapa ya tiket Jakabaring Sport City?,ask_ticket_price
Mau nanya dong Apakah Palembang Trade Center buka hari Minggu?,ask_operating_hours
Masjid Cheng Ho terkenal karena apa?,ask_destination_info
"Bang Hello, I'm looking for help dong kak",greet
makasih kak,goodbye
Dadah kak?,goodbye
Mau nanya dong PIM ada tempat parkir? deh,ask_facilities
"Hi, List of parks in Palembang? thanks",ask_category
Eh What's Kemaro Island like?,ask_destination_info
"Hi, What to see in Palembang? please",ask_recommendation
Alamat Palembang Square dimana?,ask_location_access
"Mau nanya dong Hello, I'm looking for help deh",greet
"Mau keliling Palembang naik LRT, kemana aja? nih",ask_lrt_destinations
Maaf mau tanya Tiket masuk Monpera berapa? dong,ask_ticket_price
Ampera jauh gak dari pusat kota?,ask_location_access
Min Tempat yang belum terkenal di Palembang? ya kak,ask_hidden_gems
Halo Mau liburan di Palembang kemana ya? ya,ask_recommendation
Min PIM ada tempat parkir? ya,ask_facilities
Min Dadah kak nih,goodbye
Permisi Wisata off the beaten path Palembang?,ask_hidden_gems
Halo Seru gak Benteng Kuto Besak? deh,ask_destination_info
Mau nanya dong Min kasih tau hidden gems Palembang sih,ask_hidden_gems
Eh Seru gak Jakabaring? ya,ask_destination_info
Permisi Mau tau tentang Al Quran Al Akbar,ask_destination_info
How much is the admission to Sultan Mahmud Badaruddin II Museum?,ask_ticket_price
Maaf mau tanya Mau cari wisata alam di Palembang dong kak,ask_category
Ke Amanzi bayar berapa ya?,ask_ticket_price
Naik apa ke Masjid Agung Palembang?,ask_location_access
Which tourist spots are near LRT stations? dong kak,ask_lrt_destinations
Mau nanya dong Great info sih,provide_feedback
Kak I'm bored dong,ask_unrelated
Kak Ada mushola di PIM? sih,ask_facilities
Permisi mau tanya harga tiket SMB II,ask_ticket_price
Eh Naik apa ke Taman Kambang Iwak Besak?,ask_location_access
Halo Bisa naik angkot ke PTC?,ask_location_access
Permisi Kasih pantun dong nih,ask_unrelated
Bang Mau ke Kawah Tengkurep lewat mana? dong kak,ask_location_access
Permisi Tempat wisata unik di Palembang? ya kak,ask_hidden_gems
Maaf mau tanya Info wisata yang terjangkau LRT deh,ask_lrt_destinations
Eh What amenities does Sultan Mahmud Badaruddin II Museum offer? ya,ask_facilities
Apa yang menarik dari Kawah Tengkurep?,ask_destination_info
What are the operating hours of Ampera Bridge?,ask_operating_hours
Maaf mau tanya Top tourist attractions in Palembang? ya,ask_recommendation
Mau nanya dong Mau ke Kawah Tengkurep lewat mana? dong kak,ask_location_access
Permisi Jam operasional Amanzi Waterpark? nih,ask_operating_hours
Maaf mau tanya Naik apa ke Taman Kambang Iwak Besak? dong,ask_location_access
Permisi Wisata gratis di Palembang ada gak? ya kak,ask_recommendation
Maaf mau tanya Jawaban yang sangat membantu deh,provide_feedback
Eh Min rekomendasi wisata Palembang apa? dong,ask_recommendation
Maaf mau tanya Mantap kak ya kak,provide_feedback
Mau nanya dong Tempat wisata alam di Palembang?,ask_category
Maaf mau tanya Oke terima kasih banyak ya,goodbye
Eh Mantap kak ya,provide_feedback
Permisi Mantap kak ya,provide_feedback
Oi deh,greet
Palembang Trade Center berbayar atau gratis?,ask_ticket_price
Does Benteng Kuto Besak open every day?,ask_operating_hours
Bisa naik angkot ke PTC? deh,ask_location_access
Address of Jakabaring Sport City?,ask_location_access
Permisi Oi dong kak,greet
Fasilitas PTC lengkap gak?,ask_facilities
Eh Price to enter Kemaro Island? ya kak,ask_ticket_price
Palembang punya wisata kuliner apa?,ask_category
Min Wisata weekend di Palembang? ya kak,ask_recommendation
Rekomendasikan destinasi wisata Palembang,ask_recommendation
Details about Jakabaring Sport City?,ask_destination_info
Kak Tips belajar bahasa Inggris? dong,ask_unrelated
Masjid Agung Palembang bisa ditempuh pakai apa?,ask_location_access
Terima kasih infonya sangat berguna,provide_feedback
Lokasi Museum Balaputra Dewa dimana kak?,ask_location_access
"Hi, What does it cost to visit Kambang Iwak Park? thanks",ask_ticket_price
Min Mau cari wisata alam di Palembang nih,ask_category
Mau nanya dong Tips belajar bahasa Inggris? dong kak,ask_unrelated
Kak Apa BKB bisa dijangkau LRT? dong kak,ask_lrt_destinations
Wisata yang belum viral di Palembang?,ask_hidden_gems
Kak Mau liburan di Palembang kemana ya? dong,ask_recommendation
jawabannya memuaskan,provide_feedback
Min Tempat keren tapi belum terkenal di Palembang? ya kak,ask_hidden_gems
"Mau nanya dong Hello, I'm looking for help sih",greet
Mau nanya dong Wisata yang gak pasaran di Palembang?,ask_hidden_gems
Mau nanya dong Naik apa ke Taman Kambang Iwak Besak? ya,ask_location_access
Siguntang hari libur buka gak?,ask_operating_hours
Halo I'm bored dong kak,ask_unrelated
Jawabannya cepat,provide_feedback
Min Wisata weekend di Palembang?,ask_recommendation
"Got it, thanks dong",goodbye
Very detailed,provide_feedback
"Hi, Best things to do in Palembang?",ask_recommendation
Greetings,greet
Kak Halo aplikasi ya kak,greet
Dimana lokasi BKB?,ask_location_access
Permisi mau tanya harga tiket Taman Kebon Rojo,ask_ticket_price
Bang Mantap kak ya kak,provide_feedback
Is Grand Mosque of Palembang free?,ask_ticket_price
Min Wisata off the beaten path Palembang? sih,ask_hidden_gems
Bang Seru gak Benteng Kuto Besak? sih,ask_destination_info
Maaf mau tanya Wisata yang gak pasaran di Palembang? ya,ask_hidden_gems
Assalamualaikum mau tanya,greet
Kak Apa itu cryptocurrency? sih,ask_unrelated
Permisi Ada mushola di Monpera?,ask_facilities
Kak Apakah Palembang Trade Center buka hari Minggu? dong kak,ask_operating_hours
Permisi Great info deh,provide_feedback
Maaf mau tanya Jawaban yang sangat membantu ya kak,provide_feedback
Kak Mau tau tentang Al Quran Al Akbar dong,ask_destination_info
Halo Oi dong kak,greet
Destinasi kategori alam?,ask_category
Permisi Great info dong,provide_feedback
Ada mushola di Monpera? dong kak,ask_facilities
"Kak Hello, I'm looking for help nih",greet
Halo Sip lanjut kak,provide_feedback
Eh Oke terima kasih banyak ya nih,goodbye
Bang Great info ya kak,provide_feedback
Pulau Kemaro tutup jam berapa?,ask_operating_hours
Min Good evening deh,greet
Mau tanya jam operasional Jembatan Ampera,ask_operating_hours
Jam buka Masjid Cheng Ho kapan?,ask_operating_hours
Min Best universities in Indonesia?,ask_unrelated
Ada mushola di Monpera? deh,ask_facilities
sip lanjut kak,provide_feedback
Kak Jawaban yang sangat membantu nih,provide_feedback
Kak Nice info dong kak,provide_feedback
Jelaskan tentang PTC,ask_destination_info
I'm bored sih,ask_unrelated
Mau nanya dong Top tourist attractions in Palembang?,ask_recommendation
Min Mau cari museum di Palembang dong,ask_category
Halo bang,greet
"Hello, How to go to Benteng Kuto Besak??",ask_location_access
Min Apa BKB bisa dijangkau LRT? nih,ask_lrt_destinations
Mau nanya dong Sip lanjut kak,provide_feedback
Off the beaten path places in Palembang,ask_hidden_gems
Maaf mau tanya Sip makasih deh,goodbye
Min Mantap kak ya kak,provide_feedback
Eh Mau liburan di Palembang kemana ya? nih,ask_recommendation
Please What does it cost to visit Kambang Iwak Park? thanks,ask_ticket_price
Kak Tempat wisata alam di Palembang? ya kak,ask_category
Cara bikin cuko pempek,ask_unrelated
I need assistance,greet
Min Wisata romantis di Palembang? nih,ask_recommendation
Kapan Museum Balaputra Dewa buka?,ask_operating_hours
Bang Halo aplikasi,greet
Min Mau tau tentang Al Quran Al Akbar deh,ask_destination_info
Halo What's 2+2? sih,ask_unrelated
Top tourist attractions in Palembang? sih,ask_recommendation
Wisata yang gak pasaran di Palembang? sih,ask_hidden_gems
Maaf mau tanya Wisata gratis di Palembang ada gak? deh,ask_recommendation
Bang Fasilitas apa saja di PIM? dong kak,ask_facilities
Permisi Tiket masuk Monpera berapa? dong,ask_ticket_price
Eh Kamu bodoh,ask_unrelated
Terima kasih banyak?,goodbye
Maaf mau tanya Seru gak Jakabaring? ya,ask_destination_info
Min Tips belajar bahasa Inggris? ya,ask_unrelated
Mau nanya dong Wisata yang gak pasaran di Palembang? sih,ask_hidden_gems
Kambang Iwak terkenal karena apa?,ask_destination_info
Kak Which tourist spots are near LRT stations? deh,ask_lrt_destinations
"Hi, planning to visit Palembang",greet
Mau nanya dong What's 2+2? ya kak,ask_unrelated
Kak ada wisata religi gak di Palembang?,ask_category
Bang Mantap kak dong kak,provide_feedback
Maaf mau tanya Naik apa ke Taman Kambang Iwak Besak?,ask_location_access
Kamu bodoh sih,ask_unrelated
Permisi Mau liburan di Palembang kemana ya? ya,ask_recommendation
Assalamualaikum,greet
Halo Price to enter Kemaro Island? ya kak,ask_ticket_price
Halo What amenities does Sultan Mahmud Badaruddin II Museum offer? ya kak,ask_facilities
Bang tiket Ampera berapa?,ask_ticket_price
Info fasilitas Amanzi Waterpark dong,ask_facilities
"Permisi Got it, thanks sih",goodbye
Ada mushola di PIM? nih,ask_facilities
Min Sip makasih,goodbye
"Please Good morning, I have a question thanks",greet
Halo PIM ada tempat parkir?,ask_facilities
Which tourist spots are near LRT stations? sih,ask_lrt_destinations
Kode pos Palembang berapa?,ask_unrelated
Mau nanya dong Halo aplikasi,greet
What are the operating hours of Ampera Bridge? please,ask_operating_hours
Mau nanya dong Sip makasih ya kak,goodbye
Eh Makasih kak,goodbye
Bang Info wisata yang terjangkau LRT,ask_lrt_destinations
Kak Mau liburan di Palembang kemana ya? ya kak,ask_recommendation
Misi nanya dong,greet
Palembang punya wisata religi apa? nih,ask_category
Min What's Kemaro Island like? ya,ask_destination_info
Halo Makasih kak dong,goodbye
Halo Seru gak Jakabaring? ya,ask_destination_info
What's 2+2? ya kak,ask_unrelated
Fasilitas apa saja di PIM? dong kak,ask_facilities
Off the beaten path places in Palembang? thanks,ask_hidden_gems
Permisi Oi,greet
What to see in Palembang,ask_recommendation
Kak Mantap kak ya kak,provide_feedback
Halo What's Kemaro Island like? dong kak,ask_destination_info
Kak Mau cari wisata alam di Palembang deh,ask_category
What's Jakabaring Sport City like?,ask_destination_info
Cara main saham?,ask_unrelated
Eh Wisata apa yang bisa dijangkau LRT? nih,ask_lrt_destinations
Lokasi Amanzi Waterpark dimana kak?,ask_location_access
Eh Mau ke Kawah Tengkurep lewat mana? deh,ask_location_access
Kak Tiket masuk ke Taman Kebon Rojo sekarang berapa ya? deh,ask_ticket_price
Kak Wisata off the beaten path Palembang? dong kak,ask_hidden_gems
Kak Kamu bodoh dong,ask_unrelated
Kak Ada mushola di Monpera? dong,ask_facilities
Halo Kasih pantun dong dong,ask_unrelated
Kak PIM ada tempat parkir? sih,ask_facilities
Berapa harga tiket masuk Kampung Kapitan?,ask_ticket_price
Maaf mau tanya Mau tau tentang Al Quran Al Akbar ya kak,ask_destination_info
Min Mau liburan di Palembang kemana ya? nih,ask_recommendation
Hey Where is Benteng Kuto Besak??,ask_location_access
Halo kak mau nanya dong,greet
Eh Ada mushola di PIM? dong,ask_facilities
Jam operasional Amanzi Waterpark? deh,ask_operating_hours
Permisi Apakah Palembang Trade Center buka hari Minggu? nih,ask_operating_hours
Nice info dong kak,provide_feedback
Halo Naik apa ke Taman Kambang Iwak Besak? ya kak,ask_location_access
Min Mantap kak deh,provide_feedback
"Bang Got it, thanks",goodbye
Fasilitasnya gimana?,ask_facilities
Enaknya kemana ya di Palembang?,ask_recommendation
Mau nanya dong Nice info dong,provide_feedback
Mau nanya dong Sip makasih dong kak,goodbye
Gimana PIM?,ask_destination_info
Permisi Oke terima kasih banyak ya sih,goodbye
Apa Pasar 16 Ilir bayar?,ask_ticket_price
Eh Makasih kak ya kak,goodbye
Halo Apa itu cryptocurrency? ya,ask_unrelated
Min Palembang Square buka dari jam berapa sampai jam berapa? ya kak,ask_operating_hours
Tolong kasih tau alamat Ampera,ask_location_access
Eh Tempat wisata unik di Palembang? dong,ask_hidden_gems
Kak I'm bored,ask_unrelated
PIM ada tempat parkir? ya,ask_facilities
jawaban yang sangat membantu,provide_feedback
Resep nasi goreng dong,ask_unrelated
Kak Permisi saya mau jalan-jalan di Palembang,greet
Permisi Tips belajar bahasa Inggris? ya kak,ask_unrelated
Mau nanya dong Apakah Palembang Trade Center buka hari Minggu? deh,ask_operating_hours
Info lokasi Hutan Wisata Punti Kayu dong,ask_location_access
Halo aplikasi dong kak,greet
Kamu bodoh dong,ask_unrelated
Min Mau ke Kawah Tengkurep lewat mana? nih,ask_location_access
Bang Great info dong,provide_feedback
Kak Palembang punya wisata religi apa? dong,ask_category
Selamat malam ya kak,greet
Bang Top tourist attractions in Palembang? ya kak,ask_recommendation
lokasi kambang iwak dimana kak?,ask_location_access
Halo Tips belajar bahasa Inggris? sih,ask_unrelated
Maaf mau tanya Jam operasional Amanzi Waterpark? dong,ask_operating_hours
Bang Tiket masuk Monpera berapa? ya,ask_ticket_price
Bang Recommend culinary tourism in Palembang,ask_category
"Permisi Mau keliling Palembang naik LRT, kemana aja? deh",ask_lrt_destinations
Assalamualaikum bye,goodbye
Maaf mau tanya Informatif banget sih,provide_feedback
"Hi, List of parks in Palembang??",ask_category
Kak Wisata accessible by LRT? dong kak,ask_lrt_destinations
Halo Best universities in Indonesia? deh,ask_unrelated
Bang Kasih pantun dong ya kak,ask_unrelated
Berapa duit masuk KI?,ask_ticket_price
What's 2+2?,ask_unrelated
"Halo Got it, thanks ya",goodbye
Berapa harga tiket masuk Amanzi?,ask_ticket_price
Bang I'm bored deh,ask_unrelated
Please What are the operating hours of Ampera Bridge??,ask_operating_hours
Kak Halo aplikasi ya,greet
Amanzi Waterpark gratis gak sih?,ask_ticket_price
Eh Kak ada hidden gems gak? sih,ask_hidden_gems
Kak Wisata gratis di Palembang ada gak?,ask_recommendation
Can I take LRT to visit tourist places?,ask_lrt_destinations
Palembang punya wisata religi apa? sih,ask_category
Wisata yang paling sering dikunjungi?,ask_recommendation
Tempat yang underrated di Palembang?,ask_hidden_gems
Maaf mau tanya What's 2+2? dong kak,ask_unrelated
Eh Palembang punya wisata religi apa? nih,ask_category
Min Mau ke Kawah Tengkurep lewat mana? dong kak,ask_location_access
Recommend culinary tourism in Palembang nih,ask_category
"Maaf mau tanya Mau keliling Palembang naik LRT, kemana aja? dong",ask_lrt_destinations
Min harga masuk Amanzi Waterpark berapa?,ask_ticket_price
Mau nanya dong I'm bored,ask_unrelated
Kak ada hidden gems gak,ask_hidden_gems
Can you tell me Best things to do in Palembang? thanks,ask_recommendation
Halo Wisata apa yang bisa dijangkau LRT? nih,ask_lrt_destinations
Min Ada mushola di PIM? nih,ask_facilities
Kak Kasih pantun dong sih,ask_unrelated
Wisata off the beaten path Palembang? ya,ask_hidden_gems
Tempat masjid di Palembang? dong kak,ask_category
Seru gak Al Quran Al Akbar?,ask_destination_info
Kak Jadwal buka Palembang Icon kapan ya? nih,ask_operating_hours
Permisi Sip lanjut kak sih,provide_feedback
SMB ada toilet gak?,ask_facilities
Top tourist attractions in Palembang?,ask_recommendation
Rekomendasi wisata budaya Palembang,ask_category
Bayar berapa kalo masuk Kampung Kapitan?,ask_ticket_price
Min Informatif banget ya kak,provide_feedback
Hari ini Masjid Agung Palembang buka gak ya?,ask_operating_hours
Baik kak terima kasih nih,goodbye
Bang Tempat yang belum terkenal di Palembang? ya kak,ask_hidden_gems
Apakah Al-Munawar buka hari Minggu?,ask_operating_hours
"Hello, List of parks in Palembang? thanks",ask_category
Update harga tiket Pasar 16 Ilir dong,ask_ticket_price
Kak Sip lanjut kak dong kak,provide_feedback
"mau keliling palembang naik lrt, kemana aja?",ask_lrt_destinations
Maaf mau tanya Lokasi Kambang Iwak dimana kak? ya kak,ask_location_access
What time does Ampera Bridge close?,ask_operating_hours
Bang Tempat masjid di Palembang?,ask_category
Eh Seru gak Jakabaring? nih,ask_destination_info
Permisi Dadah kak,goodbye
What amenities does Kampung Kapitan offer?,ask_facilities
Min Tempat wisata alam di Palembang?,ask_category
Halo Wisata gratis di Palembang ada gak? nih,ask_recommendation
Kak I'm bored sih,ask_unrelated
Mau nanya dong Great info dong,provide_feedback
Mau nanya dong Mau cari museum di Palembang ya,ask_category
Tiket masuk ke Taman Kebon Rojo sekarang berapa ya? dong,ask_ticket_price
Mau nanya dong Ada mushola di PIM? dong,ask_facilities
Permisi Makasih kak nih,goodbye
Halo Info wisata yang terjangkau LRT ya,ask_lrt_destinations
Info lokasi Jakabaring dong,ask_location_access
saranin wisata di palembang dong,ask_recommendation
Maaf mau tanya Jam operasional Amanzi Waterpark? sih,ask_operating_hours
Min Wisata tersembunyi di Palembang? sih,ask_hidden_gems
I want to know Best things to do in Palembang?,ask_recommendation
Halo Tempat wisata alam di Palembang? dong kak,ask_category
Min Wisata apa aja yang dekat jalur LRT? ya,ask_lrt_destinations
"Eh Hello, I'm looking for help sih",greet
Eh Mau cari museum di Palembang sih,ask_category
Tempat makan di sekitar Jakabaring ada?,ask_facilities
Kak PIM ada tempat parkir? dong,ask_facilities
Permisi Top tourist attractions in Palembang? sih,ask_recommendation
Kak What's Kemaro Island like? sih,ask_destination_info
Fasilitas umum di Kampung Kapitan apa aja?,ask_facilities
Mau nanya dong Mau cari wisata alam di Palembang ya,ask_category
Permisi Baik kak terima kasih deh,goodbye
Kak Wisata apa aja yang dekat jalur LRT?,ask_lrt_destinations
Halo Best universities in Indonesia? dong kak,ask_unrelated
Makasih kak dong,goodbye
Wisata yang bernuansa Islami?,ask_category
Eh Sip lanjut kak,provide_feedback
Bang Top tourist attractions in Palembang? dong,ask_recommendation
Maaf mau tanya Wisata gratis di Palembang ada gak? sih,ask_recommendation
Maaf mau tanya Kamu bodoh nih,ask_unrelated
Can you tell me Off the beaten path places in Palembang? please,ask_hidden_gems
Maaf mau tanya Saranin wisata di Palembang dong,ask_recommendation
Ada fasilitas apa di Kampung Kapitan?,ask_facilities
Min Min rekomendasi wisata Palembang apa? ya kak,ask_recommendation
Permisi I'm bored ya,ask_unrelated
Eh Wisata tersembunyi di Palembang? ya,ask_hidden_gems
Bang Makasih kak nih,goodbye
Mau nanya dong Apa itu cryptocurrency? dong kak,ask_unrelated
Eh Sip lanjut kak nih,provide_feedback
Apakah Pasar 16 Ilir buka 24 jam?,ask_operating_hours
Permisi Apa itu cryptocurrency? dong,ask_unrelated
Kak Apakah Palembang Trade Center buka hari Minggu? ya kak,ask_operating_hours
Kak dimana ya Hutan Wisata Punti Kayu?,ask_location_access
Wisata off the beaten path Palembang? dong kak,ask_hidden_gems
Bang Lokasi Kambang Iwak dimana kak? sih,ask_location_access
Mau nanya dong Tempat wisata unik di Palembang? deh,ask_hidden_gems
Kampung Kapitan lokasinya dimana?,ask_location_access
Halo Apakah Palembang Trade Center buka hari Minggu? dong kak,ask_operating_hours
Min Seru gak Benteng Kuto Besak? ya,ask_destination_info
Ada wifi di Masjid Cheng Ho?,ask_facilities
Permisi Wisata romantis di Palembang? ya kak,ask_recommendation
Halo Wisata off the beaten path Palembang? ya,ask_hidden_gems
Is Monpera child-friendly?,ask_facilities
Eh Mau liburan di Palembang kemana ya?,ask_recommendation
"Maaf mau tanya Mau keliling Palembang naik LRT, kemana aja?",ask_lrt_destinations
Halo Price to enter Kemaro Island? ya,ask_ticket_price
Halo Nice info,provide_feedback
Maaf mau tanya Kak ada hidden gems gak? dong kak,ask_hidden_gems
Min harga masuk PIM berapa?,ask_ticket_price
"Hi, Off the beaten path places in Palembang??",ask_hidden_gems
Hey How to go to Benteng Kuto Besak??,ask_location_access
Baik kak terima kasih ya kak,goodbye
Halo Ada mushola di Monpera?,ask_facilities
Kak Min rekomendasi wisata Palembang apa? ya kak,ask_recommendation
Maaf mau tanya Selamat malam nih,greet
Wisata apa yang bisa dijangkau LRT? dong,ask_lrt_destinations
Maaf mau tanya Info wisata yang terjangkau LRT dong,ask_lrt_destinations
Eh Tempat masjid di Palembang?,ask_category
Kak Wisata apa aja yang dekat jalur LRT? deh,ask_lrt_destinations
Udah itu aja kak makasih,goodbye
Ada wifi di KI?,ask_facilities
Mau nanya dong Halo aplikasi sih,greet
Jam bukanya kapan?,ask_operating_hours
I want to know Where is Benteng Kuto Besak??,ask_location_access
Eh Tiket masuk Monpera berapa? nih,ask_ticket_price
Kak Dadah kak dong kak,goodbye
Kak Informatif banget nih,provide_feedback
Seru gak Kampung Kapitan?,ask_destination_info
Maaf mau tanya Tempat wisata alam di Palembang? dong,ask_category
Eh Dadah kak ya kak,goodbye
Seru gak Benteng Kuto Besak?,ask_destination_info
Maaf mau tanya Tiket masuk ke Taman Kebon Rojo sekarang berapa ya? ya,ask_ticket_price
"Mau nanya dong Got it, thanks ya kak",goodbye
Ceritakan tentang Kawah Tengkurep,ask_destination_info
Mau nanya dong Bisa naik angkot ke PTC? sih,ask_location_access
"Eh Mau keliling Palembang naik LRT, kemana aja? deh",ask_lrt_destinations
Maaf mau tanya Kasih pantun dong ya,ask_unrelated
Jadwal buka Palembang Icon kapan ya? ya kak,ask_operating_hours
Maaf mau tanya Jawaban yang sangat membantu,provide_feedback
Mau nanya dong Jam operasional Amanzi Waterpark? dong kak,ask_operating_hours
LRT berhenti dekat wisata mana?,ask_lrt_destinations
Permisi What's Kemaro Island like? nih,ask_destination_info
Permisi Top tourist attractions in Palembang? deh,ask_recommendation
Mau tau tentang Monpera,ask_destination_info
How to reach Kampung Kapitan?,ask_location_access
Wisata romantis di Palembang?,ask_recommendation
Halo Sip lanjut kak ya,provide_feedback
Eh Tiket masuk Monpera berapa? dong kak,ask_ticket_price
Eh I'm bored ya,ask_unrelated
Mau nanya dong Tempat wisata unik di Palembang? nih,ask_hidden_gems
Min Wisata accessible by LRT? dong kak,ask_lrt_destinations
Wonderful,provide_feedback
Eh Palembang punya wisata religi apa? ya kak,ask_category
Apa keunikan PTC?,ask_destination_info
Bang Apa itu cryptocurrency? deh,ask_unrelated
Permisi Apa BKB bisa dijangkau LRT? ya kak,ask_lrt_destinations
Mau nanya dong Min info wisata dekat LRT dong deh,ask_lrt_destinations
Permisi Terima kasih banyak dong kak,goodbye
Kak Fasilitas apa saja di PIM? sih,ask_facilities
Eh Mau cari wisata alam di Palembang sih,ask_category
Kak Tempat wisata unik di Palembang?,ask_hidden_gems
Jakabaring berbayar atau gratis?,ask_ticket_price
di dalem situ ada apa aja sih?,ask_destination_info
Kasih tau dong tentang PIM,ask_destination_info
Min Permisi saya mau jalan-jalan di Palembang ya kak,greet
Min Tips belajar bahasa Inggris? nih,ask_unrelated
Halo Selamat malam nih,greet
Halo Apa BKB bisa dijangkau LRT? nih,ask_lrt_destinations
Halo Wisata apa yang bisa dijangkau LRT? dong kak,ask_lrt_destinations
Maaf mau tanya Mau cari wisata alam di Palembang sih,ask_category
Permisi What's Kemaro Island like?,ask_destination_info
Maaf mau tanya What amenities does Sultan Mahmud Badaruddin II Museum offer? dong kak,ask_facilities
Mau nanya dong Apa BKB bisa dijangkau LRT?,ask_lrt_destinations
Min Sip makasih nih,goodbye
Recipe for chocolate cake?,ask_unrelated
What are the operating hours of Kambang Iwak Park?,ask_operating_hours
Eh Palembang punya wisata religi apa? dong,ask_category
Maaf mau tanya Apakah Palembang Trade Center buka hari Minggu? ya,ask_operating_hours
Min Apa itu cryptocurrency? ya,ask_unrelated
Kak ada masjid gak di Palembang?,ask_category
Permisi Tempat yang belum terkenal di Palembang?,ask_hidden_gems
Maaf mau tanya Best universities in Indonesia? sih,ask_unrelated
Maaf mau tanya Min kasih tau hidden gems Palembang ya kak,ask_hidden_gems
Permisi Wisata yang gak pasaran di Palembang? ya,ask_hidden_gems
Selamat malam ya,greet
Wisata wisata budaya di Palembang apa aja?,ask_category
Halo Jawabannya memuaskan deh,provide_feedback
Baik kak terima kasih dong kak,goodbye
Mau nanya dong Jam operasional Amanzi Waterpark? sih,ask_operating_hours
What makes Ampera Bridge unique?,ask_destination_info
Min kasih tau hidden gems Palembang ya kak,ask_hidden_gems
Halo Informatif banget,provide_feedback
Eh Info wisata yang terjangkau LRT sih,ask_lrt_destinations
Eh Great info dong,provide_feedback
Jam operasional Amanzi Waterpark? sih,ask_operating_hours
Maaf mau tanya Fasilitas apa saja di PIM? dong kak,ask_facilities
Kasih info Jakabaring ya kak,ask_destination_info
Eh Apa BKB bisa dijangkau LRT? ya kak,ask_lrt_destinations
Min Min kasih tau hidden gems Palembang deh,ask_hidden_gems
Kak Dadah kak deh,goodbye
Jadwal buka Palembang Icon kapan ya? deh,ask_operating_hours
Maaf mau tanya Mau cari museum di Palembang dong,ask_category
Maaf mau tanya Tiket masuk ke Taman Kebon Rojo sekarang berapa ya? dong kak,ask_ticket_price
Mau nanya dong Tempat wisata alam di Palembang? sih,ask_category
Kak Wisata apa aja yang dekat jalur LRT? nih,ask_lrt_destinations
Mau nanya dong Min info wisata dekat LRT dong ya,ask_lrt_destinations
Bang Price to enter Kemaro Island? ya,ask_ticket_price
Min Halo aplikasi nih,greet
Hey Where is Benteng Kuto Besak? thanks,ask_location_access
Halo Terima kasih banyak sih,goodbye
Halo Apakah Palembang Trade Center buka hari Minggu? ya,ask_operating_hours
Min Top tourist attractions in Palembang? dong kak,ask_recommendation
Bang Baik kak terima kasih,goodbye
Dadah kak nih,goodbye
Eh Sip makasih ya,goodbye
Min Sip makasih ya kak,goodbye
Kak Seru gak Jakabaring?,ask_destination_info
Min info wisata dekat LRT dong nih,ask_lrt_destinations
Min Palembang punya wisata religi apa?,ask_category
Info masjid Palembang dong,ask_category
Halo Min kasih tau hidden gems Palembang nih,ask_hidden_gems
Maaf mau tanya Wisata apa yang bisa dijangkau LRT? sih,ask_lrt_destinations
Suggest tourist spots in Palembang,ask_recommendation
Maaf mau tanya What's 2+2? deh,ask_unrelated
Maaf mau tanya What's Kemaro Island like? nih,ask_destination_info
Permisi Wisata apa aja yang dekat jalur LRT? deh,ask_lrt_destinations
Kak Tempat wisata alam di Palembang? dong kak,ask_category
Permisi Mau tanya fasilitas di Punti Kayu ya,ask_facilities
Halo Mantap kak nih,provide_feedback
Permisi Price to enter Kemaro Island? dong kak,ask_ticket_price
Apa keunikan Pulau Kemaro?,ask_destination_info
Maaf mau tanya Jawabannya memuaskan sih,provide_feedback
Maaf mau tanya Sip makasih nih,goodbye
Permisi Apa BKB bisa dijangkau LRT? deh,ask_lrt_destinations
Min Mau tanya fasilitas di Punti Kayu deh,ask_facilities
Permisi Oke terima kasih banyak ya dong kak,goodbye
Kak ada hidden gems gak? deh,ask_hidden_gems
Helo,greet
Weekend Masjid Cheng Ho buka?,ask_operating_hours
Kak What amenities does Sultan Mahmud Badaruddin II Museum offer? deh,ask_facilities
Kak Wisata apa yang bisa dijangkau LRT? ya kak,ask_lrt_destinations
Maaf mau tanya Nice info dong,provide_feedback
Permisi Wisata apa aja yang dekat jalur LRT? ya,ask_lrt_destinations
Kak What's 2+2? sih,ask_unrelated
Min Apa itu cryptocurrency? ya kak,ask_unrelated
"Kak Got it, thanks ya kak",goodbye
"Hello, I'm looking for help dong",greet
Halo Seru gak Benteng Kuto Besak? nih,ask_destination_info
Wisata Palembang yang aesthetic tapi sepi?,ask_hidden_gems
Fasilitas SMB II lengkap gak?,ask_facilities
Bisa naik angkot ke Masjid Cheng Ho?,ask_location_access
Halo Terima kasih banyak,goodbye
Permisi Seru gak Benteng Kuto Besak? deh,ask_destination_info
Permisi Jadwal buka Palembang Icon kapan ya? deh,ask_operating_hours
Can you tell me What does it cost to visit Kambang Iwak Park? thanks,ask_ticket_price
Permisi Info wisata yang terjangkau LRT sih,ask_lrt_destinations
Permisi Mau liburan di Palembang kemana ya? dong,ask_recommendation
Mau nanya dong Wisata romantis di Palembang? deh,ask_recommendation
Maaf mau tanya Fasilitas apa saja di PIM? ya,ask_facilities
Halo Mau cari wisata alam di Palembang dong,ask_category
Can you tell me Where is Benteng Kuto Besak??,ask_location_access
Hlo,greet
Weekday Kambang Iwak buka jam berapa?,ask_operating_hours
Haai,greet
Mau cari museum di Palembang?,ask_category
Eh Fasilitas apa saja di PIM? ya,ask_facilities
aku lagi ngomong sama komputer ya?,ask_unrelated
How do I get to Punti Kayu Forest?,ask_location_access
Eh Tiket masuk ke Taman Kebon Rojo sekarang berapa ya? ya,ask_ticket_price
Bang Wisata accessible by LRT? ya,ask_lrt_destinations
Does Sultan Mahmud Badaruddin II Museum have parking?,ask_facilities
Kak Wisata yang gak pasaran di Palembang? dong kak,ask_hidden_gems
Kak Halo aplikasi sih,greet
PIM ada tempat parkir? dong kak,ask_facilities
Hai kak masih aktif?,greet
Mau nanya dong PIM ada tempat parkir?,ask_facilities
Tolong kasih tau alamat Palembang Trade Center,ask_location_access
Mau nanya dong Mau cari museum di Palembang dong,ask_category
List of nature tourism in Palembang?,ask_category
Why is Kampung Kapitan famous?,ask_destination_info
Kak Wisata accessible by LRT?,ask_lrt_destinations
Kak What amenities does Sultan Mahmud Badaruddin II Museum offer?,ask_facilities
Mau nanya dong Mantap kak,provide_feedback
When does Grand Mosque of Palembang close?,ask_operating_hours
Kak Mau liburan di Palembang kemana ya? dong kak,ask_recommendation
Eh Apa itu cryptocurrency? sih,ask_unrelated
Maaf mau tanya Recommend culinary tourism in Palembang dong,ask_category
Is admission to Ampera Bridge free?,ask_ticket_price
Mau nanya dong What's 2+2?,ask_unrelated
Please Where is Benteng Kuto Besak? thanks,ask_location_access
Maaf mau tanya Kak ada hidden gems gak? sih,ask_hidden_gems
Ada rekomendasi wisata gak?,ask_recommendation
where should i go in palembang?,ask_recommendation
Min harga masuk Kampung Kapitan berapa?,ask_ticket_price
Eh Mau liburan di Palembang kemana ya? dong kak,ask_recommendation
Mau ke Kawah Tengkurep lewat mana,ask_location_access
Halo Wisata yang gak pasaran di Palembang? nih,ask_hidden_gems
Eh Top tourist attractions in Palembang? dong,ask_recommendation
Maaf mau tanya Mantap kak sih,provide_feedback
Wisata Bali yang bagus?,ask_unrelated
OPI Mall deket stasiun LRT mana?,ask_location_access
Halo Min info wisata dekat LRT dong,ask_lrt_destinations
Kak Mau cari museum di Palembang sih,ask_category
Halo Wisata yang gak pasaran di Palembang? sih,ask_hidden_gems
Ada gak wisata yang masih asri di Palembang?,ask_hidden_gems
Halo Tiket masuk Monpera berapa?,ask_ticket_price
Min What amenities does Sultan Mahmud Badaruddin II Museum offer? deh,ask_facilities
Bang Mau tau tentang Al Quran Al Akbar,ask_destination_info
Maaf mau tanya Good evening dong kak,greet
"Min Hello, I'm looking for help",greet
Maaf mau tanya Sip makasih ya kak,goodbye
Nice info deh,provide_feedback
PTC ada kantin gak?,ask_facilities
Bang Informatif banget dong,provide_feedback
Permisi Best universities in Indonesia? ya,ask_unrelated
Apa Jakabaring bayar?,ask_ticket_price
Permisi Lokasi Kambang Iwak dimana kak? ya kak,ask_location_access
Kasih pantun dong deh,ask_unrelated
Bye kak,goodbye
I want to know Best things to do in Palembang??,ask_recommendation
Min Wisata accessible by LRT? ya,ask_lrt_destinations
Can you tell me Off the beaten path places in Palembang? thanks,ask_hidden_gems
Maaf mau tanya Terima kasih banyak,goodbye
Mau nanya dong Mau ke Kawah Tengkurep lewat mana? sih,ask_location_access
Makasih udah bantu,goodbye
Kak Tips belajar bahasa Inggris?,ask_unrelated
Rute ke Jembatan Ampera gimana?,ask_location_access
Mau nanya dong Selamat malam ya,greet
Kak PIM ada tempat parkir? ya,ask_facilities
Maaf mau tanya Tempat masjid di Palembang? ya,ask_category
Maaf mau tanya Ada mushola di PIM? sih,ask_facilities
Where can I find parks in Palembang?,ask_category
Bang Nice info sih,provide_feedback
Mau ke Taman Kebon Rojo lewat mana?,ask_location_access
Good evening dong,greet
Halo Sip lanjut kak dong kak,provide_feedback
How to go to Monpera?,ask_location_access
Kak Selamat malam dong kak,greet
Lokasi Fantasy Island dimana kak?,ask_location_access
Min Price to enter Kemaro Island? deh,ask_ticket_price
weekend ki buka?,ask_operating_hours
Kak Seru gak Benteng Kuto Besak? dong,ask_destination_info
Mau nanya dong Seru gak Benteng Kuto Besak?,ask_destination_info
Bang Price to enter Kemaro Island?,ask_ticket_price
What to see in Palembang?,ask_recommendation
Mantap kak ya kak,provide_feedback
Tempat wisata yang gak rame?,ask_hidden_gems
Kak Dadah kak dong,goodbye
Min Fasilitas apa saja di PIM?,ask_facilities
Bang Min kasih tau hidden gems Palembang nih,ask_hidden_gems
Halo Jawabannya memuaskan sih,provide_feedback
Kak What amenities does Sultan Mahmud Badaruddin II Museum offer? nih,ask_facilities
Tempat wisata bertema budaya Melayu?,ask_category
Halo Mau liburan di Palembang kemana ya? sih,ask_recommendation
Maaf mau tanya Wisata romantis di Palembang? nih,ask_recommendation
Kak Best universities in Indonesia? sih,ask_unrelated
Maaf mau tanya Wisata romantis di Palembang?,ask_recommendation
Mau nanya dong Mau cari wisata alam di Palembang dong kak,ask_category
Permisi What's 2+2? dong,ask_unrelated
Eh Sip makasih deh,goodbye
Mau nanya dong Wisata apa aja yang dekat jalur LRT? nih,ask_lrt_destinations
Min Palembang punya wisata religi apa? deh,ask_category
Eh Great info ya,provide_feedback
"Hi, Good morning, I have a question?",greet
Hay,greet
Halo Fasilitas apa saja di PIM? deh,ask_facilities
"got it, thanks",goodbye
Mau cari museum di Palembang sih,ask_category
Bang Jadwal buka Palembang Icon kapan ya? ya kak,ask_operating_hours
Permisi Tiket masuk Monpera berapa?,ask_ticket_price
Sejarahnya gimana?,ask_destination_info
Min Seru gak Benteng Kuto Besak? dong,ask_destination_info
Monpera ada spot foto gak?,ask_facilities
What's Kemaro Island like,ask_destination_info
Kak Saranin wisata di Palembang dong,ask_recommendation
Bang Great info,provide_feedback
Min Tempat wisata alam di Palembang? dong,ask_category
Berapa harga tiket masuk Jakabaring Sport City?,ask_ticket_price
Parkiran Ampera luas gak?,ask_facilities
Permisi saya mau jalan-jalan di Palembang dong,greet
Ada parkiran?,ask_facilities
Dimana lokasi Kemaro?,ask_location_access
Mau nanya dong Mau liburan di Palembang kemana ya? deh,ask_recommendation
Bang Mau cari wisata alam di Palembang ya,ask_category
Kak Tiket masuk Monpera berapa?,ask_ticket_price
Min Berapa duit tiketnya? deh,ask_ticket_price
Min Tempat yang belum terkenal di Palembang? deh,ask_hidden_gems
Maaf mau tanya Dadah kak ya kak,goodbye
Where should I go in Palembang? thanks,ask_recommendation
Permisi Top tourist attractions in Palembang? dong kak,ask_recommendation
Maaf mau tanya Naik apa ke Taman Kambang Iwak Besak? deh,ask_location_access
Min Terima kasih banyak deh,goodbye
Maaf mau tanya Bisa naik angkot ke PTC? sih,ask_location_access
Mau liburan di Palembang kemana ya? ya,ask_recommendation
Bang Kasih pantun dong deh,ask_unrelated
Kak Apa BKB bisa dijangkau LRT? dong,ask_lrt_destinations
Halo Naik apa ke Taman Kambang Iwak Besak?,ask_location_access
SMB buka hari apa aja?,ask_operating_hours
Halo Tempat masjid di Palembang? nih,ask_category
Oke terima kasih banyak ya sih,goodbye
Permisi Lokasi Kambang Iwak dimana kak? deh,ask_location_access
Halo Baik kak terima kasih dong kak,goodbye
Maaf mau tanya Apa BKB bisa dijangkau LRT? sih,ask_lrt_destinations
Opening hours for Grand Mosque of Palembang?,ask_operating_hours
Berguna banget,provide_feedback
Mau tau sejarah PIM,ask_destination_info
"Excuse me, What are the operating hours of Ampera Bridge? thanks",ask_operating_hours
Ada wifi di Jakabaring?,ask_facilities
Eh Mau cari wisata alam di Palembang nih,ask_category
Apa yang menarik dari Pasar 16 Ilir?,ask_destination_info
Cara menuju Amanzi gimana?,ask_location_access
Halo Apa BKB bisa dijangkau LRT? deh,ask_lrt_destinations
Selamat malam sih,greet
Mau nanya dong Mau cari museum di Palembang deh,ask_category
Min What's 2+2? dong kak,ask_unrelated
Bang Oi nih,greet
Eh Apakah Palembang Trade Center buka hari Minggu? ya,ask_operating_hours
Info lengkap Museum Balaputra Dewa dong,ask_destination_info
Kak Kamu bodoh nih,ask_unrelated
Halo Selamat malam dong,greet
Mau cari wisata budaya di Palembang,ask_category
Is it open today?,ask_operating_hours
Kak Oke terima kasih banyak ya ya kak,goodbye
Maaf mau tanya Permisi saya mau jalan-jalan di Palembang ya,greet
Maaf mau tanya Wisata apa yang bisa dijangkau LRT? ya,ask_lrt_destinations
Tourist recommendations for Palembang?,ask_recommendation
Min Baik kak terima kasih nih,goodbye
Mau nanya dong Mau ke Kawah Tengkurep lewat mana? ya,ask_location_access
Sip lanjut kak sih,provide_feedback
Mau nanya dong I'm bored deh,ask_unrelated
Eh Oke terima kasih banyak ya ya kak,goodbye
Mau nanya dong Dadah kak deh,goodbye
Fasilitas apa saja di PIM? ya,ask_facilities
LRT friendly tourist destinations?,ask_lrt_destinations
Is Jakabaring Sport City open today?,ask_operating_hours
Can you tell me What are the operating hours of Ampera Bridge??,ask_operating_hours
Biaya tiket Amanzi Waterpark berapa kak?,ask_ticket_price
Siguntang jauh gak dari pusat kota?,ask_location_access
Makasih kak ya,goodbye
Permisi Nice info ya kak,provide_feedback
Kayak apa sih Amanzi Waterpark?,ask_destination_info
Bang Berapa duit tiketnya? deh,ask_ticket_price
Halo Oke terima kasih banyak ya ya kak,goodbye
"Maaf mau tanya Mau keliling Palembang naik LRT, kemana aja? ya kak",ask_lrt_destinations
Halo Ada mushola di Monpera? dong kak,ask_facilities
Kamu bodoh deh,ask_unrelated
Wisata Palembang yang belum banyak orang kunjungi?,ask_hidden_gems
"Eh Mau keliling Palembang naik LRT, kemana aja? nih",ask_lrt_destinations
Bang Mau cari wisata alam di Palembang,ask_category
Permisi Top tourist attractions in Palembang? nih,ask_recommendation
"Halo Hello, I'm looking for help ya",greet
Eh Kak ada hidden gems gak? ya,ask_hidden_gems
Eh What's Kemaro Island like? ya,ask_destination_info
Jawabannya memuaskan sih,provide_feedback
Maaf mau tanya Terima kasih banyak deh,goodbye
Mau nanya dong Info wisata yang terjangkau LRT dong,ask_lrt_destinations
Halo Apa BKB bisa dijangkau LRT? dong,ask_lrt_destinations
"Permisi Got it, thanks ya kak",goodbye
Mau nanya dong Weekend KI buka? ya kak,ask_operating_hours
Bang Recommend culinary tourism in Palembang deh,ask_category
Mau nanya dong PIM ada tempat parkir? dong kak,ask_facilities
Hi chatbot,greet
Please Best things to do in Palembang? thanks,ask_recommendation
Details about Benteng Kuto Besak?,ask_destination_info
Kak Halo aplikasi,greet
Halo Kasih pantun dong ya,ask_unrelated
Permisi Tempat wisata unik di Palembang? ya,ask_hidden_gems
Jam operasional Amanzi Waterpark? dong kak,ask_operating_hours
Mau nanya dong Wisata yang gak pasaran di Palembang? dong kak,ask_hidden_gems
Halo Mantap kak deh,provide_feedback
Mau ke Fantasy Island lewat mana?,ask_location_access
Gimana Monpera?,ask_destination_info
Permisi Price to enter Kemaro Island? dong,ask_ticket_price
Kak Terima kasih banyak sih,goodbye
What's the entrance fee at Benteng Kuto Besak?,ask_ticket_price
Halo Weekend KI buka? dong,ask_operating_hours
Maaf mau tanya Apa BKB bisa dijangkau LRT? nih,ask_lrt_destinations
Info harga tiket Taman Kebon Rojo dong kak,ask_ticket_price
Amazing response,provide_feedback
Eh Wisata tersembunyi di Palembang? dong,ask_hidden_gems
"That's enough, thank you",goodbye
Min Berapa duit tiketnya? nih,ask_ticket_price
Mau nanya dong Wisata tersembunyi di Palembang? dong,ask_hidden_gems
Ke Monpera bayar berapa ya?,ask_ticket_price
Tempat makan di sekitar Kampung Kapitan ada?,ask_facilities
Jawabannya memuaskan deh,provide_feedback
Halo Terima kasih banyak ya,goodbye
Kak Kak ada hidden gems gak? ya,ask_hidden_gems
Min Mau cari museum di Palembang,ask_category
Halo Apa itu cryptocurrency? sih,ask_unrelated
Eh Tempat masjid di Palembang? ya,ask_category
Fasilitas apa saja di BKB?,ask_facilities
Min Lokasi Kambang Iwak dimana kak? deh,ask_location_access
What makes Grand Mosque of Palembang unique?,ask_destination_info
Min Mau cari museum di Palembang ya,ask_category
Min alamat Palembang Trade Center apa ya?,ask_location_access
Selamat malam nih,greet
What does it cost to visit Sultan Mahmud Badaruddin II Museum?,ask_ticket_price
Kak Mau tau tentang Al Quran Al Akbar dong kak,ask_destination_info
Min Terima kasih banyak ya kak,goodbye
Halo Price to enter Kemaro Island? sih,ask_ticket_price
Eh Wisata romantis di Palembang? nih,ask_recommendation
Kak Fasilitas apa saja di PIM? dong kak,ask_facilities
Min Makasih kak ya kak,goodbye
Maaf mau tanya Baik kak terima kasih ya,goodbye
Bagaimana cara memasak telur?,ask_unrelated
Oke terima kasih jawabannya,provide_feedback
What can I see at Monpera?,ask_destination_info
Tell me about Grand Mosque of Palembang,ask_destination_info
Min Palembang Square buka dari jam berapa sampai jam berapa?,ask_operating_hours
"Hi, Where should I go in Palembang? thanks",ask_recommendation
Dari mana ke Siguntang?,ask_location_access
Terima kasih banyak,goodbye
Is Kemaro Island child-friendly?,ask_facilities
Eh Kasih pantun dong,ask_unrelated
SMB II gratis gak sih?,ask_ticket_price
Permisi Kak ada hidden gems gak? ya,ask_hidden_gems
Kak ada wisata alam gak di Palembang?,ask_category
Min Seru gak Jakabaring?,ask_destination_info
Eh Mau ke Kawah Tengkurep lewat mana? ya,ask_location_access
Yang termasuk taman apa aja?,ask_category
What amenities does Sultan Mahmud Badaruddin II Museum offer? deh,ask_facilities
Kampung Kapitan jauh gak dari pusat kota?,ask_location_access
Min Tips belajar bahasa Inggris?,ask_unrelated
Info lebih lanjut dong,ask_destination_info
Min Tempat masjid di Palembang? dong,ask_category
Maaf mau tanya Terima kasih banyak dong kak,goodbye
Baiklah terima kasih banyak,goodbye
Terima kasih banyak ya kak,goodbye
List of parks in Palembang? please,ask_category
"Excuse me, What to see in Palembang? please",ask_recommendation
Halo Saranin wisata di Palembang dong ya kak,ask_recommendation
Amanzi bagus gak?,ask_destination_info
Mau nanya dong Oke terima kasih banyak ya deh,goodbye
Tiket masuk ke Taman Kebon Rojo sekarang berapa ya? ya kak,ask_ticket_price
Permisi Tempat keren tapi belum terkenal di Palembang?,ask_hidden_gems
Eh Permisi saya mau jalan-jalan di Palembang sih,greet
Sup,greet
Permisi Wisata accessible by LRT? ya kak,ask_lrt_destinations
Thank you for the information,goodbye
"Hi, How to go to Benteng Kuto Besak??",ask_location_access
Saranin wisata di Palembang dong,ask_recommendation
Mau nanya dong Mau ke Kawah Tengkurep lewat mana? dong,ask_location_access
Bang Apa itu cryptocurrency? sih,ask_unrelated
Permisi Mau tau tentang Al Quran Al Akbar nih,ask_destination_info
Mau nanya dong Wisata yang gak pasaran di Palembang? ya,ask_hidden_gems
Min Info wisata yang terjangkau LRT dong,ask_lrt_destinations
Can you tell me Where is Benteng Kuto Besak? thanks,ask_location_access
Info harga tiket Al Quran Al Akbar dong kak,ask_ticket_price
Mau ke Kawah Tengkurep lewat mana?,ask_location_access
Min What's Kemaro Island like?,ask_destination_info
Halo Mau tau tentang Al Quran Al Akbar deh,ask_destination_info
Maaf mau tanya Tips belajar bahasa Inggris? ya,ask_unrelated
Halo Tiket masuk Monpera berapa? deh,ask_ticket_price
Kalo hari Sabtu Kampung Kapitan buka?,ask_operating_hours
Halo Sip lanjut kak dong,provide_feedback
Bang Wisata apa aja yang dekat jalur LRT? nih,ask_lrt_destinations
Maaf mau tanya Min kasih tau hidden gems Palembang deh,ask_hidden_gems
Selamat malam dong kak,greet
Mau nanya dong Great info dong kak,provide_feedback
SMB II deket stasiun LRT mana?,ask_location_access
Kak Naik apa ke Taman Kambang Iwak Besak? dong kak,ask_location_access
Kak Oke terima kasih banyak ya dong,goodbye
What's cryptocurrency?,ask_unrelated
Min kasih tau hidden gems Palembang sih,ask_hidden_gems
Benteng Kuto Besak buka jam berapa?,ask_operating_hours
Masjid Cheng Ho lokasinya dimana?,ask_location_access
Kak Jawaban yang sangat membantu ya,provide_feedback
Mau nanya dong Jawaban yang sangat membantu dong,provide_feedback
Harga masuk Museum Sultan Mahmud Badaruddin II berapa ya kak?,ask_ticket_price
Where is Sultan Mahmud Badaruddin II Museum located?,ask_location_access
Update harga tiket Punti Kayu dong,ask_ticket_price
Mau nanya dong Wisata off the beaten path Palembang? ya,ask_hidden_gems
Palembang punya wisata budaya apa?,ask_category
Maaf mau tanya Kasih pantun dong dong kak,ask_unrelated
Eh Selamat malam sih,greet
Maaf mau tanya Tips belajar bahasa Inggris? dong kak,ask_unrelated
Halo What's Kemaro Island like? ya kak,ask_destination_info
Bang Dadah kak ya kak,goodbye
Eh Wisata off the beaten path Palembang? dong,ask_hidden_gems
Wisata sungai Palembang?,ask_category
Kak Penjelasannya bagus kak sih,provide_feedback
Kak Tempat masjid di Palembang? sih,ask_category
Permisi Tempat yang belum terkenal di Palembang? deh,ask_hidden_gems
"Permisi Got it, thanks nih",goodbye
Kak Min kasih tau hidden gems Palembang nih,ask_hidden_gems
Info wisata yang terjangkau LRT nih,ask_lrt_destinations
Kak Seru gak Benteng Kuto Besak? ya kak,ask_destination_info
Ada wisata budaya di Palembang?,ask_category
Mau nanya dong Min kasih tau hidden gems Palembang deh,ask_hidden_gems
Tiket Palembang Square berapa sih?,ask_ticket_price
KI buka jam berapa?,ask_operating_hours
Halo Jadwal buka Palembang Icon kapan ya? sih,ask_operating_hours
Permisi Seru gak Jakabaring? ya kak,ask_destination_info
Naik apa ke Museum Balaputra Dewa?,ask_location_access
Maaf mau tanya Selamat malam sih,greet
Kak Ada mushola di Monpera? dong kak,ask_facilities
informatif banget,provide_feedback
Kasih pantun dong sih,ask_unrelated
Jam buka Taman Kambang Iwak Besak kapan?,ask_operating_hours
Taman Kebon Rojo lokasinya dimana?,ask_location_access
Permisi Kamu bodoh deh,ask_unrelated
Permisi Which tourist spots are near LRT stations? sih,ask_lrt_destinations
Halo Mau tau tentang Al Quran Al Akbar nih,ask_destination_info
Kak Wisata apa yang bisa dijangkau LRT? ya,ask_lrt_destinations
Arah ke Al Quran Al Akbar gimana?,ask_location_access
Halo Wisata accessible by LRT?,ask_lrt_destinations
Apa itu machine learning?,ask_unrelated
Bang Best universities in Indonesia? dong,ask_unrelated
Min Selamat malam deh,greet
Bang PIM ada tempat parkir? sih,ask_facilities
Info fasilitas Kambang Iwak dong,ask_facilities
Halo Kasih pantun dong deh,ask_unrelated
Info harga tiket PIM dong kak,ask_ticket_price
Where is Monpera located?,ask_location_access
"Excuse me, What does it cost to visit Kambang Iwak Park??",ask_ticket_price
Mau nanya dong Tips belajar bahasa Inggris? ya kak,ask_unrelated
Maaf mau tanya Best universities in Indonesia? nih,ask_unrelated
Maaf mau tanya Price to enter Kemaro Island?,ask_ticket_price
Kak Price to enter Kemaro Island? ya,ask_ticket_price
Eh Best universities in Indonesia? dong kak,ask_unrelated
Bang Naik apa ke Taman Kambang Iwak Besak?,ask_location_access
Eh Price to enter Kemaro Island? dong kak,ask_ticket_price
Rating 5 untuk botnya,provide_feedback
Hey What are the operating hours of Ampera Bridge? please,ask_operating_hours
Min Seru gak Benteng Kuto Besak? ya kak,ask_destination_info
Halo Ada mushola di PIM? sih,ask_facilities
"Got it, thanks ya kak",goodbye
What cultural tourism are in Palembang?,ask_category
Jam buka Museum Sultan Mahmud Badaruddin II kapan?,ask_operating_hours
Arah ke Punti Kayu gimana?,ask_location_access
Min Makasih kak ya,goodbye
Permisi What's 2+2? sih,ask_unrelated
Kasih info PTC ya kak,ask_destination_info
Eh Wisata apa yang bisa dijangkau LRT? dong kak,ask_lrt_destinations
Min Jam operasional Amanzi Waterpark? ya kak,ask_operating_hours
"Excuse me, List of parks in Palembang? please",ask_category
Kasih info Monpera ya kak,ask_destination_info
Ada mushola di Monpera? sih,ask_facilities
Mau nanya dong Bisa naik angkot ke PTC? dong kak,ask_location_access
Halo Info wisata yang terjangkau LRT deh,ask_lrt_destinations
Kak Mau tanya fasilitas di Punti Kayu nih,ask_facilities
Min Tempat keren tapi belum terkenal di Palembang? sih,ask_hidden_gems
Permisi Price to enter Kemaro Island?,ask_ticket_price
Mau cari taman di Palembang,ask_category
Dari jam berapa Taman Kebon Rojo buka?,ask_operating_hours
Bang Selamat malam sih,greet
Mau ke PIM lewat mana?,ask_location_access
Ke Pasar 16 Ilir bayar berapa ya?,ask_ticket_price
Maaf mau tanya Weekend KI buka? ya,ask_operating_hours
Permisi Ada mushola di PIM? nih,ask_facilities
Permisi Jam operasional Amanzi Waterpark?,ask_operating_hours
Museum Balaputra Dewa buka dari jam berapa sampai jam berapa?,ask_operating_hours
Halo Sip lanjut kak nih,provide_feedback
Min Great info ya kak,provide_feedback
Info lokasi Bukit Siguntang dong,ask_location_access
Permisi Mau ke Kawah Tengkurep lewat mana? sih,ask_location_access
Mau nanya dong Weekend KI buka? dong,ask_operating_hours
Min Top tourist attractions in Palembang? ya,ask_recommendation
Eh Kasih pantun dong dong,ask_unrelated
Halo Nice info ya,provide_feedback
Great bot,provide_feedback
Eh Makasih kak dong,goodbye
Bang Weekend KI buka?,ask_operating_hours
PIM ramah anak gak?,ask_facilities
Tell me a story,ask_unrelated
Eh Baik kak terima kasih ya,goodbye
Sampai jumpa,goodbye
Kak Bisa naik angkot ke PTC? deh,ask_location_access
Maaf mau tanya Mau cari wisata alam di Palembang ya kak,ask_category
Min Terima kasih banyak sih,goodbye
PIM ada tempat parkir,ask_facilities
Bang Mau ke Kawah Tengkurep lewat mana? nih,ask_location_access
How much does it cost to enter Kemaro Island?,ask_ticket_price
Permisi Good evening,greet
I want to know Best things to do in Palembang? thanks,ask_recommendation
Weekday Bukit Siguntang buka jam berapa?,ask_operating_hours
Wisata apa yang bisa dijangkau LRT? sih,ask_lrt_destinations
Thanks for the info,goodbye
Bang Tempat wisata unik di Palembang? nih,ask_hidden_gems
Is Ampera Bridge free?,ask_ticket_price
Bang Naik apa ke Taman Kambang Iwak Besak? ya,ask_location_access
Sore min,greet
Mantul kak,provide_feedback
Min Ada mushola di Monpera? nih,ask_facilities
Eh Tiket masuk Monpera berapa? deh,ask_ticket_price
Kak Kamu bodoh,ask_unrelated
Maaf mau tanya Apakah Palembang Trade Center buka hari Minggu? nih,ask_operating_hours
Kak Selamat malam sih,greet
Bang Min info wisata dekat LRT dong ya kak,ask_lrt_destinations
Min harga masuk SMB II berapa?,ask_ticket_price
Kak Weekend KI buka? sih,ask_operating_hours
Oke terima kasih banyak ya?,goodbye
Min What amenities does Sultan Mahmud Badaruddin II Museum offer? ya kak,ask_facilities
"Kak Mau keliling Palembang naik LRT, kemana aja? sih",ask_lrt_destinations
Bang Dadah kak dong,goodbye
"Hello, I'm looking for help ya kak",greet
Kak Info wisata yang terjangkau LRT dong,ask_lrt_destinations
Responnya cepat ya,provide_feedback
Mau nanya dong Great info,provide_feedback
Posisi Kambang Iwak dimana ya?,ask_location_access
Great info,provide_feedback
Mau tau sejarah Monpera,ask_destination_info
Destinasi wisata LRT Palembang?,ask_lrt_destinations
Permisi Tempat yang belum terkenal di Palembang? ya kak,ask_hidden_gems
Bang Terima kasih banyak sih,goodbye
"Mau nanya dong Mau keliling Palembang naik LRT, kemana aja? deh",ask_lrt_destinations
Kak Seru gak Jakabaring? ya kak,ask_destination_info
Kak Price to enter Kemaro Island?,ask_ticket_price
Berapa duit tiketnya?,ask_ticket_price
Dimana lokasi Al Quran Al Akbar?,ask_location_access
Eh What's 2+2? dong kak,ask_unrelated
Fasilitas Punti Kayu lengkap gak?,ask_facilities
Benteng Kuto Besak tutup jam berapa?,ask_operating_hours
Permisi Mau cari museum di Palembang sih,ask_category
Ada mushola?,ask_facilities
Kak Kamu bodoh ya,ask_unrelated
Kak Sip makasih deh,goodbye
Mau nanya dong Jadwal buka Palembang Icon kapan ya? ya kak,ask_operating_hours
How much is the ticket to Kampung Kapitan?,ask_ticket_price
Permisi Fasilitas apa saja di PIM? ya,ask_facilities
Do I need to pay to enter Kampung Kapitan?,ask_ticket_price
Mau ke Kawah Tengkurep lewat mana? nih,ask_location_access
Halo Info wisata yang terjangkau LRT nih,ask_lrt_destinations
Maaf mau tanya Wisata apa aja yang dekat jalur LRT? ya,ask_lrt_destinations
Permisi Wisata gratis di Palembang ada gak? nih,ask_recommendation
Kak Min kasih tau hidden gems Palembang dong,ask_hidden_gems
Mau nanya dong Wisata off the beaten path Palembang?,ask_hidden_gems
"Got it, thanks sih",goodbye
OK bye,goodbye
Kak Permisi saya mau jalan-jalan di Palembang dong kak,greet
"Hi, Best things to do in Palembang? thanks",ask_recommendation
Mau nanya dong Permisi saya mau jalan-jalan di Palembang ya kak,greet
Eh Wisata apa yang bisa dijangkau LRT? sih,ask_lrt_destinations
Info harga tiket Hutan Wisata Punti Kayu dong kak,ask_ticket_price
Maaf mau tanya Price to enter Kemaro Island? nih,ask_ticket_price
Naik apa ke Taman Kambang Iwak Besak,ask_location_access
Bang Saranin wisata di Palembang dong sih,ask_recommendation
Min What's Kemaro Island like? nih,ask_destination_info
Halo Min info wisata dekat LRT dong ya,ask_lrt_destinations
Bang Informatif banget sih,provide_feedback
Bang Wisata apa yang bisa dijangkau LRT? nih,ask_lrt_destinations
Can you tell me List of parks in Palembang? please,ask_category
Min Sip lanjut kak deh,provide_feedback
Wisata tersembunyi di Palembang? ya kak,ask_hidden_gems
Halo Tempat masjid di Palembang? ya,ask_category
Mau nanya dong Tips belajar bahasa Inggris? sih,ask_unrelated
Kasih pantun dong?,ask_unrelated
Bang Sip makasih dong,goodbye
Mau nanya dong Min kasih tau hidden gems Palembang nih,ask_hidden_gems
Min Ada mushola di PIM? dong,ask_facilities
Min Selamat malam dong,greet
Bang Tempat masjid di Palembang? nih,ask_category
Permisi Tips belajar bahasa Inggris? nih,ask_unrelated
"Hello, Where should I go in Palembang? please",ask_recommendation
Min Mau ke Kawah Tengkurep lewat mana? deh,ask_location_access
Taman Kambang Iwak Besak buka hari apa aja?,ask_operating_hours
Kak Info wisata yang terjangkau LRT nih,ask_lrt_destinations
Mau cari wisata alam di Palembang ya kak,ask_category
Berapa ya tiketnya?,ask_ticket_price
Describe Ampera Bridge,ask_destination_info
Min Wisata tersembunyi di Palembang? nih,ask_hidden_gems
Rekomendasi wisata religi Palembang,ask_category
Eh Min rekomendasi wisata Palembang apa? nih,ask_recommendation
Kak Price to enter Kemaro Island? ya kak,ask_ticket_price
Stasiun LRT dekat tempat wisata?,ask_lrt_destinations
Mau nanya dong Jam operasional Amanzi Waterpark? ya,ask_operating_hours
Kak dimana ya Jakabaring Sport City?,ask_location_access
Hai chatbot,greet
Berapa harga iPhone terbaru?,ask_unrelated
Halo Min kasih tau hidden gems Palembang,ask_hidden_gems
Maaf mau tanya Top tourist attractions in Palembang? sih,ask_recommendation
Kak Tempat keren tapi belum terkenal di Palembang? dong,ask_hidden_gems
Can you tell me What to see in Palembang??,ask_recommendation
Maaf mau tanya Wisata off the beaten path Palembang?,ask_hidden_gems
Halo Kak ada hidden gems gak?,ask_hidden_gems
What are the operating hours of Ampera Bridge,ask_operating_hours
Gimana Palembang Square?,ask_destination_info
Min What's Kemaro Island like? sih,ask_destination_info
Kapan sih Hutan Wisata Punti Kayu buka?,ask_operating_hours
Min Good evening ya,greet
Maaf mau tanya Mau ke Kawah Tengkurep lewat mana? dong kak,ask_location_access
Permisi Apakah Palembang Trade Center buka hari Minggu? ya kak,ask_operating_hours
Min Weekend KI buka?,ask_operating_hours
Halo Permisi saya mau jalan-jalan di Palembang dong kak,greet
Permisi Tips belajar bahasa Inggris? ya,ask_unrelated
Kak Apa BKB bisa dijangkau LRT? ya,ask_lrt_destinations
Mau nanya dong Wisata apa yang bisa dijangkau LRT? nih,ask_lrt_destinations
Mau nanya dong Nice info dong kak,provide_feedback
Bang Tempat keren tapi belum terkenal di Palembang? nih,ask_hidden_gems
Mau nanya dong Tips belajar bahasa Inggris?,ask_unrelated
Eh Wisata apa yang bisa dijangkau LRT?,ask_lrt_destinations
Destinasi tersembunyi Palembang ada gak?,ask_hidden_gems
Kak fasilitas Jakabaring apa aja ya?,ask_facilities
Bang Palembang punya wisata religi apa? ya kak,ask_category
OPI Mall itu apa?,ask_destination_info
Mau ke Al Quran Al Akbar lewat mana?,ask_location_access
Kasih pantun dong dong,ask_unrelated
Eh Oi ya,greet
Bang Wisata off the beaten path Palembang? ya kak,ask_hidden_gems
Hai saya wisatawan,greet
When is Monpera open?,ask_operating_hours
What amenities are available?,ask_facilities
Eh Tempat wisata alam di Palembang? ya,ask_category
Permisi Halo aplikasi sih,greet
Permisi Jawabannya memuaskan ya,provide_feedback
Sampai nanti kak,goodbye
Bang Wisata tersembunyi di Palembang? dong kak,ask_hidden_gems
Mau nanya dong Seru gak Benteng Kuto Besak? ya kak,ask_destination_info
Min Min rekomendasi wisata Palembang apa? nih,ask_recommendation
Mau nanya dong Best universities in Indonesia? deh,ask_unrelated
Gimana Jembatan Ampera?,ask_destination_info
OPI Mall buka setiap hari?,ask_operating_hours
Eh Halo aplikasi nih,greet
Maaf mau tanya Wisata tersembunyi di Palembang? deh,ask_hidden_gems
Eh Tiket masuk Monpera berapa? ya kak,ask_ticket_price
Review tentang Hutan Wisata Punti Kayu,ask_destination_info
Wisata museum di Palembang apa aja?,ask_category
Eh Great info deh,provide_feedback
Dari jam berapa SMB buka?,ask_operating_hours
Naik apa ke Taman Kambang Iwak Besak? dong,ask_location_access
Maaf mau tanya I'm bored deh,ask_unrelated
Eh Apakah Palembang Trade Center buka hari Minggu? deh,ask_operating_hours
Unexplored attractions in Palembang?,ask_hidden_gems
"Mau keliling Palembang naik LRT, kemana aja",ask_lrt_destinations
Is there WiFi at Sultan Mahmud Badaruddin II Museum?,ask_facilities
Mau nanya dong Oi ya,greet
Dadah kak sih,goodbye
Halo I'm bored deh,ask_unrelated
Can you tell me Where should I go in Palembang?,ask_recommendation
Harga masuk Pulau Kemaro berapa ya kak?,ask_ticket_price
Halo Mau liburan di Palembang kemana ya? deh,ask_recommendation
Permisi Recommend culinary tourism in Palembang ya kak,ask_category
Min Min info wisata dekat LRT dong,ask_lrt_destinations
Maaf mau tanya Makasih kak deh,goodbye
Bang Tempat wisata alam di Palembang? dong,ask_category
Berapa harga tiket masuk Hutan Wisata Punti Kayu?,ask_ticket_price
Kak Recommend culinary tourism in Palembang,ask_category
"Excuse me, Where is Benteng Kuto Besak? thanks",ask_location_access
Halo Jadwal buka Palembang Icon kapan ya? nih,ask_operating_hours
Min What's 2+2? dong,ask_unrelated
Bang Min rekomendasi wisata Palembang apa? dong kak,ask_recommendation
Kak Top tourist attractions in Palembang? dong kak,ask_recommendation
When is Kemaro Island open?,ask_operating_hours
Halo min,greet
Maaf mau tanya Min info wisata dekat LRT dong deh,ask_lrt_destinations
What are the opening hours of Kampung Kapitan?,ask_operating_hours
Maaf mau tanya Terima kasih banyak ya kak,goodbye
Min harga masuk Monpera berapa?,ask_ticket_price
I want to know What does it cost to visit Kambang Iwak Park??,ask_ticket_price
When does Jakabaring Sport City close?,ask_operating_hours
Kak Best universities in Indonesia? ya kak,ask_unrelated
Permisi mau tanya harga tiket Hutan Wisata Punti Kayu,ask_ticket_price
Maaf mau tanya Wisata tersembunyi di Palembang? dong kak,ask_hidden_gems
SMB hari libur buka gak?,ask_operating_hours
Maaf mau tanya Wisata yang gak pasaran di Palembang? dong,ask_hidden_gems
"Excuse me, Best things to do in Palembang?",ask_recommendation
Mau nanya dong Min rekomendasi wisata Palembang apa?,ask_recommendation
Halo Recommend culinary tourism in Palembang nih,ask_category
Halo Which tourist spots are near LRT stations? ya kak,ask_lrt_destinations
Berapa harga tiket masuk Jembatan Ampera?,ask_ticket_price
"Mau naik LRT, wisata apa yang dekat?",ask_lrt_destinations
Permisi Which tourist spots are near LRT stations? ya kak,ask_lrt_destinations
Kak dimana ya Amanzi?,ask_location_access
Eh Mau liburan di Palembang kemana ya? ya kak,ask_recommendation
Min Jawabannya memuaskan ya kak,provide_feedback
Mau nanya dong Saranin wisata di Palembang dong sih,ask_recommendation
Permisi Mau tau tentang Al Quran Al Akbar dong,ask_destination_info
Destinasi favorit di Palembang?,ask_recommendation
Mau nanya dong Ada mushola di PIM? nih,ask_facilities
Eh Apa itu cryptocurrency? ya,ask_unrelated
Min I'm bored deh,ask_unrelated
Kak Apakah Palembang Trade Center buka hari Minggu? ya,ask_operating_hours
Mau nanya dong Palembang punya wisata religi apa? ya kak,ask_category
Python atau Java lebih bagus?,ask_unrelated
Permisi Ada mushola di PIM? sih,ask_facilities
Apakah Palembang Trade Center buka hari Minggu?,ask_operating_hours
Maaf mau tanya I'm bored nih,ask_unrelated
Parkiran Kampung Arab Al-Munawar luas gak?,ask_facilities
Dari mana ke BKB?,ask_location_access
Permisi Sip makasih dong,goodbye
Mau nanya dong Tiket masuk Monpera berapa? deh,ask_ticket_price
Permisi Mau tau tentang Al Quran Al Akbar dong kak,ask_destination_info
Seru gak Benteng Kuto Besak? ya,ask_destination_info
What tourism spots are on the LRT line?,ask_lrt_destinations
Bang Mau cari wisata alam di Palembang deh,ask_category
Halo Kak ada hidden gems gak? ya kak,ask_hidden_gems
Min Ada mushola di PIM? ya kak,ask_facilities
Kak Tempat masjid di Palembang? ya,ask_category
Kawah Tengkurep buka hari apa aja?,ask_operating_hours
Bang tiket Taman Kebon Rojo berapa?,ask_ticket_price
Permisi Tips belajar bahasa Inggris?,ask_unrelated
Maaf mau tanya Great info ya,provide_feedback
Bang Wisata gratis di Palembang ada gak? sih,ask_recommendation
5 stars,provide_feedback
Min Great info nih,provide_feedback
Halo Seru gak Benteng Kuto Besak? dong kak,ask_destination_info
"Maaf mau tanya Mau keliling Palembang naik LRT, kemana aja? deh",ask_lrt_destinations
Kak Mau tanya fasilitas di Punti Kayu ya kak,ask_facilities
Does Sultan Mahmud Badaruddin II Museum have food stalls?,ask_facilities
Min Saranin wisata di Palembang dong dong kak,ask_recommendation
Tiket masuk ke Taman Kebon Rojo sekarang berapa ya?,ask_ticket_price
Kak ada wisata sejarah gak di Palembang?,ask_category
Kak Tempat wisata alam di Palembang? deh,ask_category
Bisa naik angkot ke Jembatan Ampera?,ask_location_access
Apa keunikan SMB?,ask_destination_info
Bang What's 2+2? ya kak,ask_unrelated
Permisi Ada mushola di Monpera? nih,ask_facilities
How to reach Monpera?,ask_location_access
Eh Oi ya kak,greet
Min Tempat wisata unik di Palembang? nih,ask_hidden_gems
What time does Punti Kayu Forest open?,ask_operating_hours
Mau nanya dong Informatif banget dong kak,provide_feedback
Maaf mau tanya Naik apa ke Taman Kambang Iwak Besak? ya,ask_location_access
Bisa naik LRT ke BKB?,ask_lrt_destinations
How much for Ampera Bridge tickets?,ask_ticket_price
Jelaskan tentang Amanzi,ask_destination_info
Kak Seru gak Benteng Kuto Besak?,ask_destination_info
Bang What's Kemaro Island like? dong kak,ask_destination_info
Tolong kasih tau alamat PTC,ask_location_access
Kak Min info wisata dekat LRT dong nih,ask_lrt_destinations
Good evening?,greet
Jam operasional Amanzi Waterpark? ya,ask_operating_hours
Maaf mau tanya Which tourist spots are near LRT stations? ya,ask_lrt_destinations
Bang Mau tanya fasilitas di Punti Kayu sih,ask_facilities
Tell me about Benteng Kuto Besak,ask_destination_info
Wah makasih infonya lengkap,provide_feedback
Bang Nice info nih,provide_feedback
Halo Min rekomendasi wisata Palembang apa? ya kak,ask_recommendation
Tell me a joke,ask_unrelated
Min Weekend KI buka? ya kak,ask_operating_hours
Ceritakan joke dong,ask_unrelated
Permisi Jadwal buka Palembang Icon kapan ya? ya kak,ask_operating_hours
Permisi What amenities does Sultan Mahmud Badaruddin II Museum offer?,ask_facilities
Halo Jadwal buka Palembang Icon kapan ya? dong kak,ask_operating_hours
Min Wisata accessible by LRT? nih,ask_lrt_destinations
Eh Apa BKB bisa dijangkau LRT? ya,ask_lrt_destinations
Kak Makasih sih,goodbye
Kak Makasih kak dong kak,goodbye
Mau nanya dong Wisata tersembunyi di Palembang? nih,ask_hidden_gems
Maaf mau tanya Mau liburan di Palembang kemana ya? ya,ask_recommendation
Kak,greet
Mau nanya dong Mantap kak deh,provide_feedback
What time does it open?,ask_operating_hours
Lokasi SMB dimana kak?,ask_location_access
Ada mushola di PIM? deh,ask_facilities
Kak Wisata weekend di Palembang? dong,ask_recommendation
Kak Tiket masuk ke Taman Kebon Rojo sekarang berapa ya? ya,ask_ticket_price
Permisi Wisata yang gak pasaran di Palembang? deh,ask_hidden_gems
Halo Tempat yang belum terkenal di Palembang? ya,ask_hidden_gems
I want to know Where should I go in Palembang? thanks,ask_recommendation
Permisi Baik kak terima kasih dong,goodbye
Wisata apa yang cocok untuk foto-foto?,ask_recommendation
Permisi Wisata off the beaten path Palembang? nih,ask_hidden_gems
What's the address?,ask_location_access
Kak Fasilitas apa saja di PIM? dong,ask_facilities
Eh Recommend culinary tourism in Palembang ya,ask_category
Min Mau liburan di Palembang kemana ya? dong,ask_recommendation
"Hi, Best things to do in Palembang??",ask_recommendation
Mau nanya dong Dadah kak sih,goodbye
How much does it cost to enter Punti Kayu Forest?,ask_ticket_price
Bagaimana cara move on?,ask_unrelated
"Hi, Best things to do in Palembang? please",ask_recommendation
Hai boleh tanya?,greet
Kak Sip makasih dong kak,goodbye
Oke noted terima kasih banyak kak,goodbye
Permisi Wisata accessible by LRT?,ask_lrt_destinations
Permisi Baik kak terima kasih,goodbye
Wisata taman di Palembang apa aja?,ask_category
Min Seru gak Jakabaring? ya,ask_destination_info
Kak Wisata off the beaten path Palembang? ya,ask_hidden_gems
Min harga masuk SMB berapa?,ask_ticket_price
Kak Makasih kak ya,goodbye
I want to know What are the operating hours of Ampera Bridge??,ask_operating_hours
Permisi Mantap kak nih,provide_feedback
Halo Kamu bodoh dong,ask_unrelated
Permisi Lokasi Kambang Iwak dimana kak?,ask_location_access
Benteng Kuto Besak berbayar atau gratis?,ask_ticket_price
SMB II buka dari jam berapa sampai jam berapa?,ask_operating_hours
"Bang Hello, I'm looking for help",greet
Mau tau sejarah Jembatan Ampera,ask_destination_info
Min What's 2+2? deh,ask_unrelated
Informatif banget dong kak,provide_feedback
"Hi, List of parks in Palembang?",ask_category
Min Jadwal buka Palembang Icon kapan ya? dong kak,ask_operating_hours
Permisi Lokasi Kambang Iwak dimana kak? sih,ask_location_access
Eh Kak ada hidden gems gak? ya kak,ask_hidden_gems
Dari mana ke Kampung Kapitan?,ask_location_access
Maaf mau tanya Mau liburan di Palembang kemana ya? ya kak,ask_recommendation
Eh Mau cari museum di Palembang ya,ask_category
Halo Min rekomendasi wisata Palembang apa? sih,ask_recommendation
Bang Selamat malam ya,greet
Halo Dadah kak ya kak,goodbye
What facilities are available at Grand Mosque of Palembang?,ask_facilities
Min Mau tanya fasilitas di Punti Kayu,ask_facilities
Permisi Mantap kak sih,provide_feedback
Maaf mau tanya Mau cari wisata alam di Palembang nih,ask_category
Saranin wisata di Palembang dong?,ask_recommendation
Mau nanya dong Oi sih,greet
Kak Mau tanya fasilitas di Punti Kayu dong,ask_facilities
Maaf mau tanya Sip lanjut kak deh,provide_feedback
Permisi Apa BKB bisa dijangkau LRT? dong kak,ask_lrt_destinations
Makasih kak?,goodbye
Permisi Berapa duit tiketnya? ya kak,ask_ticket_price
Halo Tiket masuk ke Taman Kebon Rojo sekarang berapa ya? dong,ask_ticket_price
Maaf mau tanya Selamat malam ya,greet
Halo ada yang bisa dibantu?,greet
Please What does it cost to visit Kambang Iwak Park? please,ask_ticket_price
Bang Min kasih tau hidden gems Palembang sih,ask_hidden_gems
Permisi I'm bored dong kak,ask_unrelated
Mau nanya dong Jawaban yang sangat membantu ya kak,provide_feedback
Mau nanya dong Makasih kak deh,goodbye
Mau nanya dong Best universities in Indonesia? ya kak,ask_unrelated
Kak Tempat wisata unik di Palembang? ya kak,ask_hidden_gems
Any religious tourism in Palembang?,ask_category
Facilities at Al-Munawar Arab Village?,ask_facilities
Mau nanya dong Ada mushola di Monpera? dong,ask_facilities
Permisi Dadah kak nih,goodbye
Min Sip lanjut kak,provide_feedback
Kak Price to enter Kemaro Island? nih,ask_ticket_price
Apakah Museum Sultan Mahmud Badaruddin II buka 24 jam?,ask_operating_hours
Eh Apa itu cryptocurrency? dong kak,ask_unrelated
Bang Sip lanjut kak dong kak,provide_feedback
Kapan Kampung Kapitan buka?,ask_operating_hours
"Hello, Best things to do in Palembang? please",ask_recommendation
I want to know Where should I go in Palembang? please,ask_recommendation
Halo Dadah kak dong kak,goodbye
Permisi Palembang punya wisata religi apa? ya,ask_category
Eh Mau tau tentang Al Quran Al Akbar sih,ask_destination_info
Bang Weekend KI buka? deh,ask_operating_hours
Kak Tiket masuk Monpera berapa? nih,ask_ticket_price
I want to know List of parks in Palembang? thanks,ask_category
Eh Jawabannya memuaskan ya,provide_feedback
Mau nanya dong Permisi saya mau jalan-jalan di Palembang,greet
Hutan Wisata Punti Kayu lokasinya dimana?,ask_location_access
Eh Sip lanjut kak ya kak,provide_feedback
Halo What's 2+2? ya,ask_unrelated
Bang Wisata yang gak pasaran di Palembang? ya,ask_hidden_gems
Kak Wisata yang gak pasaran di Palembang? deh,ask_hidden_gems
Jawaban yang memuaskan,provide_feedback
Cara menuju Kampung Arab Al-Munawar gimana?,ask_location_access
Wisata weekend di Palembang?,ask_recommendation
Eh Halo aplikasi ya kak,greet
Kamu siapa?,ask_unrelated
Where is Benteng Kuto Besak located?,ask_location_access
Min Halo aplikasi,greet
Kayak apa sih Palembang Square?,ask_destination_info
Rekomendasi wisata alam Palembang,ask_category
Apa itu cryptocurrency? dong,ask_unrelated
Wisata anti mainstream Palembang?,ask_hidden_gems
Min Ada mushola di PIM?,ask_facilities
Wisata malam di Palembang kemana?,ask_recommendation
Permisi Terima kasih banyak deh,goodbye
Maaf mau tanya Mau cari wisata alam di Palembang ya,ask_category
Maaf mau tanya Price to enter Kemaro Island? ya,ask_ticket_price
Menarik gak Fantasy Island?,ask_destination_info
Permisi Lokasi Kambang Iwak dimana kak? dong kak,ask_location_access
Eh Wisata apa aja yang dekat jalur LRT? nih,ask_lrt_destinations
Eh Halo aplikasi dong kak,greet
Mau nanya dong Mau liburan di Palembang kemana ya? ya,ask_recommendation
Permisi Dadah kak ya kak,goodbye
Mau nanya dong Apakah Palembang Trade Center buka hari Minggu? ya kak,ask_operating_hours
Mau nanya dong Oke terima kasih banyak ya ya,goodbye
Halo Price to enter Kemaro Island? dong,ask_ticket_price
What's Kemaro Island like? dong,ask_destination_info
Apa Fantasy Island bayar?,ask_ticket_price
Bang Kasih pantun dong sih,ask_unrelated
Permisi Apa itu cryptocurrency? dong kak,ask_unrelated
Min Tempat wisata alam di Palembang? ya kak,ask_category
Bang Naik apa ke Taman Kambang Iwak Besak? deh,ask_location_access
"Maaf mau tanya Got it, thanks",goodbye
Bang Naik apa ke Taman Kambang Iwak Besak? nih,ask_location_access
Mau ke Kampung Arab Al-Munawar bayar berapa?,ask_ticket_price
Permisi PIM ada tempat parkir? deh,ask_facilities
Halo Sip makasih dong,goodbye
Min Wisata apa aja yang dekat jalur LRT?,ask_lrt_destinations
Can you tell me Where should I go in Palembang? please,ask_recommendation
Halo Seru gak Jakabaring? dong kak,ask_destination_info
What to see in Palembang??,ask_recommendation
Min rekomendasi wisata Palembang apa? ya,ask_recommendation
Naik apa ke Taman Kambang Iwak Besak? deh,ask_location_access
What's 2+2? ya,ask_unrelated
Bang Baik kak terima kasih sih,goodbye
Tempat makan di sekitar Museum Sultan Mahmud Badaruddin II ada?,ask_facilities
Bang Tempat yang belum terkenal di Palembang? nih,ask_hidden_gems
Wisata gratis di Palembang ada gak? ya kak,ask_recommendation
Apa BKB bisa dijangkau LRT?,ask_lrt_destinations
Kak Berapa duit tiketnya?,ask_ticket_price
Eh Recommend culinary tourism in Palembang sih,ask_category
Kak Sip lanjut kak,provide_feedback
Maaf mau tanya Wisata romantis di Palembang? deh,ask_recommendation
Halo Saranin wisata di Palembang dong dong,ask_recommendation
Mau nanya dong Wisata off the beaten path Palembang? deh,ask_hidden_gems
Jam buka OPI Mall kapan?,ask_operating_hours
Eh Wisata gratis di Palembang ada gak? ya kak,ask_recommendation
"Permisi Got it, thanks",goodbye
Halo Wisata gratis di Palembang ada gak? deh,ask_recommendation
Di daerah mana?,ask_location_access
Halo Top tourist attractions in Palembang? dong kak,ask_recommendation
Kak Apakah Palembang Trade Center buka hari Minggu? deh,ask_operating_hours
Oke thanks,goodbye
Mau tanya harga tiket PIM,ask_ticket_price
Bang Wisata off the beaten path Palembang? dong,ask_hidden_gems
Halo Jawabannya memuaskan dong,provide_feedback
I'm bored ya,ask_unrelated
Tell me about Al-Munawar Arab Village,ask_destination_info
Permisi Which tourist spots are near LRT stations?,ask_lrt_destinations
Min Baik kak terima kasih,goodbye
Kak Apa BKB bisa dijangkau LRT? ya kak,ask_lrt_destinations
Mau nanya dong Mau liburan di Palembang kemana ya? dong,ask_recommendation
Bang Tiket masuk Monpera berapa? deh,ask_ticket_price
PIM di mana ya?,ask_location_access
Ada mushola di Monpera? ya,ask_facilities
Eh Informatif banget dong,provide_feedback
Kak Naik apa ke Taman Kambang Iwak Besak? sih,ask_location_access
Min Jadwal buka Palembang Icon kapan ya? sih,ask_operating_hours
Mau nanya dong Kasih pantun dong ya,ask_unrelated
Min Oke terima kasih banyak ya,goodbye
Eh Mantap kak sih,provide_feedback
Can you tell me List of parks in Palembang?,ask_category
Permisi Selamat malam dong,greet
Min Price to enter Kemaro Island? dong kak,ask_ticket_price
Wisata yang belum banyak orang tau di Palembang?,ask_hidden_gems
Min Permisi saya mau jalan-jalan di Palembang deh,greet
What's the location of Kampung Kapitan?,ask_location_access
Monpera hari libur buka gak?,ask_operating_hours
Min Jawaban yang sangat membantu dong,provide_feedback
What days is Kambang Iwak Park open?,ask_operating_hours
Min Dadah kak ya kak,goodbye
Halo Palembang punya wisata religi apa? ya,ask_category
Kak Min info wisata dekat LRT dong deh,ask_lrt_destinations
What's the ticket price for Monpera?,ask_ticket_price
Bang Mau cari wisata alam di Palembang nih,ask_category
Eh Wisata off the beaten path Palembang? ya,ask_hidden_gems
Parkiran Fantasy Island luas gak?,ask_facilities
Halo Info wisata yang terjangkau LRT,ask_lrt_destinations
What are the iconic places in Palembang?,ask_recommendation
Tempat masjid di Palembang,ask_category
Halo Wisata apa yang bisa dijangkau LRT? ya kak,ask_lrt_destinations
Eh Mau cari wisata alam di Palembang dong,ask_category
Lokasi Kambang Iwak dimana kak,ask_location_access
Bang Informatif banget ya kak,provide_feedback
Maaf mau tanya Oi,greet
wisata gratis di palembang ada gak?,ask_recommendation
Bang What's Kemaro Island like? sih,ask_destination_info
Recommend museums in Palembang,ask_category
Permisi Ada mushola di PIM? dong,ask_facilities
Kak Which tourist spots are near LRT stations? ya,ask_lrt_destinations
Kak Seru gak Benteng Kuto Besak? deh,ask_destination_info
Kak Palembang Square buka dari jam berapa sampai jam berapa? nih,ask_operating_hours
Mau nanya dong Jawaban yang sangat membantu sih,provide_feedback
Bang Jawaban yang sangat membantu dong,provide_feedback
Permisi Naik apa ke Taman Kambang Iwak Besak? deh,ask_location_access
Min Mau cari wisata alam di Palembang ya kak,ask_category
Min Wisata apa aja yang dekat jalur LRT? dong kak,ask_lrt_destinations
Bang Seru gak Jakabaring? nih,ask_destination_info
Maaf mau tanya Best universities in Indonesia? ya,ask_unrelated
Eh Bisa naik angkot ke PTC? nih,ask_location_access
Kak Sip makasih nih,goodbye
Min Apakah Palembang Trade Center buka hari Minggu? deh,ask_operating_hours
What does it cost to visit Kambang Iwak Park? thanks,ask_ticket_price
Tiket Taman Kambang Iwak Besak berapa sih?,ask_ticket_price
Halo Mantap kak dong kak,provide_feedback
Bang Informatif banget dong kak,provide_feedback
Mau nanya dong Apa itu cryptocurrency? deh,ask_unrelated
Halo Tiket masuk Monpera berapa? dong kak,ask_ticket_price
Bang Ada mushola di PIM? ya,ask_facilities
Yo,greet
Dari pusat kota ke KI berapa lama?,ask_location_access
Halo Kak ada hidden gems gak? ya,ask_hidden_gems
Min Seru gak Jakabaring? nih,ask_destination_info
Halo Wisata accessible by LRT? dong,ask_lrt_destinations
Kak Permisi saya mau jalan-jalan di Palembang deh,greet
Eh Mantap kak dong kak,provide_feedback
Kak Seru gak Benteng Kuto Besak? dong kak,ask_destination_info
Mau nanya dong Price to enter Kemaro Island? deh,ask_ticket_price
"Hello, is anyone available?",greet
Tiket masuk KI berapa?,ask_ticket_price
Ada wisata dekat LRT gak?,ask_lrt_destinations
Eh Saranin wisata di Palembang dong,ask_recommendation
Sip makasih sih,goodbye
Al-Munawar berbayar atau gratis?,ask_ticket_price
Hai saya baru ke Palembang,greet
Where to go in Palembang?,ask_recommendation
Permisi Mau liburan di Palembang kemana ya?,ask_recommendation
Permisi What amenities does Sultan Mahmud Badaruddin II Museum offer? deh,ask_facilities
Maaf mau tanya Kasih pantun dong sih,ask_unrelated
"Hello, Best things to do in Palembang? thanks",ask_recommendation
Yang termasuk wisata alam apa aja?,ask_category
Wisata tersembunyi di Palembang? sih,ask_hidden_gems
Min Tempat keren tapi belum terkenal di Palembang? nih,ask_hidden_gems
Mau nanya dong Dadah kak,goodbye
Bang PIM ada tempat parkir? dong,ask_facilities
Kak Min kasih tau hidden gems Palembang,ask_hidden_gems
Min Sip lanjut kak nih,provide_feedback
Min Mau liburan di Palembang kemana ya? sih,ask_recommendation
Min Mau tanya fasilitas di Punti Kayu sih,ask_facilities
Permisi Tiket masuk Monpera berapa? dong kak,ask_ticket_price
Kak Informatif banget ya kak,provide_feedback
Hai,greet
Mau nanya dong Min rekomendasi wisata Palembang apa? nih,ask_recommendation
Maaf mau tanya Wisata apa aja yang dekat jalur LRT? deh,ask_lrt_destinations
Apa Taman Kebon Rojo bayar?,ask_ticket_price
Dimana lokasi Kawah Tengkurep?,ask_location_access
Dimana lokasi Taman Kambang Iwak Besak?,ask_location_access
Permisi Mau ke Kawah Tengkurep lewat mana? ya,ask_location_access
Maaf mau tanya Wisata romantis di Palembang? sih,ask_recommendation
Apakah Palembang Icon buka 24 jam?,ask_operating_hours
Bang Selamat malam,greet
Appreciate it,goodbye
PIM ada tempat parkir? nih,ask_facilities
Destinasi museum Palembang?,ask_category
Kamu robot ya?,ask_unrelated
Eh Sip makasih dong kak,goodbye
"Min Hello, I'm looking for help ya",greet
Min Mau tanya fasilitas di Punti Kayu nih,ask_facilities
Permisi Apa itu cryptocurrency? ya,ask_unrelated
"Maaf mau tanya Hello, I'm looking for help dong kak",greet
Mau nanya dong Apa BKB bisa dijangkau LRT? deh,ask_lrt_destinations
Apa yang menarik dari Kambang Iwak?,ask_destination_info
Permisi Dadah kak ya,goodbye
Maaf mau tanya Wisata gratis di Palembang ada gak? dong kak,ask_recommendation
Permisi Nice info,provide_feedback
Museum Balaputra Dewa bayar berapa?,ask_ticket_price
Kak Berapa duit tiketnya? dong,ask_ticket_price
Kemaro ramah anak gak?,ask_facilities
Kak Lokasi Kambang Iwak dimana kak? nih,ask_location_access
Kak Sip lanjut kak ya,provide_feedback
"Hello, I'm looking for help?",greet
Kak fasilitas Museum Sultan Mahmud Badaruddin II apa aja ya?,ask_facilities
Bang Jam operasional Amanzi Waterpark? ya,ask_operating_hours
Min Apakah Palembang Trade Center buka hari Minggu? dong,ask_operating_hours
Bang Wisata accessible by LRT? ya kak,ask_lrt_destinations
Bang Jadwal buka Palembang Icon kapan ya? dong,ask_operating_hours
Harga masuk Kambang Iwak berapa ya kak?,ask_ticket_price
Bang Lokasi Kambang Iwak dimana kak? ya kak,ask_location_access
Museums in Palembang?,ask_category
Mau nanya dong Jawaban yang sangat membantu dong kak,provide_feedback
Halo Wisata accessible by LRT? dong kak,ask_lrt_destinations
Maaf mau tanya Min rekomendasi wisata Palembang apa? dong kak,ask_recommendation
Eh Min kasih tau hidden gems Palembang nih,ask_hidden_gems
Kak Min info wisata dekat LRT dong dong kak,ask_lrt_destinations
Best universities in Indonesia? dong,ask_unrelated
Wisata alam di Palembang ada apa aja?,ask_category
Info lengkap Punti Kayu dong,ask_destination_info
What's Kemaro Island like? sih,ask_destination_info
Address of Kemaro Island?,ask_location_access
Halo Wisata gratis di Palembang ada gak? ya,ask_recommendation
Mau tanya jam operasional Museum Sultan Mahmud Badaruddin II,ask_operating_hours
Permisi Wisata tersembunyi di Palembang? sih,ask_hidden_gems
"Min Got it, thanks ya kak",goodbye
"Eh Mau keliling Palembang naik LRT, kemana aja? dong",ask_lrt_destinations
Halo Ada mushola di PIM? ya,ask_facilities
Bang Wisata gratis di Palembang ada gak? dong,ask_recommendation
Bang What's 2+2? deh,ask_unrelated
Kemaro itu apa?,ask_destination_info
Permisi Mau liburan di Palembang kemana ya? deh,ask_recommendation
Eh Sip makasih nih,goodbye
Maaf mau tanya Lokasi Kambang Iwak dimana kak?,ask_location_access
Best places for tourists in Palembang?,ask_recommendation
Min Kak ada hidden gems gak? deh,ask_hidden_gems
Kak Best universities in Indonesia? deh,ask_unrelated
Kak Mau ke Kawah Tengkurep lewat mana? ya kak,ask_location_access
Min Oke terima kasih banyak ya ya kak,goodbye
What's available at Jakabaring Sport City?,ask_facilities
Permisi Weekend KI buka? nih,ask_operating_hours
Bang Min kasih tau hidden gems Palembang,ask_hidden_gems
Hello,greet
Min Tempat yang belum terkenal di Palembang? dong kak,ask_hidden_gems
Permisi Naik apa ke Taman Kambang Iwak Besak? sih,ask_location_access
Mau nanya dong Wisata tersembunyi di Palembang? sih,ask_hidden_gems
Eh Nice info nih,provide_feedback
Halo Wisata romantis di Palembang? dong,ask_recommendation
"Halo Got it, thanks ya kak",goodbye
"Excuse me, Good morning, I have a question",greet
Mau nanya dong Best universities in Indonesia? ya,ask_unrelated
Can I take public transport to Monpera?,ask_location_access
How far is it?,ask_location_access
Bang Wisata tersembunyi di Palembang?,ask_hidden_gems
Bang Kak ada hidden gems gak?,ask_hidden_gems
Halo I'm bored ya kak,ask_unrelated
Permisi Seru gak Benteng Kuto Besak? ya,ask_destination_info
Berapa harga tiketnya?,ask_ticket_price
Kak Top tourist attractions in Palembang?,ask_recommendation
Eh Wisata romantis di Palembang? ya kak,ask_recommendation
Tiket Pasar 16 Ilir berapa sih?,ask_ticket_price
Destinasi masjid Palembang?,ask_category
Halo Seru gak Jakabaring? deh,ask_destination_info
Jakabaring ramah anak gak?,ask_facilities
Jam buka PTC kapan?,ask_operating_hours
Maaf mau tanya Seru gak Jakabaring? sih,ask_destination_info
"Maaf mau tanya Hello, I'm looking for help dong",greet
How to go to Grand Mosque of Palembang?,ask_location_access
"Excuse me, Where should I go in Palembang?",ask_recommendation
Kak Jam operasional Amanzi Waterpark? ya,ask_operating_hours
Palembang punya wisata religi apa? dong,ask_category
Kak What's 2+2? dong kak,ask_unrelated
Maaf mau tanya Bisa naik angkot ke PTC? ya kak,ask_location_access
Hidden gem Palembang yang recommended?,ask_hidden_gems
Kak Best universities in Indonesia?,ask_unrelated
Kak What's Kemaro Island like? deh,ask_destination_info
Halo Wisata tersembunyi di Palembang? ya kak,ask_hidden_gems
Permisi Mau cari wisata alam di Palembang,ask_category
List of religious tourism in Palembang?,ask_category
Permisi Tempat yang belum terkenal di Palembang? ya,ask_hidden_gems
Maaf mau tanya Jadwal buka Palembang Icon kapan ya? ya,ask_operating_hours
Eh Apakah Palembang Trade Center buka hari Minggu? ya kak,ask_operating_hours
Kak Tempat keren tapi belum terkenal di Palembang? sih,ask_hidden_gems
Bang Weekend KI buka? nih,ask_operating_hours
Halo Informatif banget ya,provide_feedback
Kak Permisi saya mau jalan-jalan di Palembang ya kak,greet
Hey Off the beaten path places in Palembang? please,ask_hidden_gems
Halo Tips belajar bahasa Inggris? dong kak,ask_unrelated
Halo Wisata apa yang bisa dijangkau LRT? deh,ask_lrt_destinations
Bang Mau tanya fasilitas di Punti Kayu nih,ask_facilities
Kak Mau ke Kawah Tengkurep lewat mana? nih,ask_location_access
Permisi What amenities does Sultan Mahmud Badaruddin II Museum offer? ya,ask_facilities
Eh Min rekomendasi wisata Palembang apa? ya kak,ask_recommendation
Mau nanya dong Mau liburan di Palembang kemana ya? ya kak,ask_recommendation
Stasiun LRT terdekat ke tempat wisata mana?,ask_lrt_destinations
Does Grand Mosque of Palembang open every day?,ask_operating_hours
Mau nanya dong Informatif banget ya kak,provide_feedback
Mau ke Kambang Iwak bayar berapa?,ask_ticket_price
Pasar 16 Ilir deket stasiun LRT mana?,ask_location_access
Bang Halo aplikasi dong kak,greet
Kasih tau dong tentang Bukit Siguntang,ask_destination_info
Min Oi,greet
"Min Mau keliling Palembang naik LRT, kemana aja?",ask_lrt_destinations
Halo Min info wisata dekat LRT dong deh,ask_lrt_destinations
Eh Kamu bodoh nih,ask_unrelated
"Hi, What are the operating hours of Ampera Bridge?",ask_operating_hours
Eh Tempat wisata alam di Palembang? ya kak,ask_category
Ada mushola di Monpera?,ask_facilities
Kak Wisata romantis di Palembang? dong,ask_recommendation
Maaf mau tanya Wisata tersembunyi di Palembang? dong,ask_hidden_gems
List of museums in Palembang?,ask_category
Maaf mau tanya Recommend culinary tourism in Palembang dong kak,ask_category
Noted kak,provide_feedback
Which tourist spots are near LRT stations? ya kak,ask_lrt_destinations
Halo Halo aplikasi dong,greet
Mau nanya dong Wisata gratis di Palembang ada gak? sih,ask_recommendation
Eh Wisata apa aja yang dekat jalur LRT?,ask_lrt_destinations
Halo Seru gak Benteng Kuto Besak? ya kak,ask_destination_info
Bukit Siguntang gratis gak sih?,ask_ticket_price
Maaf mau tanya Naik apa ke Taman Kambang Iwak Besak? ya kak,ask_location_access
Does Jakabaring Sport City have a mosque?,ask_facilities
Eh Mau tau tentang Al Quran Al Akbar,ask_destination_info
Best universities in Indonesia? ya kak,ask_unrelated
Bang Permisi saya mau jalan-jalan di Palembang,greet
Halo kak saya turis,greet
Wisata terbaik di Palembang apa?,ask_recommendation
Halo Sip lanjut kak ya kak,provide_feedback
Min Makasih kak,goodbye
Halo Lokasi Kambang Iwak dimana kak? nih,ask_location_access
Eh Palembang punya wisata religi apa? deh,ask_category
Jadwal buka Palembang Icon kapan ya,ask_operating_hours
Bang Wisata apa yang bisa dijangkau LRT? sih,ask_lrt_destinations
Min Wisata gratis di Palembang ada gak? ya kak,ask_recommendation
Does Benteng Kuto Besak have a mosque?,ask_facilities
Tempat wisata yang jarang dikunjungi di Palembang?,ask_hidden_gems
Kak Naik apa ke Taman Kambang Iwak Besak? dong,ask_location_access
Kak Tempat keren tapi belum terkenal di Palembang? deh,ask_hidden_gems
Kak Kamu bodoh dong kak,ask_unrelated
"Kak Mau keliling Palembang naik LRT, kemana aja? nih",ask_lrt_destinations
What's the location of Ampera Bridge?,ask_location_access
Min Apakah Palembang Trade Center buka hari Minggu? ya,ask_operating_hours
Halo Tempat wisata alam di Palembang? ya,ask_category
Jadwal buka Palembang Icon kapan ya? dong,ask_operating_hours
Kak Terima kasih banyak dong kak,goodbye
Eh Tempat wisata unik di Palembang? ya,ask_hidden_gems
Tiket masuk ke Kambang Iwak sekarang berapa ya?,ask_ticket_price
Mau tanya fasilitas di Punti Kayu,ask_facilities
Kak Palembang Square buka dari jam berapa sampai jam berapa? sih,ask_operating_hours
"Kak Mau keliling Palembang naik LRT, kemana aja? deh",ask_lrt_destinations
Kak Jawaban yang sangat membantu deh,provide_feedback
Maaf mau tanya Sip makasih ya,goodbye
Eh Wisata off the beaten path Palembang? ya kak,ask_hidden_gems
Taman di Palembang ada apa aja?,ask_category
Sip lanjut kak ya,provide_feedback
Ada wisata alam di Palembang?,ask_category
Min Wisata apa aja yang dekat jalur LRT? nih,ask_lrt_destinations
Kak Jadwal buka Palembang Icon kapan ya? sih,ask_operating_hours
Maaf mau tanya Kamu bodoh ya kak,ask_unrelated
Permisi Weekend KI buka? ya,ask_operating_hours
"Mau nanya dong Hello, I'm looking for help nih",greet
Maaf mau tanya Nice info ya kak,provide_feedback
How to go to Benteng Kuto Besak?,ask_location_access
Jawabannya memuaskan nih,provide_feedback
Halo Min rekomendasi wisata Palembang apa? dong,ask_recommendation
Permisi Kamu bodoh ya kak,ask_unrelated
Min Kasih pantun dong dong kak,ask_unrelated
Min What's Kemaro Island like? dong,ask_destination_info
Min Jadwal buka Palembang Icon kapan ya? ya kak,ask_operating_hours
Permisi Sip lanjut kak deh,provide_feedback
Bang Makasih kak dong,goodbye
Mau nanya dong Mantap kak sih,provide_feedback
"Hello, How to go to Benteng Kuto Besak? thanks",ask_location_access
What time does Al-Munawar Arab Village close?,ask_operating_hours
Can you tell me What to see in Palembang? please,ask_recommendation
Alamat Kampung Kapitan dimana?,ask_location_access
Kak Best universities in Indonesia? dong kak,ask_unrelated
fasilitas apa saja di pim?,ask_facilities
What is it?,ask_destination_info
Maaf mau tanya PIM ada tempat parkir? deh,ask_facilities
Oke segitu dulu,goodbye
Kak Terima kasih banyak ya,goodbye
Eh Kak ada hidden gems gak? dong kak,ask_hidden_gems
Mau nanya dong Great info nih,provide_feedback
Min Wisata apa yang bisa dijangkau LRT? dong kak,ask_lrt_destinations
Min Info wisata yang terjangkau LRT ya,ask_lrt_destinations
Permisi Fasilitas apa saja di PIM? deh,ask_facilities
Mau nanya dong Tempat yang belum terkenal di Palembang? ya kak,ask_hidden_gems
adminnya mana?,ask_unrelated
Eh Tiket masuk Monpera berapa? ya,ask_ticket_price
Min Naik apa ke Taman Kambang Iwak Besak? nih,ask_location_access
Min Penjelasannya bagus kak ya,provide_feedback
Bang Berapa duit tiketnya? dong kak,ask_ticket_price
Ada mushola di PIM? ya,ask_facilities
Berapa duit masuk Jakabaring Sport City?,ask_ticket_price
apa yang bikin Museum Balaputra Dewa ini spesial?,ask_destination_info
Min kasih tau hidden gems Palembang,ask_hidden_gems
Permisi PIM ada tempat parkir?,ask_facilities
Bang Jam operasional Amanzi Waterpark? sih,ask_operating_hours
Maaf mau tanya Mau tau tentang Al Quran Al Akbar ya,ask_destination_info
Min Jawaban yang sangat membantu ya kak,provide_feedback
Hari ini Punti Kayu buka gak ya?,ask_operating_hours
Seru gak Jakabaring Sport City?,ask_destination_info
BKB di mana ya?,ask_location_access
Apa BKB bisa dijangkau LRT? deh,ask_lrt_destinations
What makes Punti Kayu Forest unique?,ask_destination_info
Destinasi wisata alam Palembang?,ask_category
Bang Tempat wisata alam di Palembang? nih,ask_category
Biaya tiket Hutan Wisata Punti Kayu berapa kak?,ask_ticket_price
Mau nanya dong Baik kak terima kasih deh,goodbye
Is there WiFi at Al-Munawar Arab Village?,ask_facilities
Mau nanya dong Kasih pantun dong dong,ask_unrelated
How do I get to Sultan Mahmud Badaruddin II Museum?,ask_location_access
Kak dimana ya Palembang Icon?,ask_location_access
Halo apakah botnya aktif?,greet
Halo aplikasi dong,greet
Posisi Monpera dimana ya?,ask_location_access
Permisi PIM ada tempat parkir? dong kak,ask_facilities
Kak What's 2+2?,ask_unrelated
"Please Good morning, I have a question please",greet
Mau nanya dong Saranin wisata di Palembang dong ya kak,ask_recommendation
Mau nanya dong Oi nih,greet
Maaf mau tanya What's 2+2? ya kak,ask_unrelated
Tiket masuk Jakabaring Sport City berapa?,ask_ticket_price
"Halo Hello, I'm looking for help nih",greet
Maaf mau tanya Wisata apa yang bisa dijangkau LRT?,ask_lrt_destinations
Mau nanya dong Naik apa ke Taman Kambang Iwak Besak? dong kak,ask_location_access
Eh Tempat wisata alam di Palembang? dong kak,ask_category
Selamat malam,greet
Info fasilitas Siguntang dong,ask_facilities
Halo Permisi saya mau jalan-jalan di Palembang sih,greet
Maaf mau tanya Good evening nih,greet
Min Nice info ya,provide_feedback
Min Oi deh,greet
Min Mau ke Kawah Tengkurep lewat mana?,ask_location_access
Cara mengobati flu?,ask_unrelated
Arah ke Jakabaring gimana?,ask_location_access
Kak Mau ke Kawah Tengkurep lewat mana? dong kak,ask_location_access
Bang Weekend KI buka? sih,ask_operating_hours
Maaf mau tanya Wisata off the beaten path Palembang? dong kak,ask_hidden_gems
Kak apa yang bikin SMB II ini spesial? dong,ask_destination_info
min info wisata dekat lrt dong,ask_lrt_destinations
Eh Jadwal buka Palembang Icon kapan ya? nih,ask_operating_hours
Oke kak noted,provide_feedback
Maaf mau tanya Jawaban yang sangat membantu nih,provide_feedback
Halo Great info deh,provide_feedback
Bang Bisa naik angkot ke PTC? dong,ask_location_access
Permisi Ada mushola di Monpera? deh,ask_facilities
Halo Nice info sih,provide_feedback
Maaf mau tanya Jadwal buka Palembang Icon kapan ya? nih,ask_operating_hours
Halo Permisi saya mau jalan-jalan di Palembang,greet
How much for Monpera tickets?,ask_ticket_price
Palembang punya wisata religi apa? deh,ask_category
Mau nanya dong Wisata romantis di Palembang? ya kak,ask_recommendation
Eh Nice info sih,provide_feedback
Ampera bisa ditempuh pakai apa?,ask_location_access
Wisata romantis di Palembang? ya kak,ask_recommendation
Maaf mau tanya Kak ada hidden gems gak?,ask_hidden_gems
Mau nanya dong Price to enter Kemaro Island? ya,ask_ticket_price
Bang Min kasih tau hidden gems Palembang dong,ask_hidden_gems
Eh Sip lanjut kak dong,provide_feedback
Eh Tempat masjid di Palembang? sih,ask_category
Kak Tempat yang belum terkenal di Palembang? nih,ask_hidden_gems
Kamu bodoh,ask_unrelated
Min Good evening dong,greet
Eh Tiket masuk ke Taman Kebon Rojo sekarang berapa ya? nih,ask_ticket_price
Mau nanya dong Bisa naik angkot ke PTC? deh,ask_location_access
Can you tell me What are the operating hours of Ampera Bridge?,ask_operating_hours
When is Punti Kayu Forest open?,ask_operating_hours
Maaf mau tanya Wisata yang gak pasaran di Palembang?,ask_hidden_gems
Woi,greet
Update harga tiket Masjid Cheng Ho dong,ask_ticket_price
Wisata gratis di Palembang ada gak? ya,ask_recommendation
Kak Lokasi Kambang Iwak dimana kak? sih,ask_location_access
Harga masuk KI berapa ya kak?,ask_ticket_price
Mau nanya dong Apa BKB bisa dijangkau LRT? sih,ask_lrt_destinations
Review tentang BKB,ask_destination_info
Bang Wisata apa yang bisa dijangkau LRT? ya,ask_lrt_destinations
Bang Sip makasih dong kak,goodbye
Wisata gratis di Palembang ada gak? deh,ask_recommendation
Mau nanya dong Jawaban yang sangat membantu ya,provide_feedback
Mau nanya dong Halo aplikasi ya kak,greet
Kak What's 2+2? nih,ask_unrelated
Kak Mau tau tentang Al Quran Al Akbar,ask_destination_info
Eh Terima kasih banyak,goodbye
Tourist spots along LRT route?,ask_lrt_destinations
Info lengkap SMB dong,ask_destination_info
Eh Selamat malam nih,greet
Min Kasih pantun dong nih,ask_unrelated
Eh Halo aplikasi dong,greet
Location of Grand Mosque of Palembang?,ask_location_access
Maaf mau tanya Tempat masjid di Palembang? ya kak,ask_category
Cara menuju Taman Kebon Rojo gimana?,ask_location_access
Halo Mau ke Kawah Tengkurep lewat mana? sih,ask_location_access
Min Nice info dong kak,provide_feedback
Eh Jawaban yang sangat membantu,provide_feedback
Is it worth visiting?,ask_destination_info
Halo Nice info nih,provide_feedback
Bang Tempat wisata unik di Palembang? sih,ask_hidden_gems
min rekomendasi wisata palembang apa?,ask_recommendation
Jadwal buka Palembang Icon kapan ya? nih,ask_operating_hours
Min Naik apa ke Taman Kambang Iwak Besak? dong,ask_location_access
Kak Ada mushola di Monpera?,ask_facilities
Permisi Info wisata yang terjangkau LRT ya,ask_lrt_destinations
Info harga tiket Monpera dong kak,ask_ticket_price
Is there an entry fee for Kambang Iwak Park?,ask_ticket_price
Permisi Wisata apa aja yang dekat jalur LRT? dong,ask_lrt_destinations
Min Wisata tersembunyi di Palembang?,ask_hidden_gems
Maaf mau tanya Mau tau tentang Al Quran Al Akbar dong kak,ask_destination_info
Permisi Berapa duit tiketnya? dong,ask_ticket_price
"Good morning, I have a question thanks",greet
Min Wisata apa yang bisa dijangkau LRT? sih,ask_lrt_destinations
Kak Apakah Palembang Trade Center buka hari Minggu?,ask_operating_hours
Makasih kak deh,goodbye
kamu bot beneran ya?,ask_unrelated
Halo Wisata accessible by LRT? deh,ask_lrt_destinations
Cultural attractions in Palembang?,ask_category
Maaf mau tanya Wisata gratis di Palembang ada gak? nih,ask_recommendation
Any historical sites in Palembang?,ask_category
Min Lokasi Kambang Iwak dimana kak? ya,ask_location_access
wisata romantis di palembang?,ask_recommendation
Mau nanya dong Selamat malam dong kak,greet
What's love?,ask_unrelated
Permisi Saranin wisata di Palembang dong sih,ask_recommendation
Eh Min rekomendasi wisata Palembang apa? deh,ask_recommendation
Halo Mantap kak ya kak,provide_feedback
"Hello, Good morning, I have a question thanks",greet
Bang Penjelasannya bagus kak deh,provide_feedback
What museums are in Palembang?,ask_category
Kampung Arab Al-Munawar ramah anak gak?,ask_facilities
Kak Which tourist spots are near LRT stations? dong,ask_lrt_destinations
Kak Nice info ya kak,provide_feedback
"Eh Got it, thanks",goodbye
Kak What's Kemaro Island like?,ask_destination_info
Good evening ya,greet
Kak Wisata apa yang bisa dijangkau LRT? dong kak,ask_lrt_destinations
Min Kak ada hidden gems gak?,ask_hidden_gems
Bang Mau ke Kawah Tengkurep lewat mana? sih,ask_location_access
Lewat mana ya?,ask_location_access
Bang Recommend culinary tourism in Palembang dong kak,ask_category
Which tourist spots are near LRT stations,ask_lrt_destinations
Kak Palembang Square buka dari jam berapa sampai jam berapa? ya,ask_operating_hours
Bot,greet
Maaf mau tanya Which tourist spots are near LRT stations? nih,ask_lrt_destinations
Min Halo aplikasi dong,greet
Permisi Good evening sih,greet
What are the operating hours of Sultan Mahmud Badaruddin II Museum?,ask_operating_hours
Permisi Info wisata yang terjangkau LRT,ask_lrt_destinations
Bang Mau cari museum di Palembang ya,ask_category
Bang Min info wisata dekat LRT dong deh,ask_lrt_destinations
Min Makasih ya,goodbye
Bang Ada mushola di PIM? deh,ask_facilities
Kak Tempat masjid di Palembang? ya kak,ask_category
Mau cari wisata religi di Palembang,ask_category
"Min Hello, I'm looking for help dong kak",greet
Maaf mau tanya Permisi saya mau jalan-jalan di Palembang deh,greet
Mau nanya dong Naik apa ke Taman Kambang Iwak Besak? ya kak,ask_location_access
Halo Baik kak terima kasih dong,goodbye
Halo Apakah Palembang Trade Center buka hari Minggu? nih,ask_operating_hours
Eh Price to enter Kemaro Island? dong,ask_ticket_price
Dimana lokasi Jembatan Ampera?,ask_location_access
Min Jadwal buka Palembang Icon kapan ya? ya,ask_operating_hours
Halo Mau cari museum di Palembang deh,ask_category
Clear explanation,provide_feedback
Hutan Wisata Punti Kayu ada toilet gak?,ask_facilities
Mau nanya dong Kasih pantun dong,ask_unrelated
Maaf mau tanya Mau liburan di Palembang kemana ya?,ask_recommendation
Maaf mau tanya Top tourist attractions in Palembang? dong kak,ask_recommendation
Halo What's 2+2? deh,ask_unrelated
Apakah Benteng Kuto Besak gratis?,ask_ticket_price
Siapa gubernur Palembang?,ask_unrelated
Halo Baik kak terima kasih ya kak,goodbye
Permisi Nice info deh,provide_feedback
Mau tau tentang Al Quran Al Akbar dong,ask_destination_info
Bang Jawabannya memuaskan dong,provide_feedback
Museum Balaputra Dewa buka jam berapa?,ask_operating_hours
Sip lanjut kak,provide_feedback
Bang Fasilitas apa saja di PIM? nih,ask_facilities
Maaf mau tanya Top tourist attractions in Palembang?,ask_recommendation
Mau nanya dong Price to enter Kemaro Island? ya kak,ask_ticket_price
Min Mau tanya fasilitas di Punti Kayu dong kak,ask_facilities
Bisa naik LRT ke Kambang Iwak?,ask_lrt_destinations
Halo I'm bored ya,ask_unrelated
Maaf mau tanya PIM ada tempat parkir? nih,ask_facilities
Wisata religi Palembang apa aja?,ask_category
Eh Tempat wisata alam di Palembang? dong,ask_category
Kak Oi dong,greet
Permisi Min rekomendasi wisata Palembang apa? nih,ask_recommendation
Weekend BKB buka?,ask_operating_hours
Exactly what I needed,provide_feedback
Halo Top tourist attractions in Palembang? sih,ask_recommendation
Permisi Great info,provide_feedback
Kak apa yang bikin SMB II ini spesial? ya,ask_destination_info
Maaf mau tanya Min rekomendasi wisata Palembang apa? ya,ask_recommendation
Maaf mau tanya Palembang punya wisata religi apa? sih,ask_category
Permisi Tempat wisata alam di Palembang? nih,ask_category
What's the price of iPhone?,ask_unrelated
Kak Jawabannya memuaskan dong kak,provide_feedback
Halo Good evening ya kak,greet
Bang mau nanya,greet
Eh Naik apa ke Taman Kambang Iwak Besak? dong kak,ask_location_access
Harga masuk Bukit Siguntang berapa ya kak?,ask_ticket_price
Do I need to pay to enter Monpera?,ask_ticket_price
Min Berapa duit tiketnya? dong,ask_ticket_price
Lokasi Al Quran Al Akbar dimana kak?,ask_location_access
Mau nanya dong Min kasih tau hidden gems Palembang,ask_hidden_gems
Rekomendasi wisata Palembang dong,ask_recommendation
Kawah Tengkurep bayar berapa?,ask_ticket_price
"Permisi Hello, I'm looking for help deh",greet
Min Seru gak Benteng Kuto Besak?,ask_destination_info
Permisi Seru gak Benteng Kuto Besak? ya kak,ask_destination_info
Oi?,greet
Are there toilets at Punti Kayu Forest?,ask_facilities
"Maaf mau tanya Mau keliling Palembang naik LRT, kemana aja? sih",ask_lrt_destinations
Jadwal buka Palembang Icon kapan ya? sih,ask_operating_hours
Eh Ada mushola di PIM? ya kak,ask_facilities
Eh Dadah kak,goodbye
Maaf mau tanya Nice info ya,provide_feedback
asal usul Pasar 16 Ilir ini gimana ceritanya?,ask_destination_info
Bang Jawaban yang sangat membantu dong kak,provide_feedback
Jelaskan tentang Palembang Icon,ask_destination_info
Kak Mau cari wisata alam di Palembang dong,ask_category
Maaf mau tanya Ada mushola di Monpera? sih,ask_facilities
Bang Wisata tersembunyi di Palembang? ya,ask_hidden_gems
What's the ticket price for Kemaro Island?,ask_ticket_price
Mau tanya harga tiket Museum Balaputra Dewa,ask_ticket_price
Min Lokasi Kambang Iwak dimana kak? sih,ask_location_access
Min Fasilitas apa saja di PIM? sih,ask_facilities
Cerita sejarah Pasar 16 Ilir dong,ask_destination_info
Bang Mau liburan di Palembang kemana ya? dong kak,ask_recommendation
Kak Mau tanya fasilitas di Punti Kayu deh,ask_facilities
Bisa naik angkot ke Jakabaring Sport City?,ask_location_access
Halo Tiket masuk Monpera berapa? nih,ask_ticket_price
Tiket masuk Palembang Icon berapa?,ask_ticket_price
Kapan PTC buka?,ask_operating_hours
Hey What to see in Palembang??,ask_recommendation
Min Wisata apa aja yang dekat jalur LRT? deh,ask_lrt_destinations
Min Jam operasional Amanzi Waterpark? nih,ask_operating_hours
Maaf mau tanya Lokasi Kambang Iwak dimana kak? dong,ask_location_access
Selamat malam deh,greet
Bisa naik angkot ke Kambang Iwak?,ask_location_access
Kak Berapa duit tiketnya? deh,ask_ticket_price
Bang Sip lanjut kak nih,provide_feedback
Eh Wisata yang gak pasaran di Palembang?,ask_hidden_gems
Makasih atas bantuannya,goodbye
Kak Great info,provide_feedback
Kak Tempat yang belum terkenal di Palembang? deh,ask_hidden_gems
"Kak Got it, thanks sih",goodbye
Kak ada hidden gems gak? nih,ask_hidden_gems
Is Kemaro Island open on weekends?,ask_operating_hours
Eh Seru gak Benteng Kuto Besak? deh,ask_destination_info
Is there parking?,ask_facilities
Maaf mau tanya Seru gak Jakabaring? nih,ask_destination_info
Maaf mau tanya Great info dong kak,provide_feedback
Maaf mau tanya Jadwal buka Palembang Icon kapan ya?,ask_operating_hours
Ada mushola di PIM,ask_facilities
Mau tau tentang Al Quran Al Akbar dong kak,ask_destination_info
Mau tau tentang Palembang Trade Center,ask_destination_info
Ke Jakabaring Sport City bayar berapa ya?,ask_ticket_price
Halo Min rekomendasi wisata Palembang apa? deh,ask_recommendation
Eh Weekend KI buka? sih,ask_operating_hours
Apa keunikan Kambang Iwak?,ask_destination_info
Eh Price to enter Kemaro Island? ya,ask_ticket_price
Recommend culinary tourism in Palembang dong,ask_category
Min Mau tanya fasilitas di Punti Kayu ya kak,ask_facilities
Buka sampai malam?,ask_operating_hours
Maaf mau tanya Mau liburan di Palembang kemana ya? dong kak,ask_recommendation
Kak Great info ya,provide_feedback
Tempat wisata unik di Palembang,ask_hidden_gems
Mau nanya dong Wisata gratis di Palembang ada gak? deh,ask_recommendation
"Hi, How to go to Benteng Kuto Besak?",ask_location_access
Hari ini Monpera buka gak ya?,ask_operating_hours
Min Makasih kak dong,goodbye
Halo mau keliling Palembang nih,greet
Min Jawaban yang sangat membantu,provide_feedback
Kak Wisata accessible by LRT? sih,ask_lrt_destinations
Eh Top tourist attractions in Palembang? dong kak,ask_recommendation
Dari pusat kota ke Museum Balaputra Dewa berapa lama?,ask_location_access
Oke deh kak sampai jumpa,goodbye
Permisi Seru gak Benteng Kuto Besak? dong,ask_destination_info
Price to enter Kemaro Island,ask_ticket_price
Eh Info wisata yang terjangkau LRT ya kak,ask_lrt_destinations
Menarik gak Palembang Trade Center?,ask_destination_info
Halo Mau cari wisata alam di Palembang nih,ask_category
Permisi Best universities in Indonesia? deh,ask_unrelated
Bisa naik apa ke sana?,ask_location_access
Apakah Benteng Kuto Besak buka 24 jam?,ask_operating_hours
Masjid Cheng Ho berbayar atau gratis?,ask_ticket_price
Ada mushola di BKB?,ask_facilities
Mau nanya dong Tiket masuk Monpera berapa? sih,ask_ticket_price
Kasih tau dong tentang Ampera,ask_destination_info
Kak Mau liburan di Palembang kemana ya? nih,ask_recommendation
Palembang Icon ada kantin gak?,ask_facilities
Where can I go by LRT for sightseeing?,ask_lrt_destinations
Bang Jawaban yang sangat membantu,provide_feedback
Hari ini PIM buka gak ya?,ask_operating_hours
Kak ada hidden gems gak? ya kak,ask_hidden_gems
Is admission to Grand Mosque of Palembang free?,ask_ticket_price
Tempat wisata unik di Palembang? sih,ask_hidden_gems
Mantap kak deh,provide_feedback
What time does Kemaro Island close?,ask_operating_hours
Halo Which tourist spots are near LRT stations?,ask_lrt_destinations
"Please Good morning, I have a question?",greet
Eh Seru gak Jakabaring? ya kak,ask_destination_info
Saranin wisata di Palembang dong deh,ask_recommendation
Wisata tersembunyi di Palembang,ask_hidden_gems
kasih pantun dong,ask_unrelated
Dari jam berapa Palembang Icon buka?,ask_operating_hours
Mau nanya dong Makasih kak,goodbye
Halo Sip makasih deh,goodbye
Halo Min kasih tau hidden gems Palembang sih,ask_hidden_gems
Permisi Seru gak Benteng Kuto Besak? sih,ask_destination_info
Kak Terima kasih banyak deh,goodbye
Mau nanya dong Tiket masuk ke Taman Kebon Rojo sekarang berapa ya? deh,ask_ticket_price
Facilities?,ask_facilities
Bang Bisa naik angkot ke PTC?,ask_location_access
Min Wisata yang gak pasaran di Palembang? ya kak,ask_hidden_gems
Mau nanya dong Min kasih tau hidden gems Palembang ya,ask_hidden_gems
Kak Tiket masuk Monpera berapa? ya,ask_ticket_price
Tempat wisata budaya Palembang?,ask_category
Halo Oi nih,greet
Jelaskan tentang Masjid Cheng Ho,ask_destination_info
asal usul Masjid Agung Palembang ini gimana ceritanya?,ask_destination_info
Bang Jawabannya memuaskan dong kak,provide_feedback
Harga masuk Pasar 16 Ilir berapa ya kak?,ask_ticket_price
Permisi Bisa naik angkot ke PTC? ya kak,ask_location_access
Berapa duit masuk Amanzi?,ask_ticket_price
Eh Ada mushola di Monpera? sih,ask_facilities
Permisi Min info wisata dekat LRT dong dong,ask_lrt_destinations
"Hey Good morning, I have a question please",greet
Assalamualaikum min,greet
Can I take public transport to Grand Mosque of Palembang?,ask_location_access
Kak Ada mushola di Monpera? nih,ask_facilities
Kak Makasih kak dong,goodbye
Bang Palembang punya wisata religi apa? ya,ask_category
Min Good evening ya kak,greet
Bang Selamat malam deh,greet
Permisi Selamat malam ya kak,greet
Maaf mau tanya Kamu bodoh dong kak,ask_unrelated
Tempat yang belum terkenal di Palembang? dong,ask_hidden_gems
Punti Kayu ada kantin gak?,ask_facilities
Mau nanya dong What's Kemaro Island like? ya,ask_destination_info
religious tourism places in Palembang?,ask_category
Dari stasiun LRT bisa ke wisata apa?,ask_lrt_destinations
Informatif banget ya kak,provide_feedback
Permisi Oi deh,greet
Min Lokasi Kambang Iwak dimana kak? dong,ask_location_access
Bang Seru gak Benteng Kuto Besak? ya kak,ask_destination_info
Eh Saranin wisata di Palembang dong deh,ask_recommendation
Kak Tempat wisata alam di Palembang?,ask_category
Permisi Kasih pantun dong dong,ask_unrelated
Mau nanya dong Price to enter Kemaro Island? dong,ask_ticket_price
Recommend culinary tourism in Palembang dong kak,ask_category
Cerita sejarah PIM dong,ask_destination_info
Mau nanya dong Tempat yang belum terkenal di Palembang?,ask_hidden_gems
Any culinary tourism in Palembang?,ask_category
Selamat malam dong,greet
What's the entry fee for Punti Kayu Forest?,ask_ticket_price
List of parks in Palembang?,ask_category
Jakabaring bagus gak?,ask_destination_info
apa yang bikin Kampung Kapitan ini spesial?,ask_destination_info
"Hi, What to see in Palembang? thanks",ask_recommendation
Nice,provide_feedback
Facilities at Benteng Kuto Besak?,ask_facilities
Halo Jawaban yang sangat membantu deh,provide_feedback
Kak What amenities does Sultan Mahmud Badaruddin II Museum offer? sih,ask_facilities
Halo Info wisata yang terjangkau LRT ya kak,ask_lrt_destinations
tempat yang belum terkenal di palembang?,ask_hidden_gems
Kemaro ada spot foto gak?,ask_facilities
Parkiran Kemaro luas gak?,ask_facilities
Maaf mau tanya Terima kasih banyak sih,goodbye
Permisi Seru gak Jakabaring? ya,ask_destination_info
Halo Palembang punya wisata religi apa?,ask_category
Permisi Wisata apa yang bisa dijangkau LRT? ya kak,ask_lrt_destinations
Mau nanya dong What amenities does Sultan Mahmud Badaruddin II Museum offer? sih,ask_facilities
Min Which tourist spots are near LRT stations? ya kak,ask_lrt_destinations
Halo Halo aplikasi sih,greet
Heyy,greet
Can you tell me Where should I go in Palembang? thanks,ask_recommendation
Kak Nice info dong,provide_feedback
What time does Kampung Kapitan open?,ask_operating_hours
Kak Which tourist spots are near LRT stations? ya kak,ask_lrt_destinations
Kak Which tourist spots are near LRT stations? sih,ask_lrt_destinations
Top wisata Palembang?,ask_recommendation
Permisi Recommend culinary tourism in Palembang dong kak,ask_category
Min PIM ada tempat parkir? dong,ask_facilities
Kak Mau tau tentang Al Quran Al Akbar deh,ask_destination_info
Bang Seru gak Jakabaring?,ask_destination_info
Eh Mau liburan di Palembang kemana ya? deh,ask_recommendation
When is Kampung Kapitan open?,ask_operating_hours
Maaf mau tanya Mau tau tentang Al Quran Al Akbar nih,ask_destination_info
Mau nanya dong Kasih pantun dong ya kak,ask_unrelated
I want to know What does it cost to visit Kambang Iwak Park? thanks,ask_ticket_price
Tiket Museum Sultan Mahmud Badaruddin II berapa sih?,ask_ticket_price
Halo What's 2+2?,ask_unrelated
Eh Kak ada hidden gems gak? deh,ask_hidden_gems
Permisi Min kasih tau hidden gems Palembang,ask_hidden_gems
Tiket masuk Monpera berapa? sih,ask_ticket_price
Tempat makan di sekitar Kawah Tengkurep ada?,ask_facilities
Bang Tempat keren tapi belum terkenal di Palembang? ya kak,ask_hidden_gems
Mau tau sejarah Siguntang,ask_destination_info
Maaf mau tanya Ada mushola di Monpera? dong,ask_facilities
Mau nanya dong Min info wisata dekat LRT dong ya kak,ask_lrt_destinations
Maaf mau tanya Good evening deh,greet
"Hello, I'm a tourist",greet
Min Apakah Palembang Trade Center buka hari Minggu? ya kak,ask_operating_hours
Is Grand Mosque of Palembang far from the city center?,ask_location_access
Price to enter Kambang Iwak Park?,ask_ticket_price
Min Baik kak terima kasih dong,goodbye
Mau nanya dong Recommend culinary tourism in Palembang,ask_category
Bang Mantap kak ya,provide_feedback
Halo Info wisata yang terjangkau LRT dong,ask_lrt_destinations
Min What's 2+2? ya kak,ask_unrelated
Tiket masuk ke Jakabaring Sport City sekarang berapa ya?,ask_ticket_price
Permisi Seru gak Benteng Kuto Besak? nih,ask_destination_info
Can you tell me What are the operating hours of Ampera Bridge? please,ask_operating_hours
Naik apa ke Taman Kambang Iwak Besak? ya,ask_location_access
Bang Wisata accessible by LRT? dong kak,ask_lrt_destinations
Min Wisata apa aja yang dekat jalur LRT? ya kak,ask_lrt_destinations
Eh Wisata apa aja yang dekat jalur LRT? dong,ask_lrt_destinations
Min Kamu bodoh ya kak,ask_unrelated
Min Fasilitas apa saja di PIM? dong kak,ask_facilities
ini jawaban template ya?,ask_unrelated
Info lengkap Masjid Agung Palembang dong,ask_destination_info
Hidden gems in Palembang?,ask_hidden_gems
Bang Kak ada hidden gems gak? deh,ask_hidden_gems
Mau nanya dong Price to enter Kemaro Island? nih,ask_ticket_price
Maaf mau tanya Jawabannya memuaskan dong,provide_feedback
Maaf mau tanya Price to enter Kemaro Island? ya kak,ask_ticket_price
Naik apa ke Palembang Square?,ask_location_access
See you later,goodbye
Kak Mau cari wisata alam di Palembang sih,ask_category
Bang Info wisata yang terjangkau LRT deh,ask_lrt_destinations
Can you tell me What are the operating hours of Ampera Bridge? thanks,ask_operating_hours
Apakah Amanzi buka 24 jam?,ask_operating_hours
Mau nanya dong Good evening,greet
What culinary tourism are in Palembang?,ask_category
Bang Mau tanya fasilitas di Punti Kayu,ask_facilities
Kak Makasih kak sih,goodbye
Ada mushola di Benteng Kuto Besak?,ask_facilities
Maaf mau tanya Informatif banget,provide_feedback
Permisi Which tourist spots are near LRT stations? dong,ask_lrt_destinations
Maaf mau tanya PIM ada tempat parkir? ya,ask_facilities
Info wisata kuliner Palembang dong,ask_category
Halo What's 2+2? dong,ask_unrelated
Bang PIM ada tempat parkir? nih,ask_facilities
Masjid Agung Palembang lokasinya dimana?,ask_location_access
Wisata wisata religi di Palembang apa aja?,ask_category
Halo Terima kasih banyak deh,goodbye
Halo Tiket masuk Monpera berapa? ya kak,ask_ticket_price
Permisi Jadwal buka Palembang Icon kapan ya? dong,ask_operating_hours
Mau nanya dong Seru gak Benteng Kuto Besak? sih,ask_destination_info
Kak Halo aplikasi dong kak,greet
Kak dimana ya Jakabaring?,ask_location_access
Halo Selamat malam ya,greet
Permisi Best universities in Indonesia? ya kak,ask_unrelated
"Hello, What does it cost to visit Kambang Iwak Park? please",ask_ticket_price
Permisi Apa itu cryptocurrency? ya kak,ask_unrelated
Masih buka gak ya?,ask_operating_hours
I'm bored ya kak,ask_unrelated
Bang Mau tau tentang Al Quran Al Akbar nih,ask_destination_info
Min Tiket masuk Monpera berapa? ya kak,ask_ticket_price
Halo Sip makasih ya kak,goodbye
Bang What's Kemaro Island like? deh,ask_destination_info
Bang Palembang punya wisata religi apa?,ask_category
Min alamat Kampung Kapitan apa ya?,ask_location_access
Bayar berapa?,ask_ticket_price
Permisi Selamat malam,greet
Jawabannya memuaskan ya,provide_feedback
Min Bisa naik angkot ke PTC? dong kak,ask_location_access
Fasilitas umum di Al Quran Al Akbar apa aja?,ask_facilities
Mau nanya dong Wisata gratis di Palembang ada gak?,ask_recommendation
Min Lokasi Kambang Iwak dimana kak? dong kak,ask_location_access
"Can you tell me Good morning, I have a question please",greet
Halo What amenities does Sultan Mahmud Badaruddin II Museum offer? ya,ask_facilities
Min Tempat masjid di Palembang? dong kak,ask_category
Min Tempat wisata alam di Palembang? sih,ask_category
Halo Tempat yang belum terkenal di Palembang? deh,ask_hidden_gems
Kak Wisata gratis di Palembang ada gak? dong kak,ask_recommendation
Kak Best universities in Indonesia? ya,ask_unrelated
Permisi Tiket masuk Monpera berapa? nih,ask_ticket_price
Halo Which tourist spots are near LRT stations? dong,ask_lrt_destinations
Cara daftar kuliah?,ask_unrelated
Halo Wisata apa aja yang dekat jalur LRT?,ask_lrt_destinations
Kak Palembang punya wisata religi apa? deh,ask_category
Min Tiket masuk ke Taman Kebon Rojo sekarang berapa ya? deh,ask_ticket_price
Eh I'm bored dong kak,ask_unrelated
Bang Mau ke Kawah Tengkurep lewat mana? dong,ask_location_access
Permisi Apakah Palembang Trade Center buka hari Minggu?,ask_operating_hours
Permisi Kak ada hidden gems gak?,ask_hidden_gems
Halo Wisata yang gak pasaran di Palembang? dong kak,ask_hidden_gems
Kak Fasilitas apa saja di PIM? ya kak,ask_facilities
What's 2+2? sih,ask_unrelated
Mau nanya dong Wisata romantis di Palembang? sih,ask_recommendation
Halo Best universities in Indonesia? dong,ask_unrelated
Fasilitas apa saja di Al Quran Al Akbar?,ask_facilities
Kak Palembang Square buka dari jam berapa sampai jam berapa? deh,ask_operating_hours
Bang Naik apa ke Taman Kambang Iwak Besak? dong kak,ask_location_access
SMB buka setiap hari?,ask_operating_hours
nature tourism places in Palembang?,ask_category
Min Mantap kak sih,provide_feedback
Weekend Kampung Kapitan buka?,ask_operating_hours
Permisi What's 2+2? nih,ask_unrelated
Bang Mantap kak deh,provide_feedback
Halo Apa BKB bisa dijangkau LRT?,ask_lrt_destinations
I want to know What does it cost to visit Kambang Iwak Park? please,ask_ticket_price
Bang Mau liburan di Palembang kemana ya? sih,ask_recommendation
Wisata apa aja yang dekat jalur LRT?,ask_lrt_destinations
Alternative tourist spots in Palembang?,ask_hidden_gems
Kak Fasilitas apa saja di PIM? nih,ask_facilities
Maaf mau tanya Informatif banget ya kak,provide_feedback
Kak Kamu bodoh sih,ask_unrelated
Eh Best universities in Indonesia?,ask_unrelated
Fasilitas Palembang Trade Center lengkap gak?,ask_facilities
Min Jadwal buka Palembang Icon kapan ya?,ask_operating_hours
Kak Mau liburan di Palembang kemana ya? sih,ask_recommendation
Min Ada mushola di PIM? ya,ask_facilities
Eh Bisa naik angkot ke PTC? sih,ask_location_access
Halo Saranin wisata di Palembang dong ya,ask_recommendation
Monpera buka dari jam berapa sampai jam berapa?,ask_operating_hours
Bang Wisata gratis di Palembang ada gak? ya kak,ask_recommendation
Wisata tersembunyi di Palembang? nih,ask_hidden_gems
Ceritakan tentang Hutan Wisata Punti Kayu,ask_destination_info
Permisi Kamu bodoh sih,ask_unrelated
Halo Saranin wisata di Palembang dong dong kak,ask_recommendation
Awesome thanks,goodbye
Kak Which tourist spots are near LRT stations? nih,ask_lrt_destinations
Min info wisata dekat LRT dong ya,ask_lrt_destinations
Halo Mau ke Kawah Tengkurep lewat mana? ya kak,ask_location_access
Kak Mau cari museum di Palembang ya,ask_category
Dadah kak ya kak,goodbye
Taman Kebon Rojo mulai buka jam berapa?,ask_operating_hours
"Bang Hello, I'm looking for help dong",greet
Mau nanya dong Wisata gratis di Palembang ada gak? dong kak,ask_recommendation
Min Terima kasih banyak dong,goodbye
Bang Jam operasional Amanzi Waterpark? dong,ask_operating_hours
Apakah SMB II buka 24 jam?,ask_operating_hours
Maaf mau tanya Permisi saya mau jalan-jalan di Palembang nih,greet
How much to get into Sultan Mahmud Badaruddin II Museum?,ask_ticket_price
Kak Makasih kak,goodbye
Halo Makasih kak ya,goodbye
"Mau keliling Palembang naik LRT, kemana aja? sih",ask_lrt_destinations
Eh Tiket masuk ke Taman Kebon Rojo sekarang berapa ya? sih,ask_ticket_price
Kak Tempat yang belum terkenal di Palembang? ya kak,ask_hidden_gems
Kapan sih Kampung Arab Al-Munawar buka?,ask_operating_hours
Harga masuknya berapa kak?,ask_ticket_price
Kak Sip makasih dong,goodbye
Maaf mau tanya Mau liburan di Palembang kemana ya? nih,ask_recommendation
Kira-kira harga tiket Al Quran Al Akbar berapa?,ask_ticket_price
Halo Seru gak Benteng Kuto Besak? sih,ask_destination_info
Maaf mau tanya Sip lanjut kak ya kak,provide_feedback
Min Tempat yang belum terkenal di Palembang? dong,ask_hidden_gems
Bang Oi,greet
Bang Wisata off the beaten path Palembang?,ask_hidden_gems
Eh Informatif banget deh,provide_feedback
Mau nanya dong Best universities in Indonesia? nih,ask_unrelated
Eh Tempat wisata unik di Palembang? nih,ask_hidden_gems
Bang Baik kak terima kasih deh,goodbye
Eh Tempat masjid di Palembang? deh,ask_category
Mau nanya dong Selamat malam,greet
Min Seru gak Jakabaring? dong kak,ask_destination_info
"Mau explore Palembang pakai LRT, kemana aja bisa?",ask_lrt_destinations
Mau nanya dong Oi dong,greet
Bang Tempat yang belum terkenal di Palembang? dong kak,ask_hidden_gems
"Halo Got it, thanks sih",goodbye
Halo Jadwal buka Palembang Icon kapan ya? ya kak,ask_operating_hours
Maaf mau tanya Recommend culinary tourism in Palembang,ask_category
Bang Jawabannya memuaskan ya,provide_feedback
Kak Baik kak terima kasih nih,goodbye
Mau nanya dong Tips belajar bahasa Inggris? nih,ask_unrelated
Fasilitas Ampera lengkap gak?,ask_facilities
Thank you very much,goodbye
Ada wisata apa aja di Palembang?,ask_recommendation
Kak Seru gak Jakabaring? dong kak,ask_destination_info
Permisi Informatif banget ya,provide_feedback
"Excuse me, Best things to do in Palembang??",ask_recommendation
Maaf mau tanya Tips belajar bahasa Inggris? nih,ask_unrelated
Maaf mau tanya Ada mushola di PIM? ya kak,ask_facilities
"Mau nanya dong Got it, thanks sih",goodbye
Permisi Mau ke Kawah Tengkurep lewat mana? dong kak,ask_location_access
Kak Baik kak terima kasih ya,goodbye
Mau ke Kawah Tengkurep lewat mana? ya,ask_location_access
Permisi Min info wisata dekat LRT dong sih,ask_lrt_destinations
Bang tiket SMB II berapa?,ask_ticket_price
Bang Jawaban yang sangat membantu deh,provide_feedback
Recommend culinary tourism in Palembang deh,ask_category
Bang Fasilitas apa saja di PIM? deh,ask_facilities
Mau nanya dong Wisata apa aja yang dekat jalur LRT? ya,ask_lrt_destinations
Mau nanya dong Min rekomendasi wisata Palembang apa? deh,ask_recommendation
Eh Fasilitas apa saja di PIM? nih,ask_facilities
Is there an entry fee for Ampera Bridge?,ask_ticket_price
Kapan Taman Kambang Iwak Besak buka?,ask_operating_hours
Bang Penjelasannya bagus kak ya,provide_feedback
Mau tanya fasilitas di Kampung Kapitan,ask_facilities
Min Apa BKB bisa dijangkau LRT?,ask_lrt_destinations
I want to know What does it cost to visit Kambang Iwak Park?,ask_ticket_price
Maaf mau tanya Fasilitas apa saja di PIM? dong,ask_facilities
Update harga tiket BKB dong,ask_ticket_price
Please Best things to do in Palembang? please,ask_recommendation
Selamat tinggal,goodbye
Kak Mau tanya fasilitas di Punti Kayu dong kak,ask_facilities
Bang Which tourist spots are near LRT stations? ya kak,ask_lrt_destinations
Kak Which tourist spots are near LRT stations? dong kak,ask_lrt_destinations
Kak Mau cari wisata alam di Palembang nih,ask_category
Lagu hits 2024 apa?,ask_unrelated
Min Jawaban yang sangat membantu deh,provide_feedback
Min Tempat yang belum terkenal di Palembang? ya,ask_hidden_gems
Weekday Palembang Square buka jam berapa?,ask_operating_hours
Permisi saya mau jalan-jalan di Palembang?,greet
Top tourist attractions in Palembang? deh,ask_recommendation
Kawah Tengkurep ada tempat istirahat?,ask_facilities
Min I'm bored,ask_unrelated
Permisi Jawabannya memuaskan dong,provide_feedback
Museum di Palembang apa aja?,ask_category
Permisi Informatif banget sih,provide_feedback
Maaf mau tanya Tempat yang belum terkenal di Palembang? nih,ask_hidden_gems
Mau nanya dong Ada mushola di PIM? deh,ask_facilities
Fasilitas apa saja di PIM? deh,ask_facilities
Tanya dong,greet
Min kasih tau hidden gems Palembang?,ask_hidden_gems
SMB jauh gak dari pusat kota?,ask_location_access
"Eh Hello, I'm looking for help",greet
Does Ampera Bridge have parking?,ask_facilities
Take care,goodbye
Ada mushola di Monpera? dong,ask_facilities
"Hello, Where should I go in Palembang??",ask_recommendation
Naik apa ke Taman Kambang Iwak Besak? dong kak,ask_location_access
Which tourist spots are near LRT stations? nih,ask_lrt_destinations
Bang Fasilitas apa saja di PIM? sih,ask_facilities
Yang termasuk wisata sejarah apa aja?,ask_category
"Excuse me, How to go to Benteng Kuto Besak??",ask_location_access
Info jam buka Kampung Kapitan dong,ask_operating_hours
Permisi Tiket masuk ke Taman Kebon Rojo sekarang berapa ya? ya,ask_ticket_price
Tempat yang belum terkenal di Palembang?,ask_hidden_gems
Pulau Kemaro lokasinya dimana?,ask_location_access
Bang Fasilitas apa saja di PIM?,ask_facilities
Permisi Min info wisata dekat LRT dong deh,ask_lrt_destinations
Fasilitas apa saja di PIM? dong,ask_facilities
Maaf mau tanya Halo aplikasi ya,greet
Min Wisata apa aja yang dekat jalur LRT? sih,ask_lrt_destinations
"Excuse me, Where should I go in Palembang? thanks",ask_recommendation
Kak Jawabannya memuaskan deh,provide_feedback
Min Best universities in Indonesia? ya,ask_unrelated
Bang Permisi saya mau jalan-jalan di Palembang sih,greet
Min Best universities in Indonesia? dong kak,ask_unrelated
Biaya tiket Kampung Arab Al-Munawar berapa kak?,ask_ticket_price
Wisata yang gampang dijangkau LRT?,ask_lrt_destinations
Halo ada admin?,greet
I'm bored?,ask_unrelated
Bang Makasih kak ya kak,goodbye
Makasih,goodbye
Kak Tiket masuk ke Taman Kebon Rojo sekarang berapa ya? nih,ask_ticket_price
Kak Wisata tersembunyi di Palembang? deh,ask_hidden_gems
Bang Mau cari museum di Palembang,ask_category
More information please,ask_destination_info
Halo Kak ada hidden gems gak? sih,ask_hidden_gems
Naik apa ke Pasar 16 Ilir?,ask_location_access
Kak Tempat masjid di Palembang?,ask_category
Bang Wisata romantis di Palembang? ya,ask_recommendation
Mau nanya dong Jadwal buka Palembang Icon kapan ya? dong,ask_operating_hours
Min Wisata accessible by LRT? sih,ask_lrt_destinations
Suggest places for sightseeing in Palembang,ask_recommendation
Bang PIM ada tempat parkir? ya kak,ask_facilities
Mau nanya dong I'm bored ya kak,ask_unrelated
Bang Apakah Palembang Trade Center buka hari Minggu? nih,ask_operating_hours
Lokasi Kambang Iwak dimana kak?,ask_location_access
Any parks in Palembang?,ask_category
"Got it, thanks dong kak",goodbye
Berapa ya tiket Kawah Tengkurep?,ask_ticket_price
Halo Kak ada hidden gems gak? dong kak,ask_hidden_gems
Min Fasilitas apa saja di PIM? ya kak,ask_facilities
"Hello, What does it cost to visit Kambang Iwak Park?",ask_ticket_price
PIM ada tempat parkir? ya kak,ask_facilities
apa yang bikin Pasar 16 Ilir ini spesial?,ask_destination_info
Rute ke Fantasy Island gimana?,ask_location_access
Mau nanya dong What amenities does Sultan Mahmud Badaruddin II Museum offer?,ask_facilities
What is Sultan Mahmud Badaruddin II Museum?,ask_destination_info
Review tentang Pasar 16 Ilir,ask_destination_info
Mau nanya dong Naik apa ke Taman Kambang Iwak Besak? sih,ask_location_access
Apa aja fasilitas di sana?,ask_facilities
What are the opening hours of Monpera?,ask_operating_hours
Deskripsi Pasar 16 Ilir,ask_destination_info
Ceritakan tentang Masjid Cheng Ho,ask_destination_info
Mau nanya dong Min rekomendasi wisata Palembang apa? sih,ask_recommendation
Min Min kasih tau hidden gems Palembang dong,ask_hidden_gems
Kak apa yang bikin SMB II ini spesial? sih,ask_destination_info
Jam buka Taman Kebon Rojo kapan?,ask_operating_hours
5 bintang deh,provide_feedback
Bang Great info nih,provide_feedback
Kak Mau ke Kawah Tengkurep lewat mana? deh,ask_location_access
"Hi, What does it cost to visit Kambang Iwak Park??",ask_ticket_price
HTM nya berapa?,ask_ticket_price
Maaf mau tanya Saranin wisata di Palembang dong dong kak,ask_recommendation
Does Monpera have parking?,ask_facilities
Maaf mau tanya Price to enter Kemaro Island? dong,ask_ticket_price
Min Tiket masuk Monpera berapa? deh,ask_ticket_price
Biaya tiket Al Quran Al Akbar berapa kak?,ask_ticket_price
Permisi Oi dong,greet
Halo Apa BKB bisa dijangkau LRT? ya kak,ask_lrt_destinations
Kak Apakah Palembang Trade Center buka hari Minggu? sih,ask_operating_hours
seru gak benteng kuto besak?,ask_destination_info
Mau cari museum di Palembang dong kak,ask_category
Permisi Naik apa ke Taman Kambang Iwak Besak?,ask_location_access
Wisata romantis di Palembang? sih,ask_recommendation
What's the entrance fee at Ampera Bridge?,ask_ticket_price
Palembang Trade Center bisa ditempuh pakai apa?,ask_location_access
Eh Which tourist spots are near LRT stations? dong,ask_lrt_destinations
Kak Min info wisata dekat LRT dong,ask_lrt_destinations
Permisi Wisata off the beaten path Palembang? deh,ask_hidden_gems
Maaf mau tanya Wisata off the beaten path Palembang? deh,ask_hidden_gems
Bang Kamu bodoh ya kak,ask_unrelated
Halo Wisata gratis di Palembang ada gak? sih,ask_recommendation
Bang Seru gak Benteng Kuto Besak? dong kak,ask_destination_info
Apakah Kampung Arab Al-Munawar gratis?,ask_ticket_price
Bang Nice info deh,provide_feedback
Info wisata yang terjangkau LRT ya,ask_lrt_destinations
What amenities does Sultan Mahmud Badaruddin II Museum offer? ya kak,ask_facilities
Wisata sepi tapi bagus di Palembang?,ask_hidden_gems
Eh Kamu bodoh sih,ask_unrelated
Min What's Kemaro Island like? ya kak,ask_destination_info
Min Best universities in Indonesia? nih,ask_unrelated
What's available at Sultan Mahmud Badaruddin II Museum?,ask_facilities
Dari jam berapa Kawah Tengkurep buka?,ask_operating_hours
Min Oke terima kasih banyak ya dong,goodbye
"Excuse me, List of parks in Palembang??",ask_category
Oke mantap kak,goodbye
Bang Penjelasannya bagus kak dong kak,provide_feedback
Kalo hari Sabtu Fantasy Island buka?,ask_operating_hours
Mau tanya jam operasional OPI Mall,ask_operating_hours
Kak What's Kemaro Island like? nih,ask_destination_info
Kak Selamat malam dong,greet
Permisi Jadwal buka Palembang Icon kapan ya? nih,ask_operating_hours
Bayar berapa kalo masuk Fantasy Island?,ask_ticket_price
Maaf mau tanya Mau cari wisata alam di Palembang deh,ask_category
Eh Which tourist spots are near LRT stations? ya,ask_lrt_destinations
Mau nanya dong Baik kak terima kasih ya kak,goodbye
Is Sultan Mahmud Badaruddin II Museum worth visiting?,ask_destination_info
Can you tell me Off the beaten path places in Palembang?,ask_hidden_gems
Eh What's 2+2? nih,ask_unrelated
Halo Kamu bodoh ya,ask_unrelated
Halloo,greet
Dimana lokasinya?,ask_location_access
Min Min rekomendasi wisata Palembang apa? dong kak,ask_recommendation
Info lokasi Kemaro dong,ask_location_access
Kak Tempat masjid di Palembang? dong,ask_category
Bang Price to enter Kemaro Island? dong kak,ask_ticket_price
Min Info wisata yang terjangkau LRT ya kak,ask_lrt_destinations
Opening hours for Monpera?,ask_operating_hours
Mau nanya dong Mau tau tentang Al Quran Al Akbar,ask_destination_info
Kak Penjelasannya bagus kak ya kak,provide_feedback
Min Mau cari wisata alam di Palembang dong kak,ask_category
Oke sip makasih,goodbye
Halo Wisata romantis di Palembang? sih,ask_recommendation
Permisi Sip makasih ya,goodbye
Weekday PTC buka jam berapa?,ask_operating_hours
Eh Wisata yang gak pasaran di Palembang? ya,ask_hidden_gems
Kapan Amanzi Waterpark buka?,ask_operating_hours
Halo Ada mushola di PIM? dong kak,ask_facilities
Eh Wisata gratis di Palembang ada gak? dong,ask_recommendation
Top tourist attractions in Palembang? dong,ask_recommendation
Bang Tempat wisata alam di Palembang? sih,ask_category
Best movies of 2024?,ask_unrelated
Permisi Kamu bodoh dong kak,ask_unrelated
Mau nanya dong Top tourist attractions in Palembang? nih,ask_recommendation
Min Ada mushola di Monpera? dong kak,ask_facilities
"Permisi Mau keliling Palembang naik LRT, kemana aja? sih",ask_lrt_destinations
Kak Top tourist attractions in Palembang? deh,ask_recommendation
Bang Palembang punya wisata religi apa? deh,ask_category
Halo Mau tau tentang Al Quran Al Akbar,ask_destination_info
Sip makasih dong,goodbye
Kak Wisata yang gak pasaran di Palembang? sih,ask_hidden_gems
Halo Bisa naik angkot ke PTC? ya kak,ask_location_access
Min Wisata apa yang bisa dijangkau LRT? ya kak,ask_lrt_destinations
Good answer,provide_feedback
Bang Wisata yang gak pasaran di Palembang?,ask_hidden_gems
Hari ini Taman Kebon Rojo buka gak ya?,ask_operating_hours
Permisi Tempat wisata alam di Palembang? dong kak,ask_category
Kak Kasih pantun dong ya,ask_unrelated
Kayak apa sih Al-Munawar?,ask_destination_info
Tolong kasih tau alamat Museum Balaputra Dewa,ask_location_access
Monpera berbayar atau gratis?,ask_ticket_price
Permisi Saranin wisata di Palembang dong ya kak,ask_recommendation
Ceritain Kambang Iwak dong kak,ask_destination_info
Min rekomendasi wisata Palembang apa,ask_recommendation
Kapan sih BKB buka?,ask_operating_hours
Ticket price?,ask_ticket_price
Jawabannya lengkap,provide_feedback
Maaf mau tanya Tempat masjid di Palembang? nih,ask_category
Bang Price to enter Kemaro Island? nih,ask_ticket_price
Eh Min rekomendasi wisata Palembang apa? dong kak,ask_recommendation
Permisi Recommend culinary tourism in Palembang,ask_category
Halo Recommend culinary tourism in Palembang ya,ask_category
Min Jam operasional Amanzi Waterpark? dong kak,ask_operating_hours
Bang Tempat wisata alam di Palembang? deh,ask_category
Halo Apa itu cryptocurrency? ya kak,ask_unrelated
Mau nanya dong Good evening sih,greet
Hello mau tanya,greet
Maaf mau tanya Tempat wisata unik di Palembang? sih,ask_hidden_gems
Permisi Halo aplikasi dong kak,greet
Mau liburan di Palembang kemana ya? dong,ask_recommendation
Mau nanya dong Great info deh,provide_feedback
Lokasinya dimana ya?,ask_location_access
Halo Naik apa ke Taman Kambang Iwak Besak? sih,ask_location_access
Mau nanya dong Wisata gratis di Palembang ada gak? nih,ask_recommendation
Tempat wisata alam di Palembang? dong kak,ask_category
Mau nanya dong Lokasi Kambang Iwak dimana kak? ya kak,ask_location_access
"Hello, Where should I go in Palembang?",ask_recommendation
Kak Wisata weekend di Palembang? sih,ask_recommendation
Permisi Apa itu cryptocurrency? sih,ask_unrelated
Eh Wisata off the beaten path Palembang? sih,ask_hidden_gems
Mau nanya dong Good evening dong kak,greet
Bang Tiket masuk ke Taman Kebon Rojo sekarang berapa ya? deh,ask_ticket_price
Maaf mau tanya Weekend KI buka? nih,ask_operating_hours
Permisi What's Kemaro Island like? dong kak,ask_destination_info
Kak Wisata tersembunyi di Palembang? ya kak,ask_hidden_gems
Halo Tips belajar bahasa Inggris? nih,ask_unrelated
What's 2+2? nih,ask_unrelated
Masjid Agung Palembang ramah anak gak?,ask_facilities
Permisi Jawabannya memuaskan deh,provide_feedback
Bang Sip makasih,goodbye
Fantasy Island ada toilet gak?,ask_facilities
"Maaf mau tanya Got it, thanks ya kak",goodbye
Permisi Naik apa ke Taman Kambang Iwak Besak? nih,ask_location_access
Eh Tempat wisata unik di Palembang? ya kak,ask_hidden_gems
Jawaban yang sangat membantu nih,provide_feedback
Mau nanya dong Fasilitas apa saja di PIM? ya kak,ask_facilities
Eh Jam operasional Amanzi Waterpark? dong kak,ask_operating_hours
Palembang tourism recommendations?,ask_recommendation
Halo Min rekomendasi wisata Palembang apa? ya,ask_recommendation
apa yang bikin SMB ini spesial?,ask_destination_info
Halo Fasilitas apa saja di PIM? dong,ask_facilities
Min Naik apa ke Taman Kambang Iwak Besak? deh,ask_location_access
Please List of parks in Palembang? please,ask_category
Eh Kasih pantun dong deh,ask_unrelated
Bang Tempat wisata alam di Palembang? dong kak,ask_category
Al-Munawar ada tempat istirahat?,ask_facilities
Destinasi yang LRT accessible?,ask_lrt_destinations
Eh Wisata off the beaten path Palembang? dong kak,ask_hidden_gems
Eh Bisa naik angkot ke PTC? ya kak,ask_location_access
Bang Which tourist spots are near LRT stations? sih,ask_lrt_destinations
"Eh Got it, thanks ya kak",goodbye
Mau nanya dong Tempat wisata unik di Palembang? dong,ask_hidden_gems
Hey Best things to do in Palembang??,ask_recommendation
Permisi Fasilitas apa saja di PIM? dong kak,ask_facilities
Bang Apakah Palembang Trade Center buka hari Minggu? dong kak,ask_operating_hours
What time does Jakabaring Sport City close?,ask_operating_hours
Eh Fasilitas apa saja di PIM? dong,ask_facilities
Kak Wisata gratis di Palembang ada gak? dong,ask_recommendation
Halo Terima kasih banyak nih,goodbye
Bang Informatif banget nih,provide_feedback
Maaf mau tanya What amenities does Sultan Mahmud Badaruddin II Museum offer?,ask_facilities
Rekomendasi wisata untuk liburan singkat,ask_recommendation
Ada yang aktif?,greet
Min Price to enter Kemaro Island? nih,ask_ticket_price
Min I'm bored nih,ask_unrelated
Eh Wisata gratis di Palembang ada gak? sih,ask_recommendation
Information about Al-Munawar Arab Village,ask_destination_info
Mau nanya dong Kak ada hidden gems gak? deh,ask_hidden_gems
Weekend Palembang Trade Center buka?,ask_operating_hours
Wisata off the beaten path Palembang,ask_hidden_gems
Eh Jam operasional Amanzi Waterpark? sih,ask_operating_hours
Mau nanya dong Wisata tersembunyi di Palembang? dong kak,ask_hidden_gems
Ceritain Ampera dong kak,ask_destination_info
Eh Min kasih tau hidden gems Palembang dong,ask_hidden_gems
Wisata yang paling dekat LRT?,ask_lrt_destinations
Kasih tau dong tentang Masjid Agung Palembang,ask_destination_info
Min Min kasih tau hidden gems Palembang dong kak,ask_hidden_gems
Permisi Min info wisata dekat LRT dong dong kak,ask_lrt_destinations
Eh Wisata tersembunyi di Palembang? dong kak,ask_hidden_gems
Kawah Tengkurep buka sampai malam gak?,ask_operating_hours
Maaf mau tanya Apa BKB bisa dijangkau LRT?,ask_lrt_destinations
Apa itu cryptocurrency? ya kak,ask_unrelated
Mau nanya dong Informatif banget dong,provide_feedback
Bang Wisata gratis di Palembang ada gak? dong kak,ask_recommendation
Kak Mantap kak dong kak,provide_feedback
Information about Grand Mosque of Palembang,ask_destination_info
"Hey, can I ask a question?",greet
Bayar berapa kalo masuk Al-Munawar?,ask_ticket_price
Tiket masuk Kambang Iwak berapa?,ask_ticket_price
Eh Nice info,provide_feedback
Ada fasilitas apa di Al-Munawar?,ask_facilities
Does Grand Mosque of Palembang have food stalls?,ask_facilities
What's the entrance fee at Punti Kayu Forest?,ask_ticket_price
Halo Recommend culinary tourism in Palembang sih,ask_category
Apa keunikan Siguntang?,ask_destination_info
Halo Tempat wisata alam di Palembang? deh,ask_category
Bang Wisata gratis di Palembang ada gak?,ask_recommendation
Oke terima kasih banyak ya dong kak,goodbye
Wisata apa aja yang dekat jalur LRT,ask_lrt_destinations
Permisi Bisa naik angkot ke PTC? nih,ask_location_access
Min Wisata gratis di Palembang ada gak? sih,ask_recommendation
Halo Wisata tersembunyi di Palembang? ya,ask_hidden_gems
Kemaro jauh gak dari pusat kota?,ask_location_access
Does Al-Munawar Arab Village open every day?,ask_operating_hours
Kak Makasih ya,goodbye
Permisi Palembang punya wisata religi apa? dong kak,ask_category
Mau cari museum di Palembang nih,ask_category
Mau nanya dong Ada mushola di PIM? dong kak,ask_facilities
Facilities at Kemaro Island?,ask_facilities
Maaf mau tanya Tiket masuk ke Taman Kebon Rojo sekarang berapa ya? sih,ask_ticket_price
Wisata gratis di Palembang ada gak? dong,ask_recommendation
Thanks for the info,provide_feedback
Seru gak Benteng Kuto Besak? sih,ask_destination_info
Permisi Kak ada hidden gems gak? dong kak,ask_hidden_gems
Halo Recommend culinary tourism in Palembang dong,ask_category
Halo aplikasi deh,greet
"Hello, Off the beaten path places in Palembang? thanks",ask_hidden_gems
Mau nanya dong Terima kasih banyak ya kak,goodbye
Thanks so much,goodbye
Halo Mau liburan di Palembang kemana ya?,ask_recommendation
Tempat yang belum terkenal di Palembang? deh,ask_hidden_gems
Bang tiket Palembang Icon berapa?,ask_ticket_price
Update harga tiket KI dong,ask_ticket_price
Is Kampung Kapitan open in the morning?,ask_operating_hours
"Bang Got it, thanks ya",goodbye
Kak What's Kemaro Island like? dong kak,ask_destination_info
Halo Selamat malam dong kak,greet
Seru gak Jakabaring,ask_destination_info
Hidden spots in Palembang?,ask_hidden_gems
Halo Tempat wisata unik di Palembang? dong kak,ask_hidden_gems
Kak Tips belajar bahasa Inggris? dong kak,ask_unrelated
Mau nanya dong Mau cari museum di Palembang ya kak,ask_category
Monpera buka sampai malam gak?,ask_operating_hours
Permisi Min info wisata dekat LRT dong,ask_lrt_destinations
What destinations are accessible by LRT?,ask_lrt_destinations
Baik kak terima kasih?,goodbye
Ceritakan tentang Taman Kebon Rojo,ask_destination_info
Permisi Baik kak terima kasih dong kak,goodbye
Price to enter Punti Kayu Forest?,ask_ticket_price
Kak PIM ada tempat parkir? nih,ask_facilities
What's the weather today?,ask_unrelated
Any nature tourism in Palembang?,ask_category
Permisi Halo aplikasi ya,greet
Fasilitas apa saja di Monpera?,ask_facilities
Maaf mau tanya Wisata off the beaten path Palembang? nih,ask_hidden_gems
Halo Weekend KI buka? ya,ask_operating_hours
Must-visit places in Palembang?,ask_recommendation
Permisi Oi ya,greet
I want to know Where is Benteng Kuto Besak? thanks,ask_location_access
Maaf mau tanya Dadah kak dong kak,goodbye
Kampung Arab Al-Munawar ada spot foto gak?,ask_facilities
Kak Tempat wisata unik di Palembang? sih,ask_hidden_gems
Palembang Icon ada tempat istirahat?,ask_facilities
Permisi Min rekomendasi wisata Palembang apa? sih,ask_recommendation
Permisi Weekend KI buka? ya kak,ask_operating_hours
Dari pusat kota ke Jakabaring berapa lama?,ask_location_access
How to cook fried rice?,ask_unrelated
Makasih kak nanti saya tanya lagi,goodbye
Maaf mau tanya Seru gak Benteng Kuto Besak? sih,ask_destination_info
Min Ada mushola di Monpera?,ask_facilities
List of historical sites in Palembang?,ask_category
Ada wisata kuliner gak di Palembang?,ask_category
Describe Monpera,ask_destination_info
Maaf mau tanya Tiket masuk Monpera berapa?,ask_ticket_price
Permisi Informatif banget,provide_feedback
Ada fasilitas apa di Jakabaring Sport City?,ask_facilities
Weekend Benteng Kuto Besak buka?,ask_operating_hours
Eh Dadah kak nih,goodbye
Permisi Baik kak terima kasih sih,goodbye
Maaf mau tanya What's Kemaro Island like? dong kak,ask_destination_info
Does Punti Kayu Forest have food stalls?,ask_facilities
Palembang punya taman apa?,ask_category
Mau nanya dong I'm bored nih,ask_unrelated
Eh Mau ke Kawah Tengkurep lewat mana? sih,ask_location_access
Kak Wisata romantis di Palembang? ya,ask_recommendation
Permisi Fasilitas apa saja di PIM?,ask_facilities
Tips belajar bahasa Inggris? ya,ask_unrelated
Weekday PIM buka jam berapa?,ask_operating_hours
Bang Ada mushola di Monpera? dong,ask_facilities
Permisi Jam operasional Amanzi Waterpark? dong kak,ask_operating_hours
Is Punti Kayu Forest child-friendly?,ask_facilities
"Hi, Where is Benteng Kuto Besak? please",ask_location_access
Bang Halo aplikasi dong,greet
Seru gak Amanzi Waterpark?,ask_destination_info
Permisi Info wisata yang terjangkau LRT dong kak,ask_lrt_destinations
Min Mantap kak dong kak,provide_feedback
Maaf mau tanya I'm bored ya kak,ask_unrelated
Kak Mau cari wisata alam di Palembang,ask_category
Permisi Wisata yang gak pasaran di Palembang? ya kak,ask_hidden_gems
Bang Min info wisata dekat LRT dong dong,ask_lrt_destinations
Ada wifi di SMB?,ask_facilities
Eh What's 2+2? ya,ask_unrelated
Maaf mau tanya I'm bored,ask_unrelated
Kak Mau tanya fasilitas di Punti Kayu ya,ask_facilities
Which tourist spots are near LRT stations? dong,ask_lrt_destinations
Hari ini buka?,ask_operating_hours
Permisi Permisi saya mau jalan-jalan di Palembang deh,greet
Maaf mau tanya Apa BKB bisa dijangkau LRT? deh,ask_lrt_destinations
Kak Wisata gratis di Palembang ada gak? sih,ask_recommendation
Off the beaten path places in Palembang? please,ask_hidden_gems
Min Halo aplikasi ya,greet
Bang Wisata off the beaten path Palembang? ya,ask_hidden_gems
Min Makasih kak sih,goodbye
Permisi Best universities in Indonesia?,ask_unrelated
Halo Tiket masuk ke Taman Kebon Rojo sekarang berapa ya? sih,ask_ticket_price
Information about Ampera Bridge,ask_destination_info
What's Kemaro Island like?,ask_destination_info
seru gak jakabaring?,ask_destination_info
Maaf mau tanya Informatif banget nih,provide_feedback
Maaf mau tanya Ada mushola di Monpera? nih,ask_facilities
Eh Oke terima kasih banyak ya,goodbye
Halo Wisata romantis di Palembang? nih,ask_recommendation
Sore kak,greet
Eh Apa BKB bisa dijangkau LRT? sih,ask_lrt_destinations
Maaf mau tanya Mau cari museum di Palembang dong kak,ask_category
Bang Makasih kak,goodbye
Min Mau tanya fasilitas di Punti Kayu dong,ask_facilities
Eh Tempat masjid di Palembang? dong,ask_category
Halo Fasilitas apa saja di PIM?,ask_facilities
Segitu dulu kak thanks,goodbye
Dari mana ke Masjid Cheng Ho?,ask_location_access
Destinasi wisata religi Palembang?,ask_category
Min Sip makasih dong kak,goodbye
Mau nanya dong Top tourist attractions in Palembang? ya kak,ask_recommendation
Min Mau cari wisata alam di Palembang deh,ask_category
Mau nanya dong Jawabannya memuaskan ya kak,provide_feedback
Mau tanya harga tiket OPI Mall,ask_ticket_price
Halo Great info,provide_feedback
Nature spots in Palembang?,ask_category
Mau tau tentang Al Quran Al Akbar sih,ask_destination_info
Kak Min kasih tau hidden gems Palembang ya,ask_hidden_gems
Permisi Kasih pantun dong ya kak,ask_unrelated
Maaf mau tanya Fasilitas apa saja di PIM? deh,ask_facilities
How much is the ticket to Punti Kayu Forest?,ask_ticket_price
Maaf mau tanya Selamat malam deh,greet
Mau liburan di Palembang kemana ya,ask_recommendation
Ke SMB II bayar berapa ya?,ask_ticket_price
Cek,greet
"Maaf mau tanya Got it, thanks deh",goodbye
Bang Wisata off the beaten path Palembang? sih,ask_hidden_gems
Eh Informatif banget ya kak,provide_feedback
Weekend KI buka? ya kak,ask_operating_hours
Where can I find nature tourism in Palembang?,ask_category
Info wisata yang terjangkau LRT ya kak,ask_lrt_destinations
Mau nanya dong Mau cari museum di Palembang nih,ask_category
Apakah ada wisata yang bisa dijangkau LRT?,ask_lrt_destinations
culinary tourism places in Palembang?,ask_category
Permisi Mau cari museum di Palembang dong,ask_category
Kak Wisata weekend di Palembang? ya kak,ask_recommendation
Halo Price to enter Kemaro Island? dong kak,ask_ticket_price
Permisi Berapa duit tiketnya? dong kak,ask_ticket_price
Info wisata yang terjangkau LRT dong kak,ask_lrt_destinations
Maaf mau tanya Oi dong kak,greet
Maaf mau tanya Halo aplikasi deh,greet
Seru gak Jakabaring?,ask_destination_info
Is Monpera open on weekends?,ask_operating_hours
Mau tanya harga tiket Kambang Iwak,ask_ticket_price
Permisi Wisata yang gak pasaran di Palembang? sih,ask_hidden_gems
Min Kasih pantun dong dong,ask_unrelated
Permisi Mau cari museum di Palembang ya kak,ask_category
Kak Good evening dong kak,greet
Recommend parks in Palembang,ask_category
Fasilitas Al Quran Al Akbar lengkap gak?,ask_facilities
Min Tempat keren tapi belum terkenal di Palembang?,ask_hidden_gems
Kak Saranin wisata di Palembang dong sih,ask_recommendation
Mau nanya dong Makasih kak ya kak,goodbye
Mau tau tentang Punti Kayu,ask_destination_info
Biaya tiket Palembang Square berapa kak?,ask_ticket_price
Eh Which tourist spots are near LRT stations?,ask_lrt_destinations
Mantap,provide_feedback
Maaf mau tanya Seru gak Benteng Kuto Besak? ya,ask_destination_info
Good evening sih,greet
Bang Lokasi Kambang Iwak dimana kak? deh,ask_location_access
Wisata tersembunyi di Palembang? dong,ask_hidden_gems
Eh Mantap kak ya kak,provide_feedback
Weekend KI buka? ya,ask_operating_hours
Mau nanya dong Tempat masjid di Palembang? deh,ask_category
Min I'm bored dong,ask_unrelated
Permisi Ada mushola di PIM? dong kak,ask_facilities
Eh Wisata yang gak pasaran di Palembang? ya kak,ask_hidden_gems
"Min Got it, thanks",goodbye
Maaf mau tanya Bisa naik angkot ke PTC? ya,ask_location_access
"Hello, What to see in Palembang??",ask_recommendation
Deskripsi Fantasy Island,ask_destination_info
"Maaf mau tanya Mau keliling Palembang naik LRT, kemana aja? ya",ask_lrt_destinations
Tiket masuk ke Museum Sultan Mahmud Badaruddin II sekarang berapa ya?,ask_ticket_price
Kalo hari Sabtu Bukit Siguntang buka?,ask_operating_hours
Kak apa yang bikin SMB II ini spesial? dong kak,ask_destination_info
Halo Oke terima kasih banyak ya,goodbye
Permisi Makasih kak dong,goodbye
Kak Mau cari wisata alam di Palembang ya kak,ask_category
What days is Punti Kayu Forest open?,ask_operating_hours
Eh Wisata apa aja yang dekat jalur LRT? deh,ask_lrt_destinations
"Hi, Good morning, I have a question",greet
Halo Wisata accessible by LRT? nih,ask_lrt_destinations
Mau nanya dong Info wisata yang terjangkau LRT ya,ask_lrt_destinations
Is Kemaro Island free?,ask_ticket_price
Bang Sip lanjut kak deh,provide_feedback
Min Fasilitas apa saja di PIM? dong,ask_facilities
Permisi mau tanya harga tiket Kambang Iwak,ask_ticket_price
Halo Good evening nih,greet
what are the operating hours of ampera bridge?,ask_operating_hours
Yang termasuk wisata budaya apa aja?,ask_category
Min Min kasih tau hidden gems Palembang ya,ask_hidden_gems
Update harga tiket PTC dong,ask_ticket_price
Apa itu?,ask_destination_info
Min Weekend KI buka? dong kak,ask_operating_hours
Min rekomendasi wisata Palembang apa?,ask_recommendation
Permisi Min rekomendasi wisata Palembang apa?,ask_recommendation
Kak Tiket masuk Monpera berapa? deh,ask_ticket_price
Maaf mau tanya Price to enter Kemaro Island? sih,ask_ticket_price
Halo Tempat wisata alam di Palembang?,ask_category
Love this bot,provide_feedback
Is Punti Kayu Forest open on Sunday?,ask_operating_hours
"Mau nanya dong Mau keliling Palembang naik LRT, kemana aja?",ask_lrt_destinations
Min What amenities does Sultan Mahmud Badaruddin II Museum offer?,ask_facilities
Naik apa ke Taman Kambang Iwak Besak? nih,ask_location_access
Mau nanya dong Apakah Palembang Trade Center buka hari Minggu? sih,ask_operating_hours
Permisi Good evening dong,greet
Permisi Mau cari wisata alam di Palembang nih,ask_category
Min Recommend culinary tourism in Palembang nih,ask_category
Waalaikumsalam,goodbye
Makasih kak,goodbye
Maaf mau tanya Ada mushola di PIM? dong kak,ask_facilities
How much is the admission to Grand Mosque of Palembang?,ask_ticket_price
Bot nya pintar ya,provide_feedback
That makes sense,provide_feedback
I want to know Where is Benteng Kuto Besak?,ask_location_access
Halo What's 2+2? dong kak,ask_unrelated
Seru gak Benteng Kuto Besak? dong kak,ask_destination_info
Kak What's Kemaro Island like? dong,ask_destination_info
Mau nanya dong Palembang punya wisata religi apa? dong,ask_category
Maaf mau tanya Seru gak Benteng Kuto Besak?,ask_destination_info
Eh Mau ke Kawah Tengkurep lewat mana? dong kak,ask_location_access
Min Saranin wisata di Palembang dong,ask_recommendation
Mau nanya dong Seru gak Benteng Kuto Besak? deh,ask_destination_info
"Min Got it, thanks dong",goodbye
Eh Sip makasih,goodbye
Min Kak ada hidden gems gak? ya kak,ask_hidden_gems
Eh Top tourist attractions in Palembang? deh,ask_recommendation
Min Mantap kak,provide_feedback
Permisi Ada mushola di Monpera? ya kak,ask_facilities
Cerita sejarah SMB dong,ask_destination_info
PIM bayar berapa?,ask_ticket_price
Wassalamualaikum,goodbye
Eh What amenities does Sultan Mahmud Badaruddin II Museum offer? deh,ask_facilities
apakah palembang trade center buka hari minggu?,ask_operating_hours
"Kak Got it, thanks dong",goodbye
Kak Kak ada hidden gems gak? sih,ask_hidden_gems
Halo Price to enter Kemaro Island? nih,ask_ticket_price
Gimana Kambang Iwak?,ask_destination_info
What are the best places to visit in Palembang?,ask_recommendation
Maaf mau tanya Ada mushola di Monpera? deh,ask_facilities
How to go to Sultan Mahmud Badaruddin II Museum?,ask_location_access
Kak dimana ya Bukit Siguntang?,ask_location_access
Menarik gak?,ask_destination_info
Bang Wisata apa aja yang dekat jalur LRT?,ask_lrt_destinations
Is Jakabaring Sport City open on weekends?,ask_operating_hours
Kak Penjelasannya bagus kak deh,provide_feedback
Permisi Informatif banget dong kak,provide_feedback
Mau nanya dong Bisa naik angkot ke PTC? ya kak,ask_location_access
What is Al-Munawar Arab Village?,ask_destination_info
Min Ada mushola di PIM? dong kak,ask_facilities
where is benteng kuto besak?,ask_location_access
Eh Min info wisata dekat LRT dong deh,ask_lrt_destinations
Test,greet
"Bang Hello, I'm looking for help sih",greet
Eh Top tourist attractions in Palembang? nih,ask_recommendation
Rute ke Amanzi Waterpark gimana?,ask_location_access
Eh Mau liburan di Palembang kemana ya? ya,ask_recommendation
Terima kasih sudah membantu,goodbye
Seru gak Jakabaring? nih,ask_destination_info
Baik terima kasih,goodbye
Maaf mau tanya Wisata gratis di Palembang ada gak? ya kak,ask_recommendation
Eh Nice info dong kak,provide_feedback
Bisa naik angkot ke PTC? dong,ask_location_access
Bang Wisata yang gak pasaran di Palembang? sih,ask_hidden_gems
Permisi Selamat malam sih,greet
History of Ampera Bridge?,ask_destination_info
Halo Wisata yang gak pasaran di Palembang? ya,ask_hidden_gems
How to get a visa?,ask_unrelated
Alright thanks,goodbye
Eh Terima kasih banyak deh,goodbye
Weekend Siguntang buka?,ask_operating_hours
Facilities at Jakabaring Sport City?,ask_facilities
Nanti tanya lagi ya kak,goodbye
Bukit Siguntang itu apa?,ask_destination_info
Bang Seru gak Jakabaring? sih,ask_destination_info
Mau tanya fasilitas di Monpera,ask_facilities
"Halo Got it, thanks nih",goodbye
Kapan piala dunia?,ask_unrelated
Min Tempat keren tapi belum terkenal di Palembang? dong,ask_hidden_gems
Baik kak terima kasih ya,goodbye
Halo Best universities in Indonesia? sih,ask_unrelated
Tempat wisata budaya di Palembang?,ask_category
dulu tempat ini bekas apa?,ask_destination_info
Mau nanya dong Oke terima kasih banyak ya dong,goodbye
Mau cari wisata alam di Palembang,ask_category
Permisi Tempat masjid di Palembang? sih,ask_category
Bang Tempat wisata unik di Palembang? ya kak,ask_hidden_gems
mau ke kawah tengkurep lewat mana?,ask_location_access
Halo Nice info dong,provide_feedback
Min Tempat keren tapi belum terkenal di Palembang? dong kak,ask_hidden_gems
Keren sih ini botnya,provide_feedback
"Hello, What to see in Palembang? thanks",ask_recommendation
Min Penjelasannya bagus kak dong kak,provide_feedback
Eh Mau tau tentang Al Quran Al Akbar nih,ask_destination_info
Bang Berapa duit tiketnya? dong,ask_ticket_price
Ceritain Hutan Wisata Punti Kayu dong kak,ask_destination_info
Bang Apakah Palembang Trade Center buka hari Minggu? sih,ask_operating_hours
Permisi Good evening ya kak,greet
asal usul SMB II ini gimana ceritanya?,ask_destination_info
List of culinary tourism in Palembang?,ask_category
Bang Permisi saya mau jalan-jalan di Palembang ya,greet
Eh Palembang punya wisata religi apa? ya,ask_category
kamu bodoh,ask_unrelated
Eh Info wisata yang terjangkau LRT,ask_lrt_destinations
Bang Mau tanya fasilitas di Punti Kayu deh,ask_facilities
Halo,greet
Kak Good evening ya,greet
Eh Wisata apa aja yang dekat jalur LRT? sih,ask_lrt_destinations
Tiket masuk Monpera berapa? ya,ask_ticket_price
Permisi Wisata tersembunyi di Palembang? deh,ask_hidden_gems
kamu manusia apa robot?,ask_unrelated
Hai hai,greet
Maaf mau tanya Lokasi Kambang Iwak dimana kak? ya,ask_location_access
"Hello, I'm looking for help ya",greet
Halo Wisata gratis di Palembang ada gak? dong,ask_recommendation
Halo Jam operasional Amanzi Waterpark? deh,ask_operating_hours
Kak I'm bored ya kak,ask_unrelated
Min Makasih kak nih,goodbye
What's the location of Jakabaring Sport City?,ask_location_access
Maaf mau tanya Mau tau tentang Al Quran Al Akbar sih,ask_destination_info
Bang Lokasi Kambang Iwak dimana kak?,ask_location_access
Halo Mau ke Kawah Tengkurep lewat mana? deh,ask_location_access
Permisi Which tourist spots are near LRT stations? ya,ask_lrt_destinations
Halo Informatif banget deh,provide_feedback
Halo Terima kasih banyak dong,goodbye
Kak Oke terima kasih banyak ya,goodbye
Eh Saranin wisata di Palembang dong dong kak,ask_recommendation
Bang Info wisata yang terjangkau LRT ya,ask_lrt_destinations
Maaf mau tanya Dadah kak deh,goodbye
Permisi Informatif banget dong,provide_feedback
Ceritain Museum Sultan Mahmud Badaruddin II dong kak,ask_destination_info
Mau nanya dong Mau cari wisata alam di Palembang nih,ask_category
Hey bot,greet
Kak Tiket masuk Monpera berapa? dong,ask_ticket_price
SMB dekat stasiun LRT mana?,ask_lrt_destinations
Eh Permisi saya mau jalan-jalan di Palembang deh,greet
Kak Jadwal buka Palembang Icon kapan ya? dong,ask_operating_hours
what to see in palembang?,ask_recommendation
Halo Bisa naik angkot ke PTC? nih,ask_location_access
Eh Recommend culinary tourism in Palembang,ask_category
Min Mantap kak nih,provide_feedback
Price to enter Kemaro Island?,ask_ticket_price
Halo Fasilitas apa saja di PIM? ya kak,ask_facilities
Alamat lengkapnya?,ask_location_access
Maaf mau tanya Sip lanjut kak dong,provide_feedback
Halo Apakah Palembang Trade Center buka hari Minggu? ya kak,ask_operating_hours
Can someone help me?,greet
Eh Selamat malam dong,greet
Kak Jam operasional Amanzi Waterpark? ya kak,ask_operating_hours
Kak ada hidden gems gak? ya,ask_hidden_gems
Halo Tiket masuk Monpera berapa? dong,ask_ticket_price
Min Great info sih,provide_feedback
Permisi Wisata apa yang bisa dijangkau LRT? sih,ask_lrt_destinations
Rekomendasikan tempat wisata di Palembang,ask_recommendation
Fantasy Island hari libur buka gak?,ask_operating_hours
Palembang punya wisata apa aja?,ask_recommendation
Halo aplikasi?,greet
Permisi Palembang punya wisata religi apa?,ask_category
Eh Seru gak Benteng Kuto Besak? dong,ask_destination_info
Bisa naik angkot ke PTC? nih,ask_location_access
Eh Nice info ya kak,provide_feedback
Masjid bersejarah di Palembang?,ask_category
Kak Min info wisata dekat LRT dong sih,ask_lrt_destinations
Permisi Kamu bodoh dong,ask_unrelated
Halo Wisata tersembunyi di Palembang? sih,ask_hidden_gems
Bang What amenities does Sultan Mahmud Badaruddin II Museum offer? ya kak,ask_facilities
Thanks for your help,goodbye
Mau minta saran wisata Palembang,ask_recommendation
Oke terima kasih banyak ya nih,goodbye
Eh Wisata yang gak pasaran di Palembang? sih,ask_hidden_gems
Mau tanya jam operasional Al Quran Al Akbar,ask_operating_hours
Please What are the operating hours of Ampera Bridge? thanks,ask_operating_hours
Permisi Price to enter Kemaro Island? ya kak,ask_ticket_price
Penjelasannya bagus kak,provide_feedback
Kak Tips belajar bahasa Inggris? sih,ask_unrelated
Halo What amenities does Sultan Mahmud Badaruddin II Museum offer? deh,ask_facilities
Mau tau tentang Kampung Kapitan,ask_destination_info
"Bang Mau keliling Palembang naik LRT, kemana aja? dong",ask_lrt_destinations
Bang Tempat masjid di Palembang? dong kak,ask_category
Min Tiket masuk ke Taman Kebon Rojo sekarang berapa ya? ya,ask_ticket_price
Min Wisata tersembunyi di Palembang? deh,ask_hidden_gems
tiket masuk monpera berapa?,ask_ticket_price
Great info nih,provide_feedback
Permisi Permisi saya mau jalan-jalan di Palembang dong,greet
Mau nanya dong Bisa naik angkot ke PTC? nih,ask_location_access
Eh PIM ada tempat parkir? dong,ask_facilities
Weekday Kampung Kapitan buka jam berapa?,ask_operating_hours
Hey What to see in Palembang? please,ask_recommendation
"Kak Got it, thanks dong kak",goodbye
Eh Ada mushola di Monpera? dong kak,ask_facilities
Min Kamu bodoh ya,ask_unrelated
Fasilitas apa saja di PIM?,ask_facilities
"Bang Got it, thanks sih",goodbye
apa yang bikin Hutan Wisata Punti Kayu ini spesial?,ask_destination_info
Min Palembang punya wisata religi apa? dong,ask_category
Lokasi Kambang Iwak dimana kak? ya kak,ask_location_access
Alamat Monpera dimana?,ask_location_access
"Hello, Where is Benteng Kuto Besak? thanks",ask_location_access
Permisi Baik kak terima kasih ya kak,goodbye
Kak fasilitas Kampung Arab Al-Munawar apa aja ya?,ask_facilities
Mau ke Kambang Iwak lewat mana?,ask_location_access
Bang Bisa naik angkot ke PTC? dong kak,ask_location_access
Review tentang Taman Kebon Rojo,ask_destination_info
Taman Kambang Iwak Besak gratis gak sih?,ask_ticket_price
Jakabaring Sport City ada tempat istirahat?,ask_facilities
Menarik gak Benteng Kuto Besak?,ask_destination_info
Tiket masuk Jembatan Ampera berapa?,ask_ticket_price
Arah ke Kambang Iwak gimana?,ask_location_access
Mau nanya dong Recommend culinary tourism in Palembang deh,ask_category
Mau nanya dong Oke terima kasih banyak ya dong kak,goodbye
Naik apa ke PIM?,ask_location_access
Bang Terima kasih banyak dong,goodbye
Tempat masjid di Palembang? deh,ask_category
Cara masak rendang gimana?,ask_unrelated
Permisi Ada mushola di PIM?,ask_facilities
Eh I'm bored dong,ask_unrelated
Permisi Wisata gratis di Palembang ada gak? dong kak,ask_recommendation
Kak Baik kak terima kasih sih,goodbye
Good job,provide_feedback
Mau nanya dong Lokasi Kambang Iwak dimana kak? dong kak,ask_location_access
Min What's 2+2? ya,ask_unrelated
Bang Wisata apa aja yang dekat jalur LRT? deh,ask_lrt_destinations
Maaf mau tanya Tips belajar bahasa Inggris? dong,ask_unrelated
Hai kak,greet
Halo Tempat masjid di Palembang? dong,ask_category
Bang Ada mushola di PIM? sih,ask_facilities
Akses ke sana gimana?,ask_location_access
Maaf mau tanya Mau ke Kawah Tengkurep lewat mana? nih,ask_location_access
Palembang LRT tourism destinations?,ask_lrt_destinations
Mau nanya dong Wisata gratis di Palembang ada gak? ya kak,ask_recommendation
Which tourist spots are near LRT stations? deh,ask_lrt_destinations
Mau nanya dong Apa itu cryptocurrency? nih,ask_unrelated
Maaf mau tanya Saranin wisata di Palembang dong dong,ask_recommendation
Min Price to enter Kemaro Island? sih,ask_ticket_price
Permisi Wisata romantis di Palembang? ya,ask_recommendation
Eh Saranin wisata di Palembang dong ya,ask_recommendation
Mau nanya dong Tempat masjid di Palembang?,ask_category
Tiket masuk ke Amanzi Waterpark sekarang berapa ya?,ask_ticket_price
Info wisata yang terjangkau LRT,ask_lrt_destinations
Permisi Tempat masjid di Palembang? ya,ask_category
Eh Terima kasih banyak dong,goodbye
Mau nanya dong Informatif banget nih,provide_feedback
Eh Tips belajar bahasa Inggris? deh,ask_unrelated
Apakah Taman Kambang Iwak Besak gratis?,ask_ticket_price
Maaf mau tanya Terima kasih banyak dong,goodbye
"I want to know Good morning, I have a question?",greet
Museum Sultan Mahmud Badaruddin II bagus gak?,ask_destination_info
Bang Oi ya,greet
Permisi Selamat malam nih,greet
Bang Baik kak terima kasih nih,goodbye
Eh Mau liburan di Palembang kemana ya? sih,ask_recommendation
Min alamat Kambang Iwak apa ya?,ask_location_access
Tell me about Kemaro Island,ask_destination_info
Dadah kak dong kak,goodbye
Ke BKB bayar berapa ya?,ask_ticket_price
Kampung Arab Al-Munawar bagus gak?,ask_destination_info
Apa Jembatan Ampera bayar?,ask_ticket_price
Halo Jawaban yang sangat membantu ya,provide_feedback
Maaf mau tanya Mau ke Kawah Tengkurep lewat mana? sih,ask_location_access
Tiket Al Quran Al Akbar berapa sih?,ask_ticket_price
Mau nanya dong Fasilitas apa saja di PIM?,ask_facilities
Deskripsi SMB,ask_destination_info
Min mau tanya,greet
Permisi Jawaban yang sangat membantu,provide_feedback
Kamu bodoh?,ask_unrelated
Seru gak Jakabaring? ya kak,ask_destination_info
Jam buka Bukit Siguntang kapan?,ask_operating_hours
Min Good evening sih,greet
Kak Berapa duit tiketnya? ya kak,ask_ticket_price
Eh Best universities in Indonesia? nih,ask_unrelated
Permisi Palembang punya wisata religi apa? ya kak,ask_category
Kak ada wisata kuliner gak di Palembang?,ask_category
Kak Palembang Square buka dari jam berapa sampai jam berapa? dong kak,ask_operating_hours
Eh What's 2+2? sih,ask_unrelated
Bang Best universities in Indonesia?,ask_unrelated
Kak Jadwal buka Palembang Icon kapan ya? ya,ask_operating_hours
Permisi Mau ke Kawah Tengkurep lewat mana? nih,ask_location_access
Mau nanya dong Price to enter Kemaro Island? dong kak,ask_ticket_price
Maaf mau tanya Halo aplikasi dong kak,greet
Permisi Kak ada hidden gems gak? deh,ask_hidden_gems
"Hi, What does it cost to visit Kambang Iwak Park?",ask_ticket_price
Mau nanya dong Mantap kak ya kak,provide_feedback
Bang Mau cari wisata alam di Palembang sih,ask_category
Makasih kak dong kak,goodbye
Min Top tourist attractions in Palembang?,ask_recommendation
Bang Wisata yang gak pasaran di Palembang? nih,ask_hidden_gems
Halo Wisata tersembunyi di Palembang? dong,ask_hidden_gems
Halo Wisata apa aja yang dekat jalur LRT? dong kak,ask_lrt_destinations
Opening hours for Benteng Kuto Besak?,ask_operating_hours
Bang Wisata romantis di Palembang? dong,ask_recommendation
Eh Kasih pantun dong sih,ask_unrelated
Maaf mau tanya Saranin wisata di Palembang dong ya,ask_recommendation
What's the entrance fee at Kampung Kapitan?,ask_ticket_price
Wisata romantis di Palembang? nih,ask_recommendation
Does Kambang Iwak Park have parking?,ask_facilities
Mau nanya dong Terima kasih banyak sih,goodbye
Kak Wisata romantis di Palembang? dong kak,ask_recommendation
Kak Great info ya kak,provide_feedback
Permisi Selamat malam ya,greet
Min tolong saran wisata dong,ask_recommendation
Palembang Square buka dari jam berapa sampai jam berapa?,ask_operating_hours
Mau nanya dong Baik kak terima kasih dong kak,goodbye
Ada wifi di Jembatan Ampera?,ask_facilities
Mau tau tentang Kambang Iwak,ask_destination_info
Kak Penjelasannya bagus kak ya,provide_feedback
Bang Wisata gratis di Palembang ada gak? ya,ask_recommendation
Terima kasih banyak deh,goodbye
Biaya tiket Kambang Iwak berapa kak?,ask_ticket_price
Jawabannya memuaskan?,provide_feedback
Eh PIM ada tempat parkir? deh,ask_facilities
Rekomendasi wisata sejarah Palembang,ask_category
"Eh Got it, thanks ya",goodbye
Min Mau tau tentang Al Quran Al Akbar,ask_destination_info
Bang Recommend culinary tourism in Palembang nih,ask_category
Mau nanya dong PIM ada tempat parkir? ya,ask_facilities
Mau nanya dong Fasilitas apa saja di PIM? dong kak,ask_facilities
"Mau nanya dong Hello, I'm looking for help dong",greet
Hey How to go to Benteng Kuto Besak? thanks,ask_location_access
Mau nanya dong Ada mushola di PIM? ya,ask_facilities
Mau nanya dong Weekend KI buka?,ask_operating_hours
Halo Min info wisata dekat LRT dong ya kak,ask_lrt_destinations
Opening hours for Kampung Kapitan?,ask_operating_hours
Eh I'm bored,ask_unrelated
Places that tourists don't usually go?,ask_hidden_gems
Does Al-Munawar Arab Village have food stalls?,ask_facilities
Halo Mau liburan di Palembang kemana ya? dong,ask_recommendation
Halo PIM ada tempat parkir? nih,ask_facilities
Good evening ya kak,greet
Tempat wisata unik di Palembang? ya,ask_hidden_gems
Mau nanya dong Kamu bodoh ya kak,ask_unrelated
Eh Top tourist attractions in Palembang? ya kak,ask_recommendation
Maaf mau tanya Apakah Palembang Trade Center buka hari Minggu? ya kak,ask_operating_hours
Halo Weekend KI buka?,ask_operating_hours
I want to know What are the operating hours of Ampera Bridge? thanks,ask_operating_hours
"Eh Hello, I'm looking for help ya kak",greet
Kak Wisata apa aja yang dekat jalur LRT? ya,ask_lrt_destinations
Sip makasih dong kak,goodbye
Kapan sih Taman Kebon Rojo buka?,ask_operating_hours
What is AI?,ask_unrelated
Hi there,greet
Min rekomendasi wisata Palembang apa? nih,ask_recommendation
Eh Wisata tersembunyi di Palembang?,ask_hidden_gems
Great info dong,provide_feedback
Bang Bisa naik angkot ke PTC? ya kak,ask_location_access
Kak Mau tau tentang Al Quran Al Akbar sih,ask_destination_info
"Eh Mau keliling Palembang naik LRT, kemana aja? ya",ask_lrt_destinations
Maaf mau tanya Tips belajar bahasa Inggris? ya kak,ask_unrelated
Bang Good evening,greet
Eh Tempat masjid di Palembang? nih,ask_category
Mau cari wisata alam di Palembang deh,ask_category
How to make money online?,ask_unrelated
Kak Jadwal buka Palembang Icon kapan ya? dong kak,ask_operating_hours
Kasih info Museum Sultan Mahmud Badaruddin II ya kak,ask_destination_info
Halo Mau ke Kawah Tengkurep lewat mana?,ask_location_access
Bang Ada mushola di Monpera? ya kak,ask_facilities
Permisi Jam operasional Amanzi Waterpark? ya kak,ask_operating_hours
"Hello, What does it cost to visit Kambang Iwak Park? thanks",ask_ticket_price
Permisi Terima kasih banyak ya kak,goodbye
Bang Tempat masjid di Palembang? dong,ask_category
Mau nanya dong Kasih pantun dong deh,ask_unrelated
Apa yang menarik dari Museum Balaputra Dewa?,ask_destination_info
Maaf mau tanya Wisata accessible by LRT? dong kak,ask_lrt_destinations
Maaf mau tanya Halo aplikasi,greet
Please What to see in Palembang?,ask_recommendation
Wisata Palembang yang LRT friendly?,ask_lrt_destinations
"Permisi Hello, I'm looking for help dong kak",greet
Bang Best universities in Indonesia? ya kak,ask_unrelated
Permisi Bisa naik angkot ke PTC? sih,ask_location_access
Kak Apa BKB bisa dijangkau LRT?,ask_lrt_destinations
Halo Selamat malam ya kak,greet
Halo Wisata yang gak pasaran di Palembang? dong,ask_hidden_gems
Tempat yang belum terkenal di Palembang,ask_hidden_gems
Mau liburan di Palembang kemana ya? ya kak,ask_recommendation
Halo I'm bored nih,ask_unrelated
Halo Baik kak terima kasih deh,goodbye
Min Palembang Square buka dari jam berapa sampai jam berapa? ya,ask_operating_hours
Naik apa ke Amanzi?,ask_location_access
Eh Tiket masuk Monpera berapa? dong,ask_ticket_price
Min rekomendasi wisata Palembang apa? deh,ask_recommendation
what amenities does sultan mahmud badaruddin ii museum offer?,ask_facilities
"Mau nanya dong Hello, I'm looking for help",greet
Kak PIM ada tempat parkir? deh,ask_facilities
Kak Tempat masjid di Palembang? deh,ask_category
"Bye, thanks for everything",goodbye
Maaf mau tanya Apa itu cryptocurrency? ya kak,ask_unrelated
Min Mau tanya fasilitas di Punti Kayu ya,ask_facilities
Wisata yang gak pasaran di Palembang? ya kak,ask_hidden_gems
Kak apa yang bikin SMB II ini spesial? ya kak,ask_destination_info
Mau nanya dong What's Kemaro Island like? deh,ask_destination_info
Eh Dadah kak ya,goodbye
Bang Oke terima kasih banyak ya sih,goodbye
Eh Price to enter Kemaro Island? sih,ask_ticket_price
Eh Min info wisata dekat LRT dong sih,ask_lrt_destinations
Permisi Jadwal buka Palembang Icon kapan ya?,ask_operating_hours
Min Tips belajar bahasa Inggris? ya kak,ask_unrelated
Permisi Sip lanjut kak nih,provide_feedback
Maaf mau tanya Seru gak Jakabaring? deh,ask_destination_info
What's 2+2? dong,ask_unrelated
Gimana Masjid Agung Palembang?,ask_destination_info
Maaf mau tanya Apakah Palembang Trade Center buka hari Minggu?,ask_operating_hours
Permisi Wisata apa yang bisa dijangkau LRT? dong,ask_lrt_destinations
Maaf mau tanya Ada mushola di PIM? ya,ask_facilities
Bang Mau liburan di Palembang kemana ya?,ask_recommendation
Ceritain PTC dong kak,ask_destination_info
Apa itu cryptocurrency? nih,ask_unrelated
Eh Wisata apa yang bisa dijangkau LRT? ya,ask_lrt_destinations
Please Where should I go in Palembang?,ask_recommendation
Eh Mantap kak dong,provide_feedback
How to learn programming?,ask_unrelated
Masjid Agung Palembang terkenal karena apa?,ask_destination_info
Biaya tiket Kawah Tengkurep berapa kak?,ask_ticket_price
Eh I'm bored deh,ask_unrelated
Eh Halo aplikasi deh,greet
Oke sip,provide_feedback
Kawah Tengkurep bagus gak?,ask_destination_info
Min Permisi saya mau jalan-jalan di Palembang,greet
Min Good evening,greet
Min Ada mushola di PIM? sih,ask_facilities
min kasih tau hidden gems palembang,ask_hidden_gems
Selamat datang,greet
Who are you?,ask_unrelated
Permisi Apa BKB bisa dijangkau LRT? ya,ask_lrt_destinations
Eh Best universities in Indonesia? deh,ask_unrelated
Where should I go in Palembang? please,ask_recommendation
Min Saranin wisata di Palembang dong ya kak,ask_recommendation
Best universities in Indonesia? dong kak,ask_unrelated
Bang Halo aplikasi ya,greet
Kak Wisata yang gak pasaran di Palembang? ya kak,ask_hidden_gems
"Permisi Mau keliling Palembang naik LRT, kemana aja? ya kak",ask_lrt_destinations
What can I see at Grand Mosque of Palembang?,ask_destination_info
Mau tanya jam operasional BKB,ask_operating_hours
Kak Price to enter Kemaro Island? dong kak,ask_ticket_price
Maaf mau tanya Fasilitas apa saja di PIM? sih,ask_facilities
Bang Apa itu cryptocurrency?,ask_unrelated
Eh Naik apa ke Taman Kambang Iwak Besak? ya,ask_location_access
Maaf mau tanya Baik kak terima kasih sih,goodbye
Bang Tempat yang belum terkenal di Palembang? dong,ask_hidden_gems
Masjid Agung Palembang tutup jam berapa?,ask_operating_hours
Halo Apa itu cryptocurrency? deh,ask_unrelated
Mau nanya dong Jam operasional Amanzi Waterpark? deh,ask_operating_hours
Wisata romantis di Palembang? ya,ask_recommendation
Eh Price to enter Kemaro Island?,ask_ticket_price
Maaf mau tanya Min info wisata dekat LRT dong ya,ask_lrt_destinations
Bang What's Kemaro Island like? ya kak,ask_destination_info
Halo Makasih kak nih,goodbye
When is the World Cup?,ask_unrelated
Maaf mau tanya Wisata accessible by LRT? dong,ask_lrt_destinations
Why is Sultan Mahmud Badaruddin II Museum famous?,ask_destination_info
Kak Oi dong kak,greet
Eh Jadwal buka Palembang Icon kapan ya? ya kak,ask_operating_hours
Mau tau sejarah Masjid Cheng Ho,ask_destination_info
Bang tiket Hutan Wisata Punti Kayu berapa?,ask_ticket_price
Fantasy Island ada tempat istirahat?,ask_facilities
Maaf mau tanya Tips belajar bahasa Inggris? deh,ask_unrelated
Eh Oke terima kasih banyak ya deh,goodbye
Mau nanya dong Wisata apa aja yang dekat jalur LRT? deh,ask_lrt_destinations
Permisi Lokasi Kambang Iwak dimana kak? ya,ask_location_access
Maaf mau tanya Ada mushola di PIM? nih,ask_facilities
"Hello, Best things to do in Palembang?",ask_recommendation
Permisi Wisata gratis di Palembang ada gak? deh,ask_recommendation
Kak Wisata accessible by LRT? nih,ask_lrt_destinations
Eh What's Kemaro Island like? ya kak,ask_destination_info
Kak Top tourist attractions in Palembang? ya kak,ask_recommendation
Bang Seru gak Jakabaring? deh,ask_destination_info
Min Recommend culinary tourism in Palembang dong,ask_category
Min harga masuk BKB berapa?,ask_ticket_price
Mau nanya dong Saranin wisata di Palembang dong dong,ask_recommendation
Kak wisata yang bisa naik LRT apa aja?,ask_lrt_destinations
Maaf mau tanya Wisata apa aja yang dekat jalur LRT? ya kak,ask_lrt_destinations
Permisi Permisi saya mau jalan-jalan di Palembang sih,greet
Kak Good evening,greet
Kak Tempat yang belum terkenal di Palembang? ya,ask_hidden_gems
Apakah Siguntang buka hari Minggu?,ask_operating_hours
Maaf mau tanya Jadwal buka Palembang Icon kapan ya? dong kak,ask_operating_hours
Kak dimana ya Punti Kayu?,ask_location_access
Sip makasih,goodbye
Permisi Ada mushola di PIM? ya kak,ask_facilities
Min Min kasih tau hidden gems Palembang nih,ask_hidden_gems
Min Kak ada hidden gems gak? ya,ask_hidden_gems
Kak Wisata gratis di Palembang ada gak? deh,ask_recommendation
Bang Min rekomendasi wisata Palembang apa?,ask_recommendation
Min Permisi saya mau jalan-jalan di Palembang nih,greet
Kak Makasih dong,goodbye
"Mau nanya dong Hello, I'm looking for help ya",greet
Halo Jawaban yang sangat membantu ya kak,provide_feedback
Wisata gratis di Palembang ada gak? nih,ask_recommendation
Ceritain SMB II dong kak,ask_destination_info
Can you tell me Where should I go in Palembang??,ask_recommendation
Eh Halo aplikasi sih,greet
What's Kemaro Island like? nih,ask_destination_info
Eh What amenities does Sultan Mahmud Badaruddin II Museum offer? nih,ask_facilities
Mau nanya dong I'm bored sih,ask_unrelated
Wisata romantis di Palembang? dong kak,ask_recommendation
Kampung Kapitan bagus gak?,ask_destination_info
Harga tiket masuknya berapa?,ask_ticket_price
Kak Selamat malam ya kak,greet
Hai TanyaKito,greet
Mau nanya dong Tempat yang belum terkenal di Palembang? sih,ask_hidden_gems
Destinasi yang dekat stasiun LRT?,ask_lrt_destinations
Sip lanjut kak nih,provide_feedback
"Halo Mau keliling Palembang naik LRT, kemana aja? dong",ask_lrt_destinations
Permisi Oke terima kasih banyak ya ya,goodbye
Hey Where should I go in Palembang??,ask_recommendation
Bang Halo aplikasi nih,greet
Pagi,greet
Halo Dadah kak sih,goodbye
Bang Kamu bodoh nih,ask_unrelated
Eh Kasih pantun dong ya kak,ask_unrelated
Permisi Good evening deh,greet
Eh Ada mushola di Monpera? ya kak,ask_facilities
Apakah Taman Kebon Rojo buka hari Minggu?,ask_operating_hours
Recommend tourist places in Palembang,ask_recommendation
KI itu apa?,ask_destination_info
Kak Palembang punya wisata religi apa? ya kak,ask_category
Mau tanya jam operasional Palembang Icon,ask_operating_hours
Kak Seru gak Jakabaring? deh,ask_destination_info
Halo Palembang punya wisata religi apa? dong kak,ask_category
Halo Good evening,greet
Eh Min rekomendasi wisata Palembang apa? ya,ask_recommendation
Tempat masjid di Palembang? sih,ask_category
Facilities at Kampung Kapitan?,ask_facilities
Maaf mau tanya Palembang punya wisata religi apa? ya kak,ask_category
Bang Wisata romantis di Palembang? ya kak,ask_recommendation
Update harga tiket Kambang Iwak dong,ask_ticket_price
Permisi Which tourist spots are near LRT stations? nih,ask_lrt_destinations
Maaf mau tanya Dadah kak sih,goodbye
"Permisi Mau keliling Palembang naik LRT, kemana aja? ya",ask_lrt_destinations
What can I see at Jakabaring Sport City?,ask_destination_info
Eh Fasilitas apa saja di PIM? ya kak,ask_facilities
Min alamat Benteng Kuto Besak apa ya?,ask_location_access
kamu bisa jawab apa aja sih?,ask_unrelated
Dari pusat kota ke Amanzi Waterpark berapa lama?,ask_location_access
Halo siapa di sini?,greet
Eh Ada mushola di Monpera? deh,ask_facilities
"Excuse me, How to go to Benteng Kuto Besak? thanks",ask_location_access
Min info wisata dekat LRT dong,ask_lrt_destinations
Min Apa itu cryptocurrency? dong,ask_unrelated
"Min Mau keliling Palembang naik LRT, kemana aja? dong",ask_lrt_destinations
Mau nanya dong Kamu bodoh dong,ask_unrelated
Maaf mau tanya Wisata off the beaten path Palembang? sih,ask_hidden_gems
Mau tau sejarah Punti Kayu,ask_destination_info
How much is the ticket to Ampera Bridge?,ask_ticket_price
Eh What's 2+2? ya kak,ask_unrelated
Permisi Sip makasih ya kak,goodbye
Bang Tempat wisata alam di Palembang?,ask_category
Kampung Kapitan terkenal karena apa?,ask_destination_info
Is Sultan Mahmud Badaruddin II Museum far from the city center?,ask_location_access
Fasilitas apa saja di PIM? sih,ask_facilities
Bang Jawaban yang sangat membantu ya,provide_feedback
Posisi Siguntang dimana ya?,ask_location_access
Seru gak Benteng Kuto Besak,ask_destination_info
Kak Good evening nih,greet
Kak Saranin wisata di Palembang dong dong kak,ask_recommendation
"Kak Mau keliling Palembang naik LRT, kemana aja? dong",ask_lrt_destinations
How much to get into Ampera Bridge?,ask_ticket_price
Rute ke Palembang Trade Center gimana?,ask_location_access
Arah ke Ampera gimana?,ask_location_access
Halo Tempat yang belum terkenal di Palembang? nih,ask_hidden_gems
Halo Wisata off the beaten path Palembang? nih,ask_hidden_gems
Min info wisata dekat LRT dong ya kak,ask_lrt_destinations
Permisi Wisata yang gak pasaran di Palembang? dong,ask_hidden_gems
Maaf mau tanya Oke terima kasih banyak ya deh,goodbye
Kak Info wisata yang terjangkau LRT sih,ask_lrt_destinations
Mau nanya dong Nice info sih,provide_feedback
Eh Tips belajar bahasa Inggris? ya kak,ask_unrelated
Hey List of parks in Palembang? thanks,ask_category
Apakah Ampera dekat stasiun LRT?,ask_lrt_destinations
Permisi Sip lanjut kak,provide_feedback
Mau nanya dong Sip makasih,goodbye
Mau nanya dong Tiket masuk ke Taman Kebon Rojo sekarang berapa ya? ya,ask_ticket_price
Mau tau sejarah Jakabaring Sport City,ask_destination_info
Tempat wisata alam di Palembang? ya kak,ask_category
Eh Wisata gratis di Palembang ada gak? ya,ask_recommendation
Oke sip mantap,provide_feedback
Permisi Seru gak Jakabaring?,ask_destination_info
Bang Kamu bodoh sih,ask_unrelated
Good morning,greet
Permisi Recommend culinary tourism in Palembang nih,ask_category
Halo Min info wisata dekat LRT dong dong kak,ask_lrt_destinations
Halo Mau cari museum di Palembang dong kak,ask_category
Permisi Seru gak Jakabaring? dong,ask_destination_info
How much for Jakabaring Sport City tickets?,ask_ticket_price
Halo aplikasi ya,greet
What days is Kampung Kapitan open?,ask_operating_hours
Mau nanya dong Saranin wisata di Palembang dong ya,ask_recommendation
Halo Tempat masjid di Palembang? sih,ask_category
Eh Mantap kak deh,provide_feedback
Min Wisata off the beaten path Palembang?,ask_hidden_gems
Kak fasilitas Benteng Kuto Besak apa aja ya?,ask_facilities
Halo Permisi saya mau jalan-jalan di Palembang ya,greet
Mau ke Taman Kebon Rojo bayar berapa?,ask_ticket_price
Why is Kambang Iwak Park famous?,ask_destination_info
Benteng Kuto Besak ada spot foto gak?,ask_facilities
Maaf mau tanya Info wisata yang terjangkau LRT,ask_lrt_destinations
Kak Apa BKB bisa dijangkau LRT? nih,ask_lrt_destinations
Eh Tiket masuk ke Taman Kebon Rojo sekarang berapa ya?,ask_ticket_price
Min Jawabannya memuaskan,provide_feedback
Bang Price to enter Kemaro Island? deh,ask_ticket_price
Apa BKB bisa dijangkau LRT,ask_lrt_destinations
Ada hidden gems gak di Palembang?,ask_hidden_gems
Mau nanya dong Ada mushola di Monpera? ya,ask_facilities
Berapa duit masuk Pulau Kemaro?,ask_ticket_price
Is there an entry fee for Kampung Kapitan?,ask_ticket_price
Wisata masjid di Palembang apa aja?,ask_category
Al Quran Al Akbar gratis gak sih?,ask_ticket_price
Permisi Min rekomendasi wisata Palembang apa? ya,ask_recommendation
Min Seru gak Benteng Kuto Besak? dong kak,ask_destination_info
Min Wisata tersembunyi di Palembang? dong kak,ask_hidden_gems
List of cultural tourism in Palembang?,ask_category
Apakah Palembang Trade Center buka hari Minggu? ya,ask_operating_hours
Eh Seru gak Benteng Kuto Besak?,ask_destination_info
Fasilitas apa saja di Kambang Iwak?,ask_facilities
Kak Wisata apa aja yang dekat jalur LRT? dong kak,ask_lrt_destinations
Min Price to enter Kemaro Island? ya kak,ask_ticket_price
Kak Wisata yang gak pasaran di Palembang? dong,ask_hidden_gems
Eh Wisata apa aja yang dekat jalur LRT? dong kak,ask_lrt_destinations
Min Min rekomendasi wisata Palembang apa?,ask_recommendation
What are the opening hours of Grand Mosque of Palembang?,ask_operating_hours
Wisata off the beaten path Palembang? deh,ask_hidden_gems
Can you tell me What does it cost to visit Kambang Iwak Park??,ask_ticket_price
What's special about Al-Munawar Arab Village?,ask_destination_info
SMB II tutup jam berapa?,ask_operating_hours
What's the address of Monpera?,ask_location_access
I want to know List of parks in Palembang??,ask_category
Kak Oi nih,greet
"Bang Mau keliling Palembang naik LRT, kemana aja? ya kak",ask_lrt_destinations
Halo TanyaKito,greet
Wisata apa yang bisa dijangkau LRT,ask_lrt_destinations
Bang Penjelasannya bagus kak,provide_feedback
Permisi What's Kemaro Island like? deh,ask_destination_info
I'm bored deh,ask_unrelated
Eh Tempat yang belum terkenal di Palembang?,ask_hidden_gems
Kampung Kapitan buka jam berapa?,ask_operating_hours
"Maaf mau tanya Got it, thanks ya",goodbye
Apa obat sakit kepala?,ask_unrelated
Eh Ada mushola di Monpera? nih,ask_facilities
Tiket masuk ke Jakabaring sekarang berapa ya?,ask_ticket_price
Bang Terima kasih banyak dong kak,goodbye
Halo Weekend KI buka? deh,ask_operating_hours
Kak Apa BKB bisa dijangkau LRT? deh,ask_lrt_destinations
Destinasi taman Palembang?,ask_category
Maaf mau tanya Naik apa ke Taman Kambang Iwak Besak? nih,ask_location_access
What amenities does Sultan Mahmud Badaruddin II Museum offer?,ask_facilities
Mau tau tentang Al Quran Al Akbar ya kak,ask_destination_info
Maaf mau tanya Min info wisata dekat LRT dong dong kak,ask_lrt_destinations
Mau nanya dong Which tourist spots are near LRT stations? nih,ask_lrt_destinations
Maaf mau tanya Halo aplikasi dong,greet
Kak Kasih pantun dong,ask_unrelated
Bang Wisata tersembunyi di Palembang? nih,ask_hidden_gems
list of parks in palembang?,ask_category
Berapa harga tiket masuk Masjid Agung Palembang?,ask_ticket_price
Eh Tips belajar bahasa Inggris? sih,ask_unrelated
Mau nanya dong Wisata apa yang bisa dijangkau LRT? ya,ask_lrt_destinations
Halo apakah ada yang bisa bantu?,greet
Sip lanjut kak?,provide_feedback
Min What's 2+2?,ask_unrelated
Eh Mau ke Kawah Tengkurep lewat mana? dong,ask_location_access
Berapa ya tiket PIM?,ask_ticket_price
Permisi Tempat masjid di Palembang? ya kak,ask_category
Maaf mau tanya Great info deh,provide_feedback
Maaf mau tanya Mantap kak dong kak,provide_feedback
Eh Min rekomendasi wisata Palembang apa?,ask_recommendation
Min Min info wisata dekat LRT dong ya kak,ask_lrt_destinations
How much does it cost to enter Benteng Kuto Besak?,ask_ticket_price
"Excuse me, Where should I go in Palembang??",ask_recommendation
Mau nanya dong Oke terima kasih banyak ya ya kak,goodbye
Tempat makan di sekitar Al Quran Al Akbar ada?,ask_facilities
Permisi mau tanya harga tiket Palembang Icon,ask_ticket_price
ada mushola di monpera?,ask_facilities
Eh Terima kasih banyak sih,goodbye
"Hi, List of parks in Palembang? please",ask_category
Halo Wisata romantis di Palembang? dong kak,ask_recommendation
Mau nanya dong Min rekomendasi wisata Palembang apa? ya kak,ask_recommendation
"Can you tell me Good morning, I have a question",greet
Halo Wisata apa yang bisa dijangkau LRT?,ask_lrt_destinations
Bang Info wisata yang terjangkau LRT dong,ask_lrt_destinations
Maaf mau tanya Wisata tersembunyi di Palembang?,ask_hidden_gems
Kak Ada mushola di Monpera? deh,ask_facilities
Where can I find cultural tourism in Palembang?,ask_category
Terima kasih banyak dong,goodbye
Mau nanya dong What's 2+2? sih,ask_unrelated
Eh Mantap kak,provide_feedback
Mau nanya dong Weekend KI buka? deh,ask_operating_hours
Permisi Min info wisata dekat LRT dong ya kak,ask_lrt_destinations
LRT Palembang lewat wisata mana?,ask_lrt_destinations
Halo Halo aplikasi ya,greet
Maaf mau tanya Mau tau tentang Al Quran Al Akbar deh,ask_destination_info
Maaf mau tanya Mau cari museum di Palembang deh,ask_category
Eh Jawabannya memuaskan dong,provide_feedback
"Halo Mau keliling Palembang naik LRT, kemana aja? deh",ask_lrt_destinations
Maaf mau tanya Best universities in Indonesia? dong,ask_unrelated
Min Berapa duit tiketnya?,ask_ticket_price
Eh Bisa naik angkot ke PTC? dong kak,ask_location_access
Min Info wisata yang terjangkau LRT nih,ask_lrt_destinations
asal usul KI ini gimana ceritanya?,ask_destination_info
"Hello, Where is Benteng Kuto Besak? please",ask_location_access
Permisi Naik apa ke Taman Kambang Iwak Besak? dong,ask_location_access
Mau nanya dong Good evening dong,greet
Min Tempat wisata unik di Palembang? ya kak,ask_hidden_gems
Bang Sip makasih ya kak,goodbye
Mau nanya dong Recommend culinary tourism in Palembang dong,ask_category
Min Tempat yang belum terkenal di Palembang?,ask_hidden_gems
Maaf mau tanya Makasih kak ya kak,goodbye
Bang Kasih pantun dong,ask_unrelated
Halo Wisata accessible by LRT? ya kak,ask_lrt_destinations
Mau nanya dong Wisata apa aja yang dekat jalur LRT? sih,ask_lrt_destinations
Where can I find culinary tourism in Palembang?,ask_category
Kampung Arab Al-Munawar tutup jam berapa?,ask_operating_hours
Min Weekend KI buka? sih,ask_operating_hours
"Bang Got it, thanks ya kak",goodbye
Kak Kak ada hidden gems gak? dong kak,ask_hidden_gems
Kak Jawaban yang sangat membantu dong,provide_feedback
Min Seru gak Jakabaring? ya kak,ask_destination_info
Makasih kak nih,goodbye
Maaf mau tanya Min rekomendasi wisata Palembang apa? nih,ask_recommendation
Halo Tempat wisata alam di Palembang? sih,ask_category
Eh Seru gak Benteng Kuto Besak? nih,ask_destination_info
Mau cari museum di Palembang,ask_category
Eh Kak ada hidden gems gak?,ask_hidden_gems
