text,label
Halo Rekomendasi hidden gems dong kak dong kak,ask_hidden_gems
Jelas banget penjelasannya,provide_feedback
Jelas bangt penjelasannya,provide_feedback
Mau tanya dong kak harga tiket Monpera,ask_ticket_price
Mau tanya dong kak hargo tiket Monpera,ask_ticket_price
Wisata sungai Palembang?,ask_category
Min Info wisata budaya Palembang dong sih,ask_category
Palembang Icon ada kantin gak?,ask_facilities
Min Facilities at Benteng Kuto Besak? nih,ask_facilities
Min Faclities at Benteng Kuto Besak? nih,ask_facilities
Bang Rekomendasi hidden gems dong kak,ask_hidden_gems
Bang Rekomendsi hidden gems dong kak,ask_hidden_gems
Maaf mau tanya Deskripsi Bukit Siguntang deh,ask_destination_info
Maaf mau tanya Oke cukup kak makasih banyak dong kak,goodbye
Eh Numpang tanya dong sih,greet
Eh Numpng tanya dong sh,greet
Kak PIM ada tempat parkir? ya,ask_facilities
Kak PIM ada tmpat parkir? ya,ask_facilities
Mau tau tentang Pasar 16 Ilir,ask_destination_info
Bang Hai kak masih aktif? dong,greet
Bang Hai kak masih aktif? dng,greet
Kak Info lengkap Punti Kayu dong dong kak,ask_destination_info
Mau nanya dong Mau tanya dong kak harga tiket Benteng Kuto Besak dong kak,ask_ticket_price
Mau nanya dong Mau tanya dong kak hargo tiket Benteng Kuto Besak dong kak,ask_ticket_price
Mau nanya dong Alternative tourist spots in Palembang? deh,ask_hidden_gems
Min Alternative tourist spots in Palembang? dong,ask_hidden_gems
Min Details about Kambang Iwak Park? ya,ask_destination_info
Permisi Food tourism in Palembang? deh,ask_category
Bang PIM ada tempat parkir? nih,ask_facilities
Maaf mau tanya Bye kak nih,goodbye
Benteng Kuto Besak buka jam berapa? dong,ask_operating_hours
Tanah Lot buka jam berapa? dong,ask_operating_hours
Bang Wisata apa yang recommended di Palembang?,ask_recommendation
Bang Wisata apo yang recommended di Palembang?,ask_recommendation
Bang BKB itu tempat apa sih? deh,ask_destination_info
Bang Ancol itu tempat apo sih? deh,ask_destination_info
Parkiran Kawah Tengkurep luas gak?,ask_facilities
Eh What time does Kampung Kapitan close? ya,ask_operating_hours
Eh What time does Mons close? yo,ask_operating_hours
"That's enough, thank you sih",goodbye
"That's enough, thank u sih",goodbye
Permisi Mau ke tempat bersejarah di Palembang nih,ask_category
Permisi Mau ka tempat bersejarah di Palembang nih,ask_category
Pulau Kemaro mulai buka jam berapa?,ask_operating_hours
Pulau Kemaro mulai buka jam brapa?,ask_operating_hours
Min Numpang tanya dong nih,greet
Halo Famous places in Palembang? deh,ask_recommendation
Halo Oke cukup kak makasih banyak nih,goodbye
Hal Oke cukup kak mkasih banyk nih,goodbye
Benteng Kuto Besak ada spot foto gak?,ask_facilities
Menara Eiffel ad spot foto gk?,ask_facilities
Masjid Cheng Ho ada spot foto gak? dong,ask_facilities
Eh Jam operasionalnya? dong kak,ask_operating_hours
h Jam operasionalnya? dong kk,ask_operating_hours
Min Makasih ya kak,goodbye
Min Makasih yo kak,goodbye
KI itu apa? deh,ask_destination_info
Bang Museum Balaputra Dewa fasilitasnya apa aja? ya kak,ask_facilities
Bang Museum Balaputra Dewa fasilitasnya apa aja? yo kak,ask_facilities
Min tolong saran wisata dong deh,ask_recommendation
Min tolong saran wisata dng deh,ask_recommendation
"Hello, What facilities are available at Jakabaring Sport City? please",ask_facilities
"Hello, What facilities r available at Jakabaring Sport City? please",ask_facilities
Maaf mau tanya Jelas banget penjelasannya nih,provide_feedback
Maaf mau tanya Jels banget pnjelasannya nih,provide_feedback
Kak Ada wifi di Jembatan Ampera?,ask_facilities
Kak Ada wifi di Danau Toba?,ask_facilities
Kak Oke makasih kak sangat membantu ya,goodbye
Kak Oke makasih kak banget membantu yo,goodbye
Kak Cara main saham? deh,ask_unrelated
Kak Enaknya kemana ya di Palembang? ya,ask_recommendation
Kak Enaknya kmana ya di Palembang? yo,ask_recommendation
Bang Info jam buka SMB II dong sih,ask_operating_hours
Selamat pagi,greet
Min Hidden gems in Palembang? ya,ask_hidden_gems
Mn Hidden gems in Plmbng? ya,ask_hidden_gems
Who invented electricity?,ask_unrelated
Who invented electrcity?,ask_unrelated
What's the price of iPhone?,ask_unrelated
How much to get into Monpera?,ask_ticket_price
Hw mch to get nto Monpera?,ask_ticket_price
Can you tell me What should I visit in Palembang? thanks,ask_recommendation
Can u tell me What should I visit in Palembang? thanks,ask_recommendation
Can you tell me How to move on?,ask_unrelated
Can ya tell me How to move on?,ask_unrelated
Bang Numpang tanya dong ya kak,greet
Bng Numpang tanya dng ya kak,greet
Eh Makasih deh,goodbye
What should I visit in Palembang?,ask_recommendation
Terima kasih infonya ya,goodbye
Terima kasih infony yo,goodbye
Alamat Kawah Tengkurep dimana?,ask_location_access
Alamat Kawah Tengkurep dimano?,ask_location_access
Kak Alternative tourist spots in Palembang? deh,ask_hidden_gems
Please Exactly what I needed,provide_feedback
Please Exactly what I neded,provide_feedback
Maaf mau tanya Rekomendasi hidden gems dong kak dong,ask_hidden_gems
Permisi Oke cukup kak makasih banyak dong,goodbye
Maaf mau tanya Numpang tanya dong sih,greet
Kak dimana ya Kampung Kapitan?,ask_location_access
Kak dimana yo Kampung Kaptan?,ask_location_access
Maaf mau tanya Alternative tourist spots in Palembang? dong,ask_hidden_gems
Maaf ma tnya Alternativ tourist spots in Palembang? dong,ask_hidden_gems
Permisi Numpang tanya dong nih,greet
Permisi Any hidden gems to visit? sih,ask_hidden_gems
Prmisi Any hidden gems to visit? sih,ask_hidden_gems
What's the time?,ask_unrelated
Bang PIM ada tempat parkir? ya,ask_facilities
Bang PM ad tempat parkir? ya,ask_facilities
Min Bisa naik LRT ke BKB? dong,ask_lrt_destinations
Min Pacak naik LRT ke BKB? dong,ask_lrt_destinations
Fasilitas apa saja di Masjid Cheng Ho?,ask_facilities
Fasilitas apa bae di Masjid Cheng Ho?,ask_facilities
Bang Details about Kambang Iwak Park? sih,ask_destination_info
I want to know Is Kampung Kapitan open in the morning?,ask_operating_hours
I wanna know Is Kampung Kapitan open in the morning?,ask_operating_hours
Kak Jam operasionalnya?,ask_operating_hours
Permisi PIM ada tempat parkir? deh,ask_facilities
Maaf mau tanya LRT friendly tourist destinations? dong,ask_lrt_destinations
Chatbot nya bagus dong kak,provide_feedback
Kak Famous places in Palembang? ya kak,ask_recommendation
Mau nanya dong What time does Kampung Kapitan close? deh,ask_operating_hours
Mau nanya dong What time does Candi Prambanan close? deh,ask_operating_hours
Eh Apakah Jakabaring gratis? ya kak,ask_ticket_price
Maaf mau tanya What time does Kampung Kapitan close? nih,ask_operating_hours
Maaf mau tanya What time does Gunung Bromo close? nih,ask_operating_hours
Eh PIM gratis gak sih? dong kak,ask_ticket_price
Kak Jadwal kereta api Jakarta? dong,ask_unrelated
Kak Jadwal kereta api Jkrta? dong,ask_unrelated
Describe Jakabaring Sport City,ask_destination_info
Describ Jakbaring Sport City,ask_destination_info
Tolong kasih tau wisata dekat LRT dong,ask_lrt_destinations
What is Punti Kayu Forest?,ask_destination_info
whats Punti Kayu Forest?,ask_destination_info
Eh Jadwal kereta api Jakarta? deh,ask_unrelated
Eh Jadwal kret api Jkarta? deh,ask_unrelated
Min Museum Balaputra Dewa fasilitasnya apa aja? nih,ask_facilities
Min Central Park fasilitasnya apa aja? nih,ask_facilities
Bang Palembang punya museum apa? deh,ask_category
Bang Palembang punya museum apo? dh,ask_category
Is Punti Kayu Forest child-friendly?,ask_facilities
Is Danau Toba Forest child-frendly?,ask_facilities
Good info,provide_feedback
Sore kak,greet
Mau tanya dong kak harga tiket Amanzi Waterpark,ask_ticket_price
Ma tanya dong kak harga tiket Amanzi Waterprk,ask_ticket_price
Maaf mau tanya Tolong kasih tau wisata dekat LRT ya kak,ask_lrt_destinations
Min Rekomendasi hidden gems dong kak nih,ask_hidden_gems
Min Rekomendasi hdden gems dong kak nih,ask_hidden_gems
Halo Mau tanya dong kak harga tiket Benteng Kuto Besak ya,ask_ticket_price
Halo Mau tanya dong kak hargo tiket Taman Safari yo,ask_ticket_price
Info harga tiket PIM dong kak,ask_ticket_price
Maaf mau tanya Museum Sultan Mahmud Badaruddin II lokasinya dimana? ya kak,ask_location_access
Maaf mau tanya Museum Sultan Mahmud Badaruddn II lokasnya dmana? yo kk,ask_location_access
Permisi Apakah Ampera dekat stasiun LRT? nih,ask_lrt_destinations
Eh Benteng Kuto Besak buka jam berapa? sih,ask_operating_hours
Eh Menara Eiffel buka jam berapa? sih,ask_operating_hours
Permisi Resep nasi goreng dong,ask_unrelated
Mau nanya dong Hlo ya,greet
Mau nanya dong Hl y,greet
Bang Makasih dong,goodbye
Yang termasuk wisata religi apa aja?,ask_category
Yang termasuk wisata religi apo aja?,ask_category
Permisi Oke cukup kak makasih banyak,goodbye
Wonderful ya,provide_feedback
Wonderful yo,provide_feedback
SMB buka setiap hari?,ask_operating_hours
SMB buk setiap har?,ask_operating_hours
Mau nanya dong Apakah Jakabaring gratis? nih,ask_ticket_price
Kak Palembang punya museum apa? ya kak,ask_category
Kak Palembang punya museum apa? yo kak,ask_category
Kak Destinasi wisata sejarah Palembang? dong kak,ask_category
Mau cari wisata kuliner di Palembang,ask_category
Permisi Oke cukup kak makasih banyak ya,goodbye
Prmis Oke cukup kak makasih banyk yo,goodbye
Permisi Address of Ampera Bridge? deh,ask_location_access
Permisi Address of Gunung Bromo Bridge? deh,ask_location_access
Halo Lesser known attractions in Palembang? deh,ask_hidden_gems
Halo Lesser known attractions in Palembang? dh,ask_hidden_gems
Is Kambang Iwak Park open on weekends?,ask_operating_hours
Is Monas Park open on weekends?,ask_operating_hours
Kak Jembatan Ampera di mana ya? nih,ask_location_access
Kak Pantai Kuta di mana yo? nih,ask_location_access
Permisi Jembatan Ampera di mana ya? nih,ask_location_access
Permisi Jembatan Candi Prambanan di mana ya? nih,ask_location_access
Kak Hlo sih,greet
Kak Destinasi yang dekat stasiun LRT? ya,ask_lrt_destinations
Kak Destinasi yang dekat stasiun LRT? yo,ask_lrt_destinations
Min Kak ada museum gak di Palembang? deh,ask_category
What facilities are available at Jakabaring Sport City??,ask_facilities
What facilities r available at Jakabaring Sport City??,ask_facilities
Hey What should I visit in Palembang?,ask_recommendation
Suka deh,provide_feedback
Ska deh,provide_feedback
Thanks udah bantu ya,goodbye
Maaf mau tanya Kampung Arab Al-Munawar ada di daerah mana? sih,ask_location_access
Maaf mau tanya Universal Studio Al-Munawar ada di daerah mana? sih,ask_location_access
How do I get to Grand Mosque of Palembang?,ask_location_access
How do I get to Grnd Mosq of Palembang?,ask_location_access
LRT friendly tourist destinations? dong,ask_lrt_destinations
Maaf mau tanya Wisata apa yang recommended di Palembang? nih,ask_recommendation
Maaf mau tanya Wisata apo yang recommended di Palembang? nih,ask_recommendation
Destinasi wisata LRT Palembang?,ask_lrt_destinations
Permisi Mau ke tempat bersejarah di Palembang sih,ask_category
Kak Jam operasionalnya? ya kak,ask_operating_hours
Kk Jam operasnalny? yo kak,ask_operating_hours
Bang PIM gratis gak sih? dong,ask_ticket_price
Bang PIM gratis gk sih? dong,ask_ticket_price
Permisi Oke cukup kak makasih banyak dong kak,goodbye
Eh Ada wifi di Jembatan Ampera? dong,ask_facilities
Eh Ada wfi di Tnah Lot? dng,ask_facilities
Mau nanya dong Info lengkap Punti Kayu dong ya kak,ask_destination_info
Mau nanya dong Info lengkap Pantai Kuta dong ya kak,ask_destination_info
Kamu siapa? ya kak,ask_unrelated
Kamu siapa? yo kak,ask_unrelated
Selamat tinggal,goodbye
Wisata instagramable Palembang?,ask_recommendation
Mau nanya dong Destinasi yang LRT accessible? deh,ask_lrt_destinations
Eh KI itu apa? sih,ask_destination_info
Eh KI itu apo? sih,ask_destination_info
Mau nanya dong Oke cukup kak makasih banyak ya kak,goodbye
Mau nanya dong Oke cukup kak makasih banyak yo kak,goodbye
Min Bisa naik LRT ke BKB? dong kak,ask_lrt_destinations
Min Pacak naik LRT ka Tanah Lot? dong kak,ask_lrt_destinations
Palembang punya wisata budaya apa?,ask_category
What's available at Sultan Mahmud Badaruddin II Museum?,ask_facilities
Wht's avilable at Sultan Mahmud Badaruddn II Museum?,ask_facilities
Kak Suka deh,provide_feedback
Bang Help me please deh,greet
Bang Help me plase dh,greet
LRT bisa ke Monpera gak?,ask_lrt_destinations
LRT bisa ke Tanah Lot gak?,ask_lrt_destinations
Permisi Wisata tersembunyi di Palembang? ya,ask_hidden_gems
Eh Museum Sultan Mahmud Badaruddin II lokasinya dimana? sih,ask_location_access
Eh Museum Sultan Mahmud Badaruddin II lokasinya dimano? sih,ask_location_access
Maaf mau tanya Info wisata budaya Palembang dong,ask_category
Min Wisata apa yang recommended di Palembang? nih,ask_recommendation
Min Wisata apo yang recommended di Palembang? nih,ask_recommendation
Ceritakan tentang Palembang Icon,ask_destination_info
Halo Excellent information nih,provide_feedback
Kak Naik apa ke Pasar 16 Ilir? deh,ask_location_access
Kak Naik apa ka Pasar 16 Ilir? deh,ask_location_access
Maaf mau tanya Suka deh dong kak,provide_feedback
Haloo,greet
Does Ampera Bridge have parking?,ask_facilities
Does Gunung Bromo Bridge have parking?,ask_facilities
Kak Apakah Ampera dekat stasiun LRT? sih,ask_lrt_destinations
Kak Apakah Ancol dekat stasiun LRT? sih,ask_lrt_destinations
Hotel murah di Jakarta?,ask_unrelated
Min Food tourism in Palembang?,ask_category
Mau nanya dong Cara daftar CPNS gimana? deh,ask_unrelated
Does Jakabaring Sport City have a mosque?,ask_facilities
Kak Chatbot nya bagus ya kak,provide_feedback
Kak Chtbot nya kren yo kak,provide_feedback
Jam buka Pasar 16 Ilir kapan?,ask_operating_hours
Min Alternative tourist spots in Palembang? dong kak,ask_hidden_gems
Eh Bye kak deh,goodbye
Maaf mau tanya Wisata Palembang yang aesthetic tapi sepi? nih,ask_hidden_gems
Maaf mau tanya Wisata Palembang yang aesthetic tp sepi? nih,ask_hidden_gems
How much to get into Sultan Mahmud Badaruddin II Museum?,ask_ticket_price
Bang Permisi kak ya,greet
Bng Prmisi kak yo,greet
Mau nanya dong Bye kak sih,goodbye
Ma nany dong Bye kak sih,goodbye
Permisi Help me please dong kak,greet
Eh Museum Balaputra Dewa fasilitasnya apa aja? sih,ask_facilities
Eh Museum Balaputra Dewa fasilitasnya apo aja? sih,ask_facilities
Is Grand Mosque of Palembang open in the morning?,ask_operating_hours
Can you tell me Do I need to pay to enter Monpera? please,ask_ticket_price
Can ya tell me Do I need to pay to enter Pantai Kuta? please,ask_ticket_price
Sudah cukup terima kasih,goodbye
Ada wifi di Benteng Kuto Besak?,ask_facilities
Jelaskan tentang Palembang Icon,ask_destination_info
Eh Info jam buka SMB II dong deh,ask_operating_hours
Min Oke makasih kak sangat membantu dong kak,goodbye
Min Oke makash kak banget membntu dong kak,goodbye
Maaf mau tanya Info lengkap Punti Kayu dong ya kak,ask_destination_info
Maaf ma tanya Info lengkap Ancl dong ya kk,ask_destination_info
Kak ada museum gak di Palembang? dong kak,ask_category
Palembang punya wisata sejarah apa?,ask_category
Palembang punya wisata sejarah apo?,ask_category
Min Rekomendasi hidden gems dong kak,ask_hidden_gems
Mau nanya dong Help me please dong,greet
Mau nnya dng Help me please dong,greet
Masjid Agung Palembang tutup jam berapa?,ask_operating_hours
Monas Palembng tutup jam berapa?,ask_operating_hours
Maaf mau tanya Rekomendasi wisata Palembang dong deh,ask_recommendation
Hey How to move on? please,ask_unrelated
Eh Tolong kasih tau wisata dekat LRT ya kak,ask_lrt_destinations
Eh Tolong kasih tau wisata dekat LRT yo kak,ask_lrt_destinations
Opening hours?,ask_operating_hours
Mau nanya dong Jelas banget penjelasannya ya kak,provide_feedback
Mau nanya dong Jelas banget penjelasannya yo kak,provide_feedback
Can you tell me How much is the ticket to Kampung Kapitan? thanks,ask_ticket_price
Can u tell me Hw much is the ticket to Tanah Lot? thanks,ask_ticket_price
"Excuse me, What's the location of Ampera Bridge?",ask_location_access
Permisi LRT friendly tourist destinations? ya kak,ask_lrt_destinations
Permisi LRT friendly tourist destinations? yo kak,ask_lrt_destinations
Any hidden gems to visit? dong kak,ask_hidden_gems
Halo Tolong kasih tau wisata dekat LRT dong kak,ask_lrt_destinations
How much does it cost to enter Kemaro Island?,ask_ticket_price
Min Jelas banget penjelasannya nih,provide_feedback
Min Jelas banget penjlasannya nih,provide_feedback
What can I see at Kambang Iwak Park?,ask_destination_info
What can I see at Universal Studio Park?,ask_destination_info
Min Numpang tanya dong,greet
Permisi Wonderful dong kak,provide_feedback
Eh Any hidden gems to visit?,ask_hidden_gems
Palembang punya wisata alam apa?,ask_category
Palmbang punya wisata alam apo?,ask_category
Permisi Excellent information,provide_feedback
Min Kamu siapa? dong,ask_unrelated
Min Kau siapa? dong,ask_unrelated
Eh Thank you very much ya kak,goodbye
Eh Thank ya very much yo kak,goodbye
Bang Mau tanya dong kak harga tiket Benteng Kuto Besak deh,ask_ticket_price
Please How to move on??,ask_unrelated
Mau tanya fasilitas di Hutan Wisata Punti Kayu,ask_facilities
Ma tanya fasilitas di Hutan Wisata Candi Borobudur,ask_facilities
Min Any hidden gems to visit? dong kak,ask_hidden_gems
Min harga masuk BKB berapa?,ask_ticket_price
Min harg masuk Menara Eiffel brapa?,ask_ticket_price
Eh Museum Balaputra Dewa fasilitasnya apa aja? dong,ask_facilities
Eh Museum Balaputra Dewa fasilitasnya apo aja? dong,ask_facilities
Eh Tess dong,greet
Min Wisata tersembunyi di Palembang? ya kak,ask_hidden_gems
Maaf mau tanya Address of Ampera Bridge? sih,ask_location_access
Maaf mau tanya Address of Universal Studio Bridge? sih,ask_location_access
Mau nanya dong Suka sama jawabannya,provide_feedback
Bang PIM gratis gak sih? sih,ask_ticket_price
Makasih infonya,goodbye
Maksih infnya,goodbye
Min Thank you very much dong kak,goodbye
Min Thank u very much dong kak,goodbye
I want to know Is Kampung Kapitan open in the morning??,ask_operating_hours
I wanna know Is Kampung Kapitan open in the morning??,ask_operating_hours
Maaf mau tanya Taxi online di Palembang?,ask_unrelated
Mau nanya dong Mau ke tempat bersejarah di Palembang,ask_category
Kak Rekomendasi wisata untuk liburan singkat dong kak,ask_recommendation
I want to know What parks are in Palembang??,ask_category
I wanna know Wht prks r in Palembang??,ask_category
PIM di mana ya?,ask_location_access
PIM di mana yo?,ask_location_access
Eh BKB itu tempat apa sih? dong,ask_destination_info
Eh Monas itu tempat apa sih? dong,ask_destination_info
Eh Info wisata budaya Palembang dong sih,ask_category
h nfo wisat budaya Palembang dong sih,ask_category
Eh Numpang tanya dong ya,greet
Eh Numpang tanya dong yo,greet
Bang Famous places in Palembang? sih,ask_recommendation
Jadwal kereta api Jakarta? ya,ask_unrelated
Jembatan Ampera di mana ya? dong kak,ask_location_access
Eh Jam operasionalnya? sih,ask_operating_hours
Sekarang masih buka?,ask_operating_hours
Details about Kambang Iwak Park,ask_destination_info
Halo Mau tanya dong kak harga tiket Benteng Kuto Besak,ask_ticket_price
Halo Mau tanya dong kak harga tiket Tanah Lot,ask_ticket_price
Permisi Jelas banget penjelasannya ya kak,provide_feedback
Rekomendasi hidden gems dong kak?,ask_hidden_gems
Maaf mau tanya Ada wifi di Jembatan Ampera? dong kak,ask_facilities
Maaf mu tany Ada wifi di Jembatan Ampera? dong kak,ask_facilities
Is Kampung Kapitan worth visiting?,ask_destination_info
Is Unversal Studio worth visiting?,ask_destination_info
Kak Destinasi yang LRT accessible? ya,ask_lrt_destinations
Selamat siang,greet
Kapan sih Jakabaring Sport City buka?,ask_operating_hours
Halo,greet
Permisi Recipe for chocolate cake? ya kak,ask_unrelated
Permisi Recipe for chocolate cake? yo kak,ask_unrelated
Permisi Mau ke tempat bersejarah di Palembang ya kak,ask_category
Permisi Mau k tempat bersejarah di Palembang yo kak,ask_category
Kak Facilities at Benteng Kuto Besak? ya kak,ask_facilities
Kak Facilities at Pantai Kuta? ya kak,ask_facilities
Maaf mau tanya What time does Kampung Kapitan close? deh,ask_operating_hours
Maaf mau tanya What time does Taman Safari close? deh,ask_operating_hours
Halo Info wisata budaya Palembang dong dong,ask_category
Maaf mau tanya Recipe for chocolate cake? ya,ask_unrelated
Maaf mau tanya Cara main saham?,ask_unrelated
Mau tanya dong kak harga tiket Museum Sultan Mahmud Badaruddin II,ask_ticket_price
Kak Oke makasih kak sangat membantu nih,goodbye
Kak Oke makasih kak nian membantu nih,goodbye
Halo Palembang punya museum apa? sih,ask_category
Halo Palembang punya museum apo? sih,ask_category
Update harga tiket Pasar 16 Ilir dong,ask_ticket_price
Update hargo tiket Pasar 16 Ilir dong,ask_ticket_price
Apakah Pasar 16 Ilir gratis?,ask_ticket_price
Permisi Cara main saham? dong,ask_unrelated
Halo Best destinations in Palembang?,ask_recommendation
Halo Best destinations in Plembang?,ask_recommendation
Kasih tau dong tentang Masjid Agung Palembang,ask_destination_info
Kasih tau dong tentang Malioboro Palembang,ask_destination_info
Berapa ya tiket PIM?,ask_ticket_price
Bisa naik angkot ke Jakabaring Sport City?,ask_location_access
Pacak naik angkot ke Jakabaring Sport City?,ask_location_access
Please What should I visit in Palembang?,ask_recommendation
Min Tess deh,greet
Eh Rekomendasi wisata Palembang dong dong kak,ask_recommendation
Info lokasi Benteng Kuto Besak dong,ask_location_access
Info lkasi Menara Eiffel dng,ask_location_access
Kak Best destinations in Palembang? sih,ask_recommendation
Kak Bst destinations n Palembang? sh,ask_recommendation
Eh Terima kasih infonya sih,goodbye
Maaf mau tanya Oke makasih kak sangat membantu dong kak,goodbye
Maaf mau tanya Oke makasih kak banget membantu dong kak,goodbye
Kak Help me please ya kak,greet
Kak Help me please yo kak,greet
Permisi Apakah Ampera dekat stasiun LRT? sih,ask_lrt_destinations
Permisi Apakah Malioboro dekat stasiun LRT? sih,ask_lrt_destinations
Eh Wisata apa yang recommended di Palembang? dong,ask_recommendation
Eh Wisata apo yang recommended di Palembang? dong,ask_recommendation
Lesser known attractions in Palembang? dong kak,ask_hidden_gems
Kak ada museum gak di Palembang? ya,ask_category
Kak ada museum gak di Palembng? yo,ask_category
Min Rekomendasi wisata Palembang dong deh,ask_recommendation
Bang Mau ke tempat bersejarah di Palembang nih,ask_category
Bang Mau k tempat bersejarah di Palembang nih,ask_category
Hari ini Masjid Agung Palembang buka gak ya?,ask_operating_hours
Hr ini Malioboro Palmbang buka gak yo?,ask_operating_hours
Apa yang menarik dari Al-Munawar?,ask_destination_info
Apo yang menarik dar Al-Munawar?,ask_destination_info
Bang Famous places in Palembang? dong,ask_recommendation
Kak Masjid Cheng Ho ada spot foto gak? dong,ask_facilities
Kak Masjid Cheng Ho ada spot ft gk? dong,ask_facilities
Mau nanya dong Museum Balaputra Dewa fasilitasnya apa aja? ya kak,ask_facilities
Mau nanya dong Raja Ampat fasilitasnya apa aja? ya kak,ask_facilities
Weekend Al-Munawar buka?,ask_operating_hours
Tess nih,greet
Halo Details about Kambang Iwak Park? ya kak,ask_destination_info
Halo Details about Universal Studio Park? yo kak,ask_destination_info
Permisi Palembang punya museum apa? ya,ask_category
Eh Destinasi yang LRT accessible? sih,ask_lrt_destinations
Min kasih tau hidden gems Palembang deh,ask_hidden_gems
Min kash ta hidden gems Palembang deh,ask_hidden_gems
Halo Wisata Palembang yang aesthetic tapi sepi? dong kak,ask_hidden_gems
Min KI itu apa? ya,ask_destination_info
Min K itu apo? yo,ask_destination_info
Bang Recipe for chocolate cake? ya kak,ask_unrelated
Kak Jadwal kereta api Jakarta? ya,ask_unrelated
Kampung Kapitan terkenal karena apa?,ask_destination_info
Mliboro trkenl karn apo?,ask_destination_info
Kak Masjid Cheng Ho ada spot foto gak? ya,ask_facilities
Halo PIM gratis gak sih? ya kak,ask_ticket_price
Bang KI itu apa? deh,ask_destination_info
Bang KI itu apo? deh,ask_destination_info
Maaf mau tanya Destinasi yang dekat stasiun LRT? ya,ask_lrt_destinations
Maaf mau tanya Destinasi yang dekat stasiun LRT? yo,ask_lrt_destinations
Min Destinasi wisata sejarah Palembang? sih,ask_category
Kak Naik apa ke Pasar 16 Ilir?,ask_location_access
Kak Naik apa k Pasar 16 Ilir?,ask_location_access
What's the ticket price for Grand Mosque of Palembang?,ask_ticket_price
Maaf mau tanya Tourist spots along LRT route? sih,ask_lrt_destinations
Maaf mau tanya Wisata Palembang yang aesthetic tapi sepi? ya,ask_hidden_gems
Maaf mau tanya Wisata Palembang yang aesthetic tp sepi? ya,ask_hidden_gems
Min Chatbot nya bagus dong kak,provide_feedback
Min Chatbot nya keren dong kak,provide_feedback
Min Alternative tourist spots in Palembang? sih,ask_hidden_gems
Eh Enaknya kemana ya di Palembang? deh,ask_recommendation
Eh Enakny kemna yo d Palembang? deh,ask_recommendation
Halo Jelas banget penjelasannya ya kak,provide_feedback
Halo Jelas banget penjelasannya yo kak,provide_feedback
Info jam buka Al-Munawar dong,ask_operating_hours
Inf jm buka Al-Munawar dng,ask_operating_hours
Mau nanya dong PIM gratis gak sih? sih,ask_ticket_price
Mau nanya dong Ada wifi di Jembatan Ampera? ya,ask_facilities
Mau nanya dong Ada wifi di Jembatan Central Park? yo,ask_facilities
Halo Info jam buka SMB II dong ya kak,ask_operating_hours
Halo Info jam buka SMB II dong yo kak,ask_operating_hours
Tourist spots along LRT route,ask_lrt_destinations
Eh Wisata apa yang recommended di Palembang? sih,ask_recommendation
Eh Wisata apo yang recommended di Palembang? sih,ask_recommendation
Halo Best destinations in Palembang? deh,ask_recommendation
Halo Best dstinations in Plembang? deh,ask_recommendation
Min Recipe for chocolate cake? ya,ask_unrelated
Min Recipe for chocolate cake? yo,ask_unrelated
"That's enough, thank you dong",goodbye
"That's enough, thank u dong",goodbye
Halo Excellent information dong kak,provide_feedback
Halo Any hidden gems to visit? nih,ask_hidden_gems
Halo Any hdden gems to visit? nih,ask_hidden_gems
Mau nanya dong Oke cukup kak makasih banyak sih,goodbye
Permisi Wisata apa yang recommended di Palembang? sih,ask_recommendation
Permisi Wisata apo yang recommended di Palembang? sih,ask_recommendation
Halo PIM ada tempat parkir? ya,ask_facilities
I want to know Exactly what I needed please,provide_feedback
I wanna know Exactly what I needed please,provide_feedback
Eh Wisata Palembang yang aesthetic tapi sepi? dong,ask_hidden_gems
h Wisata Palembang yang aesthetic tp sepi? dong,ask_hidden_gems
Bang Oke makasih kak sangat membantu dong kak,goodbye
Bang Oke makasih kak sekali membantu dong kak,goodbye
Bang Resep nasi goreng dong ya kak,ask_unrelated
Eh Hlo sih,greet
h Hlo sih,greet
Mau nanya dong Thank you very much deh,goodbye
Mau nanya dong Thank ya very much deh,goodbye
Bang Destinasi wisata sejarah Palembang? deh,ask_category
Bang Destinsi wisata sejarh Palembang? deh,ask_category
Eh Rekomendasi wisata Palembang dong ya kak,ask_recommendation
Eh Suka sama jawabannya dong,provide_feedback
"Hello, Exactly what I needed please",provide_feedback
Eh KI itu apa? deh,ask_destination_info
Eh KI tu apo? deh,ask_destination_info
Mau nanya dong Thank you very much ya,goodbye
Ma nanya dong Thank y very much y,goodbye
Halo Recipe for chocolate cake?,ask_unrelated
Halo Recpe for chocolate cake?,ask_unrelated
Eh Cara main saham? dong,ask_unrelated
Halo Tolong kasih tau wisata dekat LRT deh,ask_lrt_destinations
Maaf mau tanya Rekomendasi wisata yang dekat stasiun LRT,ask_lrt_destinations
Mau nanya dong What time does Kampung Kapitan close? ya kak,ask_operating_hours
Permisi Recipe for chocolate cake? ya,ask_unrelated
Permisi Recpe for chcolte cake? ya,ask_unrelated
Kak Kampung Arab Al-Munawar ada di daerah mana? ya kak,ask_location_access
Kak Universl Studio Al-Munawar ad di daerah mana? y kak,ask_location_access
Bang Mau ke tempat bersejarah di Palembang dong kak,ask_category
Bang Mau k tempat bersejarah di Palembang dong kak,ask_category
Posisi Kambang Iwak dimana ya?,ask_location_access
Posisi Kambang Iwak dimano ya?,ask_location_access
Eh Terima kasih infonya ya,goodbye
Apa yang menarik dari Museum Balaputra Dewa?,ask_destination_info
Apa yang menarik dar Universal Studio?,ask_destination_info
Permisi Cara daftar CPNS gimana? ya,ask_unrelated
Permisi Cara daftar CPNS gimana? yo,ask_unrelated
Halo What time does Kampung Kapitan close? dong,ask_operating_hours
What time does Kambang Iwak Park open?,ask_operating_hours
What time does Tanah Lot Park open?,ask_operating_hours
Maaf mau tanya PIM gratis gak sih? dong kak,ask_ticket_price
Maaf mau tany PIM gratis gak sih? dng kak,ask_ticket_price
Halo Recipe for chocolate cake? sih,ask_unrelated
What does it cost to visit Sultan Mahmud Badaruddin II Museum?,ask_ticket_price
What does it cost to visit Sultn Mahmud Badruddin I Mseum?,ask_ticket_price
tolong kasih tau wisata dekat lrt,ask_lrt_destinations
Bang Wisata apa yang recommended di Palembang? sih,ask_recommendation
Halo Destinasi wisata sejarah Palembang? deh,ask_category
Maaf mau tanya Ada wifi di Jembatan Ampera? deh,ask_facilities
Maaf mau tanya da wf di ncol? deh,ask_facilities
Terima kasih sangat membantu,goodbye
Terima kasih nian membantu,goodbye
Naik apa ke Taman Kambang Iwak Besak?,ask_location_access
Naik apo ke Taman Kambang Iwak Besak?,ask_location_access
Alamat Palembang Square dimana?,ask_location_access
Almat Palembang Squar dmana?,ask_location_access
Bisa naik angkot ke Bukit Siguntang?,ask_location_access
Pacak naik angkot k Bukit Siguntang?,ask_location_access
Bang Help me please nih,greet
Maaf mau tanya Alternative tourist spots in Palembang? nih,ask_hidden_gems
Bang Museum Sultan Mahmud Badaruddin II lokasinya dimana? sih,ask_location_access
Bang Museum Sultan Mahmud Bdruddin II lokasinya dimno? sih,ask_location_access
Kak Destinasi wisata sejarah Palembang? ya,ask_category
Kak Destinsi wisata sejarah Palembang? y,ask_category
Eh Rekomendasi wisata yang dekat stasiun LRT sih,ask_lrt_destinations
Halo Lesser known attractions in Palembang? ya,ask_hidden_gems
Halo Lesser known attractions in Palembang? yo,ask_hidden_gems
Kak Ada wifi di Jembatan Ampera? sih,ask_facilities
Kak Ada wifi di Jembatan Menara Eiffel? sih,ask_facilities
Info fasilitas Siguntang dong,ask_facilities
Kak Best destinations in Palembang? deh,ask_recommendation
Membantu banget,provide_feedback
Membant bnget,provide_feedback
Min Address of Ampera Bridge? nih,ask_location_access
Min Address of Gunng Bromo Bridge? nih,ask_location_access
What can I see at Punti Kayu Forest?,ask_destination_info
What can I s at Monas Forest?,ask_destination_info
Hutan Wisata Punti Kayu lokasinya dimana?,ask_location_access
Hutn Wisata Dnau Tba lokasinya dimano?,ask_location_access
Bang Museum Balaputra Dewa fasilitasnya apa aja? nih,ask_facilities
Mau nanya dong Masjid Cheng Ho ada spot foto gak? sih,ask_facilities
Min Jadwal kereta api Jakarta? sih,ask_unrelated
Permisi Oke cukup kak makasih banyak nih,goodbye
Sejarah Kambang Iwak apa ya?,ask_destination_info
Sejarah Taman Safari apo yo?,ask_destination_info
Bisa naik LRT ke BKB? sih,ask_lrt_destinations
Pacak naik LRT ke Central Park? sih,ask_lrt_destinations
Permisi Address of Ampera Bridge? ya,ask_location_access
Permisi ddress of Ancol Bridge? yo,ask_location_access
Min Food tourism in Palembang? nih,ask_category
Eh Permisi kak ya kak,greet
Who are you?,ask_unrelated
Who r ya?,ask_unrelated
Eh Rekomendasi wisata Palembang dong,ask_recommendation
Min KI itu apa? dong kak,ask_destination_info
Maaf mau tanya Excellent information ya,provide_feedback
Maaf mu tanya Excellent information yo,provide_feedback
Awesome thanks,goodbye
Kapan Kampung Kapitan buka?,ask_operating_hours
Kapan Monas buka?,ask_operating_hours
Bang Hai kak masih aktif? ya kak,greet
Bang LRT friendly tourist destinations? ya,ask_lrt_destinations
Kak LRT friendly tourist destinations? dong kak,ask_lrt_destinations
Min LRT friendly tourist destinations? ya kak,ask_lrt_destinations
Maaf mau tanya Jadwal kereta api Jakarta? dong,ask_unrelated
Kak Taxi online di Palembang? dong kak,ask_unrelated
Mau nanya dong Terima kasih infonya ya kak,goodbye
Mau nanya dong Terima kasih infonya yo kak,goodbye
Wonderful,provide_feedback
Wnderful,provide_feedback
Halo BKB itu tempat apa sih? dong kak,ask_destination_info
Permisi BKB itu tempat apa sih? dong,ask_destination_info
Permisi Tanah Lot itu tempat apo sih? dong,ask_destination_info
Thank you very much dong kak,goodbye
Thank u very much dong kak,goodbye
Min Wonderful ya,provide_feedback
Min Wondrful ya,provide_feedback
Min Facilities at Benteng Kuto Besak? ya kak,ask_facilities
Min Facilities at Monas? y kk,ask_facilities
Jadwal kereta api Jakarta? sih,ask_unrelated
Jadwal kreta api Jakarta? sih,ask_unrelated
Palembang tourism recommendations?,ask_recommendation
Gimana Jembatan Ampera?,ask_destination_info
Kasih info Pasar 16 Ilir ya kak,ask_destination_info
Min Tolong kasih tau wisata dekat LRT ya kak,ask_lrt_destinations
Min Tolong kasih tau wisat dekat LRT yo kk,ask_lrt_destinations
Eh Kamu siapa? ya kak,ask_unrelated
Eh Kmu siapa? ya kak,ask_unrelated
Berapa duit masuk Kampung Kapitan?,ask_ticket_price
Berapa duit masuk Universal Studio?,ask_ticket_price
Permisi Bye kak nih,goodbye
What is Kampung Kapitan?,ask_destination_info
whats Malioboro?,ask_destination_info
Maaf mau tanya Hlo deh,greet
Mau nanya dong Hidden gems in Palembang? nih,ask_hidden_gems
Stasiun LRT terdekat ke tempat wisata mana?,ask_lrt_destinations
Stasiun LRT terdekat k tempat wisata mana?,ask_lrt_destinations
Kak berapa harga tiket Kemaro?,ask_ticket_price
Kak brapa hargo tiket Kemaro?,ask_ticket_price
"Maaf mau tanya That's enough, thank you deh",goodbye
"Maaf mau tanya That's enough, thank u deh",goodbye
Eh Hai kak masih aktif?,greet
Harga tiket Kambang Iwak berapa ya?,ask_ticket_price
Hargo tiket Candi Borobudur brapa yo?,ask_ticket_price
Eh Mau tanya dong kak harga tiket Benteng Kuto Besak nih,ask_ticket_price
Eh Mau tanya dong kak hargo tiket Malioboro nih,ask_ticket_price
KI itu apa? ya,ask_destination_info
Kak Tempat wisata murah di Palembang? deh,ask_recommendation
Kak Tempat wisata murah di Palembang? dh,ask_recommendation
Bang Palembang punya museum apa? ya kak,ask_category
Bang Palembang punya museum apo? ya kak,ask_category
Min kasih tau hidden gems Palembang nih,ask_hidden_gems
Min kasih tu hiddn gems Palembang nih,ask_hidden_gems
Min Rekomendasi wisata untuk liburan singkat deh,ask_recommendation
Mau nanya dong Chatbot nya bagus nih,provide_feedback
Mau nanya dong Chatbot nya keren nih,provide_feedback
Permisi Kak ada museum gak di Palembang? deh,ask_category
Destinasi wisata sejarah Palembang? dong,ask_category
Permisi Tess,greet
Kak Wisata Palembang yang aesthetic tapi sepi? ya kak,ask_hidden_gems
Kak Wisata Palembang yang aesthetic tapi sepi? yo kak,ask_hidden_gems
Ada mushola?,ask_facilities
Ada mushol?,ask_facilities
Wisata apa yang recommended di Palembang? sih,ask_recommendation
Wista apa yang recmmendd di Palembang? sh,ask_recommendation
Mau nanya dong Info jam buka SMB II dong dong,ask_operating_hours
"Kak That's enough, thank you deh",goodbye
"Kak That's enough, thank ya deh",goodbye
Halo Info lengkap Punti Kayu dong dong,ask_destination_info
Halo Info lengkap Universal Studio dong dong,ask_destination_info
Bang Address of Ampera Bridge? dong kak,ask_location_access
Bang Address of Candi Borobudur Bridge? dong kak,ask_location_access
Min Numpang tanya dong ya,greet
What are the operating hours of Grand Mosque of Palembang?,ask_operating_hours
What r the operating hours of Grand Mosque of Palembang?,ask_operating_hours
Halo Thank you very much,goodbye
Halo Thank ya very much,goodbye
Permisi PIM gratis gak sih? deh,ask_ticket_price
Eh Help me please deh,greet
Min Benteng Kuto Besak buka jam berapa? deh,ask_operating_hours
Min Tanah Lot buka jam berapo? deh,ask_operating_hours
Pulau Kemaro tutup jam berapa?,ask_operating_hours
Ancol tutup jam berapo?,ask_operating_hours
Apakah ada wisata yang bisa dijangkau LRT?,ask_lrt_destinations
Hello TanyaKito,greet
Bang Oke makasih kak sangat membantu dong,goodbye
Bang Oke makasih kak sekali membantu dong,goodbye
Maaf mau tanya That's helpful dong,provide_feedback
Bang Kak ada museum gak di Palembang?,ask_category
Help me please deh,greet
Permisi Suka sama jawabannya,provide_feedback
Info jam buka SMB II dong deh,ask_operating_hours
Info jm buka SMB  dong deh,ask_operating_hours
Bang Permisi kak ya kak,greet
museum balaputra dewa fasilitasnya apa aja?,ask_facilities
museum balaputra dewa fasilitasnya apo aja?,ask_facilities
Halo Kak ada museum gak di Palembang? dong,ask_category
Halo Kak ada mseum gak d Palembang? dong,ask_category
Halo Wonderful ya,provide_feedback
Halo Wonderful yo,provide_feedback
Mau nanya dong Suka deh ya,provide_feedback
Mau nnya dong Suk deh ya,provide_feedback
Permisi BKB itu tempat apa sih? nih,ask_destination_info
Permisi Tanah Lot itu tempat apo sih? nih,ask_destination_info
Terima kasih banyak,goodbye
Saran tempat wisata di Palembang?,ask_recommendation
Sran tempat wisata di Palembang?,ask_recommendation
Mau nanya dong Oke makasih kak sangat membantu dong kak,goodbye
Mau nanya dong Oke mkasih kak bangt membant dong kak,goodbye
Maaf mau tanya Apakah Jakabaring gratis? dong,ask_ticket_price
Maaf m tany Apakah Jakabarng grats? dong,ask_ticket_price
Min That's helpful sih,provide_feedback
Min That's helpful sh,provide_feedback
Min Rekomendasi wisata yang dekat stasiun LRT dong kak,ask_lrt_destinations
Eh Chatbot nya bagus ya,provide_feedback
Eh Chatbot nya mantap ya,provide_feedback
Cara daftar CPNS gimana?,ask_unrelated
Maaf mau tanya Details about Kambang Iwak Park? nih,ask_destination_info
Maaf mau tanya Details about Tanah Lot Park? nih,ask_destination_info
Dimana lokasi Kemaro?,ask_location_access
Dimano lokasi Kemaro?,ask_location_access
Halo Food tourism in Palembang?,ask_category
Mau nanya dong Tess ya,greet
Mau nanya dong KI itu apa? dong,ask_destination_info
Mu nany dong KI itu apa? dong,ask_destination_info
Cultural attractions in Palembang?,ask_category
Mau nanya dong Numpang tanya dong ya kak,greet
"Hi, Exactly what I needed",provide_feedback
"Hi, Exactly what I neded",provide_feedback
Mau nanya dong Min tolong saran wisata dong nih,ask_recommendation
Wisata Palembang yang LRT friendly?,ask_lrt_destinations
Mau nanya dong Apakah Jakabaring gratis? dong kak,ask_ticket_price
Ma nanya dong Apakah Jakabaring gratis? dong kak,ask_ticket_price
Halo Apakah Jakabaring gratis? ya,ask_ticket_price
Min Suka deh ya,provide_feedback
Min Suka deh y,provide_feedback
Amanzi Waterpark ada toilet gak?,ask_facilities
Mau nanya dong Wisata apa yang recommended di Palembang? sih,ask_recommendation
Mau nnya dong Wisat apa yang recommnded di Palembang? sh,ask_recommendation
Halo Recipe for chocolate cake? dong,ask_unrelated
What are the operating hours of Ampera Bridge?,ask_operating_hours
What r the operating hours of Ampera Bridge?,ask_operating_hours
Pulau Kemaro fasilitasnya apa aja?,ask_facilities
Pulau Kemaro fasilitsnya apa aja?,ask_facilities
Recipe for chocolate cake? ya,ask_unrelated
Rcipe for chcolte cake? yo,ask_unrelated
jembatan ampera di mana ya?,ask_location_access
Ancol di mn yo?,ask_location_access
Is Jakabaring Sport City open on weekends?,ask_operating_hours
Permisi Lesser known attractions in Palembang? ya kak,ask_hidden_gems
Permisi Lesser known attractions in Palembang? yo kak,ask_hidden_gems
Eh Jadwal kereta api Jakarta? ya,ask_unrelated
Eh Jdwal kereta api Jkarta? y,ask_unrelated
Pinter ya botnya,provide_feedback
Permisi Destinasi yang dekat stasiun LRT?,ask_lrt_destinations
Bye kak nih,goodbye
Weekend KI buka?,ask_operating_hours
Lesser known attractions in Palembang? deh,ask_hidden_gems
Min Famous places in Palembang? deh,ask_recommendation
Berapa biaya masuk ke Jakabaring Sport City?,ask_ticket_price
Berapo biaya masuk k Jakabaring Sport City?,ask_ticket_price
Rekomendasi hidden gems dong kak dong,ask_hidden_gems
Mau nanya dong Cara daftar CPNS gimana? ya,ask_unrelated
Mau nanya dong Cara daftar CPNS gimana? yo,ask_unrelated
Eh Wisata tersembunyi di Palembang? ya kak,ask_hidden_gems
Eh Wsta tersembunyi di Palembang? yo kak,ask_hidden_gems
Bang Destinasi wisata sejarah Palembang? ya,ask_category
Bang Destinasi wisata sejarah Palembang? yo,ask_category
Maaf mau tanya Famous places in Palembang? ya kak,ask_recommendation
Maaf mau tanya Famous places in Palembang? yo kak,ask_recommendation
Bang Benteng Kuto Besak buka jam berapa? dong,ask_operating_hours
Bang Benteng Kuto Besak buka jam berapo? dong,ask_operating_hours
Eh Best destinations in Palembang? nih,ask_recommendation
Min Masjid Cheng Ho ada spot foto gak? nih,ask_facilities
See you later,goodbye
Se u lter,goodbye
Ada fasilitas apa?,ask_facilities
Ada fasilitas apo?,ask_facilities
Tempat makan di sekitar Jakabaring ada?,ask_facilities
Tempat maman di sekitar Jkabaring ada?,ask_facilities
Min That's helpful,provide_feedback
Jadwal kereta api Jakarta? deh,ask_unrelated
Permisi Info jam buka SMB II dong nih,ask_operating_hours
Permsi Info jam buka SMB II dong nih,ask_operating_hours
Halo Rekomendasi wisata untuk liburan singkat nih,ask_recommendation
Maaf mau tanya PIM gratis gak sih? ya kak,ask_ticket_price
Maf ma tanya PIM gratis gak sh? ya kak,ask_ticket_price
Siguntang jauh gak dari pusat kota?,ask_location_access
Siguntang jauh gak dar pusat kota?,ask_location_access
How much is the admission to Al-Munawar Arab Village?,ask_ticket_price
Mau nanya dong Kamu siapa? deh,ask_unrelated
Mau nanya dong Kau siapa? deh,ask_unrelated
Kak BKB itu tempat apa sih? ya kak,ask_destination_info
Kak Raja Ampat itu tempat apo sih? yo kak,ask_destination_info
Oke makasih kak sangat membantu ya kak,goodbye
Oke makasih kak nian membantu ya kak,goodbye
Mau nanya dong Info jam buka SMB II dong nih,ask_operating_hours
Mu nanya dng Inf jam buka SMB II dong nih,ask_operating_hours
Min PIM gratis gak sih?,ask_ticket_price
Eh Kak ada museum gak di Palembang? sih,ask_category
Numpang tanya dong ya kak,greet
Bang Facilities at Benteng Kuto Besak? ya kak,ask_facilities
Bang Faclities at Benteng Kuto Besak? yo kak,ask_facilities
Eh Thank you very much ya,goodbye
Eh Thank ya very much ya,goodbye
Pulau Kemaro ada tempat parkir?,ask_facilities
Kak Wonderful dong,provide_feedback
Mau nanya dong Address of Ampera Bridge? dong,ask_location_access
Mau nanya dong Address of Pantai Kuta Bridge? dong,ask_location_access
How much is the ticket to Kampung Kapitan??,ask_ticket_price
Tell me about dinosaurs,ask_unrelated
LRT friendly tourist destinations? deh,ask_lrt_destinations
LRT friendly tourist destintions? deh,ask_lrt_destinations
Mau nanya dong Info lengkap Punti Kayu dong nih,ask_destination_info
Kak Museum Sultan Mahmud Badaruddin II lokasinya dimana? ya,ask_location_access
Kak Museum Sultan Mahmud Badaruddin II lokasinya dmana? ya,ask_location_access
Permisi Destinasi yang dekat stasiun LRT? nih,ask_lrt_destinations
Palembang punya wisata apa aja?,ask_recommendation
Halo Terima kasih infonya ya,goodbye
Halo Terima kasih infonya yo,goodbye
Halo Rekomendasi wisata Palembang dong dong kak,ask_recommendation
Halo Rekomendasi wisat Palembang dong dong kak,ask_recommendation
"Hi, How much is the ticket to Kampung Kapitan?",ask_ticket_price
Eh Min kasih tau hidden gems Palembang nih,ask_hidden_gems
Info tentang SMB II,ask_destination_info
Halo Suka deh ya kak,provide_feedback
Halo Suka deh yo kak,provide_feedback
How much does it cost to enter Punti Kayu Forest?,ask_ticket_price
Maaf mau tanya Taxi online di Palembang? nih,ask_unrelated
Sejarah Kampung Kapitan apa ya?,ask_destination_info
Sjarh Central Park ap ya?,ask_destination_info
Maaf mau tanya Lesser known attractions in Palembang? nih,ask_hidden_gems
Maaf mau tanya Lsser known attractions in Palembang? nih,ask_hidden_gems
Museum Balaputra Dewa berbayar atau gratis?,ask_ticket_price
Malioboro berbayar atau gratis?,ask_ticket_price
Permisi Deskripsi Bukit Siguntang deh,ask_destination_info
Permisi Deskripsi Candi Borobudur deh,ask_destination_info
Permisi Mau tanya dong kak harga tiket Benteng Kuto Besak deh,ask_ticket_price
Permisi Mau tanya dong kak hargo tiket Malioboro deh,ask_ticket_price
Halo Enaknya kemana ya di Palembang? ya kak,ask_recommendation
"Hello, What's the location of Ampera Bridge??",ask_location_access
Halo KI itu apa? dong,ask_destination_info
Kasih tau dong tentang Ampera,ask_destination_info
Kasih tau dong tentang Tanah Lot,ask_destination_info
What are the operating hours of Monpera?,ask_operating_hours
What r the operating hours of Monpera?,ask_operating_hours
Halo Hai kak masih aktif? dong,greet
"Hi, What's the location of Ampera Bridge? please",ask_location_access
"Hi, What's the locaton of Tman Safar Bridge? pleas",ask_location_access
Berapa harga tiket masuk Hutan Wisata Punti Kayu?,ask_ticket_price
Berapo harga tiket masuk Hutan Wisata Tanah Lot?,ask_ticket_price
Mau nanya dong Kampung Arab Al-Munawar ada di daerah mana? deh,ask_location_access
Mau ke Taman Kebon Rojo lewat mana?,ask_location_access
Mau k Taman Kebon Rojo lewat mana?,ask_location_access
Kak Famous places in Palembang? ya,ask_recommendation
Kak Famous places in Palembang? yo,ask_recommendation
Oke sip,provide_feedback
Ok sp,provide_feedback
Mau nanya dong Tess deh,greet
Mu nanya dong Tss deh,greet
Jam buka Taman Kebon Rojo kapan?,ask_operating_hours
Rekomendasi wisata Palembang dong?,ask_recommendation
Maaf mau tanya Oke makasih kak sangat membantu deh,goodbye
Maaf mau tanya Oke makasih kak banget membantu deh,goodbye
Maaf mau tanya Help me please nih,greet
Maaf mau tny Help me please nih,greet
Maaf mau tanya Bye kak sih,goodbye
Maaf mau tany Bye kak sih,goodbye
Mau nanya dong Hidden gems in Palembang?,ask_hidden_gems
Halo Help me please sih,greet
Mau nanya dong Bisa naik LRT ke BKB? nih,ask_lrt_destinations
Mau nanya dong Pacak naik LRT ke BKB? nih,ask_lrt_destinations
Permisi Lesser known attractions in Palembang? dong,ask_hidden_gems
Kak Suka deh dong kak,provide_feedback
Bang Suka sama jawabannya sih,provide_feedback
How to cook an egg?,ask_unrelated
How to cok an egg?,ask_unrelated
Kak Museum Balaputra Dewa fasilitasnya apa aja? ya,ask_facilities
Kak Museum Balaputra Dewa fasilitasnya apa aja? yo,ask_facilities
Halo Jadwal kereta api Jakarta? ya,ask_unrelated
Halo Jadwal kereta api Jakrta? y,ask_unrelated
Kak Museum Balaputra Dewa fasilitasnya apa aja? dong,ask_facilities
Kak Museum Balaputra Dewa fasilitasnya apo aja? dong,ask_facilities
Bang Kak ada museum gak di Palembang? nih,ask_category
Bang Kak ada museum gak di Palmbang? nih,ask_category
Min Hlo deh,greet
Please What's the location of Ampera Bridge? thanks,ask_location_access
Ceritain Kambang Iwak dong kak,ask_destination_info
Permisi Kampung Arab Al-Munawar ada di daerah mana? sih,ask_location_access
Permsi Kampung Arb Al-Munawar ada di daerah mana? sih,ask_location_access
Kak Lesser known attractions in Palembang? dong kak,ask_hidden_gems
Permisi Apakah Jakabaring gratis? nih,ask_ticket_price
Prmis pakah Jakabaring grats? nh,ask_ticket_price
Directions to Grand Mosque of Palembang?,ask_location_access
Maaf mau tanya Jelas banget penjelasannya deh,provide_feedback
Maaf mau tanya Jlas banget penjelasannya deh,provide_feedback
Permisi KI itu apa? ya kak,ask_destination_info
Permisi KI itu apo? yo kak,ask_destination_info
Apakah Punti Kayu gratis?,ask_ticket_price
Apkh Gnung Bromo gratis?,ask_ticket_price
Maaf mau tanya Min tolong saran wisata dong ya,ask_recommendation
Wisata Palembang yang populer apa?,ask_recommendation
Wisata Palembang yang populer apo?,ask_recommendation
Eh Wisata Palembang yang aesthetic tapi sepi? deh,ask_hidden_gems
Eh Wisata Palembang yang aesthetc tapi sepi? deh,ask_hidden_gems
Eh Masjid Cheng Ho ada spot foto gak? dong,ask_facilities
Amanzi tutup jam berapa?,ask_operating_hours
Amanzi tutup jam brapa?,ask_operating_hours
Maaf mau tanya Permisi kak sih,greet
Min Masjid Cheng Ho ada spot foto gak? ya kak,ask_facilities
food tourism in palembang?,ask_category
Price?,ask_ticket_price
Bang Kamu siapa? ya kak,ask_unrelated
Maaf mau tanya Tolong kasih tau wisata dekat LRT nih,ask_lrt_destinations
Monpera itu apa?,ask_destination_info
Monpera itu apo?,ask_destination_info
Maaf mau tanya Apakah Jakabaring gratis? deh,ask_ticket_price
Eh Wisata Palembang yang aesthetic tapi sepi?,ask_hidden_gems
Eh Wisata Palmbang yang esthetc tapi sepi?,ask_hidden_gems
Halo Address of Ampera Bridge? deh,ask_location_access
Halo Address of mpera Bridge? deh,ask_location_access
Maaf mau tanya Mau tanya dong kak harga tiket Benteng Kuto Besak nih,ask_ticket_price
Maaf mau tnya Mau tanya dong kk harga tiket niversal Stdio nih,ask_ticket_price
Halo Details about Kambang Iwak Park? sih,ask_destination_info
Halo Details abut Kmbang Iwak Park? sih,ask_destination_info
Kak ada wisata religi gak di Palembang?,ask_category
Kak ada wisat religi gak di Palembng?,ask_category
Quiet but beautiful places in Palembang?,ask_hidden_gems
Mau nanya dong Hlo deh,greet
Price to enter Kambang Iwak Park?,ask_ticket_price
Tempat wisata yang bisa diakses LRT?,ask_lrt_destinations
Tempat wisata yang pacak diakses LRT?,ask_lrt_destinations
Min Any hidden gems to visit? ya kak,ask_hidden_gems
Min Any hiddn gms to vist? yo kak,ask_hidden_gems
Kak Tempat wisata murah di Palembang? dong,ask_recommendation
Kak Tempat wisat mrah di Palmbang? dong,ask_recommendation
Mau ke tempat bersejarah di Palembang dong kak,ask_category
Mau ka tempat bersejarah di Palembang dong kak,ask_category
Tempat makan di sekitar Museum Sultan Mahmud Badaruddin II ada?,ask_facilities
Tempat maman di sekitar Museum Sultan Mahmud Badaruddin II ada?,ask_facilities
Permisi Min tolong saran wisata dong dong kak,ask_recommendation
Benteng Kuto Besak buka jam berapa,ask_operating_hours
Gunung Bromo buka jam berapa,ask_operating_hours
Please Does Jakabaring Sport City have a mosque? please,ask_facilities
Mau nanya dong That's helpful ya kak,provide_feedback
Mau nanya dong That's helpful yo kak,provide_feedback
Permisi Hidden gems in Palembang? dong,ask_hidden_gems
Permisi Wisata tersembunyi di Palembang? sih,ask_hidden_gems
Best places for tourists in Palembang?,ask_recommendation
Best plces fr toursts in Palmbang?,ask_recommendation
Maaf mau tanya Jembatan Ampera di mana ya? dong kak,ask_location_access
Maaf mau tanya Ancol di mana ya? dong kak,ask_location_access
Permisi Destinasi wisata sejarah Palembang? deh,ask_category
Bang Chatbot nya bagus ya,provide_feedback
Bang Chatbot nya krn y,provide_feedback
Min Rekomendasi wisata Palembang dong dong kak,ask_recommendation
Price to enter Sultan Mahmud Badaruddin II Museum?,ask_ticket_price
Eh Destinasi wisata sejarah Palembang? dong,ask_category
Maaf mau tanya Wonderful dong kak,provide_feedback
Can you tell me Is Kampung Kapitan open in the morning??,ask_operating_hours
Can ya tell me Is Malioboro open in the morning??,ask_operating_hours
Destinasi yang dekat stasiun LRT? deh,ask_lrt_destinations
Dstinasi yang dekt stasin LRT? deh,ask_lrt_destinations
Permisi Terima kasih infonya deh,goodbye
Kak Jelas banget penjelasannya sih,provide_feedback
Where is Monpera located?,ask_location_access
whers Candi Prambnan located?,ask_location_access
Kak Suka sama jawabannya ya kak,provide_feedback
Kak ada taman gak di Palembang?,ask_category
Kak ad taman gak di Palembang?,ask_category
Kak Famous places in Palembang? dong,ask_recommendation
Kak Famous places in Palmbang? dong,ask_recommendation
Maaf mau tanya Cara daftar CPNS gimana? nih,ask_unrelated
Permisi Enaknya kemana ya di Palembang? deh,ask_recommendation
Permisi Enaknya kemana yo di Palembang? deh,ask_recommendation
Bang Hlo dong kak,greet
Bang Hlo dng kak,greet
Kak Museum Sultan Mahmud Badaruddin II lokasinya dimana?,ask_location_access
Kak Museum Sultn Mahmud Badaruddin II lokasinya dmn?,ask_location_access
Halo That's helpful dong,provide_feedback
Permisi Apakah Ampera dekat stasiun LRT? dong kak,ask_lrt_destinations
Permisi Apakah Monas dekat stasiun LRT? dong kak,ask_lrt_destinations
Eh Oke makasih kak sangat membantu deh,goodbye
Eh Oke makasih kak nian membantu deh,goodbye
Bang Info jam buka SMB II dong dong,ask_operating_hours
Permisi Kamu siapa? ya kak,ask_unrelated
Permisi Kamu siapa? yo kak,ask_unrelated
Halo Jelas banget penjelasannya sih,provide_feedback
Halo Jelas banget penjlasanny sih,provide_feedback
Min Mau ke tempat bersejarah di Palembang ya,ask_category
Min Mau k tmpat bersejarah di Palembang yo,ask_category
Kak Address of Ampera Bridge? dong kak,ask_location_access
Kak ddress of Ampera Bridge? dng kk,ask_location_access
what should i visit in palembang?,ask_recommendation
Kak Mau tanya dong kak harga tiket Benteng Kuto Besak,ask_ticket_price
Eh Hlo nih,greet
What does it cost to visit Kampung Kapitan?,ask_ticket_price
What does it cost to visit Raja Ampat?,ask_ticket_price
Kak Suka deh dong,provide_feedback
Permisi Permisi kak,greet
Please How much is the ticket to Kampung Kapitan? thanks,ask_ticket_price
Please How much is the ticket to Raj mpat? thnks,ask_ticket_price
Makasih ya infonya,goodbye
Permisi Info jam buka SMB II dong ya kak,ask_operating_hours
Info lokasi Kampung Kapitan dong,ask_location_access
Amanzi Waterpark gratis gak sih?,ask_ticket_price
Benteng Kuto Besak buka jam berapa? nih,ask_operating_hours
Benteng Kuto Besak buka jam brapa? nh,ask_operating_hours
Kira-kira harga tiket Taman Kambang Iwak Besak berapa?,ask_ticket_price
Kira-kira harga tiket Taman Candi Borobudur Besak berapa?,ask_ticket_price
Halo Address of Ampera Bridge? dong,ask_location_access
Halo Address of Tanah Lot Bridge? dong,ask_location_access
Harga masuknya berapa kak?,ask_ticket_price
Hargo masuknya brapa kak?,ask_ticket_price
Min Wisata tersembunyi di Palembang? deh,ask_hidden_gems
Min Wisata tersembunyi di Plembng? deh,ask_hidden_gems
Halo Benteng Kuto Besak buka jam berapa? dong,ask_operating_hours
Does Jakabaring Sport City have a mosque??,ask_facilities
Mau nanya dong Jadwal kereta api Jakarta? ya kak,ask_unrelated
Mau nanya dong Jadwal kereta api Jakarta? yo kak,ask_unrelated
Min harga masuk SMB berapa?,ask_ticket_price
Min hargo masuk SMB brapa?,ask_ticket_price
Dari jam berapa PIM buka?,ask_operating_hours
Dari jam berapo PIM buka?,ask_operating_hours
Permisi Kak ada museum gak di Palembang? ya kak,ask_category
Permisi Kak ada museum gak di Palembang? yo kak,ask_category
Mau nanya dong Kamu siapa? dong kak,ask_unrelated
Mau nanya dong Kau siapa? dong kak,ask_unrelated
Kak Destinasi yang dekat stasiun LRT?,ask_lrt_destinations
Tempat wisata unik di Palembang?,ask_hidden_gems
Kak Any hidden gems to visit?,ask_hidden_gems
Kak Any hidden gms to visit?,ask_hidden_gems
"Hi, I'd like to ask something",greet
Permisi Hidden gems in Palembang?,ask_hidden_gems
Jam operasionalnya,ask_operating_hours
Kak Masjid Cheng Ho ada spot foto gak?,ask_facilities
Tempat makan di sekitar Al Quran Al Akbar ada?,ask_facilities
Palembang Square buka setiap hari?,ask_operating_hours
Kak Pagi kak ya,greet
Maaf mau tanya PIM gratis gak sih? nih,ask_ticket_price
Ceritakan tentang Masjid Cheng Ho,ask_destination_info
Certakan tentng Masjid Cheng Ho,ask_destination_info
How to reach Kampung Kapitan?,ask_location_access
How to rach Kmpung Kapitan?,ask_location_access
Halo Rekomendasi wisata Palembang dong ya,ask_recommendation
rekomendasi hidden gems dong kak,ask_hidden_gems
Bang Info jam buka SMB II dong deh,ask_operating_hours
Permisi Destinasi yang dekat stasiun LRT? sih,ask_lrt_destinations
Please How much is the ticket to Kampung Kapitan??,ask_ticket_price
Cerita sejarah Kampung Arab Al-Munawar dong,ask_destination_info
Cerita sejarah Monas Al-Mnawar dong,ask_destination_info
Mau nanya dong Makasih nih,goodbye
Bang Bye kak nih,goodbye
Pagi-pagi Palembang Square sudah buka belum?,ask_operating_hours
Pagi-pagi Palembang Square udah buka belom?,ask_operating_hours
lesser known attractions in palembang?,ask_hidden_gems
lesser known attractons in plembang?,ask_hidden_gems
"Hi, What should I visit in Palembang?",ask_recommendation
Museum Sultan Mahmud Badaruddin II lokasinya dimana?,ask_location_access
Museum Sultan Mahmud Badaruddin II lokasinya dmana?,ask_location_access
"Min That's enough, thank you dong kak",goodbye
"Min That's enough, thnk  dong kak",goodbye
Bang Info lengkap Punti Kayu dong,ask_destination_info
Bng Info lengkap Gunng Bromo dong,ask_destination_info
What facilities are available at Benteng Kuto Besak?,ask_facilities
What facilities r avilbl at Benteng Kuto Besak?,ask_facilities
Kak BKB itu tempat apa sih? sih,ask_destination_info
Kak BKB itu tempat p sih? sih,ask_destination_info
Maaf mau tanya Excellent information dong,provide_feedback
Tutup jam berapa?,ask_operating_hours
Tutup jam brapa?,ask_operating_hours
I want to know What parks are in Palembang? thanks,ask_category
I wanna know What parks r in Palembang? thanks,ask_category
Mau nanya dong Jelas banget penjelasannya,provide_feedback
Palembang punya museum apa? ya kak,ask_category
Bang That's helpful ya kak,provide_feedback
Bang That's helpful yo kak,provide_feedback
Wisata yang gak pasaran di Palembang?,ask_hidden_gems
Maaf mau tanya PIM gratis gak sih? sih,ask_ticket_price
Maf ma tanya PIM gratis gak sih? sih,ask_ticket_price
Cek,greet
Ck,greet
Eh Rekomendasi wisata untuk liburan singkat dong,ask_recommendation
h Rekomendsi wisata untuk liburan singkat dong,ask_recommendation
Maaf mau tanya Alternative tourist spots in Palembang? sih,ask_hidden_gems
Kak Naik apa ke Pasar 16 Ilir? ya kak,ask_location_access
Kak Naik apa k Pasar 16 Ilir? ya kak,ask_location_access
Kak Rekomendasi wisata Palembang dong deh,ask_recommendation
Bang Rekomendasi wisata Palembang dong sih,ask_recommendation
Eh Suka sama jawabannya ya,provide_feedback
Eh Suka sama jawabannya yo,provide_feedback
Noted kak,provide_feedback
Eh Bisa naik LRT ke BKB? sih,ask_lrt_destinations
h Bis nik LRT ke BKB? sih,ask_lrt_destinations
Eh Kamu siapa? ya,ask_unrelated
Halo Palembang punya museum apa? dong kak,ask_category
Halo Palembang punya museum apo? dong kak,ask_category
Mau nanya dong Wisata tersembunyi di Palembang? nih,ask_hidden_gems
Maaf mau tanya Destinasi wisata sejarah Palembang? deh,ask_category
Kak Excellent information deh,provide_feedback
Kak Bye kak sih,goodbye
Kak By kak sih,goodbye
excellent information,provide_feedback
Permisi Terima kasih infonya nih,goodbye
Permisi Terima kasih nfonya nh,goodbye
Kak Kalo hari Sabtu Kawah Tengkurep buka?,ask_operating_hours
Maaf mau tanya Best destinations in Palembang?,ask_recommendation
Permisi Jam operasionalnya? ya kak,ask_operating_hours
Maaf mau tanya Info jam buka SMB II dong sih,ask_operating_hours
Permisi Cara daftar CPNS gimana? nih,ask_unrelated
Bang Cara main saham? ya,ask_unrelated
Bang Cara main saham? yo,ask_unrelated
Min Suka sama jawabannya dong kak,provide_feedback
Bye kak,goodbye
Weekday PTC buka jam berapa?,ask_operating_hours
"Hello, How to move on??",ask_unrelated
"Hello, How t mov on??",ask_unrelated
Maaf mau tanya PIM ada tempat parkir? deh,ask_facilities
Halo Lesser known attractions in Palembang? nih,ask_hidden_gems
Mau nanya dong Mau ke tempat bersejarah di Palembang sih,ask_category
Mau nanya dong Mau ka tempat bersejarah di Palembang sih,ask_category
Kak Makasih deh,goodbye
Kak Mkasih dh,goodbye
Jawabannya cepat,provide_feedback
Kak BKB buka jam berapa ya?,ask_operating_hours
Kk Tnah Lot buka jam berapa y?,ask_operating_hours
Weekend Benteng Kuto Besak buka?,ask_operating_hours
Weekend Bnteng Kuto Bsk buka?,ask_operating_hours
Min Taxi online di Palembang?,ask_unrelated
Mau nanya dong Museum Balaputra Dewa fasilitasnya apa aja? nih,ask_facilities
Permisi Enaknya kemana ya di Palembang? dong kak,ask_recommendation
Permisi Enaknya kemana yo di Palembang? dong kak,ask_recommendation
hai kak masih aktif?,greet
Halo LRT friendly tourist destinations? sih,ask_lrt_destinations
Halo Tess nih,greet
Eh Oke makasih kak sangat membantu dong kak,goodbye
Eh Oke makasih kak nian membantu dong kak,goodbye
Opening hours for Grand Mosque of Palembang?,ask_operating_hours
pening hours for Grand Mosque of Palembang?,ask_operating_hours
Bang Bisa naik LRT ke BKB? dong,ask_lrt_destinations
Bang Bisa naik LRT ke Tanah Lot? dong,ask_lrt_destinations
Ke Jakabaring Sport City bayar berapa ya?,ask_ticket_price
K Jakabaring Sport City bayr berapo yo?,ask_ticket_price
Eh Destinasi wisata sejarah Palembang? dong kak,ask_category
Min Details about Kambang Iwak Park? dong,ask_destination_info
The answer is very detailed,provide_feedback
Th answer is very detailed,provide_feedback
Eh Wisata Palembang yang aesthetic tapi sepi? sih,ask_hidden_gems
Eh Wisata Palembng yang aesthetic tapi sepi? sih,ask_hidden_gems
Bang Thank you very much sih,goodbye
Bang Thank ya very much sih,goodbye
Min PIM gratis gak sih? ya,ask_ticket_price
Bang Mau ke tempat bersejarah di Palembang dong,ask_category
Bang Mau ka tempat bersejarah di Palembang dong,ask_category
Mau nanya dong Best destinations in Palembang? dong kak,ask_recommendation
Mau nanya dong Best destinatons in Palembang? dong kak,ask_recommendation
Eh Recipe for chocolate cake? dong,ask_unrelated
Min Details about Kambang Iwak Park?,ask_destination_info
Weekday PIM buka jam berapa?,ask_operating_hours
Weekday PIM buka jam brapa?,ask_operating_hours
Maaf mau tanya Makasih nih,goodbye
Mau nanya dong Info jam buka SMB II dong sih,ask_operating_hours
Min Bisa naik LRT ke BKB? nih,ask_lrt_destinations
Min Pacak naik LRT k Taman Sfri? nih,ask_lrt_destinations
Kak PIM gratis gak sih?,ask_ticket_price
Kak Numpang tanya dong,greet
Maaf mau tanya Kampung Arab Al-Munawar ada di daerah mana? ya kak,ask_location_access
Permisi Cara main saham? nih,ask_unrelated
Prmisi Cara main sahm? nih,ask_unrelated
Eh Destinasi yang LRT accessible? deh,ask_lrt_destinations
How to move on?,ask_unrelated
How to mov on?,ask_unrelated
Mau nanya dong Permisi kak,greet
Min Hidden gems in Palembang? nih,ask_hidden_gems
Min Hidden gems n Palembang? nih,ask_hidden_gems
Eh Help me please dong,greet
Weekend Palembang Trade Center buka?,ask_operating_hours
Kak Wisata Palembang yang aesthetic tapi sepi?,ask_hidden_gems
Kak Wisata Palembang yang aesthetic tap sepi?,ask_hidden_gems
Info lengkap Punti Kayu dong ya,ask_destination_info
Permisi Destinasi yang dekat stasiun LRT? dong kak,ask_lrt_destinations
Rumah sakit terdekat?,ask_unrelated
Mau nanya dong Cara main saham? dong,ask_unrelated
Naik apa ke Al-Munawar?,ask_location_access
Naik apo ke Al-Munawar?,ask_location_access
Permisi Kamu siapa?,ask_unrelated
Kak Oke makasih kak sangat membantu dong,goodbye
Kak Oke makasih kak nian membantu dong,goodbye
Kak Mau tanya dong kak harga tiket Benteng Kuto Besak dong,ask_ticket_price
Kak Mau tanya dong kak harga tiket Pantai Kuta dong,ask_ticket_price
Min Museum Sultan Mahmud Badaruddin II lokasinya dimana?,ask_location_access
Info lengkap Palembang Trade Center dong,ask_destination_info
suka sama jawabannya,provide_feedback
suka sam jawabanny,provide_feedback
SMB ada tempat istirahat?,ask_facilities
Baik terima kasih,goodbye
Eh Info lengkap Punti Kayu dong deh,ask_destination_info
Biaya tiket Palembang Square berapa kak?,ask_ticket_price
Biaya tiket Palembng Square brapo kak?,ask_ticket_price
Kak Cara main saham? nih,ask_unrelated
Kk Cara man saham? nih,ask_unrelated
Kak Museum Balaputra Dewa fasilitasnya apa aja? nih,ask_facilities
Kak Universal Studio fasilitasnya apo aja? nih,ask_facilities
Min Info wisata budaya Palembang dong dong,ask_category
Min Enaknya kemana ya di Palembang? nih,ask_recommendation
Min Enaknya kemana yo di Palembang? nih,ask_recommendation
Hai kak masih aktif? ya kak,greet
Hai kak masih aktif? yo kak,greet
"Excuse me, How much is the ticket to Kampung Kapitan? thanks",ask_ticket_price
Maaf mau tanya Food tourism in Palembang? ya,ask_category
Min Kampung Arab Al-Munawar ada di daerah mana? sih,ask_location_access
Min Central Park Al-Munawar ada di daerah mana? sih,ask_location_access
Min Rekomendasi wisata yang dekat stasiun LRT ya kak,ask_lrt_destinations
Bang Best destinations in Palembang? dong kak,ask_recommendation
Min Info lengkap Punti Kayu dong nih,ask_destination_info
Min Info lengkap Tanah Lot dong nih,ask_destination_info
recipe for chocolate cake?,ask_unrelated
recpe fr choclate cake?,ask_unrelated
Maaf mau tanya Help me please deh,greet
Halo What time does Kampung Kapitan close? sih,ask_operating_hours
Halo What time does Danau Toba close? sih,ask_operating_hours
Cara main saham? ya,ask_unrelated
Cara main saham? yo,ask_unrelated
Kak Rekomendasi wisata untuk liburan singkat nih,ask_recommendation
Kk Rekomndas wisata untuk lburan singkat nih,ask_recommendation
Jadwal sholat hari ini?,ask_unrelated
Jadwal sholat hari in?,ask_unrelated
Jelaskan tentang Hutan Wisata Punti Kayu,ask_destination_info
Jelaskan tentang Hutan Wisata Candi Prambanan,ask_destination_info
Permisi Food tourism in Palembang? dong kak,ask_category
Kira-kira harga tiket Taman Kebon Rojo berapa?,ask_ticket_price
Kira-kira hargo tiket Taman Kebon Rojo berapo?,ask_ticket_price
Eh Destinasi yang dekat stasiun LRT?,ask_lrt_destinations
h Destnsi yang dkat stasin LRT?,ask_lrt_destinations
PIM gratis gak sih? ya,ask_ticket_price
PIM gratis gak sh? yo,ask_ticket_price
Eh Bye kak sih,goodbye
What's the location of Jakabaring Sport City?,ask_location_access
Mau nanya dong Destinasi yang dekat stasiun LRT? ya kak,ask_lrt_destinations
Mau nanya dong Destinasi yang dekat stasiun LRT? yo kak,ask_lrt_destinations
That's helpful nih,provide_feedback
Bang Benteng Kuto Besak buka jam berapa?,ask_operating_hours
Bang Benteng Kuto Besak buka jam berapo?,ask_operating_hours
Bang Min kasih tau hidden gems Palembang dong kak,ask_hidden_gems
Bng Min kasih tu hidden gems Plembang dong kak,ask_hidden_gems
Eh Info wisata budaya Palembang dong dong,ask_category
Halo Wonderful nih,provide_feedback
What parks are in Palembang? please,ask_category
What parks r in Palembang? please,ask_category
Permisi Bye kak sih,goodbye
Cara main saham? ya kak,ask_unrelated
Kak Hlo dong,greet
Min BKB itu tempat apa sih? deh,ask_destination_info
Kayak apa sih tempatnya?,ask_destination_info
Kayak apo sih tempatnya?,ask_destination_info
Mau nanya dong Min tolong saran wisata dong dong kak,ask_recommendation
Eh Info lengkap Punti Kayu dong nih,ask_destination_info
"Excuse me, Do I need to pay to enter Monpera? please",ask_ticket_price
"Excuse m, Do I ned to pay t enter Monpra? please",ask_ticket_price
Eh Thank you very much nih,goodbye
h Thank y very mch nih,goodbye
"Eh That's enough, thank you sih",goodbye
"Eh That's enough, thank u sih",goodbye
Min Apakah Jakabaring gratis?,ask_ticket_price
Halo Resep nasi goreng dong dong kak,ask_unrelated
SMB II gratis gak sih?,ask_ticket_price
"Excuse me, Is Kampung Kapitan open in the morning? please",ask_operating_hours
Eh Rekomendasi wisata untuk liburan singkat ya,ask_recommendation
Eh Rekmnds wisata ntuk liburn sngkat ya,ask_recommendation
Mau nanya dong Permisi kak dong kak,greet
Mau nany dong Permisi kak dng kak,greet
Mau tanya jam operasional Al Quran Al Akbar,ask_operating_hours
Bang Museum Balaputra Dewa fasilitasnya apa aja? dong kak,ask_facilities
Bng Candi Borobudur fasilitasnya pa aja? dong kak,ask_facilities
What's the entrance fee at Ampera Bridge?,ask_ticket_price
Apa BKB bisa dijangkau LRT?,ask_lrt_destinations
Apo BKB bis dijangkau LRT?,ask_lrt_destinations
Are you a robot?,ask_unrelated
R u a robot?,ask_unrelated
Recipe for chocolate cake?,ask_unrelated
Recip for chocolat cake?,ask_unrelated
Is there parking?,ask_facilities
Assalamu'alaikum,greet
Waalaikumsalam,goodbye
Kak Hidden gems in Palembang? ya kak,ask_hidden_gems
Kak Hidden gems n Palembang? y kak,ask_hidden_gems
Permisi Makasih dong,goodbye
Permisi Maksih dong,goodbye
Halo Mau tanya dong kak harga tiket Benteng Kuto Besak dong,ask_ticket_price
Halo Mau tanya dong kak hargo tiket Benteng Kuto Besak dong,ask_ticket_price
Tiket masuk Monpera berapa?,ask_ticket_price
Tket masuk Menara Effel berap?,ask_ticket_price
Eh Destinasi yang LRT accessible? dong,ask_lrt_destinations
Permisi Kak ada museum gak di Palembang? dong kak,ask_category
Mau nanya dong Wonderful,provide_feedback
what facilities are available at jakabaring sport city?,ask_facilities
what facilities r available at jakabaring sport city?,ask_facilities
Kak ada museum gak di Palembang?,ask_category
Recipe for chocolate cake? nih,ask_unrelated
Rcipe for chocolt cake? nih,ask_unrelated
Halo Oke makasih kak sangat membantu ya kak,goodbye
Halo Oke makasih kak sekali membantu yo kak,goodbye
Ceritain Ampera dong kak,ask_destination_info
Ceritain Central Park dong kak,ask_destination_info
Museum Balaputra Dewa buka sampai malam gak?,ask_operating_hours
Msum Blaputra Dewa buka sampai malam gak?,ask_operating_hours
Maaf mau tanya Best destinations in Palembang? ya kak,ask_recommendation
Maaf mau tanya Bst destinations in Palembang? ya kak,ask_recommendation
Halo BKB itu tempat apa sih? dong,ask_destination_info
Halo Central Park itu tempat apa sih? dong,ask_destination_info
Kak Kak ada museum gak di Palembang? nih,ask_category
Kk Kak ada museum gak di Plembang? nih,ask_category
Mau nanya dong Help me please ya kak,greet
Mau nanya dong Help me please yo kak,greet
Dari mana ke BKB?,ask_location_access
Dr mana ke Tanah Lot?,ask_location_access
PIM gratis gak sih? deh,ask_ticket_price
Min Cara daftar CPNS gimana? sih,ask_unrelated
Jam operasional Kampung Arab Al-Munawar?,ask_operating_hours
Jam operasional Candi Borobudur Al-Munawar?,ask_operating_hours
Eh Makasih nih,goodbye
Kak Recipe for chocolate cake?,ask_unrelated
Min Famous places in Palembang? dong kak,ask_recommendation
How to lose weight?,ask_unrelated
Mau tanya dong kak harga tiket Benteng Kuto Besak ya,ask_ticket_price
Mau tanya dong kak hargo tiket Ancol ya,ask_ticket_price
Masjid Agung Palembang bayar berapa?,ask_ticket_price
Raja Ampat Palembang bayar brapa?,ask_ticket_price
Bang Masjid Cheng Ho ada spot foto gak? dong kak,ask_facilities
Bang Destinasi wisata sejarah Palembang? nih,ask_category
Eh Thank you very much deh,goodbye
Eh Thank u very mch deh,goodbye
Permisi Cara main saham? dong kak,ask_unrelated
Prms Cara main sahm? dong kk,ask_unrelated
Halo Min kasih tau hidden gems Palembang dong,ask_hidden_gems
Halo Min kash tau hidden gems Palembang dong,ask_hidden_gems
Kak Wonderful deh,provide_feedback
Maaf mau tanya Any hidden gems to visit? dong kak,ask_hidden_gems
Maaf mau tanya Any hidden gms to vist? dng kak,ask_hidden_gems
Kak KI itu apa?,ask_destination_info
What's Monpera like?,ask_destination_info
What's Menara Eiffel like?,ask_destination_info
Min That's helpful ya,provide_feedback
Min That's helpful yo,provide_feedback
Permisi Rekomendasi wisata Palembang dong dong kak,ask_recommendation
Mau nanya dong Jam operasionalnya? ya,ask_operating_hours
Mau nanya dong Jam operasionalnya? yo,ask_operating_hours
Min info wisata dekat LRT dong,ask_lrt_destinations
Mn nfo wista dekat LRT dng,ask_lrt_destinations
I want to know Does Jakabaring Sport City have a mosque? please,ask_facilities
I wanna know Does Jakabaring Sport City have a mosque? please,ask_facilities
Halo Excellent information deh,provide_feedback
Mau nanya dong Thank you very much dong kak,goodbye
Mau nany dong Thank ya very much dong kak,goodbye
Wisata yang belum mainstream?,ask_hidden_gems
Wisata yang blom mainstream?,ask_hidden_gems
Min kasih tau hidden gems Palembang?,ask_hidden_gems
Tell me a joke,ask_unrelated
What historical sites are in Palembang?,ask_category
What historical sites r in Palembang?,ask_category
Kak Details about Kambang Iwak Park? ya,ask_destination_info
Kak Dtails about Maliboro Park? yo,ask_destination_info
Kak Cara main saham? ya kak,ask_unrelated
Kak Cara main saham? yo kak,ask_unrelated
Dari jam berapa SMB buka?,ask_operating_hours
Dari jam brapa SMB buka?,ask_operating_hours
Hai TanyaKito,greet
Halo PIM gratis gak sih? dong kak,ask_ticket_price
Permisi Hidden gems in Palembang? ya,ask_hidden_gems
Does Grand Mosque of Palembang have food stalls?,ask_facilities
Berapa ya tiket Hutan Wisata Punti Kayu?,ask_ticket_price
Berapa yo tiket Hutan Wisata Monas?,ask_ticket_price
I want to know What should I visit in Palembang?,ask_recommendation
I wanna know What should I visit in Palembang?,ask_recommendation
"Kak That's enough, thank you",goodbye
"Kak That's nugh, thnk ya",goodbye
Info fasilitas Amanzi dong,ask_facilities
Halo kak saya turis,greet
"Hello, What facilities are available at Jakabaring Sport City? thanks",ask_facilities
"Hello, What facilities r available at Jakabaring Sport City? thanks",ask_facilities
Bang Enaknya kemana ya di Palembang?,ask_recommendation
Kak Tolong kasih tau wisata dekat LRT nih,ask_lrt_destinations
Kak Tolong kasih tau wisata dekat LRT nh,ask_lrt_destinations
Are there tourist attractions near LRT stations?,ask_lrt_destinations
R there trst attractions near LRT stations?,ask_lrt_destinations
Maaf mau tanya PIM ada tempat parkir? nih,ask_facilities
Maaf mau tany PIM ada tempat parkr? nih,ask_facilities
Min Food tourism in Palembang? ya,ask_category
Min Food torism in Palembng? yo,ask_category
Halo PIM gratis gak sih? nih,ask_ticket_price
Permisi Oke cukup kak makasih banyak deh,goodbye
Bang Kampung Arab Al-Munawar ada di daerah mana? dong,ask_location_access
Bang Danau Toba Al-Munawar ada di daerah mana? dong,ask_location_access
historical sites places in Palembang?,ask_category
What time does Kampung Kapitan close?,ask_operating_hours
What time des Gunung Brmo clse?,ask_operating_hours
Permisi Jadwal kereta api Jakarta? sih,ask_unrelated
Kak Lesser known attractions in Palembang? ya,ask_hidden_gems
Maaf mau tanya Suka sama jawabannya ya,provide_feedback
Maaf mau tanya Suka sama jawabannya yo,provide_feedback
Min That's helpful dong,provide_feedback
Eh Famous places in Palembang? sih,ask_recommendation
Eh Famous places in Palembng? sih,ask_recommendation
Permisi Rekomendasi hidden gems dong kak sih,ask_hidden_gems
Ada fasilitas apa di Jakabaring Sport City?,ask_facilities
Ada fasilitas apo di Jakabaring Sport City?,ask_facilities
Maaf mau tanya Destinasi yang LRT accessible? dong,ask_lrt_destinations
Bang Oke cukup kak makasih banyak nih,goodbye
Halo Mau tanya dong kak harga tiket Benteng Kuto Besak ya kak,ask_ticket_price
Halo Mau tanya dong kak hargo tiket Benteng Kuto Besak ya kak,ask_ticket_price
Berapa harga tiket masuk Al Quran Al Akbar?,ask_ticket_price
Brapa hargo tiket masuk Al Quran Al Akbar?,ask_ticket_price
Permisi kak deh,greet
Permisi kk deh,greet
Min Destinasi yang LRT accessible? dong kak,ask_lrt_destinations
Mau nanya dong Alternative tourist spots in Palembang? nih,ask_hidden_gems
Mau nanya dong Alterntiv turist spots n Plembang? nih,ask_hidden_gems
Help me please nih,greet
Information about Kampung Kapitan,ask_destination_info
Mau jalan-jalan pakai LRT bisa kemana?,ask_lrt_destinations
Mau jalan-jalan pakai LRT bis kman?,ask_lrt_destinations
List of museums in Palembang?,ask_category
Kak Bye kak ya,goodbye
Permisi Ada wifi di Jembatan Ampera? dong,ask_facilities
Permisi Ada wifi di Jembatan Menara Eiffel? dong,ask_facilities
PIM gratis gak sih?,ask_ticket_price
Bang Makasih deh,goodbye
Min mau tanya,greet
Min mau tany,greet
Mahal gak tiketnya?,ask_ticket_price
Mahl gak tktnya?,ask_ticket_price
Hai saya baru ke Palembang,greet
Hai say baru k Palembang,greet
Amanzi Waterpark deket stasiun LRT mana?,ask_location_access
Maaf mau tanya Wisata apa yang recommended di Palembang? dong kak,ask_recommendation
Maaf mau tanya Wista apa yng recommended di Palembang? dong kak,ask_recommendation
What's the ticket price for Punti Kayu Forest?,ask_ticket_price
Min Ada wifi di Jembatan Ampera? dong kak,ask_facilities
Min Ada wifi di Jembatn Menara Eiffel? dong kk,ask_facilities
Kak Cara main saham? sih,ask_unrelated
Permisi Apakah Jakabaring gratis? sih,ask_ticket_price
Permisi Apkah Jakabaring grtis? sih,ask_ticket_price
Min Palembang punya museum apa? ya kak,ask_category
Min Palembang punya museum apa? yo kak,ask_category
Permisi Rekomendasi hidden gems dong kak ya,ask_hidden_gems
Permisi Rekomendasi hidden gems dong kak yo,ask_hidden_gems
Eh Museum Balaputra Dewa fasilitasnya apa aja? nih,ask_facilities
Eh Museum Balaputra Dewa fasilitasnya apo aja? nih,ask_facilities
Halo BKB itu tempat apa sih?,ask_destination_info
Halo BKB itu tempat apo sih?,ask_destination_info
Kak Taxi online di Palembang? nih,ask_unrelated
Kak Taxi online d Palembng? nih,ask_unrelated
Bang Museum Sultan Mahmud Badaruddin II lokasinya dimana? nih,ask_location_access
Bang Museum Sultan Mahmud Badaruddin II lokasinya dmana? nih,ask_location_access
Mau nanya dong Oke cukup kak makasih banyak deh,goodbye
Mau nanya dong Ok cukup kak makasih banyak deh,goodbye
Min Benteng Kuto Besak buka jam berapa? ya,ask_operating_hours
Min Benteng Kuto Besak buka jam berapo? yo,ask_operating_hours
Kak Bye kak,goodbye
Eh Mau tanya dong kak harga tiket Benteng Kuto Besak sih,ask_ticket_price
Eh Mau tanya dong kak hargo tiket Pantai Kuta sih,ask_ticket_price
details about kambang iwak park?,ask_destination_info
Kak Apakah Ampera dekat stasiun LRT? ya,ask_lrt_destinations
Kak Apakah Raja Ampat dekat stasiun LRT? ya,ask_lrt_destinations
Mau nanya dong PIM ada tempat parkir? nih,ask_facilities
Mau nany dng PIM ada tempat parkir? nih,ask_facilities
Kak Bisa naik LRT ke BKB? dong kak,ask_lrt_destinations
Kak Pacak naik LRT ka Gunung Bromo? dong kak,ask_lrt_destinations
Tolong kasih tau alamat Amanzi Waterpark,ask_location_access
Tolong kasih tau alamat mnzi Waterpark,ask_location_access
Mau nanya dong Food tourism in Palembang? sih,ask_category
Mau nanya dong Food toursm n Palembang? sih,ask_category
Bang Destinasi yang dekat stasiun LRT? ya,ask_lrt_destinations
Bng Destinasi yang dekat stasun LRT? yo,ask_lrt_destinations
Mau tau sejarah Pulau Kemaro,ask_destination_info
Mau tu sejarah Tanah Lt,ask_destination_info
Eh Best destinations in Palembang? deh,ask_recommendation
Permisi LRT friendly tourist destinations? dong kak,ask_lrt_destinations
Wisata malam di Palembang kemana?,ask_recommendation
Min Taxi online di Palembang? deh,ask_unrelated
Bang Min kasih tau hidden gems Palembang dong,ask_hidden_gems
Destinasi yang LRT accessible? ya kak,ask_lrt_destinations
Destnasi yang LRT accessibl? yo kak,ask_lrt_destinations
Apa itu Kampung Kapitan?,ask_destination_info
Apo itu Kampung Kapitan?,ask_destination_info
Kak Resep nasi goreng dong ya kak,ask_unrelated
Kak Resep nasi goreng dong yo kak,ask_unrelated
Best destinations in Palembang,ask_recommendation
Min Museum Balaputra Dewa fasilitasnya apa aja? ya kak,ask_facilities
Min Candi Prambanan fasilitasnya apa aja? ya kak,ask_facilities
Halo Numpang tanya dong ya,greet
Permisi Museum Sultan Mahmud Badaruddin II lokasinya dimana? nih,ask_location_access
Sejarah Kawah Tengkurep apa ya?,ask_destination_info
Sejarah Kawah Tengkurep po yo?,ask_destination_info
Permisi Resep nasi goreng dong ya,ask_unrelated
Maaf mau tanya Destinasi wisata sejarah Palembang? ya kak,ask_category
Maf mau tanya Destinasi wisata sejarah Palembng? ya kk,ask_category
Jadwal kereta api Jakarta,ask_unrelated
Kak Kak ada museum gak di Palembang? ya kak,ask_category
Lokasi Fantasy Island dimana kak?,ask_location_access
Lokasi Fantasy Island dimano kak?,ask_location_access
Permisi Deskripsi Bukit Siguntang ya kak,ask_destination_info
Permisi Deskripsi Bukit Siguntang yo kak,ask_destination_info
Maaf mau tanya Help me please sih,greet
Which places can I visit using LRT?,ask_lrt_destinations
Kak Tess deh,greet
Mau tanya dong kak harga tiket Benteng Kuto Besak dong,ask_ticket_price
Mau tanya dong kak harga tiket Gunung Bromo dong,ask_ticket_price
Min Help me please dong kak,greet
Bang Rekomendasi wisata yang dekat stasiun LRT dong,ask_lrt_destinations
Kak Wisata tersembunyi di Palembang? sih,ask_hidden_gems
Kak Wisata tersembnyi di Palembang? sih,ask_hidden_gems
"Excuse me, What's the location of Ampera Bridge? thanks",ask_location_access
"xcuse me, What's the location of Ampera Bridge? thanks",ask_location_access
Bang Tolong kasih tau wisata dekat LRT,ask_lrt_destinations
Permisi Details about Kambang Iwak Park? sih,ask_destination_info
Maaf mau tanya Rekomendasi wisata Palembang dong ya kak,ask_recommendation
Destinasi yang LRT accessible?,ask_lrt_destinations
Destinsi yang LRT accessible?,ask_lrt_destinations
"Hello, What facilities are available at Jakabaring Sport City??",ask_facilities
"Hllo, Wht facilities r availble at Jakbaring Sprt City??",ask_facilities
Kak Best destinations in Palembang?,ask_recommendation
Maaf mau tanya Taxi online di Palembang? dong kak,ask_unrelated
Eh Rekomendasi wisata untuk liburan singkat nih,ask_recommendation
Maaf mau tanya Lesser known attractions in Palembang? dong kak,ask_hidden_gems
Maaf mu tany Lessr knwn attractions in Palembang? dong kak,ask_hidden_gems
Maaf mau tanya Min kasih tau hidden gems Palembang dong,ask_hidden_gems
Min Hidden gems in Palembang? dong kak,ask_hidden_gems
Kak dimana ya Bukit Siguntang?,ask_location_access
Kak dimano ya Bukit Siguntang?,ask_location_access
Bayar berapa kalo masuk Fantasy Island?,ask_ticket_price
Bayar berpa kalo masuk Fantasy Island?,ask_ticket_price
What does it cost to visit Jakabaring Sport City?,ask_ticket_price
Min Jelas banget penjelasannya ya kak,provide_feedback
Min Jelas banget penjelasannya yo kak,provide_feedback
Bang Benteng Kuto Besak buka jam berapa? sih,ask_operating_hours
Bang Taman Safari buka jam brapa? sih,ask_operating_hours
What can I see at Kemaro Island?,ask_destination_info
Mau nanya dong Wisata tersembunyi di Palembang? deh,ask_hidden_gems
Mau nanya dong Wisata tersembuny d Plembang? deh,ask_hidden_gems
Do I need to pay to enter Benteng Kuto Besak?,ask_ticket_price
Do I need to pay to enter Central Park?,ask_ticket_price
Best places to visit by LRT?,ask_lrt_destinations
Mau nanya dong Recipe for chocolate cake? dong,ask_unrelated
Bang Excellent information ya,provide_feedback
Bang Excellent information yo,provide_feedback
How much is the ticket to Punti Kayu Forest?,ask_ticket_price
Maaf mau tanya KI itu apa? nih,ask_destination_info
Chatbot nya bagus,provide_feedback
Chatbot nya keren,provide_feedback
Is Monpera open on weekends?,ask_operating_hours
Is Candi Borobdur pn on weknds?,ask_operating_hours
Kak BKB itu tempat apa sih? deh,ask_destination_info
Kak Gunung Brom itu tempat apa sih? dh,ask_destination_info
Permisi Destinasi yang LRT accessible? nih,ask_lrt_destinations
Permisi Destinasi yang LRT accessibl? nih,ask_lrt_destinations
Bang Deskripsi Bukit Siguntang dong kak,ask_destination_info
Min BKB itu tempat apa sih?,ask_destination_info
Maaf mau tanya Food tourism in Palembang?,ask_category
Gimana Al Quran Al Akbar?,ask_destination_info
Gimana Maliboro?,ask_destination_info
Mau nanya dong Min kasih tau hidden gems Palembang,ask_hidden_gems
Eh Info wisata budaya Palembang dong dong kak,ask_category
Eh Thank you very much,goodbye
Eh Thank ya very much,goodbye
Bisa naik LRT ke BKB? dong,ask_lrt_destinations
Pacak naik LRT ka BKB? dong,ask_lrt_destinations
Maaf mau tanya Help me please ya,greet
Maaf mau tanya Help me please yo,greet
Min Palembang punya museum apa? sih,ask_category
Min Palmbang punya musem apa? sih,ask_category
What's the entrance fee at Punti Kayu Forest?,ask_ticket_price
Mau nanya dong Help me please dong kak,greet
Is Al-Munawar Arab Village open in the morning?,ask_operating_hours
Min Famous places in Palembang? ya kak,ask_recommendation
Min Museum Balaputra Dewa fasilitasnya apa aja? dong,ask_facilities
Min Candi Prambanan fasilitasnya apo aja? dong,ask_facilities
Eh Palembang punya museum apa? dong,ask_category
Hey What facilities are available at Jakabaring Sport City?,ask_facilities
Hey What facilities r avilble at Jakabarng Sport City?,ask_facilities
Kak Destinasi wisata sejarah Palembang? sih,ask_category
Bang Mau ke tempat bersejarah di Palembang sih,ask_category
Permisi Cara main saham? ya,ask_unrelated
Permisi Cara main saham? yo,ask_unrelated
Permisi Min tolong saran wisata dong dong,ask_recommendation
Where can I find parks in Palembang?,ask_category
Maaf mau tanya Hlo ya kak,greet
Maaf mau tanya Hlo yo kak,greet
Mau nanya dong Mau ke tempat bersejarah di Palembang dong,ask_category
Mau nanya dong Mau ka tempat bersejarah di Palembang dong,ask_category
Maaf mau tanya Wisata tersembunyi di Palembang? nih,ask_hidden_gems
Maf mu tanya Wisata tersembunyi d Palembang? nih,ask_hidden_gems
How do I get to Al-Munawar Arab Village?,ask_location_access
Hw d I get to Al-Munwar rab Village?,ask_location_access
I want to know What's the location of Ampera Bridge? thanks,ask_location_access
I wnna knw What's the location of Ampera Bridg? thanks,ask_location_access
Permisi Suka deh sih,provide_feedback
Maaf mau tanya That's helpful sih,provide_feedback
Maaf mau tanya Hlo ya,greet
Bang That's helpful deh,provide_feedback
Halo Destinasi yang LRT accessible? dong,ask_lrt_destinations
Permisi Suka deh dong kak,provide_feedback
Mau nanya dong Bye kak nih,goodbye
Mau nany dong By kak nih,goodbye
What's the entry fee?,ask_ticket_price
Wht's the entry fee?,ask_ticket_price
Alamat Fantasy Island dimana?,ask_location_access
Permisi PIM gratis gak sih? dong kak,ask_ticket_price
Dari pusat kota ke Palembang Icon berapa lama?,ask_location_access
Dari pusat kota ka Palembang Icon brapa lama?,ask_location_access
Eh Hidden gems in Palembang? sih,ask_hidden_gems
Mau nanya dong Rekomendasi wisata untuk liburan singkat ya kak,ask_recommendation
Mau nanya dong Rekomendasi wisata untuk liburan singkat yo kak,ask_recommendation
"Mau explore Palembang pakai LRT, kemana aja bisa?",ask_lrt_destinations
Bang Rekomendasi wisata untuk liburan singkat sih,ask_recommendation
What is AI?,ask_unrelated
whats AI?,ask_unrelated
Halo aplikasi,greet
Halo pliksi,greet
Eh Hai kak masih aktif? deh,greet
Eh Hai kk masih aktif? deh,greet
Siguntang ada kantin gak?,ask_facilities
Apakah Kampung Arab Al-Munawar gratis?,ask_ticket_price
Apakah Malioboro Al-Munawar gratis?,ask_ticket_price
Can you tell me What's the location of Ampera Bridge? thanks,ask_location_access
Can ya tell me What's the location of Menra iffl Bridge? thanks,ask_location_access
Bang Palembang punya museum apa? sih,ask_category
Bang Palembang punya museum apo? sih,ask_category
Bang Resep nasi goreng dong ya,ask_unrelated
Halo Destinasi wisata sejarah Palembang? ya,ask_category
Min Wisata Palembang yang aesthetic tapi sepi? dong,ask_hidden_gems
Min Wisata Palembang yang aesthetic tp sepi? dong,ask_hidden_gems
Tourist spots along LRT route? ya,ask_lrt_destinations
Buka hari apa aja?,ask_operating_hours
Buka hari ap ja?,ask_operating_hours
Min Any hidden gems to visit? nih,ask_hidden_gems
Mau nanya dong Min kasih tau hidden gems Palembang sih,ask_hidden_gems
Mau nany dng Min kash ta hdden gems Palembang sih,ask_hidden_gems
I want to know What should I visit in Palembang? please,ask_recommendation
I wanna know What should I visit in Palembang? please,ask_recommendation
How much is the ticket to Kampung Kapitan? please,ask_ticket_price
Min Bye kak dong kak,goodbye
Mau nanya dong Kampung Arab Al-Munawar ada di daerah mana?,ask_location_access
Ada masjid di Palembang?,ask_category
Maaf mau tanya Rekomendasi wisata yang dekat stasiun LRT dong,ask_lrt_destinations
Sejarah Hutan Wisata Punti Kayu apa ya?,ask_destination_info
Review tentang Siguntang,ask_destination_info
Revew tentang Siguntang,ask_destination_info
Ada gak wisata yang masih asri di Palembang?,ask_hidden_gems
Maaf mau tanya Food tourism in Palembang? nih,ask_category
Maaf mau tanya Permisi kak dong,greet
Maaf mau tanya Prmisi kak dong,greet
Kak Kak ada museum gak di Palembang?,ask_category
Permisi Tolong kasih tau wisata dekat LRT,ask_lrt_destinations
Permisi Tolong kasih tu wsata dkat LRT,ask_lrt_destinations
Mau nanya dong Apakah Jakabaring gratis? sih,ask_ticket_price
What time does Al-Munawar Arab Village open?,ask_operating_hours
Maaf mau tanya Jadwal kereta api Jakarta? deh,ask_unrelated
Halo Bisa naik LRT ke BKB? deh,ask_lrt_destinations
Hal Bisa naik LRT k Candi Borobudur? deh,ask_lrt_destinations
Apa Masjid Cheng Ho bayar?,ask_ticket_price
Apo Masjid Cheng Ho bayar?,ask_ticket_price
Halo Mau ke tempat bersejarah di Palembang dong,ask_category
Halo Mau k tempat bersejarah di Palembang dong,ask_category
Bayar berapa kalo masuk Al Quran Al Akbar?,ask_ticket_price
Pagi,greet
Is Grand Mosque of Palembang far from the city center?,ask_location_access
Maaf mau tanya Min kasih tau hidden gems Palembang ya kak,ask_hidden_gems
Maaf mau tanya Min kasih tau hidden gems Palembang yo kak,ask_hidden_gems
Bang Destinasi yang dekat stasiun LRT? ya kak,ask_lrt_destinations
Tolong kasih tau alamat Monpera,ask_location_access
Eh Ada wifi di Jembatan Ampera? nih,ask_facilities
Eh Ada wifi di Ancol? nih,ask_facilities
Kak LRT friendly tourist destinations? deh,ask_lrt_destinations
Min kasih tau hidden gems Palembang dong kak,ask_hidden_gems
Mau nanya dong Wisata tersembunyi di Palembang? dong kak,ask_hidden_gems
Mau nnya dong Wisata tersmbunyi di Palembang? dng kak,ask_hidden_gems
Eh Enaknya kemana ya di Palembang? ya,ask_recommendation
Eh Enaknya kman yo di Palembng? yo,ask_recommendation
Min Makasih sih,goodbye
Maaf mau tanya Hlo dong,greet
Maaf mau tanya Destinasi wisata sejarah Palembang? sih,ask_category
Mau nanya dong Makasih dong kak,goodbye
Mau nnya dong Mkasih dong kak,goodbye
Bang Bisa naik LRT ke BKB? nih,ask_lrt_destinations
Bang Bsa naik LRT ka BKB? nih,ask_lrt_destinations
Halo Jembatan Ampera di mana ya? sih,ask_location_access
Halo Central Park di mana ya? sih,ask_location_access
Kak dimana ya Punti Kayu?,ask_location_access
Kak dimana ya Taman Safari?,ask_location_access
Kak dimana ya Jakabaring?,ask_location_access
Kak dimano yo Jakabaring?,ask_location_access
Halo PIM ada tempat parkir? dong,ask_facilities
Mau nanya dong Suka deh nih,provide_feedback
Bang Kampung Arab Al-Munawar ada di daerah mana? ya kak,ask_location_access
Bang Mnar Eiffel Al-Munawr ada di daerah man? ya kak,ask_location_access
Siguntang buka jam berapa?,ask_operating_hours
Sguntang bka jam brapa?,ask_operating_hours
Eh Destinasi wisata sejarah Palembang? ya,ask_category
Eh Destinasi wisata sejarah Palembang? yo,ask_category
Destinasi wisata sejarah Palembang? dong kak,ask_category
Permisi Thank you very much dong,goodbye
Permisi Thank u very much dong,goodbye
SMB II fasilitasnya apa aja?,ask_facilities
SMB II fasilitasnya apo aja?,ask_facilities
Maaf mau tanya Palembang punya museum apa? nih,ask_category
Maaf mau tanya Palembang punya museum apo? nih,ask_category
Bang Makasih nih,goodbye
Min Deskripsi Bukit Siguntang dong,ask_destination_info
Min Deskripsi Pantai Kuta dong,ask_destination_info
Permisi Masjid Cheng Ho ada spot foto gak? nih,ask_facilities
"Hi, What should I visit in Palembang? thanks",ask_recommendation
Maaf mau tanya Rekomendasi wisata untuk liburan singkat ya kak,ask_recommendation
Mau nanya dong Bye kak,goodbye
Oke noted terima kasih banyak kak,goodbye
Oke noted terima kasih banyak kk,goodbye
Can I take LRT to Ampera Bridge?,ask_lrt_destinations
What time does Kampung Kapitan close? nih,ask_operating_hours
What time dos Candi Borobudur close? nih,ask_operating_hours
Halo Destinasi yang dekat stasiun LRT? deh,ask_lrt_destinations
What's the location of Ampera Bridge??,ask_location_access
What's the loction of Candi Prambanan Bridge??,ask_location_access
Menarik gak Fantasy Island?,ask_destination_info
Eh Details about Kambang Iwak Park? deh,ask_destination_info
Mau cari taman di Palembang,ask_category
Permisi Famous places in Palembang? ya kak,ask_recommendation
Bang Deskripsi Bukit Siguntang ya,ask_destination_info
Bang Deskripsi Monas ya,ask_destination_info
Mau tau sejarah Jakabaring Sport City,ask_destination_info
Maaf mau tanya Rekomendasi hidden gems dong kak ya kak,ask_hidden_gems
Maaf mau tanya Rekomendasi hidden gems dong kak yo kak,ask_hidden_gems
Maaf mau tanya Min tolong saran wisata dong ya kak,ask_recommendation
Maaf mau tanya Min tolong saran wisata dong yo kak,ask_recommendation
How much for Monpera tickets?,ask_ticket_price
Bang Best destinations in Palembang? nih,ask_recommendation
Kak Wonderful nih,provide_feedback
Enaknya kemana ya di Palembang?,ask_recommendation
Enaknya kemana y di Palembang?,ask_recommendation
Mau nanya dong Wonderful ya kak,provide_feedback
Min Excellent information dong kak,provide_feedback
Min Excellent nformation dong kak,provide_feedback
Permisi Excellent information sih,provide_feedback
Maaf mau tanya What time does Kampung Kapitan close? dong,ask_operating_hours
Eh Tolong kasih tau wisata dekat LRT,ask_lrt_destinations
Halo Address of Ampera Bridge? sih,ask_location_access
Kak Food tourism in Palembang? sih,ask_category
What should I visit in Palembang? thanks,ask_recommendation
What's special about Jakabaring Sport City?,ask_destination_info
Halo Masjid Cheng Ho ada spot foto gak? dong kak,ask_facilities
Tiket masuk Jakabaring Sport City berapa?,ask_ticket_price
Tiket masuk Jakabaring Sport City berpo?,ask_ticket_price
Mau nanya dong Terima kasih infonya sih,goodbye
Mau nanya dng Terima kash infonya sh,goodbye
Mau tanya jam operasional Museum Sultan Mahmud Badaruddin II,ask_operating_hours
Halo Chatbot nya bagus,provide_feedback
Halo Chatbot nya mantap,provide_feedback
Mau nanya dong Makasih dong,goodbye
Bang That's helpful nih,provide_feedback
Bang Tht's helpfl nih,provide_feedback
Kak fasilitas Museum Balaputra Dewa apa aja ya?,ask_facilities
Kak fasilitas Museum Balaputra Dewa apo aja ya?,ask_facilities
Mau nanya dong Kak ada museum gak di Palembang? dong,ask_category
Ma nnya dong Kak ada musum gak di Palembang? dong,ask_category
Kak What time does Kampung Kapitan close? nih,ask_operating_hours
Kak What time ds Ancol clos? nih,ask_operating_hours
Jadwal buka Ampera kapan ya?,ask_operating_hours
Jadwal buka Pantai Kuta kapan ya?,ask_operating_hours
Destinasi yang dekat stasiun LRT,ask_lrt_destinations
Bang Info wisata budaya Palembang dong nih,ask_category
Bang Min kasih tau hidden gems Palembang,ask_hidden_gems
Lesser known attractions in Palembang? nih,ask_hidden_gems
Eh Excellent information dong,provide_feedback
Rekomendasi wisata Palembang dong nih,ask_recommendation
Rekomendasi wisata Palembng dong nh,ask_recommendation
Palembang Icon mulai buka jam berapa?,ask_operating_hours
Palembang Icon mulai buka jam brapa?,ask_operating_hours
Eh PIM ada tempat parkir? dong kak,ask_facilities
Alamat lengkap Benteng Kuto Besak?,ask_location_access
Alamat lengkap Raja Ampat?,ask_location_access
Jam buka PTC kapan?,ask_operating_hours
Min PIM gratis gak sih? nih,ask_ticket_price
Kak Rekomendasi wisata Palembang dong sih,ask_recommendation
Eh Lesser known attractions in Palembang? sih,ask_hidden_gems
Eh Lesser known attractions in Palembang? sh,ask_hidden_gems
Tourist spots along LRT route?,ask_lrt_destinations
Is Monpera child-friendly?,ask_facilities
Is Monpera child-frendly?,ask_facilities
Makasih ya kak,goodbye
Bang Recipe for chocolate cake? dong,ask_unrelated
Maaf mau tanya Suka deh sih,provide_feedback
Maaf mau tany Suka deh sih,provide_feedback
Cukup sekian,goodbye
Ckup sekian,goodbye
Eh Food tourism in Palembang? ya kak,ask_category
Eh Food tourism in Palembang? yo kak,ask_category
Eh PIM gratis gak sih? ya,ask_ticket_price
Bang Wisata Palembang yang aesthetic tapi sepi? deh,ask_hidden_gems
Bang Wisata Palembang yang aesthetic tp sepi? deh,ask_hidden_gems
Exactly what I needed?,provide_feedback
Permisi Alternative tourist spots in Palembang? nih,ask_hidden_gems
Kak Tempat wisata murah di Palembang? dong kak,ask_recommendation
Bang Cara daftar CPNS gimana? ya,ask_unrelated
Bng Cara daftar CPNS gimana? ya,ask_unrelated
Bang Deskripsi Bukit Siguntang sih,ask_destination_info
Bng Deskripsi Malioboro sih,ask_destination_info
Flight tickets to Bali?,ask_unrelated
Eh Rekomendasi wisata yang dekat stasiun LRT dong,ask_lrt_destinations
Oke mantap kak,goodbye
ke mantap kk,goodbye
Mau tanya jam operasional Al-Munawar,ask_operating_hours
Halo Palembang punya museum apa? ya,ask_category
Halo Palembang punya museum apo? ya,ask_category
Akses ke sana gimana?,ask_location_access
Maaf mau tanya Enaknya kemana ya di Palembang? nih,ask_recommendation
Maaf mau tanya Enaknya kemana yo di Palembang? nih,ask_recommendation
Bang Hlo sih,greet
wisata tersembunyi di palembang?,ask_hidden_gems
wisata tersembnyi di palembng?,ask_hidden_gems
Eh Best destinations in Palembang? dong,ask_recommendation
Kenapa Museum Sultan Mahmud Badaruddin II terkenal?,ask_destination_info
Ngapo Museum Sultan Mahmud Badaruddin II terkenal?,ask_destination_info
Permisi Wisata Palembang yang aesthetic tapi sepi? nih,ask_hidden_gems
Eh Chatbot nya bagus,provide_feedback
Eh Chatbot ny mantp,provide_feedback
Halo Masjid Cheng Ho ada spot foto gak? dong,ask_facilities
Eh Mau ke tempat bersejarah di Palembang dong,ask_category
Eh Mau k tempt brsejarah di Palembang dong,ask_category
Halo Wisata apa yang recommended di Palembang? dong kak,ask_recommendation
Halo Wisata apo yang recommended di Palembang? dong kak,ask_recommendation
Bang Museum Balaputra Dewa fasilitasnya apa aja? sih,ask_facilities
Bang Raja Ampat fasilitasnya apa aja? sih,ask_facilities
Kak Jadwal kereta api Jakarta? nih,ask_unrelated
Halo TanyaKito,greet
Bang Destinasi yang LRT accessible? ya kak,ask_lrt_destinations
What are the opening hours of Kampung Kapitan?,ask_operating_hours
What r the opening hours of Kampung Kapitan?,ask_operating_hours
PIM ada tempat parkir? dong kak,ask_facilities
PIM ada tmpat parkir? dong kak,ask_facilities
Permisi Details about Kambang Iwak Park? ya,ask_destination_info
Permisi Details about Taman Safari Park? yo,ask_destination_info
Kak Museum Sultan Mahmud Badaruddin II lokasinya dimana? nih,ask_location_access
Kak Museum Sultan Mahmud Badaruddin II lokasinya dmana? nih,ask_location_access
Min Kampung Arab Al-Munawar ada di daerah mana? ya,ask_location_access
Min Kampung Arab Al-Munawar ada d daerah mana? yo,ask_location_access
KI itu apa? sih,ask_destination_info
K itu ap? sih,ask_destination_info
Maaf mau tanya Min kasih tau hidden gems Palembang deh,ask_hidden_gems
Maaf mau tanya Min ksh ta hidden gems Palmbang deh,ask_hidden_gems
Halo Best destinations in Palembang? dong,ask_recommendation
Hlo Best destinations in Palembang? dong,ask_recommendation
What's the address of Monpera?,ask_location_access
Tempat wisata yang wajib dikunjungi di Palembang?,ask_recommendation
Permisi KI itu apa? sih,ask_destination_info
Permisi KI itu apa? sh,ask_destination_info
Kak Tourist spots along LRT route? sih,ask_lrt_destinations
Palembang Trade Center berbayar atau gratis?,ask_ticket_price
Bayar berapa kalo masuk Museum Sultan Mahmud Badaruddin II?,ask_ticket_price
What days is Al-Munawar Arab Village open?,ask_operating_hours
LRT friendly tourist destinations? sih,ask_lrt_destinations
Kak Best destinations in Palembang? dong kak,ask_recommendation
Maaf mau tanya Thank you very much,goodbye
Mf mau tanya Thank ya vry much,goodbye
I want to know Do I need to pay to enter Monpera?,ask_ticket_price
I wanna know Do  need to pay to enter Monpera?,ask_ticket_price
Kak Kalo hari Sabtu Kawah Tengkurep buka? dong kak,ask_operating_hours
Does Jakabaring Sport City have a mosque? please,ask_facilities
Bang Rekomendasi wisata yang dekat stasiun LRT nih,ask_lrt_destinations
Halo saya dari Jakarta mau tanya,greet
Halo saya dar Jakrt mu tanya,greet
Permisi Apakah Ampera dekat stasiun LRT? ya kak,ask_lrt_destinations
Bang Permisi kak sih,greet
Weekend Kampung Kapitan buka?,ask_operating_hours
Tempat makan di sekitar Kawah Tengkurep ada?,ask_facilities
Bang Tolong kasih tau wisata dekat LRT ya kak,ask_lrt_destinations
Kak Makasih sih,goodbye
Al Quran Al Akbar buka hari apa aja?,ask_operating_hours
Menara Eiffel buka hari apa aja?,ask_operating_hours
Maaf mau tanya Terima kasih infonya dong kak,goodbye
Eh Destinasi yang LRT accessible? nih,ask_lrt_destinations
"Halo That's enough, thank you dong kak",goodbye
"Hal That's enugh, thank y dong kak",goodbye
Kak Tourist spots along LRT route? ya,ask_lrt_destinations
Kak Tourist spots along LRT route? yo,ask_lrt_destinations
Tempat wisata budaya di Palembang?,ask_category
Kak Wisata tersembunyi di Palembang? nih,ask_hidden_gems
Bye kak dong kak,goodbye
Maaf mau tanya Rekomendasi hidden gems dong kak deh,ask_hidden_gems
Maaf mu tanya Rekomendasi hidden gms dong kak deh,ask_hidden_gems
Kak Cara daftar CPNS gimana? dong kak,ask_unrelated
Kk Cara daftar CPNS gimana? dong kak,ask_unrelated
Permisi Suka sama jawabannya dong,provide_feedback
Permisi Suk sama jawabannya dong,provide_feedback
Min Hlo dong,greet
Min Hlo dng,greet
Any historical sites in Palembang?,ask_category
Permisi Rekomendasi wisata untuk liburan singkat sih,ask_recommendation
Maaf mau tanya Tourist spots along LRT route? dong kak,ask_lrt_destinations
Naik apa ke Museum Balaputra Dewa?,ask_location_access
Naik apo k Raja Ampat?,ask_location_access
What time does Kampung Kapitan open?,ask_operating_hours
What time does Candi Borobudur open?,ask_operating_hours
Kak Deskripsi Bukit Siguntang ya,ask_destination_info
Kak Deskripsi Taman Safari ya,ask_destination_info
Halo Kampung Arab Al-Munawar ada di daerah mana? dong,ask_location_access
Halo Gunung Bromo Al-Munawar ada di daerah mana? dong,ask_location_access
Permisi Excellent information dong kak,provide_feedback
apakah jakabaring gratis?,ask_ticket_price
Tempat yang underrated di Palembang?,ask_hidden_gems
Update harga tiket BKB dong,ask_ticket_price
Update hargo tikt Central Park dong,ask_ticket_price
Bang Permisi kak dong kak,greet
Ceritakan joke dong,ask_unrelated
Best movies of 2024?,ask_unrelated
Bang Wisata apa yang recommended di Palembang? ya kak,ask_recommendation
Bang Wisat pa yang rcommended di Palembang? ya kak,ask_recommendation
Sejarah Kemaro apa ya?,ask_destination_info
Lagu hits 2024 apa?,ask_unrelated
Permisi Wisata tersembunyi di Palembang? ya kak,ask_hidden_gems
Permisi Wisata tersembunyi di Palembang? yo kak,ask_hidden_gems
Halo Terima kasih infonya dong kak,goodbye
Bang Destinasi wisata sejarah Palembang? dong kak,ask_category
Bang Destnasi wisata sjarah Palembang? dong kak,ask_category
Kak Info jam buka SMB II dong,ask_operating_hours
Mau nanya dong Wisata tersembunyi di Palembang? sih,ask_hidden_gems
Kak Kampung Arab Al-Munawar ada di daerah mana? sih,ask_location_access
Halo Wisata apa yang recommended di Palembang? sih,ask_recommendation
Best destinations in Palembang? dong kak,ask_recommendation
Directions to Monpera?,ask_location_access
Directions to Gunung Bromo?,ask_location_access
Kak What time does Kampung Kapitan close? sih,ask_operating_hours
Kak What time dos Kampung Kapitan close? sih,ask_operating_hours
Permisi Wisata tersembunyi di Palembang? deh,ask_hidden_gems
Eh Famous places in Palembang? dong kak,ask_recommendation
Min Info wisata budaya Palembang dong ya,ask_category
Min Info wisata budaya Palmbang dong y,ask_category
Halo Bye kak,goodbye
Halo Numpang tanya dong dong kak,greet
Maaf mau tanya Jelas banget penjelasannya ya,provide_feedback
Maaf mau tanya Jelas banget penjelasannya yo,provide_feedback
Kak Suka deh ya kak,provide_feedback
Kak Suka deh yo kak,provide_feedback
Bang Hai kak masih aktif? deh,greet
Bang Hai kak masih aktf? deh,greet
Bang Wisata tersembunyi di Palembang? sih,ask_hidden_gems
Bang Wista tersembunyi di Palembang? sih,ask_hidden_gems
Halo Apakah Ampera dekat stasiun LRT? dong,ask_lrt_destinations
Wisata Palembang yang belum banyak orang kunjungi?,ask_hidden_gems
Wisata Palembang yang blom banyak orang kunjungi?,ask_hidden_gems
Eh Suka sama jawabannya dong kak,provide_feedback
Eh Suka sama jawabnnya dong kak,provide_feedback
Halo Rekomendasi wisata yang dekat stasiun LRT deh,ask_lrt_destinations
Halo Bisa naik LRT ke BKB? dong kak,ask_lrt_destinations
Halo Pacak naik LRT k BKB? dong kak,ask_lrt_destinations
Min Wonderful deh,provide_feedback
Permisi Address of Ampera Bridge? dong,ask_location_access
Halo Benteng Kuto Besak buka jam berapa? ya,ask_operating_hours
Halo Bnteng Kuto Besak bka jam berap? ya,ask_operating_hours
Ada fasilitas apa di Ampera?,ask_facilities
Ada fasilitas apa di Gunung Bromo?,ask_facilities
"Excuse me, Is Kampung Kapitan open in the morning??",ask_operating_hours
"Excuse me, Is Candi Brobudr open in the morning??",ask_operating_hours
"That's enough, thank you?",goodbye
"That's enough, thank ya?",goodbye
Maaf mau tanya Suka deh dong,provide_feedback
Maaf mau tanya Oke makasih kak sangat membantu ya kak,goodbye
Maaf mau tanya Oke makasih kak sekali membantu ya kak,goodbye
PIM gratis gak sih,ask_ticket_price
Maaf mau tanya LRT friendly tourist destinations? deh,ask_lrt_destinations
Bang Deskripsi Bukit Siguntang,ask_destination_info
Bang Deskripsi Taman Safari,ask_destination_info
When is Kemaro Island open?,ask_operating_hours
Kak PIM gratis gak sih? ya,ask_ticket_price
Kak PIM grtis gak sih? ya,ask_ticket_price
Maaf mau tanya Best destinations in Palembang? nih,ask_recommendation
LRT friendly tourist destinations? ya kak,ask_lrt_destinations
LRT friendly tourist destinations? yo kak,ask_lrt_destinations
BKB itu tempat apa sih,ask_destination_info
Universal Stud it tempt pa sih,ask_destination_info
How much for Jakabaring Sport City tickets?,ask_ticket_price
Ada wifi di Jembatan Ampera? dong,ask_facilities
Ada wifi di Menara Eiffel? dong,ask_facilities
Oke terima kasih jawabannya,provide_feedback
Kak Kampung Arab Al-Munawar ada di daerah mana? ya,ask_location_access
Kak Monas Al-Munawar ada di daerah mana? yo,ask_location_access
Kak Wisata tersembunyi di Palembang?,ask_hidden_gems
Eh Ada wifi di Jembatan Ampera? dong kak,ask_facilities
Eh da wifi di Jembatan Candi Borbdur? dong kak,ask_facilities
What culinary tourism are in Palembang?,ask_category
What culinary tourism r in Palembang?,ask_category
Kak Kampung Arab Al-Munawar ada di daerah mana? dong,ask_location_access
Kak Malioboro Al-Munawar ada di daerah mana? dong,ask_location_access
Eh Alternative tourist spots in Palembang? ya,ask_hidden_gems
Min Destinasi wisata sejarah Palembang? ya,ask_category
Min Destinasi wisata sejarah Palembang? yo,ask_category
Does Kemaro Island have a mosque?,ask_facilities
Min Wisata tersembunyi di Palembang? dong,ask_hidden_gems
Eh Info jam buka SMB II dong ya kak,ask_operating_hours
Eh Info jam buka SMB II dong yo kak,ask_operating_hours
Min Address of Ampera Bridge? dong,ask_location_access
Min Address of Taman Safari Bridge? dong,ask_location_access
Tempat wisata religi di Palembang?,ask_category
Jembatan Ampera fasilitasnya apa aja?,ask_facilities
Jmbatan Pantai Kuta fasilitasnya apo aja?,ask_facilities
Please What parks are in Palembang?,ask_category
Please What parks r in Palembang?,ask_category
Famous places in Palembang? sih,ask_recommendation
Permisi Ada wifi di Jembatan Ampera? sih,ask_facilities
Permisi Ada wifi di Jembatan Candi Prambanan? sih,ask_facilities
Halo Taxi online di Palembang? sih,ask_unrelated
Halo Taxi online d Palembang? sih,ask_unrelated
Halo PIM ada tempat parkir? ya kak,ask_facilities
Halo PIM ad tempat parkir? yo kak,ask_facilities
Berapa harga tiketnya?,ask_ticket_price
Brapa harga tiketnya?,ask_ticket_price
Mau tanya dong kak harga tiket Jakabaring Sport City,ask_ticket_price
Mau nanya dong Oke makasih kak sangat membantu ya kak,goodbye
Mau nanya dong Oke makasih kak banget membantu yo kak,goodbye
lrt friendly tourist destinations?,ask_lrt_destinations
Chatbot nya bagus sih,provide_feedback
Chatbot nya mantap sih,provide_feedback
Mau nanya dong Famous places in Palembang? sih,ask_recommendation
Bang Museum Balaputra Dewa fasilitasnya apa aja?,ask_facilities
Bang Taman Sfari fasiltasnya apo aja?,ask_facilities
Permisi Jam operasionalnya? sih,ask_operating_hours
"Hello, I want to explore Palembang",greet
"Hello, I wanna explore Palembang",greet
Maaf mau tanya Mau ke tempat bersejarah di Palembang sih,ask_category
Maf mau tany M k tempat brsejarah di Palembang sih,ask_category
Bang Thank you very much deh,goodbye
Bang Thank ya very much deh,goodbye
Min Terima kasih infonya sih,goodbye
Gimana PIM?,ask_destination_info
Makasih banyak,goodbye
Mau nanya dong Enaknya kemana ya di Palembang? ya kak,ask_recommendation
Mau nanya dong Enaknya kemana yo di Palembang? ya kak,ask_recommendation
Min Naik apa ke Pasar 16 Ilir? ya kak,ask_location_access
Min Naik apo ka Pasar 16 Ilir? yo kak,ask_location_access
"Excuse me, Exactly what I needed",provide_feedback
"Excus m, Exactly wht I needed",provide_feedback
Maaf mau tanya Tolong kasih tau wisata dekat LRT,ask_lrt_destinations
Maaf mu tanya Tolong kash tau wisata dkat LRT,ask_lrt_destinations
Mau nanya dong Rekomendasi wisata yang dekat stasiun LRT dong,ask_lrt_destinations
Halo Food tourism in Palembang? ya kak,ask_category
Halo Food toursm in Palembang? ya kk,ask_category
Maaf mau tanya Lesser known attractions in Palembang? dong,ask_hidden_gems
Maaf mau tanya Lsser known attrctions n Palembng? dong,ask_hidden_gems
Min Masjid Cheng Ho ada spot foto gak? dong,ask_facilities
Bang Recipe for chocolate cake? ya,ask_unrelated
Bang Recipe for chocolate cake? yo,ask_unrelated
Mau nanya dong Oke cukup kak makasih banyak dong,goodbye
Maaf mau tanya Jam operasionalnya? ya kak,ask_operating_hours
"that's enough, thank you",goodbye
"that's enough, thank u",goodbye
Permisi Kamu siapa? dong,ask_unrelated
Mau nanya dong Hai kak masih aktif? sih,greet
Bang Apakah Ampera dekat stasiun LRT? ya kak,ask_lrt_destinations
Bang Apakah Gunung Bromo dekat stasiun LRT? yo kak,ask_lrt_destinations
Min Destinasi yang LRT accessible? ya,ask_lrt_destinations
Min Destinasi yang LRT accessible? yo,ask_lrt_destinations
"Hi, What facilities are available at Jakabaring Sport City? please",ask_facilities
"Hi, What facilitis r available at Jakabring Sport City? please",ask_facilities
Siguntang ada toilet gak?,ask_facilities
what parks are in palembang?,ask_category
what prks r in palembang?,ask_category
Maaf mau tanya Kamu siapa? dong kak,ask_unrelated
Bang Makasih ya,goodbye
Bang Makasih yo,goodbye
Hi bot,greet
Halo Bye kak ya,goodbye
Halo Bye kak yo,goodbye
Eh LRT friendly tourist destinations? dong kak,ask_lrt_destinations
Eh LRT friendly turist destinations? dong kak,ask_lrt_destinations
Hey bot,greet
Hy bot,greet
Bang Rekomendasi hidden gems dong kak sih,ask_hidden_gems
Bang Rekomendasi hidden gms dong kak sih,ask_hidden_gems
Kak Makasih ya,goodbye
Kak Rekomendasi wisata Palembang dong dong,ask_recommendation
Min Suka sama jawabannya sih,provide_feedback
Halo Facilities at Benteng Kuto Besak? ya kak,ask_facilities
Halo Faclities at Bentng Kuto Besak? ya kak,ask_facilities
Halo Jelas banget penjelasannya dong kak,provide_feedback
Kak Kampung Arab Al-Munawar ada di daerah mana?,ask_location_access
Mau nanya dong Destinasi yang LRT accessible? dong kak,ask_lrt_destinations
Mau nanya dong Destinasi yang LRT ccessble? dong kak,ask_lrt_destinations
Kak Palembang punya museum apa? dong,ask_category
Kak Plmbang punya musem ap? dong,ask_category
Kak Mau ke tempat bersejarah di Palembang sih,ask_category
Kak Mau ke tempat bersejarah di Palembng sih,ask_category
Hai kak masih aktif? sih,greet
Min Taxi online di Palembang? sih,ask_unrelated
Permisi Min kasih tau hidden gems Palembang dong kak,ask_hidden_gems
Cara daftar CPNS gimana? ya,ask_unrelated
Cara daftar CPNS gimana? yo,ask_unrelated
Eh Excellent information deh,provide_feedback
Kak Alternative tourist spots in Palembang? nih,ask_hidden_gems
Fasilitas apa saja di Monpera?,ask_facilities
Fasilitas apa bae di Monpra?,ask_facilities
Halo Info lengkap Punti Kayu dong sih,ask_destination_info
Halo Info lengkap Tanah Lot dong sih,ask_destination_info
Kak Hai kak masih aktif? nih,greet
Kak Hai kk masih aktf? nh,greet
Bang Mau tanya dong kak harga tiket Benteng Kuto Besak dong,ask_ticket_price
Bang Mau tanya dong kak hargo tiket Monas dong,ask_ticket_price
Maaf mau tanya Wisata tersembunyi di Palembang? ya kak,ask_hidden_gems
Weekend Siguntang buka?,ask_operating_hours
What is Jakabaring Sport City?,ask_destination_info
whats Jakabaring Sport City?,ask_destination_info
Halo Hai kak masih aktif?,greet
Hal Hai kak masih aktif?,greet
Min Facilities at Benteng Kuto Besak? dong kak,ask_facilities
Min Facilities at Pantai Kuta? dong kak,ask_facilities
Info jam buka Fantasy Island dong,ask_operating_hours
Eh Kampung Arab Al-Munawar ada di daerah mana? dong,ask_location_access
h Kampung Arab Al-Munawar ada di daerh mana? dong,ask_location_access
Maaf mau tanya Cara daftar CPNS gimana? deh,ask_unrelated
Maaf mu tany Cara daftr CPNS giman? deh,ask_unrelated
Bang Destinasi wisata sejarah Palembang? sih,ask_category
Bang Tolong kasih tau wisata dekat LRT nih,ask_lrt_destinations
Maaf mau tanya Kak ada museum gak di Palembang? ya,ask_category
Halo BKB itu tempat apa sih? ya kak,ask_destination_info
Halo Candi Prambanan itu tempat apa sih? yo kak,ask_destination_info
Kak Rekomendasi wisata untuk liburan singkat ya kak,ask_recommendation
Kak Rekomndasi wisata untk libran singkat ya kak,ask_recommendation
Min Rekomendasi wisata untuk liburan singkat ya,ask_recommendation
Eh Hlo ya kak,greet
Eh Hlo yo kak,greet
Kak Info wisata budaya Palembang dong dong,ask_category
Mau nanya dong KI itu apa? ya kak,ask_destination_info
Mau nanya dong KI itu apo? yo kak,ask_destination_info
Halo Info jam buka SMB II dong sih,ask_operating_hours
Kak Palembang Trade Center buka jam berapa ya?,ask_operating_hours
Maaf mau tanya Rekomendasi hidden gems dong kak sih,ask_hidden_gems
Maaf mau tanya Rekomendas hdden gems dong kak sih,ask_hidden_gems
Eh Numpang tanya dong deh,greet
Waalaikumsalam,greet
Min Chatbot nya bagus dong,provide_feedback
Min Chatbot nya mntap dong,provide_feedback
Tempat yang belum terkenal di Palembang?,ask_hidden_gems
Tempat yang blom terkenal di Palembang?,ask_hidden_gems
Maaf mau tanya Tess ya,greet
Maaf mau tanya Tess yo,greet
Tiketnya mahal gak?,ask_ticket_price
Halo Museum Balaputra Dewa fasilitasnya apa aja? nih,ask_facilities
Halo Museum Balputra Dewa fsilitasnya ap ja? nih,ask_facilities
Mau nanya dong Kampung Arab Al-Munawar ada di daerah mana? sih,ask_location_access
Mau nanya dng Dana Toba Al-Munawar ad di derh mana? sih,ask_location_access
Kak Destinasi wisata sejarah Palembang?,ask_category
Kak Jam operasionalnya? dong kak,ask_operating_hours
Halo Museum Sultan Mahmud Badaruddin II lokasinya dimana? sih,ask_location_access
Halo Museum Sultan Mahmud Badaruddin II lokasinya dmana? sih,ask_location_access
Min Terima kasih infonya dong,goodbye
Min Terima ksh infonya dong,goodbye
Eh Tess dong kak,greet
Museum Sultan Mahmud Badaruddin II lokasinya dimana? sih,ask_location_access
Wonderful?,provide_feedback
Wisata edukasi di Palembang?,ask_category
Bang Jelas banget penjelasannya deh,provide_feedback
"Excuse me, Does Jakabaring Sport City have a mosque?",ask_facilities
"xcuse m, Does Jakabaring Sport Cty have a msque?",ask_facilities
Min Wisata Palembang yang aesthetic tapi sepi?,ask_hidden_gems
Mau nanya dong Excellent information sih,provide_feedback
Kak Any hidden gems to visit? dong kak,ask_hidden_gems
Kak Any hiddn gms to visit? dong kak,ask_hidden_gems
Halo Info wisata budaya Palembang dong sih,ask_category
Bang PIM ada tempat parkir? dong kak,ask_facilities
Alamat lengkap OPI Mall?,ask_location_access
Kak Tourist spots along LRT route? ya kak,ask_lrt_destinations
Kak Tourist spots lng LRT rout? yo kak,ask_lrt_destinations
Mau nanya dong Info jam buka SMB II dong deh,ask_operating_hours
Mau nanya dong Info jam buka SMB I dong deh,ask_operating_hours
Kak Kampung Arab Al-Munawar ada di daerah mana? nih,ask_location_access
Taxi online di Palembang,ask_unrelated
Maaf mau tanya PIM ada tempat parkir? ya kak,ask_facilities
Maaf mau tanya PIM ada tempat parkir? yo kak,ask_facilities
Eh Oke cukup kak makasih banyak deh,goodbye
Eh Oke ckup kak makasih banyak dh,goodbye
Min Kak ada museum gak di Palembang? ya kak,ask_category
Min Kak da musem gak di Palembang? ya kak,ask_category
Destinasi yang LRT accessible? dong kak,ask_lrt_destinations
Destinasi yang LRT ccessible? dong kak,ask_lrt_destinations
Maaf mau tanya Lesser known attractions in Palembang? ya kak,ask_hidden_gems
Maaf mau tanya Lesser known attractions in Palembang? yo kak,ask_hidden_gems
Halo Wisata Palembang yang aesthetic tapi sepi? dong,ask_hidden_gems
Halo Wisata Palembang yang aesthetic tp sepi? dong,ask_hidden_gems
Eh Info jam buka SMB II dong ya,ask_operating_hours
Eh Info jam buka SMB II dong yo,ask_operating_hours
Halo Hai kak masih aktif? ya,greet
Location of Benteng Kuto Besak?,ask_location_access
Location of Pantai Kuta?,ask_location_access
Is Sultan Mahmud Badaruddin II Museum child-friendly?,ask_facilities
Halo KI itu apa? sih,ask_destination_info
Kak Makasih dong kak,goodbye
Kak Makasih dng kk,goodbye
Recipe for chocolate cake? dong,ask_unrelated
Mau nanya dong Info wisata budaya Palembang dong dong kak,ask_category
Mau nanya dong Inf wisata budaya Plembang dong dong kak,ask_category
Thank you very much nih,goodbye
Thank ya very much nih,goodbye
Universitas terbaik Indonesia?,ask_unrelated
Membantu banget kak,provide_feedback
Permisi Jam operasionalnya? nih,ask_operating_hours
Info jam buka OPI Mall dong,ask_operating_hours
chatbot nya bagus,provide_feedback
chatbot nya keren,provide_feedback
Apakah Kampung Arab Al-Munawar buka hari Minggu?,ask_operating_hours
Bot aktif?,greet
Eh Famous places in Palembang? dong,ask_recommendation
Kak Recipe for chocolate cake? dong kak,ask_unrelated
Kk Recipe for choclate cake? dong kak,ask_unrelated
Eh Best destinations in Palembang? dong kak,ask_recommendation
Eh Bst destinations in Plmbang? dong kk,ask_recommendation
Infonya oke banget,provide_feedback
Bang Info lengkap Punti Kayu dong ya,ask_destination_info
Bang Info lengkap Punti Kayu dong yo,ask_destination_info
Food tourism in Palembang,ask_category
Permisi Mau tanya dong kak harga tiket Benteng Kuto Besak sih,ask_ticket_price
Destinasi wisata sejarah Palembang? ya,ask_category
Permisi Rekomendasi wisata untuk liburan singkat dong,ask_recommendation
Python atau Java lebih bagus?,ask_unrelated
Python atau Java lebih mantap?,ask_unrelated
Jelaskan tentang Masjid Cheng Ho,ask_destination_info
Permisi kak ya,greet
Maaf mau tanya Rekomendasi wisata yang dekat stasiun LRT sih,ask_lrt_destinations
Halo Oke makasih kak sangat membantu nih,goodbye
Halo Oke makasih kak sekali membantu nih,goodbye
How much to get into Benteng Kuto Besak?,ask_ticket_price
How much to get into Candi Borobudur?,ask_ticket_price
Bang mau nanya,greet
Alamat lengkap Museum Sultan Mahmud Badaruddin II?,ask_location_access
Bang Jelas banget penjelasannya ya kak,provide_feedback
Bang Jelas banget penjelasanny ya kak,provide_feedback
Please What's the location of Ampera Bridge??,ask_location_access
Please What's the locatin f Universal Studio Brdg??,ask_location_access
Apakah Jakabaring gratis? ya,ask_ticket_price
Kampung Arab Al-Munawar ada di daerah mana,ask_location_access
KI deket stasiun LRT mana?,ask_location_access
Eh Ada wifi di Jembatan Ampera?,ask_facilities
Eh Ada wifi di Pnti Kuta?,ask_facilities
Min Apakah Jakabaring gratis? dong,ask_ticket_price
"Excuse me, How to move on??",ask_unrelated
culinary tourism places in Palembang?,ask_category
Mau nanya dong Any hidden gems to visit? ya kak,ask_hidden_gems
Mu nanya dng Any hidden gms to visit? yo kak,ask_hidden_gems
Kurs dollar hari ini berapa?,ask_unrelated
Chatbot nya bagus ya kak,provide_feedback
Chatbot nya mantap yo kak,provide_feedback
Maaf mau tanya Tourist spots along LRT route? dong,ask_lrt_destinations
Mau tanya dong kak harga tiket Al-Munawar,ask_ticket_price
Bang Info jam buka SMB II dong dong kak,ask_operating_hours
Wisata tersembunyi di Palembang? ya,ask_hidden_gems
Permisi Taxi online di Palembang? deh,ask_unrelated
Bang Rekomendasi wisata yang dekat stasiun LRT sih,ask_lrt_destinations
Bang Rekmendas wisat yang dekat stasiun LRT sih,ask_lrt_destinations
Destinasi wisata sejarah Palembang? ya kak,ask_category
Destinasi wisata sjarah Palmbang? ya kak,ask_category
Very accurate,provide_feedback
Very accurat,provide_feedback
Kak Museum Balaputra Dewa fasilitasnya apa aja? deh,ask_facilities
Kak Mlboro fsiltasnya apa aja? deh,ask_facilities
Min Destinasi yang dekat stasiun LRT? ya,ask_lrt_destinations
Min Destinasi yang dekt stasiun LRT? ya,ask_lrt_destinations
Mau nanya dong Suka deh sih,provide_feedback
Mau nnya dong Suka deh sih,provide_feedback
Permisi Permisi kak dong kak,greet
Kak Suka sama jawabannya nih,provide_feedback
Kak Suka sama jawbannya nih,provide_feedback
"That's enough, thank you deh",goodbye
"That's enough, thank ya deh",goodbye
"Good morning, I have a question",greet
Mau nanya dong Wisata apa yang recommended di Palembang? dong kak,ask_recommendation
Mau nanya dng Wisata apa yang recommended di Palembang? dong kak,ask_recommendation
Mau nanya dong Best destinations in Palembang? nih,ask_recommendation
Oke cukup kak makasih banyak,goodbye
Eh Hidden gems in Palembang? nih,ask_hidden_gems
Eh Benteng Kuto Besak buka jam berapa? dong kak,ask_operating_hours
Eh Benteng Kuto Besak buka jam berapo? dong kak,ask_operating_hours
Permisi Jelas banget penjelasannya dong,provide_feedback
Bang Address of Ampera Bridge?,ask_location_access
Halo Min kasih tau hidden gems Palembang sih,ask_hidden_gems
Rute ke OPI Mall gimana?,ask_location_access
Rte k OP Mll gmana?,ask_location_access
Mau nanya dong Tolong kasih tau wisata dekat LRT ya,ask_lrt_destinations
Mau nany dong Tolong ksih tau wsata dekat LRT yo,ask_lrt_destinations
Halo Destinasi yang dekat stasiun LRT? nih,ask_lrt_destinations
Min tolong saran wisata dong,ask_recommendation
Bang Address of Ampera Bridge? ya kak,ask_location_access
That's helpful dong,provide_feedback
Mau nanya dong Hai kak masih aktif? dong,greet
Eh Oke cukup kak makasih banyak sih,goodbye
Eh ke cukup kak makasih banyk sih,goodbye
Mau nanya dong Wisata Palembang yang aesthetic tapi sepi? nih,ask_hidden_gems
Mau nanya dong Wisata Palembang yang aesthetic tp sepi? nih,ask_hidden_gems
Eh LRT friendly tourist destinations? dong,ask_lrt_destinations
Eh LRT friendly tourist destinatins? dng,ask_lrt_destinations
Bisa naik apa ke sana?,ask_location_access
Bisa nak po k san?,ask_location_access
Permisi Excellent information ya kak,provide_feedback
Permisi Excellent information yo kak,provide_feedback
Monpera buka dari jam berapa sampai jam berapa?,ask_operating_hours
Danau Toba buka dar jam brapa sampai jam berapo?,ask_operating_hours
Cara daftar CPNS gimana? dong,ask_unrelated
Weekday Bukit Siguntang buka jam berapa?,ask_operating_hours
Weekday Bukit Siguntang buka jam brapa?,ask_operating_hours
When is the World Cup?,ask_unrelated
Can you tell me How to move on? thanks,ask_unrelated
Can u tell me How to move on? thanks,ask_unrelated
What can I see at Sultan Mahmud Badaruddin II Museum?,ask_destination_info
Eh Kamu siapa? deh,ask_unrelated
Eh Kau siapa? deh,ask_unrelated
Rekomendasi wisata untuk liburan singkat ya,ask_recommendation
Rekomendasi wisat untuk liburan singkat yo,ask_recommendation
Maaf mau tanya Enaknya kemana ya di Palembang? ya kak,ask_recommendation
Maaf mau tanya Enknya keman yo di Palmbng? y kak,ask_recommendation
Halo What time does Kampung Kapitan close? nih,ask_operating_hours
Berapa duit masuk Monpera?,ask_ticket_price
Halo Help me please dong kak,greet
Kak Permisi kak ya kak,greet
Kak Permisi kak yo kak,greet
Rekomendasi wisata yang dekat stasiun LRT?,ask_lrt_destinations
Slmat pagi,greet
Maaf mau tanya BKB itu tempat apa sih? dong kak,ask_destination_info
terima kasih infonya,goodbye
I need assistance,greet
Halo Info wisata budaya Palembang dong ya kak,ask_category
Halo Info wsata budaya Palembng dong ya kk,ask_category
Permisi Wisata tersembunyi di Palembang? dong,ask_hidden_gems
Permisi Wist tersmbunyi di Palembang? dong,ask_hidden_gems
Min Tourist spots along LRT route? sih,ask_lrt_destinations
Min Tourst spots along LRT route? sih,ask_lrt_destinations
Kak PIM gratis gak sih? dong kak,ask_ticket_price
Eh Help me please ya kak,greet
Mau nanya dong Destinasi wisata sejarah Palembang? deh,ask_category
Boleh tanya?,greet
Maaf mau tanya Thank you very much sih,goodbye
Maf mau tanya Thank ya very much sh,goodbye
Eh Hai kak masih aktif? dong kak,greet
Min Taxi online di Palembang? nih,ask_unrelated
Eh Suka sama jawabannya deh,provide_feedback
Maaf mau tanya Benteng Kuto Besak buka jam berapa? nih,ask_operating_hours
Maf mau tanya Central Park buk jam brapa? nih,ask_operating_hours
Min Excellent information deh,provide_feedback
Permisi Kampung Arab Al-Munawar ada di daerah mana? nih,ask_location_access
Recommended banget aplikasinya,provide_feedback
Min PIM ada tempat parkir? sih,ask_facilities
Keren sih ini botnya,provide_feedback
Maaf mau tanya Jelas banget penjelasannya sih,provide_feedback
Maaf ma tanya Jelas banget penjelasannya sih,provide_feedback
Hey How much is the ticket to Kampung Kapitan? please,ask_ticket_price
Min Destinasi wisata sejarah Palembang? nih,ask_category
Bang Jadwal kereta api Jakarta? sih,ask_unrelated
Bang Jadwal kereta api Jakart? sih,ask_unrelated
Masjid Agung Palembang lokasinya dimana?,ask_location_access
Raja Ampat Palembang lokasinya dmana?,ask_location_access
Eh Kampung Arab Al-Munawar ada di daerah mana? nih,ask_location_access
Eh Tourist spots along LRT route? nih,ask_lrt_destinations
h Torist spots long LRT route? nih,ask_lrt_destinations
Mau nanya dong PIM ada tempat parkir? sih,ask_facilities
Info wisata budaya Palembang dong sih,ask_category
Info wisata buday Palembang dong sih,ask_category
Maaf mau tanya Taxi online di Palembang? sih,ask_unrelated
Maaf mau tany Taxi online d Palembang? sih,ask_unrelated
Min Info lengkap Punti Kayu dong dong,ask_destination_info
Mn Info lengkp Punti Kayu dong dong,ask_destination_info
Halo Thank you very much ya kak,goodbye
Halo Thank u very much ya kak,goodbye
Seru gak Amanzi Waterpark?,ask_destination_info
Permisi Tess dong kak,greet
Mau nanya dong Rekomendasi wisata Palembang dong nih,ask_recommendation
Mau nanya dng Rekomendasi wsat Palembang dng nih,ask_recommendation
Bang Excellent information nih,provide_feedback
Halo Suka deh dong kak,provide_feedback
Halo Suk deh dong kak,provide_feedback
"Hello, What's the location of Ampera Bridge?",ask_location_access
"Hll, What's the lcation of Ampera Brdge?",ask_location_access
Thanks for the info,provide_feedback
Info wisata yang terjangkau LRT,ask_lrt_destinations
Maaf mau tanya Kak ada museum gak di Palembang? deh,ask_category
Kak Museum Balaputra Dewa fasilitasnya apa aja? sih,ask_facilities
Kak Museum Balaptra Dwa faslitasny apo ja? sh,ask_facilities
Min Hai kak masih aktif? nih,greet
Tips menurunkan berat badan?,ask_unrelated
Kak Thank you,goodbye
Kak Thank u,goodbye
Permisi KI itu apa? ya,ask_destination_info
Permisi KI itu apo? yo,ask_destination_info
Min Tess sih,greet
Deskripsi Kampung Kapitan,ask_destination_info
Deskripsi Menara Eiffel,ask_destination_info
Mau nanya dong Rekomendasi wisata untuk liburan singkat deh,ask_recommendation
Rekomendasi wisata Palembang dong ya kak,ask_recommendation
Rekomendasi wisata Palembang dong yo kak,ask_recommendation
Where is it located?,ask_location_access
wheres it located?,ask_location_access
Harga tiket masuknya berapa?,ask_ticket_price
Hargo tiket masuknya berapo?,ask_ticket_price
"Excuse me, Does Jakabaring Sport City have a mosque??",ask_facilities
Mau nanya dong Museum Sultan Mahmud Badaruddin II lokasinya dimana? dong,ask_location_access
Mau nany dong Museum Sultan Mahmd Bdruddin II lokasiny dimana? dong,ask_location_access
That's helpful?,provide_feedback
Kak Suka deh nih,provide_feedback
Maaf mau tanya Museum Sultan Mahmud Badaruddin II lokasinya dimana? dong,ask_location_access
Maaf mau tanya Museum Sultan Mahmud Badaruddin II lokasinya dmana? dong,ask_location_access
Maaf mau tanya Destinasi yang dekat stasiun LRT? deh,ask_lrt_destinations
KI tutup jam berapa?,ask_operating_hours
KI tutup jam berapo?,ask_operating_hours
Mau nanya dong Jelas banget penjelasannya sih,provide_feedback
Apakah Taman Kambang Iwak Besak gratis?,ask_ticket_price
Bang Resep nasi goreng dong dong kak,ask_unrelated
Bang Resep nasi goreng dng dng kak,ask_unrelated
Eh Hai kak masih aktif? dong,greet
Ada wifi di KI?,ask_facilities
Berapa ya tiket Amanzi?,ask_ticket_price
Berpa ya tiket Amanzi?,ask_ticket_price
Mau nanya dong Alternative tourist spots in Palembang?,ask_hidden_gems
Bang Museum Balaputra Dewa fasilitasnya apa aja? deh,ask_facilities
Bang Ancol fasilitasny apa aja? deh,ask_facilities
Min PIM ada tempat parkir? deh,ask_facilities
Permisi LRT friendly tourist destinations? deh,ask_lrt_destinations
Eh Wisata tersembunyi di Palembang? ya,ask_hidden_gems
Eh Wisata tersembunyi di Palmbang? yo,ask_hidden_gems
Halo Deskripsi Bukit Siguntang,ask_destination_info
Halo Deskrips Bukit Siguntng,ask_destination_info
Kak Resep nasi goreng dong,ask_unrelated
Kk Rsep nasi goreng dng,ask_unrelated
Kayak apa sih Palembang Square?,ask_destination_info
Halo Hai kak masih aktif? deh,greet
Halo Hai kak masih ktif? deh,greet
kampung arab al-munawar ada di daerah mana?,ask_location_access
Menara Eiffel al-munawar ada di daerah mana?,ask_location_access
Hey Exactly what I needed thanks,provide_feedback
Hey Exactly what  needed thanks,provide_feedback
Min Alternative tourist spots in Palembang? ya kak,ask_hidden_gems
Mau nanya dong Hidden gems in Palembang? dong kak,ask_hidden_gems
Mau nanya dong Mau ke tempat bersejarah di Palembang dong kak,ask_category
Mau nanya dong Mau k tempat bersejarah di Palembang dong kak,ask_category
Eh PIM ada tempat parkir? deh,ask_facilities
Eh PIM da tempat prkr? deh,ask_facilities
Kapan sih Benteng Kuto Besak buka?,ask_operating_hours
Kapan sih Candi Borobudur buka?,ask_operating_hours
Eh Destinasi wisata sejarah Palembang? deh,ask_category
Bang Rekomendasi wisata untuk liburan singkat ya kak,ask_recommendation
Bang Rekomendsi wisata untuk liburan singkat ya kak,ask_recommendation
Facilities at Kemaro Island?,ask_facilities
Mau nanya dong Destinasi wisata sejarah Palembang? dong,ask_category
Kampung Arab Al-Munawar ada di daerah mana?,ask_location_access
Danau Toba Al-Munawar ada di daerah mana?,ask_location_access
Kak Food tourism in Palembang? deh,ask_category
Tempat-tempat wisata yang aksesibel LRT?,ask_lrt_destinations
Tempat-tempat wsta yang ksesbl LRT?,ask_lrt_destinations
Bang Apakah Jakabaring gratis? ya kak,ask_ticket_price
Bang Apakah Jakabaring gratis? yo kak,ask_ticket_price
History of Kampung Kapitan?,ask_destination_info
Histry of Candi Borbudur?,ask_destination_info
Assalamualaikum mau tanya,greet
Assalamualaikum ma tanya,greet
Kenapa Siguntang terkenal?,ask_destination_info
Food tourism in Palembang? sih,ask_category
Bang Alternative tourist spots in Palembang? ya kak,ask_hidden_gems
Bang Alternative tourist spots in Palembang? yo kak,ask_hidden_gems
Makasih dong kak,goodbye
Mkasih dng kk,goodbye
Halo Ada wifi di Jembatan Ampera? dong kak,ask_facilities
Halo Ada wifi di Jembatan Gunung Bromo? dong kak,ask_facilities
Rating 5 untuk botnya,provide_feedback
Rating 5 untuk btny,provide_feedback
Jakabaring ada toilet gak?,ask_facilities
Halo Wonderful dong,provide_feedback
Mau nanya dong Excellent information dong,provide_feedback
Mu nanya dong xcellent informtin dong,provide_feedback
Bang Enaknya kemana ya di Palembang? ya,ask_recommendation
Is Kampung Kapitan open in the morning? thanks,ask_operating_hours
s niversal Studio open n the morning? thnks,ask_operating_hours
Min Facilities at Benteng Kuto Besak? ya,ask_facilities
Min Facilities at Gunung Bromo? ya,ask_facilities
Kak Bye kak ya kak,goodbye
Kak Bye kak yo kak,goodbye
Mau nanya dong Hai kak masih aktif? ya kak,greet
Bang Apakah Ampera dekat stasiun LRT? dong kak,ask_lrt_destinations
Bang Apakah Ancol dekat stasiun LRT? dong kak,ask_lrt_destinations
Min Best destinations in Palembang? deh,ask_recommendation
Fasilitas apa saja di PTC?,ask_facilities
Fasilitas apa bae di PTC?,ask_facilities
Mau nanya dong Destinasi wisata sejarah Palembang? ya,ask_category
Halo ada yang bisa dibantu?,greet
Tess dong kak,greet
Bang Permisi kak deh,greet
Tiket masuk KI berapa?,ask_ticket_price
Tiket masuk K berapa?,ask_ticket_price
Maaf mau tanya Suka sama jawabannya nih,provide_feedback
Maf mau tanya Ska sama jawabannya nih,provide_feedback
Update harga tiket Palembang Icon dong,ask_ticket_price
Update hargo tiket Palembang Icon dong,ask_ticket_price
Alamat Museum Balaputra Dewa dimana?,ask_location_access
Alamat Danau Toba dimana?,ask_location_access
Kak Enaknya kemana ya di Palembang? nih,ask_recommendation
Kak Enaknya kemana yo di Palembang? nih,ask_recommendation
Masjid Cheng Ho hari libur buka gak?,ask_operating_hours
Kalo hari Sabtu Fantasy Island buka?,ask_operating_hours
Jam operasionalnya? deh,ask_operating_hours
Min Chatbot nya bagus ya,provide_feedback
Min Chatbot nya keren ya,provide_feedback
Kapan Benteng Kuto Besak buka?,ask_operating_hours
Kapan Candi Prambanan buka?,ask_operating_hours
Permisi Jembatan Ampera di mana ya? deh,ask_location_access
Permisi Menara Eiffel di mana yo? deh,ask_location_access
Permisi Rekomendasi wisata Palembang dong deh,ask_recommendation
Maaf mau tanya Masjid Cheng Ho ada spot foto gak? nih,ask_facilities
Maaf mu tanya Msjid Cheng Ho ada spt foto gk? nih,ask_facilities
Permisi Min kasih tau hidden gems Palembang dong,ask_hidden_gems
Permisi Jelas banget penjelasannya dong kak,provide_feedback
Halo saya pengunjung baru,greet
"Eh That's enough, thank you deh",goodbye
"Eh That's enugh, thank ya deh",goodbye
Min Tolong kasih tau wisata dekat LRT nih,ask_lrt_destinations
Mau nanya dong Alternative tourist spots in Palembang? ya,ask_hidden_gems
Mau nanya dong Alternative tourist spots in Palembang? yo,ask_hidden_gems
Eh Rekomendasi hidden gems dong kak sih,ask_hidden_gems
Mau nanya dong Lesser known attractions in Palembang? deh,ask_hidden_gems
"Excuse me, How much is the ticket to Kampung Kapitan??",ask_ticket_price
"Excuse m, How much is the ticket to Kampung Kapitn??",ask_ticket_price
What's the entrance fee at Benteng Kuto Besak?,ask_ticket_price
Maaf mau tanya That's helpful,provide_feedback
Maf mau tanya That's helpfl,provide_feedback
Eh Bisa naik LRT ke BKB? dong,ask_lrt_destinations
h Bisa naik LRT ka BKB? dong,ask_lrt_destinations
Bang Food tourism in Palembang? ya,ask_category
Bang Food toursm in Palembang? yo,ask_category
Mau nanya dong Rekomendasi hidden gems dong kak sih,ask_hidden_gems
Kak Ada wifi di Jembatan Ampera? dong,ask_facilities
Kak Ada wif di Jembatan Pantai Kuta? dng,ask_facilities
Eh Palembang punya museum apa? ya,ask_category
Eh Plembang punya museum apo? ya,ask_category
Bang Min tolong saran wisata dong dong,ask_recommendation
What nature tourism are in Palembang?,ask_category
What nature tourism r in Palembang?,ask_category
Hello bot,greet
Eh Enaknya kemana ya di Palembang? sih,ask_recommendation
Eh Enaknya kemana yo di Palembang? sih,ask_recommendation
"That's enough, thank you",goodbye
"That's enough, thank u",goodbye
Recommend places to see in Palembang,ask_recommendation
Oke noted makasih,goodbye
Permisi Oke makasih kak sangat membantu dong,goodbye
Permisi Oke makasih kak nian membantu dong,goodbye
Maaf mau tanya Recipe for chocolate cake? dong,ask_unrelated
Permisi Bisa naik LRT ke BKB? deh,ask_lrt_destinations
Permisi Pacak naik LRT ka BKB? deh,ask_lrt_destinations
Min Wonderful nih,provide_feedback
Any parks in Palembang?,ask_category
Halo LRT friendly tourist destinations? deh,ask_lrt_destinations
Hey Exactly what I needed please,provide_feedback
Review tentang Monpera,ask_destination_info
Review tentang Menara Eiffel,ask_destination_info
"Hi, How to move on??",ask_unrelated
Jam operasionalnya? ya kak,ask_operating_hours
Jam operasionalnya? yo kak,ask_operating_hours
Permisi Wisata apa yang recommended di Palembang? ya kak,ask_recommendation
"Halo That's enough, thank you ya kak",goodbye
"Halo That's enough, thank u yo kak",goodbye
Min Masjid Cheng Ho ada spot foto gak? deh,ask_facilities
Min Jelas banget penjelasannya sih,provide_feedback
Min Jelas banget penjelasanny sih,provide_feedback
Halo Wisata apa yang recommended di Palembang? nih,ask_recommendation
Kak Apakah Jakabaring gratis? dong kak,ask_ticket_price
Maaf mau tanya Palembang punya museum apa?,ask_category
Maaf mau tanya Jembatan Ampera di mana ya?,ask_location_access
Maaf mau tnya Jembtan mpera di man yo?,ask_location_access
Halo Makasih deh,goodbye
Hlo Maksih deh,goodbye
Min Suka sama jawabannya ya kak,provide_feedback
Min Suka sama jawabannya yo kak,provide_feedback
Maaf mau tanya That's helpful ya kak,provide_feedback
Maaf mu tany That's helpful yo kak,provide_feedback
Address of Ampera Bridge? sih,ask_location_access
Address of Taman Safri Bridg? sih,ask_location_access
Min Deskripsi Bukit Siguntang,ask_destination_info
Min Deskrpsi Candi Prambanan,ask_destination_info
Mau nanya dong Suka deh dong kak,provide_feedback
Sore,greet
Min Info jam buka SMB II dong ya,ask_operating_hours
Mn Info jam buka SMB I dong yo,ask_operating_hours
Kak Min kasih tau hidden gems Palembang ya kak,ask_hidden_gems
Halo Rekomendasi wisata untuk liburan singkat ya kak,ask_recommendation
How much is the admission to Grand Mosque of Palembang?,ask_ticket_price
Maaf mau tanya Info lengkap Punti Kayu dong deh,ask_destination_info
Halo Numpang tanya dong ya kak,greet
Mau nanya dong Min tolong saran wisata dong ya,ask_recommendation
Ma nanya dong Min tolng saran wisata dong ya,ask_recommendation
Min Kamu siapa? sih,ask_unrelated
Min Kau siapa? sih,ask_unrelated
Kamu siapa?,ask_unrelated
Info lengkap Punti Kayu dong,ask_destination_info
Info lengkap Menara Eiffl dong,ask_destination_info
Maaf mau tanya Palembang punya museum apa? deh,ask_category
Maaf mau tanya Palmbang puny museum apa? deh,ask_category
Harga tiket masuk Palembang Square sekarang berapa?,ask_ticket_price
Harga tiket mask Palembang Square skarang berapo?,ask_ticket_price
Min Hlo dong kak,greet
Fasilitas apa saja di Al Quran Al Akbar?,ask_facilities
Fasilitas apa aja di Malioboro?,ask_facilities
Kak Rekomendasi wisata yang dekat stasiun LRT nih,ask_lrt_destinations
Bang Deskripsi Bukit Siguntang deh,ask_destination_info
Kak Min kasih tau hidden gems Palembang dong kak,ask_hidden_gems
Kak Min kasih tau hidden gems Palembang dong kk,ask_hidden_gems
Kak Numpang tanya dong ya kak,greet
Kak Numpng tnya dong ya kak,greet
Halo Jelas banget penjelasannya nih,provide_feedback
Min Rekomendasi hidden gems dong kak dong,ask_hidden_gems
"Hello, I need help",greet
Please What parks are in Palembang? please,ask_category
Please What parks r in Palembang? plese,ask_category
Hai,greet
Help me please ya kak,greet
Help me pleas y kak,greet
Bang Numpang tanya dong dong,greet
Bang Numpng tanya dong dong,greet
Berapa duit tiketnya?,ask_ticket_price
Brapa duit tktnya?,ask_ticket_price
Kak Mau ke tempat bersejarah di Palembang dong kak,ask_category
Kak Mau ka tempat bersejarah di Palembang dong kak,ask_category
Kak Deskripsi Bukit Siguntang dong kak,ask_destination_info
Kak Deskripsi Danau Toba dong kak,ask_destination_info
Bang tiket Ampera berapa?,ask_ticket_price
Bang tiket Candi Borobudur brapa?,ask_ticket_price
Info harga tiket Monpera dong kak,ask_ticket_price
Info harga tikt Monpra dong kak,ask_ticket_price
Kak Wisata apa yang recommended di Palembang? ya kak,ask_recommendation
Permisi Makasih nih,goodbye
Prmisi Makasih nih,goodbye
Suka sama jawabannya nih,provide_feedback
"Halo That's enough, thank you dong",goodbye
"Halo That's nough, thank u dong",goodbye
Kak Hlo ya kak,greet
Kak Hlo yo kak,greet
Kak Tess dong,greet
Amanzi terkenal karena apa?,ask_destination_info
Amanzi terkenal karena apo?,ask_destination_info
Rekomendasi wisata yang dekat stasiun LRT dong,ask_lrt_destinations
Rkomendasi wsata yang dekat stasiun LRT dong,ask_lrt_destinations
Kawah Tengkurep buka hari apa aja?,ask_operating_hours
Mau nanya dong KI itu apa? dong kak,ask_destination_info
Mau nanya dong KI tu apa? dong kak,ask_destination_info
Rekomendasi wisata sejarah Palembang,ask_category
History of Al-Munawar Arab Village?,ask_destination_info
Min Bye kak,goodbye
Hello mau tanya,greet
Hll mau tanya,greet
Tempat wisata alam di Palembang?,ask_category
Hlo?,greet
Permisi Numpang tanya dong deh,greet
Prmsi Nmpang tany dong deh,greet
Kak Lesser known attractions in Palembang? sih,ask_hidden_gems
Kak Enaknya kemana ya di Palembang? deh,ask_recommendation
Info tentang Museum Sultan Mahmud Badaruddin II,ask_destination_info
Min Chatbot nya bagus sih,provide_feedback
Min Oke cukup kak makasih banyak sih,goodbye
Kak Oke cukup kak makasih banyak ya kak,goodbye
Kak Oke cukup kak makasih banyak yo kak,goodbye
Permisi Enaknya kemana ya di Palembang? nih,ask_recommendation
Is Kambang Iwak Park worth visiting?,ask_destination_info
Is Pantai Kuta Park worth visiting?,ask_destination_info
Permisi That's helpful dong kak,provide_feedback
Kak Help me please nih,greet
Bang Info wisata budaya Palembang dong dong kak,ask_category
Bang Info wsata budaya Palembang dng dong kak,ask_category
Halo Hlo deh,greet
Bang Numpang tanya dong,greet
Religious sites in Palembang?,ask_category
Bang Address of Ampera Bridge? ya,ask_location_access
Bang Addrss of Cndi Prambnan Bridge? ya,ask_location_access
Mau ke tempat bersejarah di Palembang dong,ask_category
Mau ka tempat bersejarah di Palembang dong,ask_category
Halo Kampung Arab Al-Munawar ada di daerah mana? dong kak,ask_location_access
Halo Kampung Arab Al-Munawr ad di daerah mana? dong kk,ask_location_access
Taman Kambang Iwak Besak gratis gak sih?,ask_ticket_price
Bang Makasih dong kak,goodbye
Pagi-pagi Siguntang sudah buka belum?,ask_operating_hours
Pagi-pagi Sguntang sudah buka blom?,ask_operating_hours
Halo Resep nasi goreng dong dong,ask_unrelated
palembang punya museum apa?,ask_category
Rekomendasi hidden gems dong kak sih,ask_hidden_gems
Facilities at Al-Munawar Arab Village?,ask_facilities
Facilities at Al-Munawr Arb Villag?,ask_facilities
Wisata yang bisa pake LRT?,ask_lrt_destinations
Wisata yang bis pake LRT?,ask_lrt_destinations
Min Kampung Arab Al-Munawar ada di daerah mana? nih,ask_location_access
Min Candi Borobudur Al-Munawar ada di daerah mana? nih,ask_location_access
Mau nanya dong Alternative tourist spots in Palembang? ya kak,ask_hidden_gems
Mau nanya dong Alternative tourist spts in Palmbang? yo kk,ask_hidden_gems
Permisi Info lengkap Punti Kayu dong dong kak,ask_destination_info
Min Permisi kak dong kak,greet
Museum Sultan Mahmud Badaruddin II lokasinya dimana? dong kak,ask_location_access
Museum Sultan Mahmud Badaruddin II lokasinya dmana? dong kak,ask_location_access
Min Tess,greet
Min Permisi kak nih,greet
Permisi Suka deh ya,provide_feedback
Prmisi Suka deh yo,provide_feedback
PIM ada tempat parkir? nih,ask_facilities
Museum Balaputra Dewa fasilitasnya apa aja?,ask_facilities
Museum Balaputra Dewa fasilitasnya apo aja?,ask_facilities
Hey How much is the ticket to Kampung Kapitan? thanks,ask_ticket_price
Hey How much is the tickt to Kampung Kapitn? thanks,ask_ticket_price
Kak dimana ya Amanzi?,ask_location_access
Kak dimana yo Amanzi?,ask_location_access
Mau ke Fantasy Island lewat mana?,ask_location_access
Mau k Fantasy Island lewat mana?,ask_location_access
Maaf mau tanya Tess deh,greet
Eh Famous places in Palembang?,ask_recommendation
Eh Famus plces n Palembang?,ask_recommendation
Min Mau tanya dong kak harga tiket Benteng Kuto Besak dong kak,ask_ticket_price
Min Mu tanya dong kak harga tiket Benteng Kuto Besak dng kk,ask_ticket_price
Wisata indoor Palembang?,ask_category
Fasilitas pendukung Kambang Iwak?,ask_facilities
Fasilitas pendukung Menara Eiffel?,ask_facilities
Tiket Siguntang berapa sih?,ask_ticket_price
Tiket Siguntang berapo sih?,ask_ticket_price
Permisi Tess sih,greet
Ke SMB II bayar berapa ya?,ask_ticket_price
Ke SMB II bayar berapa yo?,ask_ticket_price
Mau tanya jam operasional Amanzi Waterpark,ask_operating_hours
Sejarah Masjid Cheng Ho apa ya?,ask_destination_info
Sejarah Masjid Cheng Ho apa yo?,ask_destination_info
Maaf mau tanya Cara main saham? deh,ask_unrelated
Maaf mau tanya Cara main sham? deh,ask_unrelated
Kak Famous places in Palembang? sih,ask_recommendation
Kak Famos places in Palembang? sih,ask_recommendation
thank you very much,goodbye
thank u vry much,goodbye
1 2 3 test,greet
Permisi Recipe for chocolate cake? deh,ask_unrelated
Permsi Recipe for chcolate cake? dh,ask_unrelated
What amenities are available?,ask_facilities
What amenities r available?,ask_facilities
Kak PIM ada tempat parkir? dong,ask_facilities
Mau nanya dong Bisa naik LRT ke BKB? sih,ask_lrt_destinations
Mau nanya dong Bisa naik LRT k Gunung Bromo? sih,ask_lrt_destinations
Bang Tourist spots along LRT route? deh,ask_lrt_destinations
Bang Turist spots long LRT rote? deh,ask_lrt_destinations
Hidden gems in Palembang? sih,ask_hidden_gems
Halo That's helpful,provide_feedback
Permisi Min tolong saran wisata dong deh,ask_recommendation
Apakah Palembang Trade Center buka hari Minggu?,ask_operating_hours
Kak Museum Sultan Mahmud Badaruddin II lokasinya dimana? sih,ask_location_access
Kak Museum Sultan Mahmud Badaruddin II lokasinya dimano? sih,ask_location_access
Eh Makasih dong,goodbye
Kasih tau dong tentang Taman Kambang Iwak Besak,ask_destination_info
Eh That's helpful nih,provide_feedback
Eh Kampung Arab Al-Munawar ada di daerah mana? dong kak,ask_location_access
Eh Gunung Bromo l-Munwar ada d darh mana? dong kak,ask_location_access
Mau nanya dong Info jam buka SMB II dong,ask_operating_hours
Permisi Ada wifi di Jembatan Ampera? ya kak,ask_facilities
Permisi Ada wifi di Jembatan Central Park? ya kak,ask_facilities
Jam tutup Masjid Cheng Ho kapan?,ask_operating_hours
Jam tutup Masjd Cheng H kapan?,ask_operating_hours
Helo,greet
Is it open today?,ask_operating_hours
Destinasi yang LRT accessible? dong,ask_lrt_destinations
Destinasi yang LRT accssble? dng,ask_lrt_destinations
Kak ada museum gak di Palembang? deh,ask_category
Kak ada mseum gak di Palembang? deh,ask_category
Info lengkap Masjid Agung Palembang dong,ask_destination_info
Info lengkap Masjid Agng Palembang dong,ask_destination_info
Cerita sejarah PIM dong,ask_destination_info
Maaf mau tanya Apakah Ampera dekat stasiun LRT? dong kak,ask_lrt_destinations
Mau nanya dong Suka deh deh,provide_feedback
Mau nnya dong Ska deh deh,provide_feedback
Eh Details about Kambang Iwak Park? ya,ask_destination_info
Eh Detils bot Danau Tob Prk? y,ask_destination_info
Bang Suka sama jawabannya nih,provide_feedback
OK bye,goodbye
K bye,goodbye
Does Sultan Mahmud Badaruddin II Museum have parking?,ask_facilities
Min What time does Kampung Kapitan close? nih,ask_operating_hours
Min What time des Kampung Kapitan close? nih,ask_operating_hours
Jam buka OPI Mall kapan?,ask_operating_hours
Kasih info Monpera ya kak,ask_destination_info
Kasih info Candi Prambanan ya kak,ask_destination_info
Kampung Arab Al-Munawar ada di daerah mana? dong kak,ask_location_access
Taman Safar Al-Munawar ada di derah mana? dong kak,ask_location_access
What amenities does Kampung Kapitan offer?,ask_facilities
Min Palembang punya museum apa? ya,ask_category
Min Palembang punya museum apo? ya,ask_category
Mau tanya jam operasional BKB,ask_operating_hours
Mau tanya jam operasional Candi Prambanan,ask_operating_hours
Maaf mau tanya Address of Ampera Bridge? ya kak,ask_location_access
Maaf mau tanya Address of Ampera Bridge? ya,ask_location_access
Maaf mau tanya Address of Candi Borobudur Bridge? ya,ask_location_access
Halo Min tolong saran wisata dong ya,ask_recommendation
Hlo Min tolng saran wisata dong ya,ask_recommendation
Halo Ada wifi di Jembatan Ampera? dong,ask_facilities
Wisata Bali yang bagus?,ask_unrelated
Wisata Bali yang keren?,ask_unrelated
Hey Is Kampung Kapitan open in the morning?,ask_operating_hours
Halo Benteng Kuto Besak buka jam berapa? ya kak,ask_operating_hours
Halo Benteng Kuto Besak buka jam brapa? yo kak,ask_operating_hours
Rute ke Palembang Square gimana?,ask_location_access
Rute ka Palembang Square gimana?,ask_location_access
Eh Best destinations in Palembang? sih,ask_recommendation
Halo Numpang tanya dong dong,greet
Please Does Jakabaring Sport City have a mosque??,ask_facilities
Apa itu BKB?,ask_destination_info
Apa itu Tanah Lot?,ask_destination_info
Tempat makan di sekitar SMB ada?,ask_facilities
Tempat maman di sekitar SMB ada?,ask_facilities
Review tentang OPI Mall,ask_destination_info
Review tentang OPI Mll,ask_destination_info
Harga masuk Bukit Siguntang berapa ya kak?,ask_ticket_price
Harga masuk Ancol berapo yo kak?,ask_ticket_price
Permisi Rekomendasi wisata untuk liburan singkat nih,ask_recommendation
Bang Deskripsi Bukit Siguntang dong,ask_destination_info
Apa keunikan Palembang Square?,ask_destination_info
Apo keunikan Palembang Square?,ask_destination_info
Bang Oke makasih kak sangat membantu,goodbye
Bang Oke makasih kak nian membantu,goodbye
Is Ampera Bridge open in the morning?,ask_operating_hours
Is Candi Prambanan Bridge open in the morning?,ask_operating_hours
Min That's helpful nih,provide_feedback
Mau nanya dong Help me please nih,greet
Hai chatbot,greet
How to reach Ampera Bridge?,ask_location_access
How to reach Ancol Bridge?,ask_location_access
Eh Jembatan Ampera di mana ya? dong kak,ask_location_access
Eh Jembatan Malioboro di mana ya? dong kak,ask_location_access
Mau nanya dong Excellent information nih,provide_feedback
Maaf mau tanya Famous places in Palembang? sih,ask_recommendation
Maf mu tany Famus places n Palembng? sih,ask_recommendation
Bang Rekomendasi wisata untuk liburan singkat,ask_recommendation
Bang Rkomendasi wisata ntuk lburan singkat,ask_recommendation
Permisi Rekomendasi hidden gems dong kak,ask_hidden_gems
Permsi Rekomendasi hidden gms dong kak,ask_hidden_gems
Kak Destinasi yang dekat stasiun LRT? nih,ask_lrt_destinations
Kak Pagi kak deh,greet
Kak Pagi kk deh,greet
Eh Wisata tersembunyi di Palembang? dong kak,ask_hidden_gems
Maaf mau tanya Bisa naik LRT ke BKB? deh,ask_lrt_destinations
Maaf mu tanya Bis naik LRT ka Raj Ampat? deh,ask_lrt_destinations
Mau nanya dong Hidden gems in Palembang? ya,ask_hidden_gems
Mau nanya dong Hidden gems in Palembang? yo,ask_hidden_gems
Understood,provide_feedback
What time does Kampung Kapitan close? sih,ask_operating_hours
What time does Kmpung Kpitan close? sih,ask_operating_hours
Bang Masjid Cheng Ho ada spot foto gak? dong,ask_facilities
Eh Museum Balaputra Dewa fasilitasnya apa aja? deh,ask_facilities
Eh Malioboro fasilitasnya apo aja? deh,ask_facilities
Destinasi yang LRT accessible? nih,ask_lrt_destinations
Maaf mau tanya That's helpful dong kak,provide_feedback
Maaf mau tanya KI itu apa?,ask_destination_info
Bagaimana cara ke Jembatan Ampera?,ask_location_access
Gimana cara k Jembatan Candi Prambanan?,ask_location_access
Cara ke sana gimana?,ask_location_access
Cara k sana gimana?,ask_location_access
Suka deh ya,provide_feedback
Mau tanya harga tiket PIM,ask_ticket_price
Mau tanya hargo tiket PIM,ask_ticket_price
Maaf mau tanya Chatbot nya bagus nih,provide_feedback
Maf mu tanya Chatbot nya mantp nih,provide_feedback
Permisi Jam operasionalnya? ya,ask_operating_hours
Permisi Jam operasionalnya? yo,ask_operating_hours
Ada fasilitas apa di Al Quran Al Akbar?,ask_facilities
Ada fasilitas apa di Ancol?,ask_facilities
Mau nanya dong Terima kasih infonya ya,goodbye
Halo Oke cukup kak makasih banyak dong,goodbye
Kak Rekomendasi wisata untuk liburan singkat sih,ask_recommendation
Please Exactly what I needed please,provide_feedback
Please Exctly what I needed please,provide_feedback
Cara menuju Kampung Kapitan gimana?,ask_location_access
Cara menuju Candi Borobudur gimana?,ask_location_access
Permisi LRT friendly tourist destinations? sih,ask_lrt_destinations
Eh Rekomendasi hidden gems dong kak ya kak,ask_hidden_gems
Masjid bersejarah di Palembang?,ask_category
Kampung Arab Al-Munawar ada di daerah mana? nih,ask_location_access
Taman Safari Al-Munawar ada di daerah mana? nih,ask_location_access
Ke Amanzi bayar berapa ya?,ask_ticket_price
Ke Amanzi bayar brapa ya?,ask_ticket_price
Bot,greet
Min Rekomendasi wisata untuk liburan singkat,ask_recommendation
Min Rekmendas wisata untuk lburan singkat,ask_recommendation
Eh PIM gratis gak sih?,ask_ticket_price
Jam tutup Kampung Arab Al-Munawar kapan?,ask_operating_hours
Jam tutup Central Park Al-Munawar kapan?,ask_operating_hours
Halo Thank you very much sih,goodbye
Halo Thank u very much sih,goodbye
Kak Min tolong saran wisata dong nih,ask_recommendation
Kak Recipe for chocolate cake? nih,ask_unrelated
Kak Recipe for chocolat cke? nih,ask_unrelated
Bang Recipe for chocolate cake?,ask_unrelated
Is Al-Munawar Arab Village far from the city center?,ask_location_access
Is Al-Mnawar Arab Village far from th city centr?,ask_location_access
Maaf mau tanya Makasih deh,goodbye
Min Address of Ampera Bridge? dong kak,ask_location_access
Min Address of Malioboro Bridge? dong kak,ask_location_access
Kenapa Jakabaring Sport City terkenal?,ask_destination_info
Chatbot nya bagus ya,provide_feedback
Chatbot nya keren ya,provide_feedback
Info lengkap Punti Kayu dong dong,ask_destination_info
Info lengkap Tanah Lot dong dong,ask_destination_info
Wisata wisata alam di Palembang apa aja?,ask_category
Wisata wista alam di Palmbang apa aja?,ask_category
Details about Kambang Iwak Park? dong,ask_destination_info
Details about Candi Prambanan Park? dong,ask_destination_info
Bang Bye kak,goodbye
Bang Rekomendasi wisata yang dekat stasiun LRT ya,ask_lrt_destinations
Bang Rekomendasi wisata yang dekat stasiun LRT yo,ask_lrt_destinations
Maaf mau tanya Details about Kambang Iwak Park? dong kak,ask_destination_info
Maaf mau tnya Details abot Kambang Iwak Park? dong kak,ask_destination_info
Mau nanya dong Excellent information deh,provide_feedback
Mau nanya dong Excllnt information deh,provide_feedback
Hey Exactly what I needed?,provide_feedback
Halo Min kasih tau hidden gems Palembang ya kak,ask_hidden_gems
Kak Alternative tourist spots in Palembang? sih,ask_hidden_gems
Ada toilet gak?,ask_facilities
Bang Taxi online di Palembang? dong,ask_unrelated
KI itu tempat apa sih?,ask_destination_info
Chatbot nya bagus dong,provide_feedback
Chatbot nya bgus dong,provide_feedback
Palembang punya wisata religi apa?,ask_category
Palembang punya wisata religi apo?,ask_category
Mau nanya dong Jembatan Ampera di mana ya? dong,ask_location_access
Mau nanya dong Jembatan Taman Safari di mana ya? dong,ask_location_access
Kak What time does Kampung Kapitan close? ya kak,ask_operating_hours
Terima kasih infonya dong kak,goodbye
kak ada museum gak di palembang?,ask_category
Mau nanya dong Rekomendasi wisata yang dekat stasiun LRT,ask_lrt_destinations
Kak Apakah Jakabaring gratis? deh,ask_ticket_price
Kk Apakah Jakabring grtis? deh,ask_ticket_price
Permisi Numpang tanya dong,greet
LRT friendly tourist destinations? nih,ask_lrt_destinations
Kak Facilities at Benteng Kuto Besak? deh,ask_facilities
Eh Info jam buka SMB II dong dong,ask_operating_hours
Eh Makasih dong kak,goodbye
Kak berapa harga tiket Taman Kebon Rojo?,ask_ticket_price
Kak Rekomendasi wisata yang dekat stasiun LRT dong kak,ask_lrt_destinations
Lesser known attractions in Palembang? ya kak,ask_hidden_gems
Lesser known attractions in Palembang? yo kak,ask_hidden_gems
Mau nanya dong Museum Sultan Mahmud Badaruddin II lokasinya dimana? deh,ask_location_access
Mau nnya dong Musum Sultan Mhmud Badaruddin I lokasnya dmano? deh,ask_location_access
Wisata weekend di Palembang?,ask_recommendation
Wisata weknd di Palembang?,ask_recommendation
Eh Taxi online di Palembang? ya kak,ask_unrelated
Maaf mau tanya Excellent information ya kak,provide_feedback
Maaf mu tanya Excellent infrmation yo kak,provide_feedback
Min Tess ya,greet
Bang Rekomendasi hidden gems dong kak ya kak,ask_hidden_gems
Min LRT friendly tourist destinations? deh,ask_lrt_destinations
Min Numpang tanya dong deh,greet
Min Mau tanya dong kak harga tiket Benteng Kuto Besak deh,ask_ticket_price
Min Mau tanya dong kak hargo tiket Benteng Kuto Besak deh,ask_ticket_price
Eh Destinasi yang dekat stasiun LRT? dong,ask_lrt_destinations
Eh Destinasi yang dekat stsiun LRT? dong,ask_lrt_destinations
Numpang tanya dong ya,greet
Eh Rekomendasi wisata yang dekat stasiun LRT ya kak,ask_lrt_destinations
h Rekomendasi wisat yang dkat stsun LRT ya kak,ask_lrt_destinations
Eh Best destinations in Palembang?,ask_recommendation
Maaf mau tanya Jadwal kereta api Jakarta? ya,ask_unrelated
Bang Suka deh,provide_feedback
Eh What time does Kampung Kapitan close? ya kak,ask_operating_hours
Eh What time does Monas cls? yo kak,ask_operating_hours
Maaf mau tanya Bisa naik LRT ke BKB? nih,ask_lrt_destinations
Maf mau tnya Pacak naik LRT k BKB? nih,ask_lrt_destinations
Mau nanya dong Wonderful deh,provide_feedback
Halo Bye kak dong kak,goodbye
List of cultural tourism in Palembang?,ask_category
info wisata budaya palembang dong,ask_category
info wsata budaya palembang dong,ask_category
Maaf mau tanya Kampung Arab Al-Munawar ada di daerah mana? ya,ask_location_access
Maaf mau tnya Danau Toba Al-Munwar ad di daerah man? yo,ask_location_access
Kak Pagi kak dong,greet
Permisi Mau ke tempat bersejarah di Palembang,ask_category
Permis Mau k tempat bersejarah di Palembang,ask_category
Min Jelas banget penjelasannya dong,provide_feedback
Tiket Museum Sultan Mahmud Badaruddin II berapa sih?,ask_ticket_price
Tiket Museum Sultan Mahmud Badaruddin II brapa sih?,ask_ticket_price
Bang Rekomendasi hidden gems dong kak dong kak,ask_hidden_gems
Min Rekomendasi wisata Palembang dong nih,ask_recommendation
Eh Destinasi yang LRT accessible? ya kak,ask_lrt_destinations
Eh Destinasi yang LRT accessible? yo kak,ask_lrt_destinations
Halo halo,greet
Maaf mau tanya Benteng Kuto Besak buka jam berapa? sih,ask_operating_hours
Maaf mau tanya Monas buka jam brapa? sih,ask_operating_hours
Jadwal buka Palembang Icon kapan ya?,ask_operating_hours
Jadwal buka Palembang Icon kapan yo?,ask_operating_hours
Halo Thank you very much deh,goodbye
Halo Thank u very much deh,goodbye
List of religious tourism in Palembang?,ask_category
Is Kampung Kapitan open in the morning??,ask_operating_hours
Is Menara Eiffel open in the morning??,ask_operating_hours
Bang Hidden gems in Palembang? dong,ask_hidden_gems
Kawah Tengkurep bagus gak?,ask_destination_info
Kawah Tngkurep bags gak?,ask_destination_info
Kak Suka sama jawabannya,provide_feedback
Fantasy Island bagus gak?,ask_destination_info
Fantasy Island keren gak?,ask_destination_info
What religious tourism are in Palembang?,ask_category
What religious trism r in Palembang?,ask_category
Halo Recipe for chocolate cake? ya kak,ask_unrelated
Hal Recipe for choclate cake? ya kak,ask_unrelated
Eh Cara daftar CPNS gimana? deh,ask_unrelated
Eh Car daftar CPNS gimana? deh,ask_unrelated
Amanzi fasilitasnya apa aja?,ask_facilities
Amanzi fasilitasnya apo aja?,ask_facilities
Kapan sih SMB II buka?,ask_operating_hours
Min Facilities at Benteng Kuto Besak? sih,ask_facilities
Bang Any hidden gems to visit? deh,ask_hidden_gems
Kasih tau dong tentang PIM,ask_destination_info
Review tentang BKB,ask_destination_info
Revew tntang Tanah Lt,ask_destination_info
Jadwal kereta api Jakarta? dong kak,ask_unrelated
Min Min kasih tau hidden gems Palembang sih,ask_hidden_gems
Jakabaring buka setiap hari?,ask_operating_hours
Min Oke makasih kak sangat membantu sih,goodbye
Min Oke makasih kak sekali membantu sih,goodbye
Mau nanya dong Masjid Cheng Ho ada spot foto gak? ya,ask_facilities
Mau nanya dong Masjid Cheng Ho ada spot foto gak? yo,ask_facilities
parks places in Palembang?,ask_category
Apa Kemaro bayar?,ask_ticket_price
Permisi Thank you very much sih,goodbye
Permisi Thank ya very much sih,goodbye
Mau nanya dong Kampung Arab Al-Munawar ada di daerah mana? ya kak,ask_location_access
Mau nanya dong Menara Eiffel Al-Munawar ada di daerah mana? ya kak,ask_location_access
Maaf mau tanya Wonderful ya kak,provide_feedback
Maaf mau tanya Wonderful yo kak,provide_feedback
Permisi Deskripsi Bukit Siguntang,ask_destination_info
Permsi Dskrpsi Bukit Siguntang,ask_destination_info
Eh That's helpful sih,provide_feedback
Halo Terima kasih infonya ya kak,goodbye
Halo Terima kasih infonya yo kak,goodbye
jelas banget penjelasannya,provide_feedback
jlas bangt penjelasannya,provide_feedback
Min Wonderful sih,provide_feedback
Hey Does Jakabaring Sport City have a mosque? please,ask_facilities
exactly what i needed,provide_feedback
Rute ke Fantasy Island gimana?,ask_location_access
Rte k Fantasy Island gimna?,ask_location_access
"Hello, I'm looking for help",greet
Mau tanya harga tiket Amanzi,ask_ticket_price
Mau tanya hargo tiket Amanzi,ask_ticket_price
Maaf mau tanya Kamu siapa? ya kak,ask_unrelated
Maaf mau tanya Kamu siapa? yo kak,ask_unrelated
Maaf mau tanya Thank you very much ya kak,goodbye
Maaf ma tanya Thank u very much yo kak,goodbye
What can I see at Ampera Bridge?,ask_destination_info
Mau nanya dong Suka deh dong,provide_feedback
Mau nanya dong Museum Balaputra Dewa fasilitasnya apa aja? dong,ask_facilities
Mau nanya dong Museum Balaputra Dewa fasilitasnya apo aja? dong,ask_facilities
Permisi Chatbot nya bagus ya kak,provide_feedback
Permisi Chatbot nya keren ya kak,provide_feedback
Deskripsi Pulau Kemaro,ask_destination_info
Deskripsi Menara Eiffel,ask_destination_info
Halo Jembatan Ampera di mana ya?,ask_location_access
Halo Malioboro di mana ya?,ask_location_access
Kalo hari Sabtu Kampung Kapitan buka?,ask_operating_hours
Kalo hari Sabtu Kampung Kaptan buka?,ask_operating_hours
Punti Kayu deket stasiun LRT mana?,ask_location_access
Kamu siapa? deh,ask_unrelated
Halo PIM ada tempat parkir? sih,ask_facilities
Pasar 16 Ilir itu tempat apa sih?,ask_destination_info
Pasar 16 Ilir itu tempat apo sih?,ask_destination_info
Hai kak masih aktif? ya,greet
Halo Help me please dong,greet
Hl Help me please dong,greet
Kampung Kapitan jauh gak dari pusat kota?,ask_location_access
Kampung Kapitan jauh gak dar pusat kota?,ask_location_access
Kak Masjid Cheng Ho ada spot foto gak? sih,ask_facilities
Min Suka sama jawabannya nih,provide_feedback
Alamat lengkapnya?,ask_location_access
Eh Kamu siapa? dong kak,ask_unrelated
What makes Kambang Iwak Park unique?,ask_destination_info
What makes Central Park Park unique?,ask_destination_info
Eh Numpang tanya dong nih,greet
Wonderful deh,provide_feedback
Berapa biaya masuk ke SMB II?,ask_ticket_price
Berapo biaya masuk k SMB II?,ask_ticket_price
Destinasi wisata sejarah Palembang?,ask_category
Hey How to move on??,ask_unrelated
Eh Jelas banget penjelasannya deh,provide_feedback
Min Taxi online di Palembang? dong,ask_unrelated
Mau nanya dong Rekomendasi wisata yang dekat stasiun LRT ya kak,ask_lrt_destinations
Mau nanya dong Museum Balaputra Dewa fasilitasnya apa aja? ya,ask_facilities
Mu nnya dong Mseum Balaputra Dewa fasiltasnya apo aja? y,ask_facilities
Halo What time does Kampung Kapitan close? dong kak,ask_operating_hours
Halo What time dos Kmpung Kpitan clse? dng kak,ask_operating_hours
Kak Alternative tourist spots in Palembang? dong,ask_hidden_gems
Kak lternativ tourist spots in Palembang? dong,ask_hidden_gems
Halo That's helpful nih,provide_feedback
Seru gak Jakabaring?,ask_destination_info
Eh Terima kasih infonya dong kak,goodbye
Maaf mau tanya Thank you very much dong,goodbye
Maaf mau tanya Thank ya very much dong,goodbye
Halo Rekomendasi wisata untuk liburan singkat deh,ask_recommendation
Min Suka sama jawabannya dong,provide_feedback
Halo Address of Ampera Bridge? dong kak,ask_location_access
Mau nanya dong Destinasi yang LRT accessible? ya kak,ask_lrt_destinations
Mu nanya dong Destinasi yng LRT accssibl? ya kk,ask_lrt_destinations
Tolong kasih tau alamat Amanzi,ask_location_access
"Hi, Exactly what I needed?",provide_feedback
Maaf mau tanya Enaknya kemana ya di Palembang? sih,ask_recommendation
Maaf mau tanya Enaknya kemana yo di Palembang? sih,ask_recommendation
Eh Jembatan Ampera di mana ya? dong,ask_location_access
Eh Pantai Kuta di mana ya? dong,ask_location_access
Min Resep nasi goreng dong sih,ask_unrelated
Fantasy Island fasilitasnya apa aja?,ask_facilities
Fantasy Island fasilitasnya apo aja?,ask_facilities
Permisi Info lengkap Punti Kayu dong sih,ask_destination_info
Permisi Info lengkap Raja Ampat dong sih,ask_destination_info
Is Kemaro Island open on weekends?,ask_operating_hours
Hi,greet
pim gratis gak sih?,ask_ticket_price
Parkiran Ampera luas gak?,ask_facilities
Parkiran Candi Borobudur luas gak?,ask_facilities
Hey How to move on?,ask_unrelated
What's the address of Jakabaring Sport City?,ask_location_access
Mantap kak,provide_feedback
Mntap kak,provide_feedback
KI jauh gak dari pusat kota?,ask_location_access
PIM gratis gak sih? sih,ask_ticket_price
Dari jam berapa Taman Kebon Rojo buka?,ask_operating_hours
Maaf mau tanya Suka sama jawabannya ya kak,provide_feedback
Maaf mau tanya Suka sama jawabannya yo kak,provide_feedback
Kak Mau tanya dong kak harga tiket Benteng Kuto Besak ya kak,ask_ticket_price
Kak Mau tany dong kak harg tket Benteng Kuto Besak ya kak,ask_ticket_price
Mau nanya dong LRT friendly tourist destinations? deh,ask_lrt_destinations
Mau nnya dong LRT friendly tourst destinatns? deh,ask_lrt_destinations
Eh Jelas banget penjelasannya dong kak,provide_feedback
Eh Jelas banget pnjelasannya dong kak,provide_feedback
SMB jauh gak dari pusat kota?,ask_location_access
SMB jauh gak dar pusat kota?,ask_location_access
Maaf mau tanya Excellent information nih,provide_feedback
Wisata Palembang yang aesthetic tapi sepi? ya kak,ask_hidden_gems
Wisata Palembang yang aesthetic tapi sepi? yo kak,ask_hidden_gems
Maaf mau tanya Mau tanya dong kak harga tiket Benteng Kuto Besak deh,ask_ticket_price
Maaf mau tanya Mau tanya dong kak harga tiket Malioboro deh,ask_ticket_price
Tempat bersejarah apa aja?,ask_category
Kak Pagi kak nih,greet
Good day,greet
Maaf mau tanya Kampung Arab Al-Munawar ada di daerah mana?,ask_location_access
Maf mau tanya Gnung Bromo Al-Munawar da di daerh mna?,ask_location_access
Mau tanya nih,greet
Permisi Resep nasi goreng dong sih,ask_unrelated
Kamu robot ya?,ask_unrelated
Kamu robot y?,ask_unrelated
Secret places in Palembang?,ask_hidden_gems
"Excuse me, Is Kampung Kapitan open in the morning? thanks",ask_operating_hours
"Excuse me, Is Central Park open in the morning? thanks",ask_operating_hours
Maaf mau tanya PIM gratis gak sih?,ask_ticket_price
Maf ma tny PIM gratis gak sih?,ask_ticket_price
Halo Info jam buka SMB II dong nih,ask_operating_hours
Kak Cara daftar CPNS gimana? ya,ask_unrelated
Bang Kak ada museum gak di Palembang? sih,ask_category
Maaf mau tanya Taxi online di Palembang? ya kak,ask_unrelated
Maaf mu tanya Txi online di Palembang? yo kk,ask_unrelated
Bang Wisata apa yang recommended di Palembang? deh,ask_recommendation
Bang Cara main saham?,ask_unrelated
Kak Palembang punya museum apa? dong kak,ask_category
Kak Palembang punya museum apo? dong kak,ask_category
Maaf mau tanya Mau tanya dong kak harga tiket Benteng Kuto Besak ya,ask_ticket_price
Ada wifi di SMB?,ask_facilities
Kak Palembang punya museum apa? deh,ask_category
Min Best destinations in Palembang? dong kak,ask_recommendation
Min Best destinations in Palembang? dng kak,ask_recommendation
Berapa harga tiket masuk Jakabaring Sport City?,ask_ticket_price
Berapo harga tiket masuk Jakabaring Sport City?,ask_ticket_price
Halo LRT friendly tourist destinations? dong kak,ask_lrt_destinations
Permisi Mau tanya dong kak harga tiket Benteng Kuto Besak dong,ask_ticket_price
Permisi Mau tanya dong kak hargo tiket Gunung Bromo dong,ask_ticket_price
Halo Terima kasih infonya nih,goodbye
Kak Jam operasionalnya? sih,ask_operating_hours
Kak Jam perasionalny? sih,ask_operating_hours
SMB ada toilet gak?,ask_facilities
SMB d tilet gk?,ask_facilities
Min Hai kak masih aktif? dong,greet
Min Hai kak masih aktif? dng,greet
Kemaro ada di daerah mana?,ask_location_access
Permisi kak,greet
Maaf mau tanya Hidden gems in Palembang? deh,ask_hidden_gems
Maf mau tanya Hiddn gems in Palmbang? dh,ask_hidden_gems
Harga masuk Kawah Tengkurep berapa ya kak?,ask_ticket_price
Harga msuk Kawah Tengkurep berapa yo kak?,ask_ticket_price
Kak Mau ke tempat bersejarah di Palembang,ask_category
Kak Mau ka tempt bersejrah di Palmbang,ask_category
Eh Thank you very much dong,goodbye
Eh Thank u very much dong,goodbye
Permisi Bisa naik LRT ke BKB? sih,ask_lrt_destinations
Permisi Bis naik LRT k BKB? sih,ask_lrt_destinations
Suka sama jawabannya,provide_feedback
Tempat wisata yang dilalui LRT?,ask_lrt_destinations
Fasilitas Al Quran Al Akbar lengkap gak?,ask_facilities
Wisata terbaik di Palembang apa?,ask_recommendation
Wisata terbak di Palembang apa?,ask_recommendation
Ceritakan tentang Kampung Kapitan,ask_destination_info
Ceritakan tentang Tanah Lot,ask_destination_info
Kak Rekomendasi wisata yang dekat stasiun LRT dong,ask_lrt_destinations
Maaf mau tanya Kampung Arab Al-Munawar ada di daerah mana? dong kak,ask_location_access
Wisata yang bernuansa Islami?,ask_category
BKB itu tempat apa sih? sih,ask_destination_info
BKB itu tempat apo sih? sih,ask_destination_info
Halo Min tolong saran wisata dong dong,ask_recommendation
Bang Oke cukup kak makasih banyak dong kak,goodbye
Please Do I need to pay to enter Monpera? please,ask_ticket_price
Kak Apakah Jakabaring gratis? ya kak,ask_ticket_price
Kak Apakah Jakabaring gratis? yo kak,ask_ticket_price
Maaf mau tanya Destinasi yang LRT accessible? deh,ask_lrt_destinations
Maf mau tanya Dstns yang LRT accssibl? deh,ask_lrt_destinations
Min Resep nasi goreng dong nih,ask_unrelated
Halo Benteng Kuto Besak buka jam berapa? deh,ask_operating_hours
Mau nanya dong Palembang punya museum apa? ya kak,ask_category
Mau nanya dong Palembang punya museum apo? ya kak,ask_category
Gimana Monpera?,ask_destination_info
Gimana Danau Toba?,ask_destination_info
Halo Info wisata budaya Palembang dong,ask_category
Bang KI itu apa?,ask_destination_info
Bang KI itu apo?,ask_destination_info
Alamat Kampung Kapitan dimana?,ask_location_access
Alamt Kampung Kapitan dman?,ask_location_access
Eh Cara main saham? nih,ask_unrelated
Why is Kampung Kapitan famous?,ask_destination_info
Why is Ancl fmous?,ask_destination_info
Al-Munawar berbayar atau gratis?,ask_ticket_price
Kak BKB itu tempat apa sih?,ask_destination_info
Kak Tanah Lot itu tempat ap sih?,ask_destination_info
Kak Suka deh ya,provide_feedback
Bang Excellent information ya kak,provide_feedback
Eh Details about Kambang Iwak Park? nih,ask_destination_info
Mau nanya dong Destinasi yang dekat stasiun LRT?,ask_lrt_destinations
Mau nanya dong Destinasi yang dkt stasiun LRT?,ask_lrt_destinations
Bang Destinasi yang dekat stasiun LRT? sih,ask_lrt_destinations
"Hi, Do I need to pay to enter Monpera? please",ask_ticket_price
"Hi, Do I need to pay to enter Pantai Kuta? please",ask_ticket_price
Halo Permisi kak ya kak,greet
Halo Permisi kak yo kak,greet
Bang Any hidden gems to visit? nih,ask_hidden_gems
Permisi Best destinations in Palembang? ya,ask_recommendation
Halo Benteng Kuto Besak buka jam berapa? dong kak,ask_operating_hours
Halo Candi Borobudur buka jam brapa? dong kak,ask_operating_hours
Min Tourist spots along LRT route? ya kak,ask_lrt_destinations
Min Tourist spots along LRT route? yo kak,ask_lrt_destinations
Kak That's helpful ya kak,provide_feedback
Maaf mau tanya Jembatan Ampera di mana ya? nih,ask_location_access
Maaf mau tanya Jembatan Ampera di mana yo? nih,ask_location_access
Kak Jelas banget penjelasannya,provide_feedback
Kak Jelas banget pnjelsannya,provide_feedback
Mau ke Museum Balaputra Dewa bayar berapa?,ask_ticket_price
Mau k Central Park bayar berapo?,ask_ticket_price
Kambang Iwak terkenal karena apa?,ask_destination_info
Permisi Cara main saham?,ask_unrelated
Can you tell me Exactly what I needed?,provide_feedback
Can ya tell me Exactly what I needed?,provide_feedback
Apa Jembatan Ampera bayar?,ask_ticket_price
Apa Monas bayar?,ask_ticket_price
Bang Kamu siapa? dong,ask_unrelated
Bang Ka siapa? dong,ask_unrelated
Maaf mau tanya Cara daftar CPNS gimana? sih,ask_unrelated
Maaf mau tanya PIM ada tempat parkir? ya,ask_facilities
"Perfect, thank you",goodbye
"Perfect, thank u",goodbye
Min Details about Kambang Iwak Park? nih,ask_destination_info
Bisa naik LRT ke BKB?,ask_lrt_destinations
Bis naik LRT ke BKB?,ask_lrt_destinations
Fantasy Island bisa ditempuh pakai apa?,ask_location_access
Fantasy Island pacak ditempuh pakai apa?,ask_location_access
Is Grand Mosque of Palembang worth visiting?,ask_destination_info
Is Grand Mosqe of Palembang worth visting?,ask_destination_info
Hutan Wisata Punti Kayu buka setiap hari?,ask_operating_hours
Hutan Wisata Ancol buka setiap hari?,ask_operating_hours
Min kasih tau hidden gems Palembang sih,ask_hidden_gems
Min kasih tu hdden gems Palembng sih,ask_hidden_gems
I want to know What's the location of Ampera Bridge?,ask_location_access
I wanna know What's the location of Ampera Bridge?,ask_location_access
Bisa naik LRT ke BKB? nih,ask_lrt_destinations
Bisa naik LRT k Ancol? nh,ask_lrt_destinations
Bang Wonderful dong kak,provide_feedback
Apakah Jakabaring gratis? dong,ask_ticket_price
Kak Destinasi wisata sejarah Palembang? dong,ask_category
What time does Punti Kayu Forest open?,ask_operating_hours
Min Numpang tanya dong ya kak,greet
Min Numpang tnya dong ya kak,greet
Maaf mau tanya Rekomendasi wisata Palembang dong sih,ask_recommendation
Maaf ma tany Rekomndas wista Palmbang dng sih,ask_recommendation
Min Thank you very much dong,goodbye
Mn Thank ya very mch dong,goodbye
Rute ke Jakabaring gimana?,ask_location_access
Rute ka Jakabaring gimana?,ask_location_access
Akses ke OPI Mall mudah gak?,ask_location_access
Akses k OPI Mall mudah gak?,ask_location_access
Rekomendasi wisata untuk liburan singkat?,ask_recommendation
Min KI itu apa? deh,ask_destination_info
Min KI itu apo? deh,ask_destination_info
Ada wifi di Taman Kebon Rojo?,ask_facilities
Kawah Tengkurep ada tempat istirahat?,ask_facilities
Kak Info wisata budaya Palembang dong ya kak,ask_category
Halo min,greet
does jakabaring sport city have a mosque?,ask_facilities
Is Jakabaring Sport City open today?,ask_operating_hours
Masjid Agung Palembang bisa ditempuh pakai apa?,ask_location_access
Masjid Agung Palembang bis ditempuh pakai apa?,ask_location_access
Mau nanya dong Jembatan Ampera di mana ya? dong kak,ask_location_access
Mau nanya dong Jembatan Menara Eiffel di mana ya? dong kak,ask_location_access
Eh Recipe for chocolate cake? sih,ask_unrelated
Eh Recipe for chcolate cake? sih,ask_unrelated
Bang Ada wifi di Jembatan Ampera? sih,ask_facilities
Berapa ya tiketnya?,ask_ticket_price
Berap yo tiketnya?,ask_ticket_price
Halo Ada wifi di Jembatan Ampera? deh,ask_facilities
Halo Ada wifi di Candi Prambanan? deh,ask_facilities
Kak Pagi kak dong kak,greet
Eh Makasih sih,goodbye
Maaf mau tanya BKB itu tempat apa sih?,ask_destination_info
Maaf mau tany Tanah Lot itu tempat ap sih?,ask_destination_info
Operating hours?,ask_operating_hours
Min Jadwal kereta api Jakarta? dong kak,ask_unrelated
Kak Excellent information ya kak,provide_feedback
Amanzi Waterpark buka hari apa aja?,ask_operating_hours
Amanzi Waterpark buka hari apo aja?,ask_operating_hours
Permisi Tourist spots along LRT route? dong,ask_lrt_destinations
Masjid Agung Palembang ramah anak gak?,ask_facilities
Msjid Agung Palembang ramah anak gak?,ask_facilities
Permisi Jadwal kereta api Jakarta? nih,ask_unrelated
Info lokasi Hutan Wisata Punti Kayu dong,ask_location_access
Maaf mau tanya Alternative tourist spots in Palembang? dong kak,ask_hidden_gems
Bang Rekomendasi wisata Palembang dong ya,ask_recommendation
Bang Rekomendsi wisata Palembng dong ya,ask_recommendation
Eh What time does Kampung Kapitan close? nih,ask_operating_hours
Mau nanya dong Kampung Arab Al-Munawar ada di daerah mana? dong,ask_location_access
Kak berapa harga tiket Palembang Square?,ask_ticket_price
Kak berapa hargo tiket Palembang Square?,ask_ticket_price
Halo Rekomendasi hidden gems dong kak sih,ask_hidden_gems
Bang Jadwal kereta api Jakarta? dong,ask_unrelated
Kak Destinasi yang dekat stasiun LRT? ya kak,ask_lrt_destinations
Eh BKB itu tempat apa sih? ya,ask_destination_info
Eh BKB itu tempat apo sih? ya,ask_destination_info
Min Apakah Jakabaring gratis? ya kak,ask_ticket_price
Min Apakah Jakabaring gratis? yo kak,ask_ticket_price
Kak Kak ada museum gak di Palembang? dong,ask_category
Eh Hlo dong kak,greet
Maaf mau tanya Masjid Cheng Ho ada spot foto gak? ya,ask_facilities
"Hi, How much is the ticket to Kampung Kapitan? please",ask_ticket_price
"Hi, How much is the ticket to Gunung Bromo? please",ask_ticket_price
Permisi kak nih,greet
Permisi Suka sama jawabannya sih,provide_feedback
Permisi Info jam buka SMB II dong ya,ask_operating_hours
Prmisi Info jam buka SMB II dong yo,ask_operating_hours
Tes,greet
Bang Numpang tanya dong nih,greet
Can I reach tourist places by LRT?,ask_lrt_destinations
"Hi, Is Kampung Kapitan open in the morning??",ask_operating_hours
"Hi, Is Menara Eiffel open in the morning??",ask_operating_hours
Min Masjid Cheng Ho ada spot foto gak? ya,ask_facilities
Min Masjid Cheng Ho ada spot fot gak? ya,ask_facilities
Tiket masuk ke Jakabaring Sport City sekarang berapa ya?,ask_ticket_price
Tiket msuk ke Jakabaring Sport City sekarang brp yo?,ask_ticket_price
Bukit Siguntang gratis gak sih?,ask_ticket_price
Central Park gratis gak sih?,ask_ticket_price
Tess?,greet
Aku mau cerita,ask_unrelated
Ambo mau cerita,ask_unrelated
Kak Info lengkap Punti Kayu dong deh,ask_destination_info
Kak Info lengkap Raja Ampat dong deh,ask_destination_info
Ceritakan tentang Ampera,ask_destination_info
Ceritakan tentang Cntral Park,ask_destination_info
Numpang tanya dong nih,greet
Eh Suka deh,provide_feedback
HTM Kambang Iwak berapa?,ask_ticket_price
HTM Taman Safari berapa?,ask_ticket_price
Min Any hidden gems to visit? sih,ask_hidden_gems
Mn ny hidden gems to vist? sih,ask_hidden_gems
Min Min tolong saran wisata dong dong,ask_recommendation
Bang Alternative tourist spots in Palembang? sih,ask_hidden_gems
Bang Alternatve tourist spots in Plembang? sih,ask_hidden_gems
Bang Wonderful ya,provide_feedback
Dari jam berapa Palembang Icon buka?,ask_operating_hours
Dari jam berapo Palembang Icon buka?,ask_operating_hours
how to move on?,ask_unrelated
Permisi Hai kak masih aktif? sih,greet
Min BKB itu tempat apa sih? dong kak,ask_destination_info
Min Raja Ampat itu tempat apa sih? dong kak,ask_destination_info
Fasilitasnya apa aja?,ask_facilities
Fasilitasnya apo aja?,ask_facilities
Min Jam operasionalnya?,ask_operating_hours
"Maaf mau tanya That's enough, thank you dong kak",goodbye
"Maaf mau tanya That's enough, thank ya dong kak",goodbye
Address of Ampera Bridge?,ask_location_access
Mau nanya dong Any hidden gems to visit? dong kak,ask_hidden_gems
Permisi PIM ada tempat parkir? dong,ask_facilities
Permisi PIM ad tempat parkir? dng,ask_facilities
Eh What time does Kampung Kapitan close?,ask_operating_hours
Permisi Tolong kasih tau wisata dekat LRT ya kak,ask_lrt_destinations
Parks in Palembang?,ask_category
Kak Oke cukup kak makasih banyak deh,goodbye
Maaf mau tanya Oke cukup kak makasih banyak,goodbye
Permisi mau tanya harga tiket Kambang Iwak,ask_ticket_price
Permisi mau tanya harga tiket Taman Safari,ask_ticket_price
Bang Info jam buka SMB II dong ya,ask_operating_hours
Bang Info jam buka SMB II dong yo,ask_operating_hours
Kak Rekomendasi wisata yang dekat stasiun LRT sih,ask_lrt_destinations
Kk Rekomendasi wisata yang dekat stasun LRT sh,ask_lrt_destinations
Min tolong saran wisata dong nih,ask_recommendation
Min alamat Masjid Cheng Ho apa ya?,ask_location_access
Min alamat Masjid Cheng Ho apo ya?,ask_location_access
Eh Recipe for chocolate cake? dong kak,ask_unrelated
rekomendasi wisata untuk liburan singkat,ask_recommendation
Maaf mau tanya Help me please ya kak,greet
Mau tanya jam operasional OPI Mall,ask_operating_hours
Min Apakah Ampera dekat stasiun LRT? dong kak,ask_lrt_destinations
Min Apakah Tanah Lot dekat stasiun LRT? dong kak,ask_lrt_destinations
Sing me a song,ask_unrelated
Halo Help me please ya kak,greet
Halo Help m please yo kak,greet
Maaf mau tanya Hidden gems in Palembang? sih,ask_hidden_gems
Halo apakah ada yang bisa bantu?,greet
Halo apakah ada yang pacak bantu?,greet
Min Rekomendasi wisata untuk liburan singkat ya kak,ask_recommendation
Min Rekomendasi wisata untuk liburan singkat yo kak,ask_recommendation
Eh Jadwal kereta api Jakarta? sih,ask_unrelated
Palembang punya museum apa?,ask_category
Palembang punya museum apo?,ask_category
Kak Wisata tersembunyi di Palembang? dong kak,ask_hidden_gems
Permisi Recipe for chocolate cake? sih,ask_unrelated
Min Destinasi yang dekat stasiun LRT? deh,ask_lrt_destinations
Halo Numpang tanya dong,greet
Dari pusat kota ke Museum Balaputra Dewa berapa lama?,ask_location_access
Dar pusat kota ka Museum Balaputra Dewa berapo lama?,ask_location_access
Halo Permisi kak nih,greet
Kak Pagi kak ya kak,greet
Biaya tiket Kambang Iwak berapa kak?,ask_ticket_price
Harga tiket Jembatan Ampera berapa ya?,ask_ticket_price
Hargo tket Jmbatn Mnara Eiffel berapa yo?,ask_ticket_price
Fasilitas umum di Masjid Agung Palembang apa aja?,ask_facilities
Faslitas umum di Masjid Agng Palembng apa aja?,ask_facilities
Mau nanya dong Ada wifi di Jembatan Ampera? nih,ask_facilities
Mau nanya dong Ada wifi di Jembatan Raja Ampat? nih,ask_facilities
Mau nanya dong Wisata apa yang recommended di Palembang? ya,ask_recommendation
Mau nanya dong Wisata apo yang recommended di Palembang? ya,ask_recommendation
Rekomendasi wisata religi Palembang,ask_category
Mau nanya dong Wonderful nih,provide_feedback
Bang Taxi online di Palembang?,ask_unrelated
Sejarah Masjid Agung Palembang apa ya?,ask_destination_info
Sejarah Candi Prambanan Palembang apo yo?,ask_destination_info
Lewat mana ya?,ask_location_access
Mau nanya dong Museum Sultan Mahmud Badaruddin II lokasinya dimana?,ask_location_access
Mu nanya dong Museum Sultan Mahmud Badaruddin II lokasinya dimana?,ask_location_access
Hey Do I need to pay to enter Monpera??,ask_ticket_price
Min Permisi kak sih,greet
Kak Rekomendasi hidden gems dong kak nih,ask_hidden_gems
Halo Jembatan Ampera di mana ya? nih,ask_location_access
Hlo Jembatan Centrl Prk di mana y? nih,ask_location_access
Permisi Info wisata budaya Palembang dong nih,ask_category
Kak Min kasih tau hidden gems Palembang nih,ask_hidden_gems
Mau nanya dong Any hidden gems to visit? deh,ask_hidden_gems
OPI Mall deket stasiun LRT mana?,ask_location_access
Permisi What time does Kampung Kapitan close? ya kak,ask_operating_hours
Mau nanya dong Lesser known attractions in Palembang? nih,ask_hidden_gems
Mau tanya harga tiket Pulau Kemaro,ask_ticket_price
Mau tanya hargo tiket Pulau Kemaro,ask_ticket_price
When is Kampung Kapitan open?,ask_operating_hours
When is Danau Toba open?,ask_operating_hours
Halo Address of Ampera Bridge?,ask_location_access
Hal Addrss of Ampera Bridge?,ask_location_access
Chatbot nya bagus?,provide_feedback
Chatbot nya mantap?,provide_feedback
Jam tutup Pulau Kemaro kapan?,ask_operating_hours
Jam tutup Candi Borobudur kapan?,ask_operating_hours
Halo KI itu apa? deh,ask_destination_info
Bang Jam operasionalnya? nih,ask_operating_hours
"Maaf mau tanya That's enough, thank you",goodbye
"Maaf mau tanya That's enough, thank ya",goodbye
Fasilitas apa saja di Kambang Iwak?,ask_facilities
Fasilts apo bae di Universal Studi?,ask_facilities
Halo Min tolong saran wisata dong nih,ask_recommendation
Halo Wisata tersembunyi di Palembang? sih,ask_hidden_gems
Halo Wisata trsembunyi di Palembang? sh,ask_hidden_gems
Maaf mau tanya Hai kak masih aktif?,greet
Eh Oke makasih kak sangat membantu dong,goodbye
Eh Oke makasih kak nian membantu dong,goodbye
Kak Apakah Jakabaring gratis?,ask_ticket_price
Terima kasih atas informasinya,goodbye
What time does Kampung Kapitan close? ya,ask_operating_hours
What time does Raja Ampat close? ya,ask_operating_hours
Very detailed,provide_feedback
Mau nanya dong Mau ke tempat bersejarah di Palembang deh,ask_category
Mau nanya dong Mau ka tempat bersejarah di Palembang deh,ask_category
Permisi,greet
Kak Thank you very much dong,goodbye
Kak Thank ya very much dong,goodbye
Min Jadwal kereta api Jakarta? dong,ask_unrelated
Mau nanya dong Tess dong kak,greet
Eh Ada wifi di Jembatan Ampera? deh,ask_facilities
Eh Ada wifi di Maliboro? dh,ask_facilities
Eh BKB itu tempat apa sih? nih,ask_destination_info
Any hidden gems to visit?,ask_hidden_gems
Maaf mau tanya Museum Sultan Mahmud Badaruddin II lokasinya dimana? dong kak,ask_location_access
Maaf mau tanya Museum Sultan Mahmud Badaruddin II lokasinya dmana? dong kak,ask_location_access
Nais,provide_feedback
Wisata apa yang recommended di Palembang?,ask_recommendation
Tolong kasih tau alamat Museum Balaputra Dewa,ask_location_access
Tolong kasih tau alamat Menara Eiffel,ask_location_access
Min Jam operasionalnya? dong,ask_operating_hours
Min Thank you,goodbye
Min Thnk ,goodbye
Info fasilitas Kawah Tengkurep dong,ask_facilities
Wisata museum di Palembang apa aja?,ask_category
Eh Enaknya kemana ya di Palembang?,ask_recommendation
Kampung Arab Al-Munawar mulai buka jam berapa?,ask_operating_hours
Kampung Arab Al-Munawar mulai buka jam berapo?,ask_operating_hours
Maaf mau tanya Jadwal kereta api Jakarta? ya kak,ask_unrelated
Mau nanya dong Excellent information ya,provide_feedback
Mau nanya dong Excellent information yo,provide_feedback
Apakah Benteng Kuto Besak buka 24 jam?,ask_operating_hours
Halo Excellent information,provide_feedback
Halo Excellnt information,provide_feedback
Min Tolong kasih tau wisata dekat LRT deh,ask_lrt_destinations
min kasih tau hidden gems palembang,ask_hidden_gems
Halo Famous places in Palembang? ya kak,ask_recommendation
Halo Famous places in Palembang? yo kak,ask_recommendation
What days is Kampung Kapitan open?,ask_operating_hours
Wht days s Kmpng Kapitan open?,ask_operating_hours
Min Info wisata budaya Palembang dong dong kak,ask_category
Kamu bodoh,ask_unrelated
Kau bngak,ask_unrelated
Kira-kira harga tiket Jakabaring berapa?,ask_ticket_price
Kira-kira hargo tiket Jakabaring berapo?,ask_ticket_price
Kak Wisata apa yang recommended di Palembang? sih,ask_recommendation
Halo That's helpful ya kak,provide_feedback
Hai boleh tanya?,greet
Destinasi wisata religi Palembang?,ask_category
Destinasi wista religi Palmbang?,ask_category
Permisi Apakah Jakabaring gratis? dong,ask_ticket_price
How much to get into Ampera Bridge?,ask_ticket_price
How much to get into Gunung Bromo Bridge?,ask_ticket_price
Mau nanya dong Excellent information ya kak,provide_feedback
Mau nanya dong Excellent information yo kak,provide_feedback
Kak Cara daftar CPNS gimana? dong,ask_unrelated
Kak mau tanya,greet
Kak mau tany,greet
Permisi Jelas banget penjelasannya,provide_feedback
Mau nanya dong KI itu apa?,ask_destination_info
Mu nanya dong K itu apa?,ask_destination_info
Permisi Suka deh deh,provide_feedback
Eh Min kasih tau hidden gems Palembang ya,ask_hidden_gems
Eh Min kasih tau hidden gems Palembang yo,ask_hidden_gems
Ticket price?,ask_ticket_price
Mau nanya dong Suka sama jawabannya deh,provide_feedback
Cara menghilangkan jerawat?,ask_unrelated
Cr menghilangkn jerawat?,ask_unrelated
Min Thank you very much,goodbye
Min Thank u very mch,goodbye
Maaf mau tanya Oke cukup kak makasih banyak dong,goodbye
Permisi Jembatan Ampera di mana ya?,ask_location_access
Permisi Jembatan Gunung Brom di mana yo?,ask_location_access
How to move on? thanks,ask_unrelated
Can you tell me What facilities are available at Jakabaring Sport City? thanks,ask_facilities
Can ya tell me What facilities r available at Jakabaring Sport City? thanks,ask_facilities
Permisi Bisa naik LRT ke BKB? nih,ask_lrt_destinations
Permisi Bisa naik LRT ke Raja Ampat? nih,ask_lrt_destinations
Halo Min tolong saran wisata dong deh,ask_recommendation
Min Wisata tersembunyi di Palembang? nih,ask_hidden_gems
What facilities are there?,ask_facilities
What faclities r there?,ask_facilities
Permisi Details about Kambang Iwak Park? nih,ask_destination_info
Kak Tolong kasih tau wisata dekat LRT dong,ask_lrt_destinations
Maaf mau tanya Hai kak masih aktif? nih,greet
Rute ke Amanzi Waterpark gimana?,ask_location_access
Maaf mau tanya Food tourism in Palembang? sih,ask_category
Kak Mau ke tempat bersejarah di Palembang dong,ask_category
Pagi kak,greet
Wisata apa yang cocok untuk foto-foto?,ask_recommendation
Wisat apo yang cock untk foto-foto?,ask_recommendation
Maaf mau tanya Thank you very much dong kak,goodbye
Maaf mau tanya Thank ya very much dong kak,goodbye
Min Tourist spots along LRT route? deh,ask_lrt_destinations
What's special about Ampera Bridge?,ask_destination_info
Mau nanya dong PIM ada tempat parkir? ya,ask_facilities
Apa keunikan Siguntang?,ask_destination_info
pa keunikn Siguntang?,ask_destination_info
Eh Destinasi yang dekat stasiun LRT? ya,ask_lrt_destinations
Eh Destins yang dekt stsiun LRT? ya,ask_lrt_destinations
Bang Destinasi yang LRT accessible? dong kak,ask_lrt_destinations
Halo Wonderful deh,provide_feedback
Min Museum Sultan Mahmud Badaruddin II lokasinya dimana? deh,ask_location_access
Min Museum Sultan Mahmud Badaruddin II lokasinya dimano? deh,ask_location_access
Is Ampera Bridge free?,ask_ticket_price
Is Taman Safari Bridge free?,ask_ticket_price
Mau nanya dong Jam operasionalnya? dong kak,ask_operating_hours
Maaf mau tanya Kak ada museum gak di Palembang? sih,ask_category
Kak Wisata tersembunyi di Palembang? ya kak,ask_hidden_gems
Berapa harga tiket masuk Kampung Kapitan?,ask_ticket_price
Are there restrooms?,ask_facilities
R there restrooms?,ask_facilities
Bang Ada wifi di Jembatan Ampera? dong,ask_facilities
Mau tau tentang Monpera,ask_destination_info
Mau tau tentng Monpera,ask_destination_info
Maaf mau tanya Tolong kasih tau wisata dekat LRT ya,ask_lrt_destinations
Maaf ma tnya Tolng kasih tau wisat dekat LRT ya,ask_lrt_destinations
"Excuse me, What's the location of Ampera Bridge??",ask_location_access
Kak Kamu siapa? ya kak,ask_unrelated
Maaf mau tanya Museum Sultan Mahmud Badaruddin II lokasinya dimana? ya,ask_location_access
Maaf mau tanya Museum Sultan Mahmud Badruddin I lokasinya dimano? y,ask_location_access
Permisi Rekomendasi hidden gems dong kak dong,ask_hidden_gems
Permisi Rekmndasi hidden gems dong kak dong,ask_hidden_gems
Mau nanya dong Chatbot nya bagus dong,provide_feedback
Mau nnya dong Chatbot nya keren dong,provide_feedback
Kak Tourist spots along LRT route? dong kak,ask_lrt_destinations
Permisi What time does Kampung Kapitan close?,ask_operating_hours
Ada taman di Palembang?,ask_category
Halo What time does Kampung Kapitan close? ya kak,ask_operating_hours
Halo What time does Kampung Kapitan close? yo kak,ask_operating_hours
Berguna banget,provide_feedback
Maaf mau tanya Famous places in Palembang?,ask_recommendation
Mau nanya dong Palembang punya museum apa?,ask_category
Mau nanya dong Palembang punya museum apo?,ask_category
Min Naik apa ke Pasar 16 Ilir? ya,ask_location_access
Min Naik apo k Pasar 16 Ilr? ya,ask_location_access
Apakah Al-Munawar buka hari Minggu?,ask_operating_hours
Bang KI itu apa? sih,ask_destination_info
Bang KI itu apo? sih,ask_destination_info
Permisi Rekomendasi wisata Palembang dong sih,ask_recommendation
Maaf mau tanya Min kasih tau hidden gems Palembang nih,ask_hidden_gems
Maf mau tanya Min ksih tau hidden gms Palembang nh,ask_hidden_gems
Min Mau tanya dong kak harga tiket Benteng Kuto Besak ya,ask_ticket_price
Min Mau tanya dong kak hargo tiket Taman Safari ya,ask_ticket_price
Permisi Recipe for chocolate cake? nih,ask_unrelated
Maaf mau tanya Museum Sultan Mahmud Badaruddin II lokasinya dimana? deh,ask_location_access
HTM Monpera berapa?,ask_ticket_price
HTM Gunung Bromo berapa?,ask_ticket_price
Bayar berapa kalo masuk Kampung Kapitan?,ask_ticket_price
Byar berapa kalo masuk Kampung Kapitan?,ask_ticket_price
Bang Apakah Ampera dekat stasiun LRT? nih,ask_lrt_destinations
Seru gak Al Quran Al Akbar?,ask_destination_info
Seru gak Gunung Bromo?,ask_destination_info
Wisata Palembang yang aesthetic tapi sepi? sih,ask_hidden_gems
Wisata Palembang yang aesthetic tp sepi? sih,ask_hidden_gems
Bang Museum Sultan Mahmud Badaruddin II lokasinya dimana? ya kak,ask_location_access
Bang Museum Sultan Mahmud Badaruddin II lokasinya dmana? yo kak,ask_location_access
Kak Alternative tourist spots in Palembang?,ask_hidden_gems
Mau nanya dong Taxi online di Palembang? sih,ask_unrelated
Permisi Alternative tourist spots in Palembang? dong kak,ask_hidden_gems
Mau nanya dong Rekomendasi wisata yang dekat stasiun LRT deh,ask_lrt_destinations
Ma nany dong Rekomendasi wisata yang dekat stasun LRT deh,ask_lrt_destinations
Kak Details about Kambang Iwak Park? ya kak,ask_destination_info
Kk Dtals about Kambang Iwak Park? yo kak,ask_destination_info
Bang Jadwal kereta api Jakarta?,ask_unrelated
Bang Jadwal kereta api Jkarta?,ask_unrelated
Bang Details about Kambang Iwak Park? ya kak,ask_destination_info
Bang Oke makasih kak sangat membantu sih,goodbye
Bang Oke makasih kak banget membantu sih,goodbye
Halo PIM gratis gak sih? deh,ask_ticket_price
Permisi Jadwal kereta api Jakarta? ya kak,ask_unrelated
Perms Jadwl kereta api Jakarta? yo kak,ask_unrelated
Halo Wisata Palembang yang aesthetic tapi sepi? ya kak,ask_hidden_gems
Halo Wisata Palembang yang aesthetic tapi sepi? yo kak,ask_hidden_gems
Bisa naik angkot ke PTC?,ask_location_access
Bisa naik angkot k PTC?,ask_location_access
Eh Taxi online di Palembang? nih,ask_unrelated
Eh Taxi nlne di Palembng? nih,ask_unrelated
hidden gems in palembang?,ask_hidden_gems
hdden gems in palembang?,ask_hidden_gems
Maaf mau tanya Bisa naik LRT ke BKB? dong,ask_lrt_destinations
Maf mau tnya Pacak nak LRT k Cand Prambann? dong,ask_lrt_destinations
Nice,provide_feedback
Maaf mau tanya Chatbot nya bagus deh,provide_feedback
Maaf mau tanya Chatbot nya keren deh,provide_feedback
Kak Help me please dong kak,greet
Mau nanya dong Excellent information dong kak,provide_feedback
Kak Tess sih,greet
Mau nanya dong Wisata apa yang recommended di Palembang? dong,ask_recommendation
Maaf mau tanya Hidden gems in Palembang? ya kak,ask_hidden_gems
Maaf mau tanya Hidden gems in Palembang? yo kak,ask_hidden_gems
Mau nanya dong Help me please sih,greet
Mau nanya dong Help me pleas sih,greet
Oke cukup kak makasih banyak sih,goodbye
Min Alternative tourist spots in Palembang?,ask_hidden_gems
"That's enough, thank you dong kak",goodbye
"That's enough, thank ya dong kak",goodbye
Min Alternative tourist spots in Palembang? nih,ask_hidden_gems
Mn Alterntive torist spots in Palembang? nh,ask_hidden_gems
Kak Bye kak dong,goodbye
Kak Address of Ampera Bridge? deh,ask_location_access
Kak Address of Pantai Kuta Bridge? deh,ask_location_access
Halo Rekomendasi wisata yang dekat stasiun LRT sih,ask_lrt_destinations
Halo Rekmends wista yang dekat stsiun LRT sih,ask_lrt_destinations
PIM ada area bermain anak?,ask_facilities
PIM ada area berman anak?,ask_facilities
Min PIM gratis gak sih? dong,ask_ticket_price
Palembang Icon bisa ditempuh pakai apa?,ask_location_access
Palembang Icon bs ditmph pakai apo?,ask_location_access
Kak Masjid Agung Palembang buka jam berapa ya?,ask_operating_hours
Kak Raja Ampat Palembang buka jam brapa ya?,ask_operating_hours
Halo Info jam buka SMB II dong dong,ask_operating_hours
Halo Makasih ya kak,goodbye
Halo Mksih yo kak,goodbye
Mau nanya dong Terima kasih infonya,goodbye
Kak fasilitas Ampera apa aja ya?,ask_facilities
Haii,greet
Min Min tolong saran wisata dong,ask_recommendation
Eh Museum Balaputra Dewa fasilitasnya apa aja?,ask_facilities
Eh Monas fasilitasnya apa aja?,ask_facilities
Can you tell me What should I visit in Palembang? please,ask_recommendation
Can u tell m What shold  visit in Palembng? please,ask_recommendation
Tolong kasih tau wisata dekat LRT ya kak,ask_lrt_destinations
Tolong kasih tau wisata dekat LRT yo kak,ask_lrt_destinations
Cara main saham,ask_unrelated
Halo Bye kak nih,goodbye
Halo Rekomendasi wisata Palembang dong ya kak,ask_recommendation
Hlo Rekomndasi wsta Palembng dong yo kak,ask_recommendation
Halo Kamu siapa? sih,ask_unrelated
Halo Kau siapa? sih,ask_unrelated
Mau ke Kambang Iwak lewat mana?,ask_location_access
Mau k Kambang Iwak lewat mana?,ask_location_access
Mau nanya dong BKB itu tempat apa sih? deh,ask_destination_info
Mau nanya dong Tnah Lot t tempat apo sih? deh,ask_destination_info
Kak LRT friendly tourist destinations?,ask_lrt_destinations
Eh Hidden gems in Palembang? dong kak,ask_hidden_gems
"Hello, Do I need to pay to enter Monpera? please",ask_ticket_price
"Hello, Do I ned to pay to enter Monpera? plese",ask_ticket_price
Permisi Masjid Cheng Ho ada spot foto gak? dong,ask_facilities
Permisi Masjid Cheng Ho ad spot foto gak? dong,ask_facilities
Min Tolong kasih tau wisata dekat LRT sih,ask_lrt_destinations
Mau nanya dong PIM gratis gak sih? ya kak,ask_ticket_price
Mau nanya dng PM gratis gak sih? y kak,ask_ticket_price
Kak Wisata apa yang recommended di Palembang? nih,ask_recommendation
Kk Wisata apa yang recommnded di Plembng? nih,ask_recommendation
How to go to Al-Munawar Arab Village?,ask_location_access
Min Pagi kak,greet
Makasih ya kak sangat berguna infonya,goodbye
Makasih ya kak sekali berguna infonya,goodbye
Halo Resep nasi goreng dong ya,ask_unrelated
Halo Resep nasi goreng dong yo,ask_unrelated
Kak Deskripsi Bukit Siguntang dong,ask_destination_info
Kak Deskripsi Bukit Sguntang dong,ask_destination_info
What's the entry fee for Punti Kayu Forest?,ask_ticket_price
What's the entry fee for Malioboro Forest?,ask_ticket_price
Take care,goodbye
Bang Museum Sultan Mahmud Badaruddin II lokasinya dimana?,ask_location_access
Bang Museum Sultan Mahmud Badaruddin II lokasinya dimano?,ask_location_access
Are there toilets at Punti Kayu Forest?,ask_facilities
R there toilts at Tnah Lot Forest?,ask_facilities
Bang Any hidden gems to visit? dong,ask_hidden_gems
Is Grand Mosque of Palembang free?,ask_ticket_price
See you,goodbye
See u,goodbye
Maaf mau tanya Cara daftar CPNS gimana?,ask_unrelated
"Hi, How much is the ticket to Kampung Kapitan??",ask_ticket_price
"Hi, How much s the ticket to Kmpng Kpitn??",ask_ticket_price
Info lengkap Punti Kayu dong ya kak,ask_destination_info
Rekomendasi wisata Palembang dong,ask_recommendation
cara main saham?,ask_unrelated
Eh Museum Sultan Mahmud Badaruddin II lokasinya dimana?,ask_location_access
Eh Museum Sultan Mahmud Badaruddin II lokasinya dimano?,ask_location_access
Permisi Hai kak masih aktif? nih,greet
Maaf mau tanya Wonderful sih,provide_feedback
Maaf mau tanya Jadwal kereta api Jakarta? nih,ask_unrelated
Maaf mau tanya Min tolong saran wisata dong,ask_recommendation
Bang BKB itu tempat apa sih? dong,ask_destination_info
Bang BKB itu tempat apo sih? dng,ask_destination_info
Kak fasilitas Jakabaring apa aja ya?,ask_facilities
Kak fasilitas Jakabarng po aja yo?,ask_facilities
Alternative tourist spots in Palembang?,ask_hidden_gems
Tempat paling menarik di Palembang?,ask_recommendation
Tempat paling menrik d Palembang?,ask_recommendation
Mau nanya dong BKB itu tempat apa sih?,ask_destination_info
Mau nanya dong Ancol itu tempat apa sih?,ask_destination_info
Eh Taxi online di Palembang?,ask_unrelated
Hutan Wisata Punti Kayu buka jam berapa?,ask_operating_hours
Recommend religious tourism in Palembang,ask_category
Hey there,greet
Maaf mau tanya Museum Balaputra Dewa fasilitasnya apa aja? sih,ask_facilities
Maaf mau tanya Universal Studio fasilitasnya apa aja? sih,ask_facilities
Mau nanya dong Destinasi yang dekat stasiun LRT? deh,ask_lrt_destinations
M nnya dong Destinas yang dekat stasiun LRT? deh,ask_lrt_destinations
Eh Bisa naik LRT ke BKB? deh,ask_lrt_destinations
Eh Bis naik LRT ke BKB? dh,ask_lrt_destinations
Min Apakah Jakabaring gratis? deh,ask_ticket_price
How to get a visa?,ask_unrelated
Hw to get a vsa?,ask_unrelated
Permisi Info lengkap Punti Kayu dong ya,ask_destination_info
Permisi Inf lengkap Candi Borobudur dong ya,ask_destination_info
BKB itu tempat apa sih? dong kak,ask_destination_info
Pantai Kuta itu tempat apo sih? dong kak,ask_destination_info
Maaf mau tanya Museum Balaputra Dewa fasilitasnya apa aja? nih,ask_facilities
Maaf mau tanya Gunung Bromo fasilitasnya apa aja? nih,ask_facilities
tourist spots along lrt route?,ask_lrt_destinations
Tolong kasih tau alamat PTC,ask_location_access
Bang Wonderful dong,provide_feedback
Bang Wndrful dong,provide_feedback
Bang Min kasih tau hidden gems Palembang ya kak,ask_hidden_gems
Bang Min kasih tau hidden gems Plembang yo kak,ask_hidden_gems
Apakah Kambang Iwak buka 24 jam?,ask_operating_hours
Apakah Central Park buka 24 jam?,ask_operating_hours
numpang tanya dong,greet
Bang Museum Balaputra Dewa fasilitasnya apa aja? ya,ask_facilities
Bang Universl Stdio fasiltasnya apo aja? ya,ask_facilities
Min Jadwal kereta api Jakarta? ya kak,ask_unrelated
Bang Lesser known attractions in Palembang? sih,ask_hidden_gems
Mau nanya dong Destinasi yang dekat stasiun LRT? sih,ask_lrt_destinations
Halo Tourist spots along LRT route? nih,ask_lrt_destinations
Hlo Torist spots along LRT route? nih,ask_lrt_destinations
Seru gak Jakabaring Sport City?,ask_destination_info
Ser gak Jakabaring Sport City?,ask_destination_info
Weekday Kambang Iwak buka jam berapa?,ask_operating_hours
Wekday Kambang Iwak buka jam berapo?,ask_operating_hours
Eh Wonderful sih,provide_feedback
h Wnderful sih,provide_feedback
Ke Monpera bayar berapa ya?,ask_ticket_price
K Monpera bayar brapa yo?,ask_ticket_price
Famous places in Palembang,ask_recommendation
Eh Mau tanya dong kak harga tiket Benteng Kuto Besak dong,ask_ticket_price
Eh Mau tany dong kak harga tiket Benteng Kut Besak dong,ask_ticket_price
Maaf mau tanya Thank you very much deh,goodbye
Maaf mau tanya Thank  very much deh,goodbye
Eh Rekomendasi wisata Palembang dong ya,ask_recommendation
Eh Rekomendasi wisata Palmbang dong ya,ask_recommendation
Eh Kampung Arab Al-Munawar ada di daerah mana? deh,ask_location_access
Jam operasional Amanzi Waterpark?,ask_operating_hours
I want to know How much is the ticket to Kampung Kapitan?,ask_ticket_price
I wanna know How much is the ticket to Candi Borobudur?,ask_ticket_price
"Hello, Is Kampung Kapitan open in the morning? thanks",ask_operating_hours
Kak Details about Kambang Iwak Park? dong kak,ask_destination_info
Permisi Apakah Jakabaring gratis? ya,ask_ticket_price
Rekomendasi wisata kuliner Palembang,ask_category
Kak What time does Kampung Kapitan close?,ask_operating_hours
Kak What time does Universal Studio close?,ask_operating_hours
Kak Bye kak deh,goodbye
Maaf mau tanya PIM ada tempat parkir? dong,ask_facilities
Maaf mau tanya Tourist spots along LRT route?,ask_lrt_destinations
Info jam buka SMB II dong,ask_operating_hours
Maaf mau tanya Destinasi yang dekat stasiun LRT? nih,ask_lrt_destinations
Tolong kasih tau alamat Siguntang,ask_location_access
Min Help me please dong,greet
Permisi What time does Kampung Kapitan close? dong,ask_operating_hours
Permisi What time does Universal Studio close? dong,ask_operating_hours
Mau nanya dong Recipe for chocolate cake? ya,ask_unrelated
Ma nanya dong Recipe for chocolate cake? ya,ask_unrelated
Tempat taman di Palembang?,ask_category
Mau nanya dong Min kasih tau hidden gems Palembang nih,ask_hidden_gems
Mau nnya dong Min kasih tau hidden gems Palembang nih,ask_hidden_gems
Halo KI itu apa? nih,ask_destination_info
Halo That's helpful dong kak,provide_feedback
Halo That's helpfl dng kak,provide_feedback
Berapa duit masuk Amanzi?,ask_ticket_price
Berapa duit mask Amanz?,ask_ticket_price
Is there an entry fee for Kampung Kapitan?,ask_ticket_price
Is thre an entry fee for Danau Tob?,ask_ticket_price
Akses ke Masjid Agung Palembang mudah gak?,ask_location_access
Akss k Masjd Agung Palembang mdh gak?,ask_location_access
Permisi Help me please ya,greet
Permisi Help me please yo,greet
Eh Apakah Jakabaring gratis? deh,ask_ticket_price
Min Mau tanya dong kak harga tiket Benteng Kuto Besak ya kak,ask_ticket_price
Min Mau tanya dong kak harga tiket Candi Prambanan ya kak,ask_ticket_price
Min Bye kak dong,goodbye
Kapan bukanya?,ask_operating_hours
Ada wisata yang jarang orang tau?,ask_hidden_gems
da wisata yang jarang rng tu?,ask_hidden_gems
Kak Best destinations in Palembang? ya kak,ask_recommendation
Kak Best destinations in Palembang? yo kak,ask_recommendation
Bang Jembatan Ampera di mana ya? deh,ask_location_access
Bang Jmbatan Cntral Prk di mana yo? dh,ask_location_access
Eh Mau tanya dong kak harga tiket Benteng Kuto Besak ya kak,ask_ticket_price
Kak Masjid Cheng Ho ada spot foto gak? ya kak,ask_facilities
Kak Masjid Cheng Ho ada spot foto gak? yo kak,ask_facilities
Permisi LRT friendly tourist destinations?,ask_lrt_destinations
Min Destinasi wisata sejarah Palembang? dong kak,ask_category
Eh PIM ada tempat parkir? sih,ask_facilities
Eh Makasih ya,goodbye
Permisi BKB itu tempat apa sih? ya kak,ask_destination_info
Permisi BKB itu tempat apo sih? ya kak,ask_destination_info
Maaf mau tanya Wonderful dong,provide_feedback
Ada fasilitas apa di Kampung Kapitan?,ask_facilities
Ada fasilitas apo di Malioboro?,ask_facilities
Apa itu Amanzi?,ask_destination_info
Apo itu Amanzi?,ask_destination_info
Jos,provide_feedback
Min Facilities at Benteng Kuto Besak? dong,ask_facilities
Min Facilities at Benteng Kuto Bsak? dng,ask_facilities
Halo Resep nasi goreng dong deh,ask_unrelated
Halo Suka sama jawabannya nih,provide_feedback
Mau nanya dong Numpang tanya dong dong kak,greet
Permisi Any hidden gems to visit? dong,ask_hidden_gems
Permis Any hidden gems to visit? dng,ask_hidden_gems
Can you tell me What's the location of Ampera Bridge?,ask_location_access
Can ya tell me What's the location of Ampera Bridge?,ask_location_access
Kak Cara daftar CPNS gimana? ya kak,ask_unrelated
Tolong kasih tau wisata dekat LRT ya,ask_lrt_destinations
Tolong kash tau wisat dkat LRT yo,ask_lrt_destinations
Min Kampung Arab Al-Munawar ada di daerah mana? dong,ask_location_access
Min Malioboro Al-Munawar ada di daerah mana? dong,ask_location_access
Dari jam berapa Museum Sultan Mahmud Badaruddin II buka?,ask_operating_hours
Dar jam brapa Museum Sultan Mahmud Badaruddin II buka?,ask_operating_hours
Arah ke SMB II gimana?,ask_location_access
Arah ke SMB II gmana?,ask_location_access
Eh Cara main saham? sih,ask_unrelated
Halo Numpang tanya dong sih,greet
Hal Numpang tany dong sih,greet
What time does Kemaro Island close?,ask_operating_hours
What tme dos Kemaro Island close?,ask_operating_hours
Halo Hlo ya,greet
Harga masuk Pulau Kemaro berapa ya kak?,ask_ticket_price
Hargo masuk Pulau Kemaro berapa yo kak?,ask_ticket_price
Wisata yang gampang dijangkau LRT?,ask_lrt_destinations
Halo KI itu apa? ya kak,ask_destination_info
Halo KI itu po? yo kak,ask_destination_info
Permisi Terima kasih infonya ya,goodbye
Permisi Terima kasih infonya yo,goodbye
OPI Mall ada toilet gak?,ask_facilities
LRT Palembang stop di wisata mana?,ask_lrt_destinations
LRT Palembang stop di wsata mana?,ask_lrt_destinations
Does Monpera have parking?,ask_facilities
Bang Jam operasionalnya? dong,ask_operating_hours
Bng Jam operasionalnya? dong,ask_operating_hours
Exactly what I needed,provide_feedback
That's helpful ya kak,provide_feedback
Mau nanya dong Wonderful dong kak,provide_feedback
Apa itu Bukit Siguntang?,ask_destination_info
Apo itu Taman Safari?,ask_destination_info
Maaf mau tanya Masjid Cheng Ho ada spot foto gak?,ask_facilities
Maaf mau tanya Masjd Cheng Ho ada spot foto gak?,ask_facilities
Mau nanya dong Oke makasih kak sangat membantu,goodbye
Mau nanya dong Oke makasih kak sekali membantu,goodbye
Jelas banget penjelasannya ya kak,provide_feedback
Jels bnget penjelasannya yo kak,provide_feedback
Permisi kak?,greet
Please What parks are in Palembang??,ask_category
Please What parks r in Palembang??,ask_category
Eh Destinasi wisata sejarah Palembang? ya kak,ask_category
Eh Destinasi wisata sejarah Palembang? yo kak,ask_category
"Mau nanya dong That's enough, thank you ya",goodbye
"Mau nanya dong That's enough, thank u yo",goodbye
Halo Address of Ampera Bridge? nih,ask_location_access
Update harga tiket PTC dong,ask_ticket_price
Mau nanya dong Info lengkap Punti Kayu dong sih,ask_destination_info
Mau nanya dong Info lengkap Ancol dong sih,ask_destination_info
Eh Masjid Cheng Ho ada spot foto gak? sih,ask_facilities
Permisi Deskripsi Bukit Siguntang dong kak,ask_destination_info
Permisi Deskripsi Pantai Kuta dong kak,ask_destination_info
Does Benteng Kuto Besak have a mosque?,ask_facilities
Does Malioboro have a mosque?,ask_facilities
Permisi Hidden gems in Palembang? deh,ask_hidden_gems
Bang Bisa naik LRT ke BKB? ya,ask_lrt_destinations
Bang Bis naik LRT ke BKB? ya,ask_lrt_destinations
Maaf mau tanya Oke makasih kak sangat membantu sih,goodbye
Maaf mau tanya Oke makasih kak nian membantu sih,goodbye
Halo Details about Kambang Iwak Park?,ask_destination_info
Halo Detals about Candi Prambann Park?,ask_destination_info
Halo Palembang punya museum apa? nih,ask_category
Halo Palembang punya museum apo? nih,ask_category
Permisi Resep nasi goreng dong nih,ask_unrelated
Permisi Recipe for chocolate cake?,ask_unrelated
Permisi Jadwal kereta api Jakarta? ya,ask_unrelated
Permsi Jadwal kereta api Jakarta? yo,ask_unrelated
Maaf mau tanya Address of Ampera Bridge?,ask_location_access
Maaf mau tanya Address of Monas Bridge?,ask_location_access
Kak Any hidden gems to visit? deh,ask_hidden_gems
Permisi Info lengkap Punti Kayu dong ya kak,ask_destination_info
Permisi nfo lngkap Candi Borobudur dong ya kak,ask_destination_info
Halo Ada wifi di Jembatan Ampera? ya,ask_facilities
Halo Ada wifi di Gunung Bromo? yo,ask_facilities
Jawabannya lengkap,provide_feedback
Bang What time does Kampung Kapitan close? nih,ask_operating_hours
Bang What time does Malioboro close? nih,ask_operating_hours
Kira-kira berapa ya tiketnya?,ask_ticket_price
Kira-kira berapa y tiktnya?,ask_ticket_price
Kampung Arab Al-Munawar itu tempat apa sih?,ask_destination_info
Cntral Park Al-Munwar itu tempat apo sih?,ask_destination_info
Info lengkap Monpera dong,ask_destination_info
Info lengkap Jembatan Ampera dong,ask_destination_info
Halo Kak ada museum gak di Palembang? ya kak,ask_category
Halo Kak ada museum gak di Palembang? yo kak,ask_category
Eh Numpang tanya dong,greet
Eh Numpang tany dong,greet
Eh That's helpful ya kak,provide_feedback
Eh That's helpful yo kak,provide_feedback
Min Jadwal kereta api Jakarta? ya,ask_unrelated
Mn Jadwal kereta ap Jakarta? ya,ask_unrelated
Destinasi rahasia Palembang?,ask_hidden_gems
Bagus gak tempatnya?,ask_destination_info
Mantap gk temptnya?,ask_destination_info
Permisi Jelas banget penjelasannya ya,provide_feedback
Prmisi Jelas bnget penjelsannya ya,provide_feedback
Destinasi yang dekat stasiun LRT? ya,ask_lrt_destinations
Destinasi yang dekat stasiun LRT? yo,ask_lrt_destinations
Bang tiket SMB II berapa?,ask_ticket_price
Eh Info lengkap Punti Kayu dong ya,ask_destination_info
h Info lengkap Punti Kyu dng yo,ask_destination_info
Cara daftar CPNS gimana? deh,ask_unrelated
Cara daftar CPNS giman? deh,ask_unrelated
Maaf mau tanya Rekomendasi wisata untuk liburan singkat,ask_recommendation
Eh Terima kasih infonya ya kak,goodbye
Eh Terima kasih infonya yo kak,goodbye
Maaf mau tanya PIM gratis gak sih? ya,ask_ticket_price
Maaf mau tanya PIM gratis gak sih? yo,ask_ticket_price
Kak Terima kasih infonya nih,goodbye
Kambang Iwak di mana ya?,ask_location_access
Tanah Lot di mana yo?,ask_location_access
Bang Best destinations in Palembang? deh,ask_recommendation
Mau nanya dong That's helpful dong,provide_feedback
Permisi Suka deh dong,provide_feedback
Bang Jelas banget penjelasannya dong,provide_feedback
Mau nanya dong Numpang tanya dong dong,greet
Halo Jadwal kereta api Jakarta? deh,ask_unrelated
Kak Wisata apa yang recommended di Palembang? dong,ask_recommendation
Kak Wisata apo yang recommended di Palembang? dong,ask_recommendation
Thank you very much,goodbye
Thank u very much,goodbye
Rekomendasi wisata untuk liburan singkat sih,ask_recommendation
Rekomendas wsata untuk liburan singkat sih,ask_recommendation
Apa keunikan Pasar 16 Ilir?,ask_destination_info
Permisi Rekomendasi wisata untuk liburan singkat dong kak,ask_recommendation
Hello,greet
Halo LRT friendly tourist destinations? dong,ask_lrt_destinations
Permisi Kamu siapa? deh,ask_unrelated
Well explained,provide_feedback
Maaf mau tanya Wisata apa yang recommended di Palembang?,ask_recommendation
Maaf mau tanya Wisata apa yang recmmended di Palembang?,ask_recommendation
Mau nanya dong Wisata Palembang yang aesthetic tapi sepi? ya kak,ask_hidden_gems
Mau nanya dong KI itu apa? nih,ask_destination_info
Eh Min tolong saran wisata dong ya,ask_recommendation
Eh Min tolong saran wisata dong yo,ask_recommendation
Halo Hidden gems in Palembang? ya kak,ask_hidden_gems
Halo Hidden gems n Palembang? y kak,ask_hidden_gems
Apa keunikan Pulau Kemaro?,ask_destination_info
Apo keunikan Pulau Kemaro?,ask_destination_info
Halo Rekomendasi wisata Palembang dong dong,ask_recommendation
Permisi mau tanya harga tiket Kampung Kapitan,ask_ticket_price
Permisi mau tanya harga tiket Menara Eiffel,ask_ticket_price
Berapa ya tiket Bukit Siguntang?,ask_ticket_price
Brapa yo tiket Universal Studo?,ask_ticket_price
Halo Cara daftar CPNS gimana? ya kak,ask_unrelated
Oke terima kasih banyak ya,goodbye
Oke terima kasih banyak yo,goodbye
Bang Apakah Jakabaring gratis?,ask_ticket_price
Bang Apakah Jakabring grats?,ask_ticket_price
Kak Museum Sultan Mahmud Badaruddin II lokasinya dimana? ya kak,ask_location_access
Kak Museum Sultan Mahmud Badaruddin II lokasinya dmana? ya kak,ask_location_access
Min Tolong kasih tau wisata dekat LRT,ask_lrt_destinations
Bang Kampung Arab Al-Munawar ada di daerah mana? sih,ask_location_access
Bang Kampung Arab Al-Munawar ada di daerah man? sih,ask_location_access
Mau nanya dong Suka sama jawabannya sih,provide_feedback
Rekomendasi hidden gems dong kak nih,ask_hidden_gems
Rekomendasi hidden gems dong kak nh,ask_hidden_gems
Bang Help me please,greet
Rekomendasi wisata untuk liburan singkat,ask_recommendation
Kak Recipe for chocolate cake? ya kak,ask_unrelated
Ada wisata religi di Palembang?,ask_category
Ada wsta relig di Palmbang?,ask_category
Taman Kebon Rojo buka setiap hari?,ask_operating_hours
Tamn Kebon Rjo bk setap har?,ask_operating_hours
Bang Details about Kambang Iwak Park?,ask_destination_info
museums places in Palembang?,ask_category
musems places in Palmbang?,ask_category
Permisi Min tolong saran wisata dong nih,ask_recommendation
Permisi Min tlong saran wisata dong nih,ask_recommendation
Bang KI itu apa? ya,ask_destination_info
Bang KI it apa? ya,ask_destination_info
Permisi Food tourism in Palembang? sih,ask_category
Food tourism in Palembang? deh,ask_category
Bisa naik LRT ke BKB? dong kak,ask_lrt_destinations
Bisa naik LRT k Monas? dng kak,ask_lrt_destinations
Halo Cara main saham? dong kak,ask_unrelated
Min Cara daftar CPNS gimana? dong kak,ask_unrelated
Bayar berapa?,ask_ticket_price
Bayar brapa?,ask_ticket_price
Min Museum Balaputra Dewa fasilitasnya apa aja? deh,ask_facilities
Min Ancol fasilitasnya apo j? deh,ask_facilities
Can you tell me How much is the ticket to Kampung Kapitan? please,ask_ticket_price
Can ya tell me Hw much s the ticket to Danu Toba? plas,ask_ticket_price
What's special about Punti Kayu Forest?,ask_destination_info
What's special about Candi Prambanan Forest?,ask_destination_info
Kak Kak ada museum gak di Palembang? dong kak,ask_category
Maaf mau tanya Best destinations in Palembang? ya,ask_recommendation
Maf mu tanya Bst destinations in Palembang? yo,ask_recommendation
Kak Hai kak masih aktif? dong,greet
Eh PIM ada tempat parkir? dong,ask_facilities
Dari pusat kota ke Punti Kayu berapa lama?,ask_location_access
Dar pusat kota ke Ancol berapa lama?,ask_location_access
Food tourism in Palembang? ya kak,ask_category
Food tourism in Palembang? yo kak,ask_category
Mau nanya dong Tess nih,greet
What's available at Kambang Iwak Park?,ask_facilities
Kak Tempat wisata murah di Palembang? ya,ask_recommendation
Kak Tempat wisata murah di Palembang? yo,ask_recommendation
Kalo hari Sabtu Bukit Siguntang buka?,ask_operating_hours
Kalo hari Sabtu Monas buka?,ask_operating_hours
help me please,greet
Maaf mau tanya Cara main saham? dong kak,ask_unrelated
Halo Masjid Cheng Ho ada spot foto gak?,ask_facilities
Maaf mau tanya Oke cukup kak makasih banyak ya,goodbye
Maaf mau tanya Oke cukup kak makasih banyak yo,goodbye
Bang Masjid Cheng Ho ada spot foto gak? deh,ask_facilities
Permisi Tess dong,greet
Cara daftar CPNS gimana? sih,ask_unrelated
Maaf mau tanya Recipe for chocolate cake? dong kak,ask_unrelated
Min Enaknya kemana ya di Palembang?,ask_recommendation
Min Enaknya kemana yo di Palembang?,ask_recommendation
Min Bisa naik LRT ke BKB? ya kak,ask_lrt_destinations
Min Bisa naik LRT k BKB? yo kak,ask_lrt_destinations
Maaf mau tanya Food tourism in Palembang? dong,ask_category
Kak BKB itu tempat apa sih? dong kak,ask_destination_info
Kak BKB itu tempat apo sih? dong kak,ask_destination_info
Permisi Chatbot nya bagus sih,provide_feedback
Permsi Chatbt nya mantap sih,provide_feedback
Numpang tanya dong dong kak,greet
Dari pusat kota ke Amanzi Waterpark berapa lama?,ask_location_access
Dari pusat kota ka Amanzi Waterpark berapo lama?,ask_location_access
Mau tanya jam operasional Jembatan Ampera,ask_operating_hours
Mau tnya jam oprasional Jembatan Menara Eiffel,ask_operating_hours
Mau nanya dong Benteng Kuto Besak buka jam berapa? ya kak,ask_operating_hours
Mau nanya dong Benteng Kuto Besak buka jam brapa? ya kak,ask_operating_hours
Eh Bye kak dong kak,goodbye
Maaf mau tanya Museum Sultan Mahmud Badaruddin II lokasinya dimana? sih,ask_location_access
Maaf mau tanya Museum Sultan Mahmud Badaruddin II lokasinya dimano? sih,ask_location_access
Bang Suka deh ya kak,provide_feedback
Min Wisata Palembang yang aesthetic tapi sepi? ya,ask_hidden_gems
Kak Food tourism in Palembang?,ask_category
Kak Food tourism in Plembang?,ask_category
Min Destinasi wisata sejarah Palembang? deh,ask_category
"Hi, What parks are in Palembang? please",ask_category
"Hi, What parks r in Palembang? please",ask_category
Halo Kak ada museum gak di Palembang? ya,ask_category
Min Rekomendasi wisata Palembang dong dong,ask_recommendation
Bang Wisata Palembang yang aesthetic tapi sepi?,ask_hidden_gems
Bng Wisata Palembang yang aesthetic tp sepi?,ask_hidden_gems
Do I need to pay to enter Monpera? thanks,ask_ticket_price
Do I need to py t enter Monpera? thanks,ask_ticket_price
Tiket Amanzi berapa sih?,ask_ticket_price
Tiket Amanz berap sih?,ask_ticket_price
Excellent information?,provide_feedback
Harga tiket masuk Kampung Kapitan sekarang berapa?,ask_ticket_price
Hargo tiket masuk Central Park sekarang berapa?,ask_ticket_price
Hay,greet
What parks are in Palembang?,ask_category
What parks r in Palembang?,ask_category
Mau nanya dong Jelas banget penjelasannya nih,provide_feedback
How do I get there?,ask_location_access
Halo Alternative tourist spots in Palembang?,ask_hidden_gems
Kak Tess dong kak,greet
Kak Rekomendasi wisata untuk liburan singkat deh,ask_recommendation
Ceritain Museum Sultan Mahmud Badaruddin II dong kak,ask_destination_info
Eh PIM ada tempat parkir?,ask_facilities
Kak Recipe for chocolate cake? deh,ask_unrelated
I'm bored,ask_unrelated
Permisi Terima kasih infonya sih,goodbye
Halo Help me please nih,greet
Eh Mau tanya dong kak harga tiket Benteng Kuto Besak deh,ask_ticket_price
Eh Mau tanya dong kak hargo tiket Benteng Kuto Besak deh,ask_ticket_price
Permisi Museum Balaputra Dewa fasilitasnya apa aja? nih,ask_facilities
Prmisi Museum Balaputra Dewa fasilitasnya pa aja? nih,ask_facilities
Apa itu Jembatan Ampera?,ask_destination_info
Apo itu Jembatan Ampera?,ask_destination_info
Mau tanya dong kak harga tiket Benteng Kuto Besak deh,ask_ticket_price
Mau tanya dong kak harga tiket Danau Toba deh,ask_ticket_price
Wisata tersembunyi di Palembang? ya kak,ask_hidden_gems
Wista trsmbunyi di Palmbang? yo kak,ask_hidden_gems
How much does it cost to enter Benteng Kuto Besak?,ask_ticket_price
How much ds it cost to enter Mlobr?,ask_ticket_price
Eh Cara main saham? deh,ask_unrelated
Bang Jembatan Ampera di mana ya? dong,ask_location_access
Bang Gunung Bromo di mana yo? dong,ask_location_access
Permisi mau tanya,greet
Kak dimana ya Palembang Icon?,ask_location_access
Kak dimano yo Palembang Icon?,ask_location_access
Eh Info jam buka SMB II dong,ask_operating_hours
Ke Kampung Kapitan bayar berapa ya?,ask_ticket_price
K ncol bayar brapa yo?,ask_ticket_price
Permisi Museum Balaputra Dewa fasilitasnya apa aja? dong,ask_facilities
Mau nanya dong Destinasi yang dekat stasiun LRT? dong kak,ask_lrt_destinations
Min That's helpful deh,provide_feedback
Kak BKB itu tempat apa sih? ya,ask_destination_info
Kak Danau Toba itu tempat apa sih? ya,ask_destination_info
Apa keunikan PTC?,ask_destination_info
Kak Destinasi yang dekat stasiun LRT? deh,ask_lrt_destinations
Bang Kampung Arab Al-Munawar ada di daerah mana? ya,ask_location_access
Bang Menara Eiffel Al-Munwr da di darh mana? ya,ask_location_access
Maaf mau tanya LRT friendly tourist destinations?,ask_lrt_destinations
Kemaro ada tempat parkir?,ask_facilities
Kemaro ada tempat prkir?,ask_facilities
Maaf mau tanya BKB itu tempat apa sih? sih,ask_destination_info
Maaf mau tanya Menara Eiffel itu tempat apa sih? sih,ask_destination_info
Min Food tourism in Palembang? dong kak,ask_category
Maaf mau tanya Enaknya kemana ya di Palembang? dong kak,ask_recommendation
Maaf mau tanya Enaknya kemana yo di Palembang? dong kak,ask_recommendation
Recommend historical sites in Palembang,ask_category
Eh Kak ada museum gak di Palembang? dong kak,ask_category
Eh Kk ada museum gak di Palembang? dng kak,ask_category
Terima kasih infonya dong,goodbye
Terima kash infonya dong,goodbye
Tempat wisata yang gak rame?,ask_hidden_gems
Kak Address of Ampera Bridge? ya,ask_location_access
Kak Address of Ampera Brdg? yo,ask_location_access
Lokasi SMB dimana kak?,ask_location_access
Min KI itu apa? nih,ask_destination_info
Min KI itu ap? nih,ask_destination_info
Maaf mau tanya Info wisata budaya Palembang dong ya kak,ask_category
Bang LRT friendly tourist destinations? ya kak,ask_lrt_destinations
Permisi Apakah Ampera dekat stasiun LRT? deh,ask_lrt_destinations
Permisi Apakah Tanah Lot dekat stasiun LRT? deh,ask_lrt_destinations
masjid cheng ho ada spot foto gak?,ask_facilities
Bang Alternative tourist spots in Palembang?,ask_hidden_gems
Bang lterntive turist spts in Palembang?,ask_hidden_gems
"Excuse me, How to move on? please",ask_unrelated
Bang Facilities at Benteng Kuto Besak? ya,ask_facilities
Local favorites in Palembang?,ask_hidden_gems
Local favrites in Palembang?,ask_hidden_gems
Maaf mau tanya Numpang tanya dong ya,greet
Maaf mau tanya Numpang tanya dong yo,greet
Eh Tourist spots along LRT route? ya,ask_lrt_destinations
Eh Tourist spots along LRT route? yo,ask_lrt_destinations
Halo Taxi online di Palembang? ya kak,ask_unrelated
Halo Taxi online di Palembang? yo kak,ask_unrelated
Mau nanya dong Details about Kambang Iwak Park? ya kak,ask_destination_info
Mau nanya dong Details about Central Park Park? yo kak,ask_destination_info
Halo Apakah Jakabaring gratis? nih,ask_ticket_price
Places that tourists don't usually go?,ask_hidden_gems
Halo Masjid Cheng Ho ada spot foto gak? ya,ask_facilities
Kak Rekomendasi wisata untuk liburan singkat dong,ask_recommendation
Kk Rekomends wisata untuk libran singkat dong,ask_recommendation
BKB itu tempat apa sih? ya kak,ask_destination_info
BKB itu tempat apo sih? yo kak,ask_destination_info
Review tentang Hutan Wisata Punti Kayu,ask_destination_info
Review tentang Hutan Wisata Gunung Bromo,ask_destination_info
Maaf mau tanya Museum Balaputra Dewa fasilitasnya apa aja? dong kak,ask_facilities
Maaf mau tanya Taman Safari fasilitasnya apa aja? dong kak,ask_facilities
Halo Rekomendasi hidden gems dong kak dong,ask_hidden_gems
Maaf mau tanya Hlo sih,greet
Famous places in Palembang? deh,ask_recommendation
Kak Rekomendasi wisata yang dekat stasiun LRT deh,ask_lrt_destinations
Halo That's helpful deh,provide_feedback
Bang Apakah Jakabaring gratis? dong kak,ask_ticket_price
Kambang Iwak fasilitasnya apa aja?,ask_facilities
Mnara Eiffel fasilitasnya apo aja?,ask_facilities
Permisi Mau tanya dong kak harga tiket Benteng Kuto Besak dong kak,ask_ticket_price
Permisi PIM ada tempat parkir? dong kak,ask_facilities
Permis PIM da tmpt parkir? dng kak,ask_facilities
Kak Permisi kak dong,greet
Kk Permisi kak dong,greet
Maaf mau tanya Rekomendasi wisata Palembang dong dong,ask_recommendation
Maf mau tnya Rekomendsi wista Palembang dong dong,ask_recommendation
Bang Wisata tersembunyi di Palembang? dong,ask_hidden_gems
Eh Info jam buka SMB II dong nih,ask_operating_hours
"Hi, Do I need to pay to enter Monpera??",ask_ticket_price
Min KI itu apa? dong,ask_destination_info
Min KI itu po? dong,ask_destination_info
Bang Ada wifi di Jembatan Ampera?,ask_facilities
Bang Ada wifi di Malioboro?,ask_facilities
Eh Help me please dong kak,greet
Terima kasih sudah membantu,goodbye
Eh Masjid Cheng Ho ada spot foto gak? ya,ask_facilities
Kapan sih Kampung Arab Al-Munawar buka?,ask_operating_hours
Kapan sih Candi Borobudur Al-Mnawr buk?,ask_operating_hours
Amanzi bayar berapa?,ask_ticket_price
Amanzi bayar berpo?,ask_ticket_price
Permisi Museum Balaputra Dewa fasilitasnya apa aja? ya kak,ask_facilities
Permisi Tanah Lot fasilitsnya apa aja? ya kak,ask_facilities
Min Jam operasionalnya? ya kak,ask_operating_hours
Kak Tourist spots along LRT route? deh,ask_lrt_destinations
Mau nanya dong Taxi online di Palembang?,ask_unrelated
Bang Help me please sih,greet
Maaf mau tanya Rekomendasi wisata untuk liburan singkat sih,ask_recommendation
Halo KI itu apa? dong kak,ask_destination_info
Permisi PIM ada tempat parkir?,ask_facilities
"Excuse me, How much is the ticket to Kampung Kapitan?",ask_ticket_price
Bang Destinasi yang dekat stasiun LRT? dong,ask_lrt_destinations
Alamat lengkap Kambang Iwak?,ask_location_access
Almat lengkap Kambang Iwak?,ask_location_access
Maaf mau tanya Deskripsi Bukit Siguntang sih,ask_destination_info
Maaf mu tanya Deskripsi Mnas sih,ask_destination_info
Mau nanya dong Tourist spots along LRT route? dong,ask_lrt_destinations
Mau nanya dong Destinasi wisata sejarah Palembang? dong kak,ask_category
Ma nanya dong Destinsi wisat sejarah Palembang? dong kak,ask_category
Kak Deskripsi Bukit Siguntang sih,ask_destination_info
Kak Deskripsi Danau Toba sh,ask_destination_info
Review tentang Pasar 16 Ilir,ask_destination_info
Halo PIM gratis gak sih? sih,ask_ticket_price
Maaf mau tanya BKB itu tempat apa sih? ya kak,ask_destination_info
Maf m tanya BKB itu tmpat apa sih? yo kak,ask_destination_info
Min Facilities at Benteng Kuto Besak? deh,ask_facilities
Best destinations in Palembang?,ask_recommendation
Permisi Cara daftar CPNS gimana? sih,ask_unrelated
Prmisi Cra daftar CPNS gimna? sih,ask_unrelated
I want to know Does Jakabaring Sport City have a mosque??,ask_facilities
I wanna know Does Jakabaring Sport City have a mosque??,ask_facilities
Kak Deskripsi Bukit Siguntang nih,ask_destination_info
Maaf mau tanya Jembatan Ampera di mana ya? ya kak,ask_location_access
Maaf mau tanya Jembatan Ampera di mana yo? yo kak,ask_location_access
Maaf mau tanya Kamu siapa? dong,ask_unrelated
Mau nanya dong Jembatan Ampera di mana ya? sih,ask_location_access
Mau nanya dong Jembatan Candi Borobudur di mana ya? sih,ask_location_access
Posisi Siguntang dimana ya?,ask_location_access
Mau nanya dong Kak ada museum gak di Palembang? ya,ask_category
Mau nanya dong Kak ada museum gak di Palembang? yo,ask_category
Permisi Permisi kak ya,greet
Siapa gubernur Palembang?,ask_unrelated
Siapa gubernur Palembng?,ask_unrelated
Eh Taxi online di Palembang? sih,ask_unrelated
Masjid Cheng Ho buka jam berapa?,ask_operating_hours
Masjid Cheng Ho buka jam berapo?,ask_operating_hours
Bang Info lengkap Punti Kayu dong dong kak,ask_destination_info
Bng Info lngkap Gunung Bromo dong dong kak,ask_destination_info
Information about Punti Kayu Forest,ask_destination_info
Halo Address of Ampera Bridge? ya,ask_location_access
Permisi Hlo,greet
Halo Makasih dong kak,goodbye
Permisi Jam operasionalnya? dong,ask_operating_hours
Permisi Jam perasionalnya? dong,ask_operating_hours
Bisa naik LRT ke Kambang Iwak?,ask_lrt_destinations
Bis nak LRT k Menara Eiffel?,ask_lrt_destinations
Halo Jam operasionalnya? ya,ask_operating_hours
Halo Jam operasnalnya? yo,ask_operating_hours
Maaf mau tanya Rekomendasi hidden gems dong kak nih,ask_hidden_gems
Taxi online di Palembang?,ask_unrelated
Mau nanya dong Bye kak ya kak,goodbye
Permisi Terima kasih infonya dong kak,goodbye
Permsi Terima kasih infonya dong kak,goodbye
Eh Wisata tersembunyi di Palembang? sih,ask_hidden_gems
Min Info jam buka SMB II dong,ask_operating_hours
Eh Wisata Palembang yang aesthetic tapi sepi? dong kak,ask_hidden_gems
Eh Wisata Palembang yang aesthetic tp sepi? dong kak,ask_hidden_gems
Permisi Destinasi wisata sejarah Palembang? ya kak,ask_category
Permisi Destinasi wisata sejarah Palembang? yo kak,ask_category
Mau nanya dong Food tourism in Palembang?,ask_category
Mau nanya dong Chatbot nya bagus ya kak,provide_feedback
Mau nanya dong Chatbot nya mantap ya kak,provide_feedback
Halo Wisata Palembang yang aesthetic tapi sepi? nih,ask_hidden_gems
Eh Kamu siapa?,ask_unrelated
Jelaskan dong,ask_destination_info
Jelskan dong,ask_destination_info
Bang Permisi kak nih,greet
Wisata gratis di Palembang ada gak?,ask_recommendation
"Excuse me, Exactly what I needed thanks",provide_feedback
Halo Jam operasionalnya? ya kak,ask_operating_hours
Halo Jam operasionalnya? yo kak,ask_operating_hours
Halo Destinasi yang dekat stasiun LRT? ya,ask_lrt_destinations
Al-Munawar hari libur buka gak?,ask_operating_hours
Benteng Kuto Besak buka jam berapa? deh,ask_operating_hours
Tanah Lot buka jam berapa? deh,ask_operating_hours
Can you tell me Exactly what I needed please,provide_feedback
Can u tell me Exactly what I needd please,provide_feedback
"Hello, What parks are in Palembang?",ask_category
"Hello, What parks r in Palembang?",ask_category
Siang,greet
Halo Cara main saham? deh,ask_unrelated
Wisata Palembang yang aesthetic tapi sepi? dong kak,ask_hidden_gems
Kasih info PTC ya kak,ask_destination_info
Kasih info PTC yo kak,ask_destination_info
How much is the ticket to Kampung Kapitan?,ask_ticket_price
How much s the ticket to Menara iffel?,ask_ticket_price
Assalamualaikum kak,greet
ssalamualaikum kak,greet
Bang Cara daftar CPNS gimana? nih,ask_unrelated
Kak Apakah Ampera dekat stasiun LRT?,ask_lrt_destinations
Kak Apakah Tanah Lot dekat stasiun LRT?,ask_lrt_destinations
Permisi Facilities at Benteng Kuto Besak? dong,ask_facilities
Permisi Wisata tersembunyi di Palembang? nih,ask_hidden_gems
Info jam buka SMB II dong ya,ask_operating_hours
Hey What facilities are available at Jakabaring Sport City??,ask_facilities
Hey What facilities r available at Jakabaring Sport City??,ask_facilities
Halo mau keliling Palembang nih,greet
Halo mau keliling Palmbang nih,greet
Does Sultan Mahmud Badaruddin II Museum have food stalls?,ask_facilities
Does Sultan Mahmud Badarddin II Musum have food stalls?,ask_facilities
Kak Wisata tersembunyi di Palembang? deh,ask_hidden_gems
Kak Wisata tersembuny di Palembang? deh,ask_hidden_gems
Please Do I need to pay to enter Monpera? thanks,ask_ticket_price
Please Do I need to pay to enter Danau Toba? thanks,ask_ticket_price
Maaf mau tanya Cara main saham? nih,ask_unrelated
Maaf mau tanya Wisata tersembunyi di Palembang? dong,ask_hidden_gems
Maaf mau tanya Bye kak ya,goodbye
Maaf mau tanya Bye kak yo,goodbye
Seru gak Museum Balaputra Dewa?,ask_destination_info
Seru gak Central Park?,ask_destination_info
Kayak apa sih Taman Kebon Rojo?,ask_destination_info
Kayk ap sih Taman Kebon Rjo?,ask_destination_info
Mau nanya dong Destinasi yang LRT accessible? sih,ask_lrt_destinations
How to move on,ask_unrelated
Mau nanya dong Ada wifi di Jembatan Ampera? sih,ask_facilities
Mau nanya dong Ada wifi di Jembatan Rja Ampat? sih,ask_facilities
"Excuse me, What should I visit in Palembang??",ask_recommendation
Maaf mau tanya Enaknya kemana ya di Palembang? deh,ask_recommendation
Maaf mau tanya Enaknya kemana yo di Palembang? deh,ask_recommendation
Berapa harga tiket masuk Amanzi?,ask_ticket_price
Halo Apakah Ampera dekat stasiun LRT? ya,ask_lrt_destinations
Hlo Apkah Ampra dekat stasiun LRT? ya,ask_lrt_destinations
Min alamat Pasar 16 Ilir apa ya?,ask_location_access
Permisi Museum Balaputra Dewa fasilitasnya apa aja? dong kak,ask_facilities
Permisi Monas fasilitasnya apo aja? dong kak,ask_facilities
Min harga masuk PIM berapa?,ask_ticket_price
Min hargo masuk PIM brapa?,ask_ticket_price
Fasilitas apa saja di PIM?,ask_facilities
Fsilitas apo aja di PIM?,ask_facilities
Eh Benteng Kuto Besak buka jam berapa?,ask_operating_hours
h Candi Brobudur buk jam berapo?,ask_operating_hours
Mau nanya dong Rekomendasi wisata Palembang dong ya kak,ask_recommendation
Is admission to Al-Munawar Arab Village free?,ask_ticket_price
Is dmission to l-Munawar rab Village free?,ask_ticket_price
Jakabaring Sport City ada tempat istirahat?,ask_facilities
Jakabaring Sprt City ad tmpat istirahat?,ask_facilities
Bang Min kasih tau hidden gems Palembang ya,ask_hidden_gems
Kenapa Ampera terkenal?,ask_destination_info
Knp Ampera terkenal?,ask_destination_info
Permisi Rekomendasi wisata untuk liburan singkat ya,ask_recommendation
Permisi Rekomendasi wisata untuk liburan singkat yo,ask_recommendation
Where is Ampera Bridge?,ask_location_access
whres Ampera Bridge?,ask_location_access
PIM bayar berapa?,ask_ticket_price
PIM bayar berapo?,ask_ticket_price
Min Chatbot nya bagus deh,provide_feedback
Min Chatbot nya mantap deh,provide_feedback
Recommend museums in Palembang,ask_category
Eh Famous places in Palembang? ya kak,ask_recommendation
Eh Famous places in Palmbang? ya kak,ask_recommendation
Permisi Oke makasih kak sangat membantu sih,goodbye
Permisi Oke makasih kak banget membantu sih,goodbye
Kak Chatbot nya bagus dong kak,provide_feedback
Kak Chatbot nya mantap dong kak,provide_feedback
Eh Permisi kak nih,greet
Min Mau tanya dong kak harga tiket Benteng Kuto Besak,ask_ticket_price
Min Mau tanya dong kak hargo tiket Candi Borobudur,ask_ticket_price
Permisi Rekomendasi wisata yang dekat stasiun LRT,ask_lrt_destinations
Maaf mau tanya Min kasih tau hidden gems Palembang ya,ask_hidden_gems
Maf mau tanya Min kasih tau hidden gems Palembang yo,ask_hidden_gems
Jam operasional Hutan Wisata Punti Kayu?,ask_operating_hours
Permisi Kampung Arab Al-Munawar ada di daerah mana? dong kak,ask_location_access
Bang Min tolong saran wisata dong nih,ask_recommendation
Eh Jam operasionalnya? ya kak,ask_operating_hours
Permisi Taxi online di Palembang? dong,ask_unrelated
Permisi kak dong kak,greet
Permisi kak dng kk,greet
Eh Cara daftar CPNS gimana? ya,ask_unrelated
Eh Car daftr CPNS gimana? ya,ask_unrelated
Eh Jelas banget penjelasannya dong,provide_feedback
PIM ada tempat parkir?,ask_facilities
PIM da tempat prkir?,ask_facilities
Wisata tersembunyi di Palembang? dong kak,ask_hidden_gems
Wah makasih infonya lengkap,provide_feedback
Wah maksh infnya lengkp,provide_feedback
Amazing response,provide_feedback
Halo Rekomendasi wisata Palembang dong deh,ask_recommendation
Info lengkap Museum Balaputra Dewa dong,ask_destination_info
Permisi What time does Kampung Kapitan close? deh,ask_operating_hours
Permis What tim does nivrsal Studio close? deh,ask_operating_hours
Min Oke cukup kak makasih banyak ya kak,goodbye
Min Oke cukup kak makasih banyak y kk,goodbye
Oke makasih kak sangat membantu nih,goodbye
Oke makasih kak sekali membantu nih,goodbye
Bang Wisata Palembang yang aesthetic tapi sepi? sih,ask_hidden_gems
Bang Wisata Palembang yang aesthetic tp sepi? sih,ask_hidden_gems
Mau nanya dong What time does Kampung Kapitan close? nih,ask_operating_hours
Mau nanya dong What time does Pantai Kuta close? nih,ask_operating_hours
Things to do in Palembang?,ask_recommendation
Maaf mau tanya Rekomendasi wisata Palembang dong ya,ask_recommendation
Halo Destinasi yang LRT accessible? ya,ask_lrt_destinations
Hal Destins yang LRT accessible? yo,ask_lrt_destinations
Kak What time does Kampung Kapitan close? dong,ask_operating_hours
Kak What time does Danau Toba close? dong,ask_operating_hours
Permisi Makasih sih,goodbye
Permisi Hlo dong,greet
Bayar berapa kalo masuk Palembang Square?,ask_ticket_price
Byar berapa kalo masuk Plembang Squre?,ask_ticket_price
Tess sih,greet
Apakah kamu AI?,ask_unrelated
Permisi Wonderful ya,provide_feedback
Permisi Wonderful yo,provide_feedback
"Bang That's enough, thank you",goodbye
"Bang That's enough, thank u",goodbye
What are the best places to visit in Palembang?,ask_recommendation
What r the best places to visit in Palembang?,ask_recommendation
Bang Tess dong,greet
Bang Tss dong,greet
Mau nanya dong Kamu siapa? ya kak,ask_unrelated
Mau nanya dong Kau siapa? ya kak,ask_unrelated
Halo Palembang punya museum apa? deh,ask_category
Halo Palembang punya museum apo? deh,ask_category
Halo PIM gratis gak sih? dong,ask_ticket_price
5 stars,provide_feedback
Maaf mau tanya Info wisata budaya Palembang dong deh,ask_category
Maaf mau tanya Suka sama jawabannya sih,provide_feedback
Bang Rekomendasi wisata Palembang dong,ask_recommendation
Bang Rekomndasi wisata Palmbang dong,ask_recommendation
Al-Munawar buka sampai malam gak?,ask_operating_hours
l-Mnawr buka sampai malam gak?,ask_operating_hours
Eh Wonderful ya kak,provide_feedback
Eh Wnderful yo kk,provide_feedback
Pulau Kemaro buka setiap hari?,ask_operating_hours
Malioboro buka setiap hari?,ask_operating_hours
Maaf mau tanya Enaknya kemana ya di Palembang? dong,ask_recommendation
Maaf ma tanya Enaknya kemana yo di Palembang? dong,ask_recommendation
Kak Makasih,goodbye
Pagi min,greet
tess,greet
Eh Address of Ampera Bridge? dong kak,ask_location_access
Posisi Monpera dimana ya?,ask_location_access
Posisi Tanah Lot dmna ya?,ask_location_access
Mau nanya dong Tolong kasih tau wisata dekat LRT dong,ask_lrt_destinations
Mau nanya dng Tolong kasih tau wisata dkat LRT dng,ask_lrt_destinations
Berapa ya tiket Kawah Tengkurep?,ask_ticket_price
Brapa ya tiket Kawah Tengkurep?,ask_ticket_price
"Hi, What parks are in Palembang??",ask_category
"Hi, What prks r in Palembang??",ask_category
Rekomendasi wisata yang dekat stasiun LRT ya kak,ask_lrt_destinations
Rekomendsi wsata yang dekat stasiun LRT ya kk,ask_lrt_destinations
Kemana aja bisa naik LRT untuk wisata?,ask_lrt_destinations
Oke bagus,provide_feedback
Oke keren,provide_feedback
Halo Mau ke tempat bersejarah di Palembang ya kak,ask_category
Halo Mau ka tempat bersejarah di Palembang yo kak,ask_category
Bang PIM ada tempat parkir? deh,ask_facilities
Halo Suka sama jawabannya sih,provide_feedback
Kampung Kapitan di mana ya?,ask_location_access
Eh Chatbot nya bagus dong,provide_feedback
Eh Chatbot nya keren dong,provide_feedback
I want to know What should I visit in Palembang??,ask_recommendation
I wanna know What should I visit in Palembang??,ask_recommendation
Bang Alternative tourist spots in Palembang? nih,ask_hidden_gems
Woi,greet
Halo Permisi kak deh,greet
Kak Oke cukup kak makasih banyak dong,goodbye
Kak Ok cukup kak makasih banyak dong,goodbye
Eh Mau ke tempat bersejarah di Palembang ya kak,ask_category
Eh Mau ke tempat bersejarah di Palembang yo kak,ask_category
Halo Wisata apa yang recommended di Palembang? ya kak,ask_recommendation
Halo Wisata p yang recommendd di Palembang? yo kak,ask_recommendation
Min Tourist spots along LRT route? ya,ask_lrt_destinations
Mn Tourist spots along LRT route? ya,ask_lrt_destinations
Permisi Suka deh nih,provide_feedback
What is it?,ask_destination_info
whats it?,ask_destination_info
Permisi That's helpful ya kak,provide_feedback
Permisi Tht's helpful ya kak,provide_feedback
Eh Food tourism in Palembang? deh,ask_category
Any hidden gems to visit? ya,ask_hidden_gems
Any hidden gems to visit? yo,ask_hidden_gems
Alamat lengkap SMB II?,ask_location_access
Al Quran Al Akbar ada area bermain anak?,ask_facilities
Al Quran Al Akbr ada are berman ank?,ask_facilities
Kak Tourist spots along LRT route? nih,ask_lrt_destinations
Tempat makan di sekitar Palembang Icon ada?,ask_facilities
Tempat mamn di sekitr Palembang con ada?,ask_facilities
Mau ke Taman Kebon Rojo bayar berapa?,ask_ticket_price
Mau ke Taman Kebon Rojo bayar berapo?,ask_ticket_price
Al Quran Al Akbar bisa ditempuh pakai apa?,ask_location_access
Al Quran Al Akbar pacak ditempuh pakai apa?,ask_location_access
Min PIM gratis gak sih? ya kak,ask_ticket_price
Min PIM gratis gak sih? yo kak,ask_ticket_price
What's the entrance fee at Kemaro Island?,ask_ticket_price
Min Thank you very much sih,goodbye
Min Thank ya very much sih,goodbye
Kak Info lengkap Punti Kayu dong,ask_destination_info
Kak Info lengkap Central Park dong,ask_destination_info
Maaf mau tanya Min tolong saran wisata dong deh,ask_recommendation
Eh Jadwal kereta api Jakarta? dong kak,ask_unrelated
Masih buka gak ya?,ask_operating_hours
Masih buka gak yo?,ask_operating_hours
Kak Ada wifi di Jembatan Ampera? ya,ask_facilities
Kak Ada wifi di Jembatan Danau Toba? yo,ask_facilities
Halo Food tourism in Palembang? deh,ask_category
Hlo Food tourism in Palembng? deh,ask_category
Min kasih tau hidden gems Palembang ya,ask_hidden_gems
Min kasih tau hidden gems Palembang yo,ask_hidden_gems
I want to know How much is the ticket to Kampung Kapitan? please,ask_ticket_price
I wanna know How much is the ticket to Kampung Kapitan? please,ask_ticket_price
Mau nanya dong LRT friendly tourist destinations? ya kak,ask_lrt_destinations
Mau nanya dong LRT frindly tourist destnatins? y kak,ask_lrt_destinations
Pasar 16 Ilir ada di daerah mana?,ask_location_access
Min Min kasih tau hidden gems Palembang dong kak,ask_hidden_gems
Hey What's the location of Ampera Bridge?,ask_location_access
Min Info lengkap Punti Kayu dong ya kak,ask_destination_info
Min Info lengkap Gunung Bromo dong yo kak,ask_destination_info
Kak Min tolong saran wisata dong deh,ask_recommendation
Min Rekomendasi wisata untuk liburan singkat nih,ask_recommendation
Permisi Rekomendasi wisata Palembang dong nih,ask_recommendation
Permisi Rekomendasi wisata untuk liburan singkat ya kak,ask_recommendation
Permsi Rekomndasi wsata untk liburan singkat ya kak,ask_recommendation
Describe Kambang Iwak Park,ask_destination_info
Describ Kambang Iwak Park,ask_destination_info
Mau nanya dong Oke makasih kak sangat membantu dong,goodbye
Mau nanya dong Oke makasih kak sekali membantu dong,goodbye
Eh Kak ada museum gak di Palembang? dong,ask_category
Info harga tiket Palembang Trade Center dong kak,ask_ticket_price
Pagi-pagi Taman Kambang Iwak Besak sudah buka belum?,ask_operating_hours
Pagi-pagi Taman Gunung Bromo Besak sudah buka belom?,ask_operating_hours
Where is Kambang Iwak Park?,ask_location_access
wheres Ancol Park?,ask_location_access
Hlo,greet
Hl,greet
Jam tutup Pasar 16 Ilir kapan?,ask_operating_hours
Biaya tiket Al Quran Al Akbar berapa kak?,ask_ticket_price
Biaya tiket Monas berapo kak?,ask_ticket_price
Bang Benteng Kuto Besak buka jam berapa? nih,ask_operating_hours
Bang Benteng Kuto Besak buka jam brapa? nih,ask_operating_hours
Mau nanya dong Rekomendasi hidden gems dong kak ya,ask_hidden_gems
Mau nanya dong Rkomendasi hidden gms dong kak yo,ask_hidden_gems
Min Wisata apa yang recommended di Palembang? ya,ask_recommendation
Min Wisata apa yang recommended di Palembang? yo,ask_recommendation
I want to know Do I need to pay to enter Monpera? thanks,ask_ticket_price
I wanna know Do I need to pay to enter Monpera? thanks,ask_ticket_price
Mau nanya dong Ada wifi di Jembatan Ampera? ya kak,ask_facilities
Mau nanya dong Ada wifi di Malioboro? ya kak,ask_facilities
Kak Chatbot nya bagus sih,provide_feedback
Kak Chatbot nya mantap sih,provide_feedback
Eh Tess deh,greet
Nanti tanya lagi ya kak,goodbye
Nanti tanya lagi yo kak,goodbye
Min Ada wifi di Jembatan Ampera? dong,ask_facilities
Min Ada wifi di Jembatan Gunung Bromo? dong,ask_facilities
Kak Kalo hari Sabtu Kawah Tengkurep buka? dong,ask_operating_hours
Min Recipe for chocolate cake?,ask_unrelated
Eh Suka deh ya kak,provide_feedback
Eh Suk deh ya kk,provide_feedback
Min Museum Sultan Mahmud Badaruddin II lokasinya dimana? nih,ask_location_access
Is Punti Kayu Forest free?,ask_ticket_price
Is Tanah Lot Forest free?,ask_ticket_price
Eh Suka deh sih,provide_feedback
Halo Apakah Ampera dekat stasiun LRT?,ask_lrt_destinations
Halo Apakh Ampera dekat stasiun LRT?,ask_lrt_destinations
Recommend cultural tourism in Palembang,ask_category
Recommend cultural tourism in Palembng,ask_category
Bang Jam operasionalnya? ya kak,ask_operating_hours
Bang Jam operasionalnya? yo kak,ask_operating_hours
Oke makasih kak sangat membantu sih,goodbye
Oke makasih kak nian membantu sih,goodbye
Pagi-pagi Ampera sudah buka belum?,ask_operating_hours
Pagi-pagi Ampera sudah buka belom?,ask_operating_hours
Kasih tau dong tentang Amanzi Waterpark,ask_destination_info
Kasih tau dong tentang Amnzi Waterpark,ask_destination_info
Permisi Benteng Kuto Besak buka jam berapa? ya kak,ask_operating_hours
Mau liburan di Palembang kemana ya?,ask_recommendation
Ma libran di Palembang kemna ya?,ask_recommendation
Please Is Kampung Kapitan open in the morning??,ask_operating_hours
Please Is Taman Safari open in the morning??,ask_operating_hours
"Excuse me, What should I visit in Palembang? thanks",ask_recommendation
"xcuse me, Wht should I vist n Palembang? thanks",ask_recommendation
Min Address of Ampera Bridge? sih,ask_location_access
Min Address of Universal Studio Bridge? sih,ask_location_access
Eh Taxi online di Palembang? deh,ask_unrelated
Eh Hidden gems in Palembang? ya,ask_hidden_gems
Mau nanya dong Jelas banget penjelasannya dong kak,provide_feedback
Cara daftar CPNS gimana? nih,ask_unrelated
Kenapa Hutan Wisata Punti Kayu terkenal?,ask_destination_info
Kenpa Hutan Wisata Gunng Bromo terkenal?,ask_destination_info
Tiket masuk Jakabaring berapa?,ask_ticket_price
Tiket masuk Jakabaring berapo?,ask_ticket_price
How much does it cost to enter Jakabaring Sport City?,ask_ticket_price
How much des it cost t enter Jkabaring Sport City?,ask_ticket_price
Kak PIM ada tempat parkir? nih,ask_facilities
Halo kak mau nanya dong,greet
Min Oke cukup kak makasih banyak ya,goodbye
Min Oke cukup kak makasih banyak yo,goodbye
Halo Tourist spots along LRT route?,ask_lrt_destinations
Mau nanya dong Mau tanya dong kak harga tiket Benteng Kuto Besak deh,ask_ticket_price
Recipe for chocolate cake,ask_unrelated
Recpe fr chocolate cake,ask_unrelated
Halo Food tourism in Palembang? dong,ask_category
Please Is Kampung Kapitan open in the morning? please,ask_operating_hours
"Excuse me, Does Jakabaring Sport City have a mosque? please",ask_facilities
"Excuse me, Does Jakabarng Sport City have a mosque? please",ask_facilities
Kak fasilitas PIM apa aja ya?,ask_facilities
Kak fasilitas PIM apo aja ya?,ask_facilities
Mau nanya dong Palembang punya museum apa? dong,ask_category
Mau nanya dong Palembang punya musem apo? dong,ask_category
Kak Numpang tanya dong dong kak,greet
Min Alternative tourist spots in Palembang? deh,ask_hidden_gems
What time does Kampung Kapitan close,ask_operating_hours
What tme does Ancol close,ask_operating_hours
Halo Ada wifi di Jembatan Ampera?,ask_facilities
Halo Ada wifi di Jembatan Tanah Lot?,ask_facilities
Halo Mau ke tempat bersejarah di Palembang sih,ask_category
Hal Mu ke tempat brsejarah di Palembang sih,ask_category
Masjid Cheng Ho ada spot foto gak,ask_facilities
Kak Destinasi yang LRT accessible? ya kak,ask_lrt_destinations
Kak Destinasi yang LRT accessible? yo kak,ask_lrt_destinations
Permisi Tess ya,greet
Permisi Tess yo,greet
Mau ke tempat bersejarah di Palembang nih,ask_category
Mau ka tempat bersejarah di Palembang nih,ask_category
Bang Suka sama jawabannya dong,provide_feedback
Bang Suka sama jawbannya dng,provide_feedback
Details about Benteng Kuto Besak?,ask_destination_info
Maaf mau tanya Apakah Ampera dekat stasiun LRT? dong,ask_lrt_destinations
Maaf mau tanya Museum Balaputra Dewa fasilitasnya apa aja? ya,ask_facilities
Maaf mau tanya Tnah Lot fasiltasnya apo aja? yo,ask_facilities
Cara main saham? nih,ask_unrelated
Dari jam berapa Kawah Tengkurep buka?,ask_operating_hours
Dari jam berapo Kawah Tengkurep buka?,ask_operating_hours
Permisi Destinasi yang dekat stasiun LRT? ya kak,ask_lrt_destinations
Permisi Dstinsi yang dekat stasiun LRT? y kak,ask_lrt_destinations
Bang Bye kak dong,goodbye
What's special about Kambang Iwak Park?,ask_destination_info
What's specil about Kambang Iwak Park?,ask_destination_info
Bang Cara main saham? dong,ask_unrelated
Oke terima kasih,goodbye
Mau nanya dong Tourist spots along LRT route? deh,ask_lrt_destinations
Min Jembatan Ampera di mana ya? dong kak,ask_location_access
Min Candi Prambanan di mana yo? dong kak,ask_location_access
Where can I go by LRT for sightseeing?,ask_lrt_destinations
Min Suka sama jawabannya deh,provide_feedback
Kak Destinasi yang LRT accessible? nih,ask_lrt_destinations
Kak Destinasi yang LRT accssible? nih,ask_lrt_destinations
Famous places in Palembang? ya,ask_recommendation
Famus places in Plembang? yo,ask_recommendation
Permisi Palembang punya museum apa? ya kak,ask_category
Permisi Palembang puny museum apo? ya kak,ask_category
Terima kasih infonya sih,goodbye
Trima kasih infony sih,goodbye
Permisi Apakah Jakabaring gratis? ya kak,ask_ticket_price
Permisi Best destinations in Palembang? sih,ask_recommendation
Permis Best dstinations n Plembang? sh,ask_recommendation
Bang Info jam buka SMB II dong ya kak,ask_operating_hours
Permisi Wisata Palembang yang aesthetic tapi sepi? ya kak,ask_hidden_gems
Permisi Wisata Palembang yang aesthetic tp sepi? ya kak,ask_hidden_gems
Eh Masjid Cheng Ho ada spot foto gak? nih,ask_facilities
Siang kak,greet
Taxi online di Palembang? sih,ask_unrelated
Halo Mau tanya dong kak harga tiket Benteng Kuto Besak nih,ask_ticket_price
Halo Mau tanya dong kak hargo tkt Tanah Lot nih,ask_ticket_price
Wisata tersembunyi di Palembang? dong,ask_hidden_gems
Wsta tersembnyi di Palembang? dong,ask_hidden_gems
Maaf mau tanya Terima kasih infonya,goodbye
Kak Alternative tourist spots in Palembang? dong kak,ask_hidden_gems
Kk Alternative tourist spots in Palembang? dong kk,ask_hidden_gems
Kak Food tourism in Palembang? dong kak,ask_category
Kak Fod torism in Palembng? dong kk,ask_category
Recipe for chocolate cake? dong kak,ask_unrelated
Apa yang menarik dari Amanzi?,ask_destination_info
Apo yang menarik dar Amanzi?,ask_destination_info
Permisi Recipe for chocolate cake? dong,ask_unrelated
Prmisi Recpe for chocolate cake? dong,ask_unrelated
Halo Oke cukup kak makasih banyak,goodbye
Kak Thank you nih,goodbye
Kak Thank u nih,goodbye
Bang Suka sama jawabannya ya,provide_feedback
Bang Suka sama jawabannya yo,provide_feedback
Eh Any hidden gems to visit? nih,ask_hidden_gems
Halo Bye kak sih,goodbye
Eh Hai kak masih aktif? sih,greet
Eh Hai kak msih aktif? sih,greet
Permisi Famous places in Palembang? sih,ask_recommendation
Bang Facilities at Benteng Kuto Besak? nih,ask_facilities
Bang Facilities at Bnteng Kuto Besak? nih,ask_facilities
Museum Sultan Mahmud Badaruddin II lokasinya dimana? ya,ask_location_access
Museum Sultan Mahmud Badaruddin II lokasinya dmana? ya,ask_location_access
Permisi Help me please ya kak,greet
Permisi Help me please yo kak,greet
What's the location of Ampera Bridge? thanks,ask_location_access
What's the location of Menara Eiffel Bridge? thanks,ask_location_access
Permisi Info wisata budaya Palembang dong dong kak,ask_category
Permisi Info wisata budaya Palembng dong dong kak,ask_category
Apa itu cryptocurrency?,ask_unrelated
Apa Pasar 16 Ilir bayar?,ask_ticket_price
Gratis atau bayar?,ask_ticket_price
Maaf mau tanya Ada wifi di Jembatan Ampera? sih,ask_facilities
Maaf mau tanya Ada wifi di Ancol? sih,ask_facilities
Maaf mau tanya Suka deh deh,provide_feedback
Buka setiap hari?,ask_operating_hours
Oke cukup kak makasih banyak?,goodbye
Bang Hidden gems in Palembang? nih,ask_hidden_gems
Cerita sejarah Kampung Kapitan dong,ask_destination_info
Wisata yang paling dekat LRT?,ask_lrt_destinations
Halo Cara daftar CPNS gimana?,ask_unrelated
Maaf mau tanya Ada wifi di Jembatan Ampera? nih,ask_facilities
Kak ada wisata budaya gak di Palembang?,ask_category
Kak ada wisata budya gak di Plembang?,ask_category
What tourism spots are on the LRT line?,ask_lrt_destinations
What tourism spots r on the LRT line?,ask_lrt_destinations
Min Min kasih tau hidden gems Palembang ya kak,ask_hidden_gems
Min Suka sama jawabannya ya,provide_feedback
Mn Suka sama jawbnnya yo,provide_feedback
Bang LRT friendly tourist destinations?,ask_lrt_destinations
"Hello, How much is the ticket to Kampung Kapitan? thanks",ask_ticket_price
"Hello, How much is the ticket to Universal Studio? thanks",ask_ticket_price
Bang Suka deh ya,provide_feedback
Bng Ska dh yo,provide_feedback
Maaf mau tanya Address of Ampera Bridge? deh,ask_location_access
Maf mau tany ddress of Ampera Bridge? dh,ask_location_access
Wonderful sih,provide_feedback
Bisa rekomendasikan tempat wisata?,ask_recommendation
Bis rekomendasikan tempat wsata?,ask_recommendation
Malam,greet
"Hello, Exactly what I needed",provide_feedback
Maaf mau tanya Rekomendasi wisata Palembang dong nih,ask_recommendation
Kak Oke cukup kak makasih banyak sih,goodbye
Kak Oke cukup kk mksih banyak sih,goodbye
Halo Oke makasih kak sangat membantu dong,goodbye
Halo Oke makasih kak sekali membantu dong,goodbye
Permisi Destinasi yang dekat stasiun LRT? dong,ask_lrt_destinations
Permsi Dstinasi yang dekat stasiun LRT? dong,ask_lrt_destinations
Permisi Benteng Kuto Besak buka jam berapa? dong,ask_operating_hours
Permisi Benteng Kuto Besak buka jam berapo? dong,ask_operating_hours
KI itu apa? dong kak,ask_destination_info
KI it apo? dong kk,ask_destination_info
Maaf mau tanya Lesser known attractions in Palembang?,ask_hidden_gems
"Bang That's enough, thank you dong",goodbye
"Bang That's nough, thank ya dong",goodbye
Mau nanya dong BKB itu tempat apa sih? dong,ask_destination_info
Mau nanya dong BKB itu tempat apo sih? dong,ask_destination_info
Halo Destinasi yang LRT accessible? dong kak,ask_lrt_destinations
Halo Destinasi yang LRT ccessible? dong kak,ask_lrt_destinations
Wisata apa yang recommended di Palembang? ya kak,ask_recommendation
Wisata apo yang recommended di Palembang? ya kak,ask_recommendation
Halo Hlo dong kak,greet
Permisi Details about Kambang Iwak Park? dong,ask_destination_info
"Hey, anyone there?",greet
Maaf mau tanya Jembatan Ampera di mana ya? deh,ask_location_access
Maaf mau tanya Gunung Bromo di mana ya? deh,ask_location_access
Permisi Cara main saham? ya kak,ask_unrelated
Maaf mau tanya Info wisata budaya Palembang dong ya,ask_category
Halo Famous places in Palembang? dong kak,ask_recommendation
Hal Famos places in Palembng? dong kak,ask_recommendation
Is admission to Grand Mosque of Palembang free?,ask_ticket_price
Mau nanya dong PIM gratis gak sih? nih,ask_ticket_price
Mau nanya dong PIM grtis gak sh? nih,ask_ticket_price
Min Ada wifi di Jembatan Ampera? nih,ask_facilities
Halo Makasih dong,goodbye
Opening hours for Monpera?,ask_operating_hours
Eh Info lengkap Punti Kayu dong dong kak,ask_destination_info
Eh Info lengkap Pantai Kuta dong dong kak,ask_destination_info
Kak Jelas banget penjelasannya dong kak,provide_feedback
Kak Jelas banget penjelasannya dong kk,provide_feedback
Min Cara main saham? dong kak,ask_unrelated
Min Cr min saham? dong kak,ask_unrelated
Permisi Terima kasih infonya dong,goodbye
Permisi Trima kasih infonya dong,goodbye
Min Best destinations in Palembang? dong,ask_recommendation
I want to know What's the location of Ampera Bridge? please,ask_location_access
I wanna know What's the location of Candi Prambanan Bridge? please,ask_location_access
Mau nanya dong Rekomendasi hidden gems dong kak deh,ask_hidden_gems
Mau nanya dong Address of Ampera Bridge? ya,ask_location_access
Eh Bisa naik LRT ke BKB? nih,ask_lrt_destinations
Eh Bis naik LRT k BKB? nih,ask_lrt_destinations
Lesser known attractions in Palembang? dong,ask_hidden_gems
Min Thank you very much ya kak,goodbye
Min Thank u very much yo kak,goodbye
Mau nanya dong Permisi kak nih,greet
Mau nanya dong Perms kak nih,greet
Suka sama jawabannya deh,provide_feedback
Bang,greet
Ada wifi di Masjid Cheng Ho?,ask_facilities
Eh Help me please ya,greet
Bye for now,goodbye
Permisi Tolong kasih tau wisata dekat LRT dong,ask_lrt_destinations
Eh Tolong kasih tau wisata dekat LRT sih,ask_lrt_destinations
Eh Oke makasih kak sangat membantu nih,goodbye
Eh Oke makasih kak nian membantu nih,goodbye
Jakabaring buka sampai malam gak?,ask_operating_hours
Where is Benteng Kuto Besak located?,ask_location_access
wheres Malioboro located?,ask_location_access
Eh Jembatan Ampera di mana ya? sih,ask_location_access
Eh Raja Ampat di mana yo? sih,ask_location_access
"Maaf mau tanya That's enough, thank you ya kak",goodbye
"Maaf mau tanya That's enough, thank u yo kak",goodbye
Jam buka Masjid Cheng Ho kapan?,ask_operating_hours
Permisi Recipe for chocolate cake? dong kak,ask_unrelated
Permisi Recp for chocolate cke? dong kk,ask_unrelated
Museum Balaputra Dewa buka jam berapa?,ask_operating_hours
Ancol buka jam berapa?,ask_operating_hours
Cara menuju Kampung Arab Al-Munawar gimana?,ask_location_access
Car menuju Kampng Arab l-Mnwar gimn?,ask_location_access
Min Hai kak masih aktif? sih,greet
Mn Hai kk mash aktif? sih,greet
Maaf mau tanya Thank you very much ya,goodbye
Maaf mau tanya Thank ya very much yo,goodbye
Bang Cara daftar CPNS gimana? dong,ask_unrelated
Maaf mau tanya Enaknya kemana ya di Palembang? ya,ask_recommendation
Maaf mau tanya Enaknya kemana y di Palembang? yo,ask_recommendation
Eh Tess nih,greet
h Tess nih,greet
Eh Oke makasih kak sangat membantu sih,goodbye
Eh Oke makasih kak banget membantu sih,goodbye
Bang PIM gratis gak sih? deh,ask_ticket_price
"Permisi That's enough, thank you nih",goodbye
"Permisi That's enough, thank u nih",goodbye
Mau nanya dong What time does Kampung Kapitan close? sih,ask_operating_hours
Mau nanya dong What time does Monas close? sh,ask_operating_hours
Eh Museum Sultan Mahmud Badaruddin II lokasinya dimana? ya,ask_location_access
Eh Museum Sultan Mahmud Badruddin II loksinya dimana? yo,ask_location_access
Bang BKB itu tempat apa sih? dong kak,ask_destination_info
Bang BKB itu tempat apo sih? dong kak,ask_destination_info
Permisi Chatbot nya bagus nih,provide_feedback
Permisi Chatbot nya mantap nih,provide_feedback
"Maaf mau tanya That's enough, thank you ya",goodbye
"Maaf mau tanya That's enough, thank ya yo",goodbye
Mau nanya dong Kamu siapa? nih,ask_unrelated
Mau nanya dong Kau siapa? nih,ask_unrelated
Halo Jembatan Ampera di mana ya? dong,ask_location_access
Halo Jembatan Candi Borobudur di mana yo? dong,ask_location_access
Halo Excellent information ya,provide_feedback
Hal Excellent information ya,provide_feedback
Monpera ada kantin gak?,ask_facilities
Menara Eiffel ada kantin gak?,ask_facilities
Permisi Lesser known attractions in Palembang? dong kak,ask_hidden_gems
Maaf mau tanya Rekomendasi wisata yang dekat stasiun LRT ya kak,ask_lrt_destinations
Eh Rekomendasi wisata untuk liburan singkat deh,ask_recommendation
Eh Rekomendsi wsata untuk liburan singkat deh,ask_recommendation
Eh PIM gratis gak sih? nih,ask_ticket_price
"Hi, Does Jakabaring Sport City have a mosque? thanks",ask_facilities
Kak Destinasi yang dekat stasiun LRT? sih,ask_lrt_destinations
Mau nanya dong Makasih ya,goodbye
Mau nany dong Makasih yo,goodbye
Kampung Kapitan bagus gak?,ask_destination_info
Taman Safari bagus gk?,ask_destination_info
Permisi Masjid Cheng Ho ada spot foto gak? dong kak,ask_facilities
Prmisi Masjd Cheng Ho ada spot foto gk? dong kak,ask_facilities
How far is it?,ask_location_access
Min Suka deh sih,provide_feedback
Min Suka deh sh,provide_feedback
Mau nanya dong Taxi online di Palembang? deh,ask_unrelated
Mau nany dong Taxi nline di Palembang? dh,ask_unrelated
"Hi, How to move on? thanks",ask_unrelated
Permisi Bye kak,goodbye
Permisi Palembang punya museum apa? deh,ask_category
Permisi Palembang punya museum apo? deh,ask_category
Maaf mau tanya Jadwal kereta api Jakarta?,ask_unrelated
Eh LRT friendly tourist destinations? ya kak,ask_lrt_destinations
Eh LRT frendly turist destintions? ya kak,ask_lrt_destinations
Please What facilities are available at Jakabaring Sport City?,ask_facilities
Please What facilities r available at Jakabaring Sport City?,ask_facilities
Oke makasih kak sangat membantu ya,goodbye
Oke makasih kak sekali membntu yo,goodbye
Kak Suka deh deh,provide_feedback
Mau nanya dong Benteng Kuto Besak buka jam berapa?,ask_operating_hours
Kak Hidden gems in Palembang?,ask_hidden_gems
Bang Terima kasih infonya nih,goodbye
Halo Bisa naik LRT ke BKB? ya,ask_lrt_destinations
Halo Pacak naik LRT ka Danau Toba? ya,ask_lrt_destinations
Bang Palembang punya museum apa? ya,ask_category
Bang Mau tanya dong kak harga tiket Benteng Kuto Besak sih,ask_ticket_price
Kak Apakah Ampera dekat stasiun LRT? deh,ask_lrt_destinations
Kak Apakh Amper dkat stsiun LRT? deh,ask_lrt_destinations
Halo saya mau bertanya,greet
Halo sy ma bertanya,greet
Bang Rekomendasi hidden gems dong kak ya,ask_hidden_gems
Bang Cara daftar CPNS gimana? ya kak,ask_unrelated
Bang Cara daftar CPNS gimana? y kak,ask_unrelated
Fasilitas pendukung Ampera?,ask_facilities
Fasilitas pendukung Cndi Prmbanan?,ask_facilities
Jam buka Taman Kambang Iwak Besak kapan?,ask_operating_hours
Jam buka Taman Gunung Bromo Besak kapan?,ask_operating_hours
Seru gak Kampung Arab Al-Munawar?,ask_destination_info
Kak PIM ada tempat parkir? dong kak,ask_facilities
Kak Suka sama jawabannya dong,provide_feedback
Bang Palembang punya museum apa? dong,ask_category
Bang Plmbang punya museum apo? dong,ask_category
Permisi Thank you very much nih,goodbye
Prmis Thank u very much nh,goodbye
Is there an entry fee for Punti Kayu Forest?,ask_ticket_price
Is there an entry fee for Monas Forest?,ask_ticket_price
Kak Jadwal kereta api Jakarta? sih,ask_unrelated
Jakabaring fasilitasnya apa aja?,ask_facilities
Jakabaring fasilitasnya apo aja?,ask_facilities
Eh Destinasi yang dekat stasiun LRT? dong kak,ask_lrt_destinations
Help me please,greet
Halo Suka sama jawabannya,provide_feedback
Price to enter Grand Mosque of Palembang?,ask_ticket_price
Price to entr Grand Mosque of Palembang?,ask_ticket_price
Mau nanya dong Famous places in Palembang? dong kak,ask_recommendation
I want to know What facilities are available at Jakabaring Sport City? please,ask_facilities
I wanna know What facilities r available at Jakabaring Sport City? please,ask_facilities
Kak That's helpful nih,provide_feedback
Eh Museum Balaputra Dewa fasilitasnya apa aja? ya kak,ask_facilities
Eh Raja Ampat fasilitasnya apo aja? yo kak,ask_facilities
Info harga tiket Museum Sultan Mahmud Badaruddin II dong kak,ask_ticket_price
Info hargo tiket Museum Sultan Mahmud Badaruddin II dong kak,ask_ticket_price
Permisi Rekomendasi wisata Palembang dong ya,ask_recommendation
Min Wisata tersembunyi di Palembang? ya,ask_hidden_gems
Min Wisata tersembunyi di Palmbng? yo,ask_hidden_gems
Kak Terima kasih infonya dong kak,goodbye
Min Benteng Kuto Besak buka jam berapa? nih,ask_operating_hours
Min Benteng Kuto Besak buka jam brapa? nih,ask_operating_hours
Cerita sejarah Kemaro dong,ask_destination_info
Bang PIM ada tempat parkir?,ask_facilities
Maaf mau tanya Deskripsi Bukit Siguntang dong,ask_destination_info
Maaf mau tanya Deskripsi Candi Borobudur dong,ask_destination_info
Eh What time does Kampung Kapitan close? sih,ask_operating_hours
Halo Apakah Ampera dekat stasiun LRT? sih,ask_lrt_destinations
Kak Rekomendasi wisata untuk liburan singkat,ask_recommendation
Mau nanya dong That's helpful nih,provide_feedback
Maaf mau tanya Mau tanya dong kak harga tiket Benteng Kuto Besak,ask_ticket_price
Kak Jam operasionalnya? deh,ask_operating_hours
Kak Bisa naik LRT ke BKB? deh,ask_lrt_destinations
Kak Bisa naik LRT ka BKB? deh,ask_lrt_destinations
Maaf mau tanya Kak ada museum gak di Palembang? dong,ask_category
Directions to Al-Munawar Arab Village?,ask_location_access
Opening hours for Punti Kayu Forest?,ask_operating_hours
Opening hours for Candi Prambanan Forest?,ask_operating_hours
Benteng Kuto Besak itu tempat apa sih?,ask_destination_info
Benteng Kuto Bsk it tmpat po sih?,ask_destination_info
Min Resep nasi goreng dong dong,ask_unrelated
Bang Oke makasih kak sangat membantu ya,goodbye
Bang Ok makash kak nin membantu ya,goodbye
Halo Suka deh,provide_feedback
Bang Cara daftar CPNS gimana?,ask_unrelated
Kak Any hidden gems to visit? nih,ask_hidden_gems
Kk Any hdden gems to visit? nih,ask_hidden_gems
Cara masak rendang gimana?,ask_unrelated
Maaf mau tanya Masjid Cheng Ho ada spot foto gak? ya kak,ask_facilities
Min Food tourism in Palembang? ya kak,ask_category
Min Food tourism in Palembang? yo kak,ask_category
Bang Mau ke tempat bersejarah di Palembang,ask_category
Bang Mau ka tempat bersejarah di Palembang,ask_category
enaknya kemana ya di palembang?,ask_recommendation
enaknya kemana yo di palembang?,ask_recommendation
Is Monpera open in the morning?,ask_operating_hours
Is Taman Safari open in the morning?,ask_operating_hours
Museum Balaputra Dewa fasilitasnya apa aja? deh,ask_facilities
Museum Balaputra Dewa fasilitasnya apo aja? deh,ask_facilities
How much is the ticket to Jakabaring Sport City?,ask_ticket_price
Mau nanya dong PIM ada tempat parkir? ya kak,ask_facilities
Permisi saya ingin bertanya,greet
"Hi, can you help me?",greet
"Hi, can u help m?",greet
Eh Tolong kasih tau wisata dekat LRT ya,ask_lrt_destinations
Eh Tolong kasih tau wisat dekat LRT ya,ask_lrt_destinations
Min rekomendasi wisata Palembang apa?,ask_recommendation
Min rekomendasi wisata Palembang apo?,ask_recommendation
Maaf mau tanya Museum Balaputra Dewa fasilitasnya apa aja? dong,ask_facilities
Maaf mau tanya Tnh Lot fasilitasnya pa aja? dong,ask_facilities
Kak Numpang tanya dong sih,greet
Halo Alternative tourist spots in Palembang? dong kak,ask_hidden_gems
Kak Kamu siapa? ya,ask_unrelated
Kak Kamu siap? yo,ask_unrelated
Bang Thank you very much ya kak,goodbye
Bang Thank u very much ya kak,goodbye
Halo Museum Sultan Mahmud Badaruddin II lokasinya dimana? dong,ask_location_access
Hlo Museum Sltn Mahmd Badaruddin  lokasinya diman? dong,ask_location_access
Min Bye kak sih,goodbye
Apa itu OPI Mall?,ask_destination_info
Ticket price for Grand Mosque of Palembang?,ask_ticket_price
Kak Apakah Jakabaring gratis? ya,ask_ticket_price
Kak Apakah Jakabaring gratis? yo,ask_ticket_price
Permisi That's helpful deh,provide_feedback
Mau nanya dong Hlo nih,greet
Oke deh makasih,goodbye
Mau nanya dong Min tolong saran wisata dong,ask_recommendation
Mau nnya dng Min tlong saran wisata dng,ask_recommendation
"Kak That's enough, thank you dong",goodbye
"Kak That's enough, thank u dong",goodbye
Eh Permisi kak dong kak,greet
Eh Kak ada museum gak di Palembang? ya,ask_category
Eh Kak ada museum gak di Palembang? yo,ask_category
Halo Famous places in Palembang?,ask_recommendation
Bang What time does Kampung Kapitan close? sih,ask_operating_hours
Bang What time does Menara Eiffel close? sih,ask_operating_hours
Maaf mau tanya Masjid Cheng Ho ada spot foto gak? deh,ask_facilities
Does Monpera have food stalls?,ask_facilities
Does Taman Safari have food stalls?,ask_facilities
Misi,greet
Halo Any hidden gems to visit? dong,ask_hidden_gems
Museum Balaputra Dewa fasilitasnya apa aja? ya kak,ask_facilities
Mseum Balputra Dw fasilitasnya apo aj? yo kak,ask_facilities
Kak Jembatan Ampera buka jam berapa ya?,ask_operating_hours
Kak Jembatn Pntai Kuta bka jam berapa ya?,ask_operating_hours
Maaf mau tanya Tess ya kak,greet
Maaf mau tanya Tess yo kak,greet
Bang Suka deh sih,provide_feedback
Eh Permisi kak,greet
Permisi Apakah Jakabaring gratis? deh,ask_ticket_price
Permsi Apakah Jakabarng gratis? deh,ask_ticket_price
Sip makasih,goodbye
Permisi Tolong kasih tau wisata dekat LRT deh,ask_lrt_destinations
Mau nanya dong Tourist spots along LRT route? nih,ask_lrt_destinations
Min Naik apa ke Pasar 16 Ilir? dong,ask_location_access
Min Naik apo ka Pasar 16 Ilr? dong,ask_location_access
Mau nanya dong Museum Balaputra Dewa fasilitasnya apa aja? dong kak,ask_facilities
Mau nanya dng Museum Blaputra Dewa fasilitasnya apa aja? dong kak,ask_facilities
Eh Min tolong saran wisata dong dong kak,ask_recommendation
Eh Min tolong saran wisat dong dong kak,ask_recommendation
Permisi Best destinations in Palembang? deh,ask_recommendation
Permisi Best destinations in Palmbang? deh,ask_recommendation
Halo Alternative tourist spots in Palembang? deh,ask_hidden_gems
Hlo Alternative tourist spots in Palembang? deh,ask_hidden_gems
Min Kamu siapa? deh,ask_unrelated
Min Kau siapa? deh,ask_unrelated
BKB itu tempat apa sih? ya,ask_destination_info
BKB itu tempat apa sih? yo,ask_destination_info
Makasih infonya kak,provide_feedback
Salam kenal,greet
Maaf mau tanya Palembang punya museum apa? dong kak,ask_category
Maaf mu tanya Plembang punya museum apa? dong kak,ask_category
Oke deh bye,goodbye
Oke deh by,goodbye
Kak Wisata apa yang recommended di Palembang? dong kak,ask_recommendation
Bisa naik LRT ke BKB? ya,ask_lrt_destinations
Pacak naik LRT ka BKB? yo,ask_lrt_destinations
Min What time does Kampung Kapitan close? ya,ask_operating_hours
Mn What time des Kampung Kapitan close? y,ask_operating_hours
Bang Deskripsi Bukit Siguntang ya kak,ask_destination_info
Bang Kamu siapa? nih,ask_unrelated
How much for Ampera Bridge tickets?,ask_ticket_price
How much for Candi Borobudur Bridge tickets?,ask_ticket_price
Halo kamu cantik,ask_unrelated
"Hi, Do I need to pay to enter Monpera?",ask_ticket_price
"Hi, Do I need to pay to enter Pantai Kuta?",ask_ticket_price
Halo LRT friendly tourist destinations? ya,ask_lrt_destinations
Halo Excellent information sih,provide_feedback
Kak Destinasi yang LRT accessible?,ask_lrt_destinations
Alamat lengkap Amanzi Waterpark?,ask_location_access
"Bang That's enough, thank you deh",goodbye
"Bang That's enough, thank u deh",goodbye
Rekomendasi hidden gems dong kak,ask_hidden_gems
Mau nanya dong Thank you very much,goodbye
Mau nanya dong Thank ya very much,goodbye
Dimana lokasi Amanzi Waterpark?,ask_location_access
Dimana loks Amanzi Waterpark?,ask_location_access
Bang Wonderful,provide_feedback
Bang tiket Hutan Wisata Punti Kayu berapa?,ask_ticket_price
Bang tiket Hutan Wisata Punti Kayu brapa?,ask_ticket_price
Mau nanya dong Wisata tersembunyi di Palembang? ya kak,ask_hidden_gems
Mau nanya dong Wisata tersembunyi di Palembang? y kak,ask_hidden_gems
Permisi Kamu siapa? ya,ask_unrelated
Permisi Kamu siapa? yo,ask_unrelated
Thank you for the information,goodbye
Thank u for the information,goodbye
Halo Hlo,greet
Kak Hlo,greet
Destinasi wisata alam Palembang?,ask_category
Destnasi wisata alam Palembang?,ask_category
Halo Jam operasionalnya? sih,ask_operating_hours
Dari mana ke Masjid Cheng Ho?,ask_location_access
Dar mana ke Masjid Cheng Ho?,ask_location_access
Halo Suka deh sih,provide_feedback
Eh PIM gratis gak sih? dong,ask_ticket_price
Maaf mau tanya Destinasi yang dekat stasiun LRT? ya kak,ask_lrt_destinations
Maaf mau tanya Destinasi yang dekat stasiun LRT? yo kak,ask_lrt_destinations
Min Masjid Cheng Ho ada spot foto gak? dong kak,ask_facilities
Eh Lesser known attractions in Palembang? dong,ask_hidden_gems
Kasih tau dong tentang Bukit Siguntang,ask_destination_info
Kasih tau dong tentang Bukt Siguntang,ask_destination_info
Min Pagi kak ya,greet
Min Pg kak y,greet
Palembang Icon lokasinya dimana?,ask_location_access
Palembang Icon lokasinya dimano?,ask_location_access
Maaf mau tanya Rekomendasi hidden gems dong kak ya,ask_hidden_gems
Sejarahnya gimana?,ask_destination_info
Halo Rekomendasi wisata Palembang dong sih,ask_recommendation
Halo Food tourism in Palembang? dong kak,ask_category
Maaf mau tanya Recipe for chocolate cake?,ask_unrelated
Please Do I need to pay to enter Monpera?,ask_ticket_price
Please Do I need to pay to enter Taman Safari?,ask_ticket_price
Mau nanya dong Best destinations in Palembang? deh,ask_recommendation
Gimana Palembang Icon?,ask_destination_info
Jam operasional Palembang Square?,ask_operating_hours
Jam bukanya kapan?,ask_operating_hours
Mau nanya dong Rekomendasi wisata Palembang dong sih,ask_recommendation
Mau nanya dong Wisata Palembang yang aesthetic tapi sepi? dong,ask_hidden_gems
Min LRT friendly tourist destinations?,ask_lrt_destinations
Halo Wisata tersembunyi di Palembang? ya,ask_hidden_gems
Kampung Arab Al-Munawar ada area bermain anak?,ask_facilities
Gunung Bromo Al-Munawr ada area bermain anak?,ask_facilities
Kak Oke makasih kak sangat membantu sih,goodbye
Kak Oke makasih kak nian membantu sih,goodbye
Min Benteng Kuto Besak buka jam berapa?,ask_operating_hours
Min Menra Eiffel buka jam brapa?,ask_operating_hours
Alamat PIM dimana?,ask_location_access
Ampera jauh gak dari pusat kota?,ask_location_access
Ampera jauh gak dar pust kota?,ask_location_access
Excellent information sih,provide_feedback
Permisi PIM ada tempat parkir? ya kak,ask_facilities
Halo Oke cukup kak makasih banyak ya,goodbye
Apa keunikan Kambang Iwak?,ask_destination_info
Apo keunikan Kambang Iwak?,ask_destination_info
Kak Resep nasi goreng dong ya,ask_unrelated
Kak Resep nasi goreng dong yo,ask_unrelated
"Hello, What should I visit in Palembang? please",ask_recommendation
Eh Hai kak masih aktif? ya kak,greet
Eh Hai kk msih aktif? ya kak,greet
Bang PIM gratis gak sih? ya kak,ask_ticket_price
Kak,greet
How much for Kampung Kapitan tickets?,ask_ticket_price
Hw much for Kampung Kapitan tickets?,ask_ticket_price
List of parks in Palembang?,ask_category
Bang Masjid Cheng Ho ada spot foto gak? nih,ask_facilities
Bng Masjid Cheng H ad spot foto gak? nih,ask_facilities
Museum Sultan Mahmud Badaruddin II bagus gak?,ask_destination_info
Museum Sultan Mahmud Badaruddin II mantap gak?,ask_destination_info
I want to know Is Kampung Kapitan open in the morning? please,ask_operating_hours
I wanna know Is Universal Studio open in the morning? please,ask_operating_hours
What's the ticket price?,ask_ticket_price
Excellent information ya,provide_feedback
Excllent nformation ya,provide_feedback
Bye kak ya kak,goodbye
Halo Jadwal kereta api Jakarta? sih,ask_unrelated
Halo Jadwal kreta api Jakart? sih,ask_unrelated
Halo Rekomendasi wisata untuk liburan singkat ya,ask_recommendation
Ceritakan tentang dinosaurus,ask_unrelated
Kak Chatbot nya bagus ya,provide_feedback
Kak Chtbot nya keren yo,provide_feedback
Cara menuju Jembatan Ampera gimana?,ask_location_access
Cara menuju Jembatan Danau Toba gimana?,ask_location_access
Min Ada wifi di Jembatan Ampera? ya,ask_facilities
Min Ada wifi di Jembatan Ampera? yo,ask_facilities
Maaf mau tanya Bye kak ya kak,goodbye
Maaf mau tanya Bye kak y kak,goodbye
Excellent information ya kak,provide_feedback
xcllent nformatn ya kak,provide_feedback
Maaf mau tanya Destinasi yang LRT accessible? dong kak,ask_lrt_destinations
Maaf mu tanya Dstinasi yang LRT accessible? dong kak,ask_lrt_destinations
Permisi Tess ya kak,greet
Permisi Tess yo kak,greet
Oke thanks,goodbye
Oke thnks,goodbye
Kak Destinasi yang LRT accessible? dong kak,ask_lrt_destinations
Maaf mau tanya Permisi kak,greet
Bang LRT friendly tourist destinations? dong kak,ask_lrt_destinations
Maaf mau tanya Best destinations in Palembang? sih,ask_recommendation
Maaf mau tanya Best destinations in Plembang? sih,ask_recommendation
Bang Jam operasionalnya? sih,ask_operating_hours
Permisi Kak ada museum gak di Palembang?,ask_category
Permisi Bye kak dong kak,goodbye
Bang Bisa naik LRT ke BKB? sih,ask_lrt_destinations
Bang Bis naik LRT ka Candi Prambanan? sih,ask_lrt_destinations
Min Kamu siapa? dong kak,ask_unrelated
Fasilitas apa saja di BKB?,ask_facilities
Fasilitas apa aja di BKB?,ask_facilities
Min Any hidden gems to visit? ya,ask_hidden_gems
Min Any hidden gems to vist? ya,ask_hidden_gems
address of ampera bridge?,ask_location_access
address of Menara Eiffel bridge?,ask_location_access
LRT berhenti dekat wisata mana?,ask_lrt_destinations
Jadwal buka Masjid Cheng Ho kapan ya?,ask_operating_hours
Jadwal buka Masjid Cheng Ho kapan yo?,ask_operating_hours
Palembang Trade Center bisa ditempuh pakai apa?,ask_location_access
Palembang Trade Center pcak ditemph pkai apo?,ask_location_access
Eh Palembang punya museum apa? sih,ask_category
Eh Palembang punya museum apo? sih,ask_category
Permisi Enaknya kemana ya di Palembang? dong,ask_recommendation
Permisi Enaknya kemana yo di Palembang? dong,ask_recommendation
Eh Info lengkap Punti Kayu dong ya kak,ask_destination_info
Min Oke makasih kak sangat membantu deh,goodbye
Min Oke makasih kak banget membantu deh,goodbye
Min Hidden gems in Palembang? ya kak,ask_hidden_gems
Min Hidden gems in Palembang? yo kak,ask_hidden_gems
Permisi Wonderful nih,provide_feedback
Permisi Wonderfl nih,provide_feedback
Min Chatbot nya bagus ya kak,provide_feedback
Min Chatbot nya keren ya kak,provide_feedback
Kak Min kasih tau hidden gems Palembang sih,ask_hidden_gems
Halo Museum Sultan Mahmud Badaruddin II lokasinya dimana? deh,ask_location_access
Halo Museum Sultan Mahmud Badaruddin II lokasinya dmana? deh,ask_location_access
Min Suka deh dong kak,provide_feedback
Halo Deskripsi Bukit Siguntang dong,ask_destination_info
Hal Deskripsi Candi Brobudur dong,ask_destination_info
Bang Oke cukup kak makasih banyak sih,goodbye
Halo Hidden gems in Palembang? deh,ask_hidden_gems
Permisi Mau tanya dong kak harga tiket Benteng Kuto Besak nih,ask_ticket_price
Permisi Mau tanya dong kak harga tiket Central Park nih,ask_ticket_price
"Excuse me, Is Kampung Kapitan open in the morning?",ask_operating_hours
Eh Info wisata budaya Palembang dong ya,ask_category
Eh Info wisata budaya Palembang dong yo,ask_category
SMB ada kantin gak?,ask_facilities
"Halo That's enough, thank you ya",goodbye
"Halo That's enough, thank ya yo",goodbye
Bang LRT friendly tourist destinations? nih,ask_lrt_destinations
Maaf mau tanya Permisi kak dong kak,greet
Halo Masjid Cheng Ho ada spot foto gak? sih,ask_facilities
Min Terima kasih infonya ya kak,goodbye
Min Terima kasih infonya yo kak,goodbye
Kak Jembatan Ampera di mana ya? ya kak,ask_location_access
Kak Malioboro di mana yo? yo kak,ask_location_access
Mau nanya dong Jam operasionalnya? deh,ask_operating_hours
Mau nanya dng Jam operasionalnya? deh,ask_operating_hours
Halo LRT friendly tourist destinations? nih,ask_lrt_destinations
Halo Wonderful,provide_feedback
Permisi Oke makasih kak sangat membantu dong kak,goodbye
Prmisi Ok makasih kak sekli membantu dong kak,goodbye
Eh Hidden gems in Palembang? deh,ask_hidden_gems
Palembang punya masjid apa?,ask_category
Palembang punya masjid apo?,ask_category
Permisi Destinasi yang dekat stasiun LRT? ya,ask_lrt_destinations
Permisi Destinasi yang dekat stasiun LRT? yo,ask_lrt_destinations
Berapa biaya masuk ke Al Quran Al Akbar?,ask_ticket_price
Brapa biaya masuk ke Ancol?,ask_ticket_price
Eh That's helpful dong,provide_feedback
h That's helpful dong,provide_feedback
Do you have feelings?,ask_unrelated
Do u have feelings?,ask_unrelated
Bang Ada wifi di Jembatan Ampera? deh,ask_facilities
Bang Ada wifi di Monas? deh,ask_facilities
Mau nanya dong PIM gratis gak sih?,ask_ticket_price
Min Makasih,goodbye
PIM gratis gak sih? nih,ask_ticket_price
PM gratis gak sih? nh,ask_ticket_price
SMB hari libur buka gak?,ask_operating_hours
Permisi Apakah Ampera dekat stasiun LRT? ya,ask_lrt_destinations
Permisi Apakah Ampera dekat stsiun LRT? yo,ask_lrt_destinations
Kak Min kasih tau hidden gems Palembang deh,ask_hidden_gems
Tiket masuk ke Jakabaring sekarang berapa ya?,ask_ticket_price
Tiket masuk k Jakabaring sekarang berapo ya?,ask_ticket_price
Lokasinya dimana ya?,ask_location_access
Lokasinya dimano yo?,ask_location_access
Masjid Agung Palembang terkenal karena apa?,ask_destination_info
Masjid Agung Palembang terknal karena pa?,ask_destination_info
"Permisi That's enough, thank you deh",goodbye
"Permisi That's enough, thank u deh",goodbye
Bang Wisata tersembunyi di Palembang? deh,ask_hidden_gems
Bang Wista tersmbuny di Palembang? deh,ask_hidden_gems
"Kak That's enough, thank you dong kak",goodbye
"Kak That's enough, thnk ya dong kak",goodbye
Mau nanya dong Benteng Kuto Besak buka jam berapa? ya,ask_operating_hours
Mau nanya dong Benteng Kto Besak buka jam berp? ya,ask_operating_hours
Eh Oke makasih kak sangat membantu ya kak,goodbye
Eh Oke makasih kak nian membantu ya kak,goodbye
Jelas banget penjelasannya nih,provide_feedback
Mau ke Siguntang lewat mana?,ask_location_access
Mau ka Siguntang lewat mana?,ask_location_access
Taxi online di Palembang? nih,ask_unrelated
Best universities in Indonesia?,ask_unrelated
Best universites in Indonesia?,ask_unrelated
Eh Food tourism in Palembang? dong kak,ask_category
Good job,provide_feedback
Masuk Museum Sultan Mahmud Badaruddin II gratis atau bayar?,ask_ticket_price
Bang Recipe for chocolate cake? deh,ask_unrelated
Maaf mau tanya Wisata Palembang yang aesthetic tapi sepi? ya kak,ask_hidden_gems
Maaf mau tanya Wisata Palembang yang aesthetic tapi sepi? yo kak,ask_hidden_gems
Permisi Info lengkap Punti Kayu dong nih,ask_destination_info
Selamat sore,greet
Bang Jembatan Ampera di mana ya?,ask_location_access
Kira-kira harga tiket Siguntang berapa?,ask_ticket_price
Kira-kira hargo tiket Siguntang brapa?,ask_ticket_price
Maaf mau tanya Taxi online di Palembang? ya,ask_unrelated
Maaf mau tany Taxi online di Plembang? yo,ask_unrelated
Kayak apa sih Kambang Iwak?,ask_destination_info
Kayak apa sih Pantai Kuta?,ask_destination_info
Mau nanya dong Enaknya kemana ya di Palembang? sih,ask_recommendation
Mau nanya dong Wisata tersembunyi di Palembang? ya,ask_hidden_gems
Amanzi Waterpark hari libur buka gak?,ask_operating_hours
Amanzi Waterpark hari lbur buka gak?,ask_operating_hours
Min Destinasi wisata sejarah Palembang? ya kak,ask_category
Halo Info lengkap Punti Kayu dong nih,ask_destination_info
Halo Info lengkap Danau Toba dong nih,ask_destination_info
Halo Kak ada museum gak di Palembang? sih,ask_category
Bang Apakah Jakabaring gratis? ya,ask_ticket_price
Bang Apakah Jakabaring gratis? yo,ask_ticket_price
Permisi Destinasi yang LRT accessible? dong kak,ask_lrt_destinations
Dari stasiun LRT bisa ke wisata apa?,ask_lrt_destinations
Dari stasiun LRT bis k wisata ap?,ask_lrt_destinations
Recommend nature tourism in Palembang,ask_category
Bang Benteng Kuto Besak buka jam berapa? ya,ask_operating_hours
Maaf mau tanya Taxi online di Palembang? dong,ask_unrelated
PIM gratis gak sih? ya kak,ask_ticket_price
Any hidden gems to visit? deh,ask_hidden_gems
Permisi What time does Kampung Kapitan close? nih,ask_operating_hours
Kak Tess ya kak,greet
Kak Tess yo kak,greet
Min Numpang tanya dong sih,greet
Eh Jam operasionalnya? dong,ask_operating_hours
Eh Jm operasinalnya? dong,ask_operating_hours
Min Naik apa ke Pasar 16 Ilir? nih,ask_location_access
Min Naik apo ke Pasar 16 Ilir? nih,ask_location_access
Mau nanya dong Makasih deh,goodbye
Halo Apakah Jakabaring gratis? ya kak,ask_ticket_price
Halo Apakah Jakabaring gratis? yo kak,ask_ticket_price
Halo Any hidden gems to visit? deh,ask_hidden_gems
Hlo ny hidden gms t vist? deh,ask_hidden_gems
Kamu siapa? sih,ask_unrelated
Bang Kamu siapa? dong kak,ask_unrelated
Bang Kmu siapa? dong kak,ask_unrelated
Bang Destinasi wisata sejarah Palembang? ya kak,ask_category
Bang Destinasi wisata sejarah Palembang? yo kak,ask_category
Kak Monpera buka jam berapa ya?,ask_operating_hours
Kak Monpera buka jam berapa yo?,ask_operating_hours
Wisata romantis di Palembang?,ask_recommendation
Bang Alternative tourist spots in Palembang? deh,ask_hidden_gems
Bang Alternativ turist spots in Palembang? deh,ask_hidden_gems
Aku bosan,ask_unrelated
Saya bosan,ask_unrelated
Ada wisata kuliner gak di Palembang?,ask_category
Kak Cara daftar CPNS gimana? deh,ask_unrelated
Tiket masuk Jembatan Ampera berapa?,ask_ticket_price
Tiket masuk Jembatan Ampera berapo?,ask_ticket_price
Eh Bisa naik LRT ke BKB? ya,ask_lrt_destinations
Eh Bis nik LRT ka Pantai Kta? yo,ask_lrt_destinations
Permisi Cara main saham? sih,ask_unrelated
Permisi Cara main sham? sih,ask_unrelated
Permisi Help me please dong,greet
Bang Benteng Kuto Besak buka jam berapa? dong kak,ask_operating_hours
Bang Raja mpat buka jam berapa? dong kak,ask_operating_hours
Bang Rekomendasi wisata untuk liburan singkat ya,ask_recommendation
Bang Rekomendasi wisata untuk liburan singkat yo,ask_recommendation
BKB ada tempat parkir?,ask_facilities
Universal Studio ada tempat parkir?,ask_facilities
Mau nanya dong Details about Kambang Iwak Park? dong,ask_destination_info
Mau nanya dong Details about Gunung Bromo Park? dong,ask_destination_info
Maaf mau tanya Min tolong saran wisata dong nih,ask_recommendation
What time does it open?,ask_operating_hours
What time does it pn?,ask_operating_hours
Mau nanya dong Info lengkap Punti Kayu dong,ask_destination_info
Maaf mau tanya Destinasi yang LRT accessible? nih,ask_lrt_destinations
Permisi Hlo nih,greet
Mau nanya dong Hai kak masih aktif? nih,greet
Mau nanya dng Hai kak msh aktif? nih,greet
Permisi Hidden gems in Palembang? ya kak,ask_hidden_gems
Halo Resep nasi goreng dong ya kak,ask_unrelated
Min Resep nasi goreng dong dong kak,ask_unrelated
Kak Min tolong saran wisata dong ya kak,ask_recommendation
Kak Min tolong saran wisata dong yo kak,ask_recommendation
Kak Rekomendasi wisata untuk liburan singkat ya,ask_recommendation
Wonderful dong kak,provide_feedback
Bang Bye kak deh,goodbye
Bang Any hidden gems to visit? ya,ask_hidden_gems
Bang Any hidden gms to visit? ya,ask_hidden_gems
Wisata apa yang recommended di Palembang? ya,ask_recommendation
Wisata apo yang recommended di Palembang? ya,ask_recommendation
Eh KI itu apa? dong kak,ask_destination_info
Eh K itu p? dong kak,ask_destination_info
Halo BKB itu tempat apa sih? ya,ask_destination_info
Halo Universal Studio itu tempat apa sih? yo,ask_destination_info
Tempat wisata bertema budaya Melayu?,ask_category
Tempat wisata bertma budaya Melyu?,ask_category
PIM ada tempat parkir? dong,ask_facilities
Terima kasih infonya ya kak,goodbye
Terima kasih infonya yo kak,goodbye
Permisi Taxi online di Palembang? ya,ask_unrelated
Maaf mau tanya Kak ada museum gak di Palembang? ya kak,ask_category
Maaf mau tanya Kak ada museum gak di Palembang? yo kak,ask_category
Halo Tolong kasih tau wisata dekat LRT nih,ask_lrt_destinations
Halo Museum Sultan Mahmud Badaruddin II lokasinya dimana? ya,ask_location_access
Halo Museum Sultan Mahmud Badaruddin II lokasinya dimano? yo,ask_location_access
Permisi LRT friendly tourist destinations? ya,ask_lrt_destinations
Permisi Rekomendasi wisata Palembang dong ya kak,ask_recommendation
Permisi Rekmendasi wista Palembang dong ya kak,ask_recommendation
Kampung Arab Al-Munawar ada di daerah mana? ya,ask_location_access
Malioboro Al-Munawar ada di daerah mana? yo,ask_location_access
Permisi Rekomendasi wisata untuk liburan singkat,ask_recommendation
Maaf mau tanya Oke makasih kak sangat membantu,goodbye
Maaf mau tanya Oke makasih kak banget membantu,goodbye
Bang Wisata tersembunyi di Palembang? nih,ask_hidden_gems
Bang Wisata tersembunyi di Palembang? nh,ask_hidden_gems
Min Details about Kambang Iwak Park? ya kak,ask_destination_info
Bang Suka sama jawabannya ya kak,provide_feedback
Bang Suka sama jwabnny yo kak,provide_feedback
Saranin wisata di Palembang dong,ask_recommendation
Maaf mau tanya Destinasi yang dekat stasiun LRT? dong,ask_lrt_destinations
Halo Best destinations in Palembang? ya,ask_recommendation
Halo Best destinations in Palembang? yo,ask_recommendation
Kak Famous places in Palembang?,ask_recommendation
Kak Mau ke tempat bersejarah di Palembang ya,ask_category
Kak Mau k tempat bersejarah di Palembang yo,ask_category
Bang Hlo dong,greet
How much for Sultan Mahmud Badaruddin II Museum tickets?,ask_ticket_price
Masjid Cheng Ho ada spot foto gak? dong kak,ask_facilities
Halo Wisata tersembunyi di Palembang? dong,ask_hidden_gems
Hlo Wisat tersembunyi di Palembang? dng,ask_hidden_gems
Permisi Kampung Arab Al-Munawar ada di daerah mana? ya,ask_location_access
Maaf mau tanya Suka deh ya,provide_feedback
Maaf mau tanya Suka deh yo,provide_feedback
Hidden gems in Palembang? dong,ask_hidden_gems
Bang Suka sama jawabannya dong kak,provide_feedback
Bang Bye kak ya,goodbye
Bang Bye kak yo,goodbye
Min BKB itu tempat apa sih? ya,ask_destination_info
Min BKB itu tempat apa sih? y,ask_destination_info
Min Jelas banget penjelasannya dong kak,provide_feedback
Eh Jembatan Ampera di mana ya? deh,ask_location_access
Eh Jembatan Taman Safar di mana yo? deh,ask_location_access
Bang Best destinations in Palembang? ya,ask_recommendation
Eh Kak ada museum gak di Palembang? nih,ask_category
Eh Details about Kambang Iwak Park? sih,ask_destination_info
Eh Details about Central Park Park? sih,ask_destination_info
Halo Facilities at Benteng Kuto Besak? ya,ask_facilities
Hal Facilities at Rja Ampt? ya,ask_facilities
Bang PIM gratis gak sih? nih,ask_ticket_price
What's Kampung Kapitan like?,ask_destination_info
Wht's Candi Borobdur lik?,ask_destination_info
Monpera ada area bermain anak?,ask_facilities
Monpera ad area bermain anak?,ask_facilities
Kasih tau deskripsinya,ask_destination_info
Eh Recipe for chocolate cake? ya kak,ask_unrelated
Halo Kampung Arab Al-Munawar ada di daerah mana? sih,ask_location_access
Halo Menara Eiffel Al-Munawar ada di daerah mana? sih,ask_location_access
Mau nanya dong Makasih,goodbye
Min Best destinations in Palembang? sih,ask_recommendation
Min Best destinatons in Palembang? sh,ask_recommendation
Min BKB itu tempat apa sih? sih,ask_destination_info
Min Ancol itu tempat apa sih? sih,ask_destination_info
"Excuse me, How much is the ticket to Kampung Kapitan? please",ask_ticket_price
"Excuse me, How much is the ticket to Kampung Kapitan? pleas",ask_ticket_price
Eh Tess ya,greet
Eh Tss ya,greet
Min Excellent information ya,provide_feedback
Min Excellent information yo,provide_feedback
Halo Hai kak masih aktif? sih,greet
Mau nanya dong Rekomendasi wisata untuk liburan singkat dong kak,ask_recommendation
Halo Excellent information ya kak,provide_feedback
Min Destinasi wisata sejarah Palembang?,ask_category
Maaf mau tanya Suka deh nih,provide_feedback
Maaf mau tnya Suk deh nih,provide_feedback
Kalo hari Sabtu KI buka?,ask_operating_hours
Rekomendasi wisata Palembang dong deh,ask_recommendation
Rekmendsi wisata Palembang dong deh,ask_recommendation
Benteng Kuto Besak tutup jam berapa?,ask_operating_hours
Benteng Kuto Besak tutup jam brapa?,ask_operating_hours
Eh Mau ke tempat bersejarah di Palembang sih,ask_category
Apa Masjid Agung Palembang bayar?,ask_ticket_price
Apo Ancol Palembang bayar?,ask_ticket_price
Wisata apa yang recommended di Palembang? nih,ask_recommendation
Terima kasih infonya deh,goodbye
Fasilitas Kambang Iwak lengkap gak?,ask_facilities
Fasilitas Danau Toba lengkap gak?,ask_facilities
Bang Destinasi yang dekat stasiun LRT? nih,ask_lrt_destinations
Bang Info lengkap Punti Kayu dong dong,ask_destination_info
Bng Inf lengkap Punt Kyu dong dong,ask_destination_info
Maaf mau tanya Recipe for chocolate cake? deh,ask_unrelated
Bisa naik LRT ke BKB? ya kak,ask_lrt_destinations
Pack naik LRT ke BKB? yo kak,ask_lrt_destinations
Halo Jembatan Ampera di mana ya? dong kak,ask_location_access
Hl Dnau Tba di mana yo? dong kak,ask_location_access
Permisi Bye kak ya,goodbye
Kak Facilities at Benteng Kuto Besak? sih,ask_facilities
Kak Facilities at Danau Toba? sih,ask_facilities
Kak Alternative tourist spots in Palembang? ya,ask_hidden_gems
Kak Alternativ tourist spots in Palembang? ya,ask_hidden_gems
Halo Wisata tersembunyi di Palembang? nih,ask_hidden_gems
Kak Benteng Kuto Besak buka jam berapa? sih,ask_operating_hours
Kak Benteng Kuto Besak buka jam berapo? sih,ask_operating_hours
Kak Ada wifi di Jembatan Ampera? deh,ask_facilities
Kak Ada wifi di Jembatn Ampera? deh,ask_facilities
Kambang Iwak itu tempat apa sih?,ask_destination_info
Menara Eiffel itu tempat apo sih?,ask_destination_info
Kak Rekomendasi wisata Palembang dong nih,ask_recommendation
Kak Rekmendasi wsata Palembang dong nih,ask_recommendation
Eh Chatbot nya bagus ya kak,provide_feedback
Eh Chatbot nya bagus yo kak,provide_feedback
Min Famous places in Palembang? sih,ask_recommendation
rekomendasi wisata yang dekat stasiun lrt,ask_lrt_destinations
Eh Thank you very much dong kak,goodbye
Eh Thank u very much dong kak,goodbye
Kapan sih Palembang Trade Center buka?,ask_operating_hours
Kak Hlo dong kak,greet
Please Is Kampung Kapitan open in the morning? thanks,ask_operating_hours
Please Is Candi Borobudur open in the morning? thanks,ask_operating_hours
best destinations in palembang?,ask_recommendation
best destinatons in palembang?,ask_recommendation
Buka jam berapa?,ask_operating_hours
Buka jam berapo?,ask_operating_hours
Apakah Jakabaring gratis,ask_ticket_price
Maaf mau tanya Info lengkap Punti Kayu dong sih,ask_destination_info
List of nature tourism in Palembang?,ask_category
Good morning,greet
Mau nanya dong Jam operasionalnya? dong,ask_operating_hours
Mau nanya dong Jam oprsionalnya? dong,ask_operating_hours
Maaf mau tanya Apakah Ampera dekat stasiun LRT? ya kak,ask_lrt_destinations
Mau nanya dong Best destinations in Palembang? dong,ask_recommendation
Min Oke cukup kak makasih banyak deh,goodbye
Bang Hidden gems in Palembang? dong kak,ask_hidden_gems
Kak Tolong kasih tau wisata dekat LRT deh,ask_lrt_destinations
Kk Tolong kasih tau wista dekat LRT dh,ask_lrt_destinations
"Eh That's enough, thank you dong kak",goodbye
"Eh That's enough, thank ya dong kak",goodbye
Maaf mau tanya Masjid Cheng Ho ada spot foto gak? dong kak,ask_facilities
Maf mau tanya Masjd Cheng Ho ada spot fto gk? dong kak,ask_facilities
"Excuse me, What should I visit in Palembang?",ask_recommendation
Permisi mau tanya harga tiket Hutan Wisata Punti Kayu,ask_ticket_price
Permisi mau tanya hargo tiket Hutan Wisata Candi Prambanan,ask_ticket_price
Kak Mau ke tempat bersejarah di Palembang ya kak,ask_category
Min Lesser known attractions in Palembang? dong,ask_hidden_gems
Min Lesser known attractions in Palembang? dng,ask_hidden_gems
Min BKB itu tempat apa sih? nih,ask_destination_info
Min Candi Borobudur itu tempat apo sih? nih,ask_destination_info
Can you tell me What's the location of Ampera Bridge? please,ask_location_access
Can u tell me What's the location of Taman Safari Bridge? please,ask_location_access
Bang Thank you very much dong kak,goodbye
Bang Thank u very much dong kak,goodbye
Kak Info wisata budaya Palembang dong ya,ask_category
Kak Info wista budaya Palembang dong y,ask_category
Kak Permisi kak dong kak,greet
Ceritakan tentangnya,ask_destination_info
Certakan tentangnya,ask_destination_info
Bang BKB itu tempat apa sih? ya,ask_destination_info
Bang Danu Toba tu tempat apa sih? y,ask_destination_info
Halo Museum Sultan Mahmud Badaruddin II lokasinya dimana?,ask_location_access
Kak Cara main saham? dong kak,ask_unrelated
Kak Cara main sham? dong kak,ask_unrelated
Min Enaknya kemana ya di Palembang? ya kak,ask_recommendation
Min Enknya kmana yo di Palembang? yo kak,ask_recommendation
Bang Famous places in Palembang? ya kak,ask_recommendation
Bang Famous places in Palembang? yo kak,ask_recommendation
Permisi Info jam buka SMB II dong,ask_operating_hours
Permisi Info jam buka SMB II dng,ask_operating_hours
Halo Rekomendasi wisata untuk liburan singkat,ask_recommendation
Bang Apakah Jakabaring gratis? deh,ask_ticket_price
Eh That's helpful dong kak,provide_feedback
Eh That's hlpfl dong kak,provide_feedback
Apa Taman Kebon Rojo bayar?,ask_ticket_price
Apo Taman Kebon Rojo bayar?,ask_ticket_price
Halo Any hidden gems to visit? ya kak,ask_hidden_gems
Fasilitas umum di Palembang Square apa aja?,ask_facilities
"Eh That's enough, thank you ya kak",goodbye
"Eh That's enough, thank ya ya kak",goodbye
Eh Hlo deh,greet
Eh Hl dh,greet
Mau nanya dong Suka sama jawabannya dong,provide_feedback
Mau nanya dong Suka sama jawbannya dong,provide_feedback
Non-touristy places in Palembang?,ask_hidden_gems
Eh Wonderful deh,provide_feedback
Mau nanya dong Terima kasih infonya nih,goodbye
Halo Info wisata budaya Palembang dong nih,ask_category
Halo nfo wista bday Plembang dng nih,ask_category
Kak Help me please ya,greet
Permisi Kampung Arab Al-Munawar ada di daerah mana? ya kak,ask_location_access
Permisi Raja Ampat Al-Munawar ada di daerah man? yo kak,ask_location_access
Eh Info wisata budaya Palembang dong nih,ask_category
Halo Best destinations in Palembang? nih,ask_recommendation
Bang Tourist spots along LRT route? sih,ask_lrt_destinations
Bng Tourist spots along LRT route? sih,ask_lrt_destinations
Mau nanya dong Jembatan Ampera di mana ya? nih,ask_location_access
Mau nany dong Jmbatan Central Park di mana yo? nih,ask_location_access
Halo Apakah Ampera dekat stasiun LRT? deh,ask_lrt_destinations
Halo Apakah Candi Prmbanan dekat stasiun LRT? deh,ask_lrt_destinations
Apakah Amanzi buka 24 jam?,ask_operating_hours
Maaf mau tanya Mau ke tempat bersejarah di Palembang,ask_category
Maaf mau tanya Mau k tempat bersejarah di Palembang,ask_category
Ada mushola di Monpera?,ask_facilities
Mau nanya dong Min kasih tau hidden gems Palembang ya,ask_hidden_gems
Mau nanya dong Min ksih ta hidden gems Palembang ya,ask_hidden_gems
Bang Oke cukup kak makasih banyak,goodbye
Permisi Thank you very much ya kak,goodbye
Permisi Thank ya very much ya kak,goodbye
OPI Mall buka setiap hari?,ask_operating_hours
OPI Mall buka setiap hri?,ask_operating_hours
Does Punti Kayu Forest have food stalls?,ask_facilities
Maaf mau tanya Recipe for chocolate cake? sih,ask_unrelated
Mau nanya dong Museum Balaputra Dewa fasilitasnya apa aja?,ask_facilities
Eh Any hidden gems to visit? ya kak,ask_hidden_gems
What's cryptocurrency?,ask_unrelated
Eh Mau tanya dong kak harga tiket Benteng Kuto Besak ya,ask_ticket_price
h Mau tanya dong kak hargo tiket Mliobro yo,ask_ticket_price
Jadwal buka Siguntang kapan ya?,ask_operating_hours
Jadwal buka Siguntang kapan yo?,ask_operating_hours
Min alamat Palembang Trade Center apa ya?,ask_location_access
Min alamat Palembang Trade Center apo ya?,ask_location_access
Min Wisata apa yang recommended di Palembang? dong,ask_recommendation
Min Wisata apo yang recommnded di Plembng? dong,ask_recommendation
Maaf mau tanya Best destinations in Palembang? deh,ask_recommendation
Permisi Any hidden gems to visit? nih,ask_hidden_gems
Bang Tess,greet
Permisi Bisa naik LRT ke BKB?,ask_lrt_destinations
Permisi Bis naik LRT ka BKB?,ask_lrt_destinations
Mau nanya dong Recipe for chocolate cake?,ask_unrelated
Mau nanya dong Any hidden gems to visit? ya,ask_hidden_gems
Kak KI itu apa? ya kak,ask_destination_info
Min Rekomendasi hidden gems dong kak deh,ask_hidden_gems
Min Rekomendasi hidden gms dong kak deh,ask_hidden_gems
Taman Kebon Rojo jauh gak dari pusat kota?,ask_location_access
Maaf mau tanya Apakah Jakabaring gratis? sih,ask_ticket_price
"Hello, How much is the ticket to Kampung Kapitan?",ask_ticket_price
"Hello, How much is the ticket to Tanah Lot?",ask_ticket_price
"Hello, What's the location of Ampera Bridge? thanks",ask_location_access
Min Help me please,greet
Kampung Kapitan lokasinya dimana?,ask_location_access
Kampung Kapitan lokasiny dmana?,ask_location_access
Maaf mau tanya Deskripsi Bukit Siguntang ya kak,ask_destination_info
Maaf mau tanya Deskripsi Bukit Siguntang yo kak,ask_destination_info
Ticket price for Monpera?,ask_ticket_price
Ticket price for Monas?,ask_ticket_price
Bang Suka deh nih,provide_feedback
"Kak That's enough, thank you nih",goodbye
"Kak That's enough, thank u nih",goodbye
Maaf mau tanya Tess dong,greet
Hlo sih,greet
Maaf mau tanya Mau tanya dong kak harga tiket Benteng Kuto Besak ya kak,ask_ticket_price
Maaf mau tanya Mau tanya dong kak harga tiket Taman Safari ya kak,ask_ticket_price
Min Kalo hari Sabtu Kawah Tengkurep buka? ya,ask_operating_hours
Mn Kalo hari Sbt Kawah Tengkurep buka? yo,ask_operating_hours
"Hello, How to move on?",ask_unrelated
Min Pagi kak dong,greet
Wisata wisata sejarah di Palembang apa aja?,ask_category
Wisata wisata sejarh di Palmbang ap aja?,ask_category
Min Permisi kak,greet
Ceritakan tentang PIM,ask_destination_info
Permisi Any hidden gems to visit?,ask_hidden_gems
Dari pusat kota ke Benteng Kuto Besak berapa lama?,ask_location_access
Dar pusat kota ke Monas berapa lama?,ask_location_access
Maaf mau tanya Rekomendasi wisata yang dekat stasiun LRT dong kak,ask_lrt_destinations
Thanks kak,goodbye
Bang Famous places in Palembang? dong kak,ask_recommendation
Min Address of Ampera Bridge? deh,ask_location_access
Min Address of Candi Prambanan Bridge? deh,ask_location_access
What makes Grand Mosque of Palembang unique?,ask_destination_info
Maaf mau tanya Kak ada museum gak di Palembang? nih,ask_category
Maaf mu tanya Kak ada musem gak di Palmbang? nih,ask_category
Can you tell me What parks are in Palembang??,ask_category
Can u tell me What parks r in Palembang??,ask_category
Mau nanya dong Bisa naik LRT ke BKB? ya kak,ask_lrt_destinations
Mau nany dong Bis naik LRT k Candi Prambann? y kak,ask_lrt_destinations
Min Kamu siapa? ya,ask_unrelated
Min Kamu siapa? yo,ask_unrelated
Kamu siapa,ask_unrelated
Mau nanya dong Palembang punya museum apa? deh,ask_category
Mau nanya dong Palembang punya museum apo? deh,ask_category
"Hello, Exactly what I needed?",provide_feedback
"Hell, Exactly what I needed?",provide_feedback
Apakah Pasar 16 Ilir buka 24 jam?,ask_operating_hours
Permisi Makasih,goodbye
Halo Tolong kasih tau wisata dekat LRT sih,ask_lrt_destinations
Halo Tolong kasih tau wsata dekat LRT sih,ask_lrt_destinations
Min Food tourism in Palembang? sih,ask_category
Min Fod turism in Palmbang? sih,ask_category
Eh Jembatan Ampera di mana ya? ya,ask_location_access
Eh Jembatan Ampera di mana ya? yo,ask_location_access
Halo Rekomendasi wisata Palembang dong,ask_recommendation
BKB itu tempat apa sih? deh,ask_destination_info
BKB itu tempat apo sih? deh,ask_destination_info
Kak ada wisata sejarah gak di Palembang?,ask_category
Maaf mau tanya LRT friendly tourist destinations? ya,ask_lrt_destinations
Maaf mau tanya LRT friendly tourist destinations? yo,ask_lrt_destinations
Halo Mau ke tempat bersejarah di Palembang ya,ask_category
Halo Mau k tempat bersejarh di Palembang ya,ask_category
Min Destinasi yang LRT accessible? dong,ask_lrt_destinations
Permisi PIM ada tempat parkir? sih,ask_facilities
Min Wisata apa yang recommended di Palembang? dong kak,ask_recommendation
Min Wisata apo yang recommended di Palembang? dong kak,ask_recommendation
Mau nanya dong Wisata tersembunyi di Palembang?,ask_hidden_gems
Halo Taxi online di Palembang? dong,ask_unrelated
Eh Chatbot nya bagus nih,provide_feedback
Min Address of Ampera Bridge? ya,ask_location_access
What are the iconic places in Palembang?,ask_recommendation
What r the conc places in Palembng?,ask_recommendation
Kak Apakah Ampera dekat stasiun LRT? ya kak,ask_lrt_destinations
Kak Apakah Gunung Bromo dekat stasiun LRT? ya kak,ask_lrt_destinations
Permisi Info wisata budaya Palembang dong deh,ask_category
Permisi Info wisata budya Palembang dong deh,ask_category
Kak Excellent information sih,provide_feedback
Eh Min tolong saran wisata dong dong,ask_recommendation
Min LRT friendly tourist destinations? dong kak,ask_lrt_destinations
Hey Is Kampung Kapitan open in the morning? thanks,ask_operating_hours
Can you tell me Is Kampung Kapitan open in the morning?,ask_operating_hours
Cn ya tell me Is Kampung Kapitan open in the morning?,ask_operating_hours
What does it cost to visit Monpera?,ask_ticket_price
What does it cost to visit Tanah Lot?,ask_ticket_price
Bang Alternative tourist spots in Palembang? ya,ask_hidden_gems
Bang Alternative tourist spts in Palembang? yo,ask_hidden_gems
Jadwal buka OPI Mall kapan ya?,ask_operating_hours
That's helpful ya,provide_feedback
Min Mau ke tempat bersejarah di Palembang ya kak,ask_category
Min Mau k tempat bersejarah di Palembang ya kak,ask_category
Benteng Kuto Besak buka jam berapa? ya,ask_operating_hours
Benteng Kuto Besak buka jam brapa? ya,ask_operating_hours
Permisi Kak ada museum gak di Palembang? sih,ask_category
Permisi Lesser known attractions in Palembang? ya,ask_hidden_gems
Halo Wisata tersembunyi di Palembang?,ask_hidden_gems
Hal Wisata trsmbunyi di Palembang?,ask_hidden_gems
Tolong kasih tau wisata dekat LRT deh,ask_lrt_destinations
Mau nanya dong Kampung Arab Al-Munawar ada di daerah mana? nih,ask_location_access
Mau nanya dong Malioboro Al-Munawar ada di daerah mana? nih,ask_location_access
"Eh That's enough, thank you",goodbye
"Eh That's enough, thank u",goodbye
Bisa naik angkot ke Taman Kebon Rojo?,ask_location_access
Pacak naik angkot ka Taman Kebon Rojo?,ask_location_access
Apa Jakabaring bayar?,ask_ticket_price
Best destinations in Palembang? deh,ask_recommendation
Cara daftar CPNS gimana? ya kak,ask_unrelated
Permisi Destinasi wisata sejarah Palembang? nih,ask_category
Museum Balaputra Dewa fasilitasnya apa aja? dong,ask_facilities
Menara Eiffel fasilitasnya apo aja? dong,ask_facilities
Permisi That's helpful ya,provide_feedback
Halo Bye kak deh,goodbye
Eh Alternative tourist spots in Palembang? ya kak,ask_hidden_gems
How to go to Grand Mosque of Palembang?,ask_location_access
Kak Excellent information nih,provide_feedback
Thanks infonya,goodbye
Please How to move on?,ask_unrelated
Halo Details about Kambang Iwak Park? dong kak,ask_destination_info
Kak Cara main saham? dong,ask_unrelated
Permisi Alternative tourist spots in Palembang? deh,ask_hidden_gems
Permisi Alternative tourist spots in Palmbang? deh,ask_hidden_gems
Is there WiFi at Kemaro Island?,ask_facilities
Min Jembatan Ampera di mana ya? ya kak,ask_location_access
Min Jembatan Ancol di mana yo? yo kak,ask_location_access
Eh Tourist spots along LRT route? sih,ask_lrt_destinations
Min Kak ada museum gak di Palembang?,ask_category
Mn Kak da musum gak di Plembang?,ask_category
Mau nanya dong Destinasi yang LRT accessible? dong,ask_lrt_destinations
Mau nanya dong Wonderful sih,provide_feedback
Kak What time does Kampung Kapitan close? dong kak,ask_operating_hours
Maaf mau tanya Hai kak masih aktif? dong kak,greet
Bang What time does Kampung Kapitan close?,ask_operating_hours
5 bintang deh,provide_feedback
"Hi there, I need some information",greet
Ada wifi di Jakabaring?,ask_facilities
Eh Museum Sultan Mahmud Badaruddin II lokasinya dimana? dong,ask_location_access
Eh Museum Sultan Mahmud Badaruddin II lokasinya dimano? dong,ask_location_access
Permisi Address of Ampera Bridge?,ask_location_access
Permisi Address of Candi Prambanan Bridge?,ask_location_access
Mau nanya dong Tolong kasih tau wisata dekat LRT sih,ask_lrt_destinations
Kak Jadwal kereta api Jakarta? deh,ask_unrelated
Kak Jadwal kerta api Jakrta? deh,ask_unrelated
Kak Enaknya kemana ya di Palembang? dong kak,ask_recommendation
Kak Enaknya keman yo di Palembang? dong kak,ask_recommendation
Kak PIM gratis gak sih? nih,ask_ticket_price
Enaknya kemana ya di Palembang,ask_recommendation
Enaknya kemana yo di Palembang,ask_recommendation
Mau nanya dong Food tourism in Palembang? dong,ask_category
Kak Kalo hari Sabtu Kawah Tengkurep buka? ya,ask_operating_hours
Kak Kalo hari Sabtu Kawah Tengkurep buka? yo,ask_operating_hours
Bang Kamu siapa? deh,ask_unrelated
Bang Kau siapa? deh,ask_unrelated
Halo Suka deh deh,provide_feedback
Permisi Palembang punya museum apa? dong kak,ask_category
Mau nanya dong Rekomendasi hidden gems dong kak dong,ask_hidden_gems
Min Rekomendasi hidden gems dong kak dong kak,ask_hidden_gems
Mn Rekomendas hidden gms dng kak dong kak,ask_hidden_gems
Min Excellent information ya kak,provide_feedback
Min Excellent information yo kak,provide_feedback
Eh Min kasih tau hidden gems Palembang dong kak,ask_hidden_gems
Eh Min ksih tau hidden gems Palembang dong kak,ask_hidden_gems
Maaf mau tanya Bye kak dong,goodbye
Halo Apakah Ampera dekat stasiun LRT? nih,ask_lrt_destinations
Halo Apakah Raja Ampat dekat stasiun LRT? nih,ask_lrt_destinations
Must-visit places in Palembang?,ask_recommendation
Must-vist places in Plembng?,ask_recommendation
Halo Permisi kak dong,greet
Eh Jam operasionalnya?,ask_operating_hours
Palembang punya museum apa? sih,ask_category
Palembang pnya musem apo? sih,ask_category
Bang Destinasi yang LRT accessible? nih,ask_lrt_destinations
Kemaro ramah anak gak?,ask_facilities
Permisi BKB itu tempat apa sih? deh,ask_destination_info
Permisi Universal Studio itu tempat apo sih? deh,ask_destination_info
Eh Lesser known attractions in Palembang? ya,ask_hidden_gems
Eh Lesser known attractions in Palembng? ya,ask_hidden_gems
Halo Rekomendasi wisata untuk liburan singkat dong,ask_recommendation
Min Wisata apa yang recommended di Palembang? ya kak,ask_recommendation
Min Wisata apa yang recommended di Palembang? yo kak,ask_recommendation
What's the entry fee for Benteng Kuto Besak?,ask_ticket_price
Maaf mau tanya Destinasi yang LRT accessible? sih,ask_lrt_destinations
Maaf ma tanya Destinasi yang LRT accessible? sih,ask_lrt_destinations
Apa aja fasilitas di sana?,ask_facilities
Apo aja fasilitas di sana?,ask_facilities
Eh Chatbot nya bagus dong kak,provide_feedback
Eh Chatbot nya mantap dong kak,provide_feedback
Bang Cara daftar CPNS gimana? deh,ask_unrelated
Parkiran Kampung Arab Al-Munawar luas gak?,ask_facilities
Parkran Menara Eiffel Al-Munawr luas gak?,ask_facilities
Mau tau tentang Punti Kayu,ask_destination_info
Mau tau tentang Candi Prambanan,ask_destination_info
Min Deskripsi Bukit Siguntang sih,ask_destination_info
Mau nanya dong That's helpful,provide_feedback
Ada rekomendasi wisata gak?,ask_recommendation
Ada rkomendasi wisata gak?,ask_recommendation
Gambar kucing dong,ask_unrelated
Permisi Help me please deh,greet
Permisi Help me plase deh,greet
Min Rekomendasi wisata untuk liburan singkat dong kak,ask_recommendation
Bang tiket Palembang Icon berapa?,ask_ticket_price
Bang tkt Palembang Icn berapa?,ask_ticket_price
Mau nanya dong PIM gratis gak sih? deh,ask_ticket_price
Mau nanya dong PM gratis gk sh? deh,ask_ticket_price
Mau nanya dong Wisata Palembang yang aesthetic tapi sepi?,ask_hidden_gems
Maaf mau tanya Rekomendasi wisata untuk liburan singkat nih,ask_recommendation
Maf mau tny Rkomndasi wisat untuk libran singkat nh,ask_recommendation
How do I get to Jakabaring Sport City?,ask_location_access
How do  get to Jakabring Sport City?,ask_location_access
Maaf mau tanya Kampung Arab Al-Munawar ada di daerah mana? nih,ask_location_access
Maaf mau tanya Taman Safari Al-Munawar ada di daerah mana? nih,ask_location_access
Permisi Destinasi yang LRT accessible? ya,ask_lrt_destinations
Permisi Destinasi yang LRT accessibl? yo,ask_lrt_destinations
Mau tau sejarah Siguntang,ask_destination_info
Bang Facilities at Benteng Kuto Besak? dong,ask_facilities
Bang Facilities at Gunung Bromo? dong,ask_facilities
Hai kak masih aktif?,greet
Mau nanya dong Lesser known attractions in Palembang? dong,ask_hidden_gems
Min Benteng Kuto Besak buka jam berapa? dong,ask_operating_hours
Min Raja Ampat buka jam berapo? dong,ask_operating_hours
Min Tempat wisata murah di Palembang? ya,ask_recommendation
Permisi Info wisata budaya Palembang dong dong,ask_category
Bang Numpang tanya dong sih,greet
Mau nanya dong BKB itu tempat apa sih? nih,ask_destination_info
Kak Famous places in Palembang? nih,ask_recommendation
Kak Famous placs in Palembang? nih,ask_recommendation
Hidden gems in Palembang? dong kak,ask_hidden_gems
Min Lesser known attractions in Palembang? ya kak,ask_hidden_gems
Eh Cara main saham?,ask_unrelated
Halo Mau ke tempat bersejarah di Palembang dong kak,ask_category
Mau nanya dong What time does Kampung Kapitan close? dong kak,ask_operating_hours
Eh Recipe for chocolate cake?,ask_unrelated
Maaf mau tanya Any hidden gems to visit? sih,ask_hidden_gems
Maf mau tany Any hidden gms to vsit? sih,ask_hidden_gems
Permisi Destinasi wisata sejarah Palembang? ya,ask_category
Permisi Destinasi wisata sejarah Palembang? yo,ask_category
Hidden gems in Palembang? deh,ask_hidden_gems
SMB ada di daerah mana?,ask_location_access
KI itu apa?,ask_destination_info
KI itu pa?,ask_destination_info
Bang Rekomendasi wisata Palembang dong ya kak,ask_recommendation
Halo Destinasi wisata sejarah Palembang? dong,ask_category
Kak Rekomendasi wisata Palembang dong ya kak,ask_recommendation
Maaf mau tanya Food tourism in Palembang? ya kak,ask_category
Permisi Pagi kak dong kak,greet
Maaf mau tanya Alternative tourist spots in Palembang? ya,ask_hidden_gems
Maaf mau tanya Kak ada museum gak di Palembang?,ask_category
Maaf mau tany Kak d museum gk di Palembang?,ask_category
Kampung Arab Al-Munawar ada di daerah mana? sih,ask_location_access
Kampung Arab Al-Munawr da di daerah mana? sih,ask_location_access
Weekday SMB II buka jam berapa?,ask_operating_hours
Weekday SMB II buka jam brapa?,ask_operating_hours
Nature spots in Palembang?,ask_category
Min PIM ada tempat parkir? dong kak,ask_facilities
Bang What time does Kampung Kapitan close? ya,ask_operating_hours
Min Recipe for chocolate cake? sih,ask_unrelated
Tes tes,greet
Kak Taxi online di Palembang? sih,ask_unrelated
Min Cara main saham? dong,ask_unrelated
Maaf mau tanya That's helpful nih,provide_feedback
How much is the admission to Kambang Iwak Park?,ask_ticket_price
How much s the admission t Kambang wak Park?,ask_ticket_price
Permisi Resep nasi goreng dong deh,ask_unrelated
Permisi Resep nasi greng dong deh,ask_unrelated
Eh Tess sih,greet
Bang Details about Kambang Iwak Park? dong,ask_destination_info
Bang Details bout Maliobro Park? dong,ask_destination_info
Info jam buka SMB II dong dong kak,ask_operating_hours
Hari ini Kampung Kapitan buka gak ya?,ask_operating_hours
Hari ini Menara Eiffel buka gak yo?,ask_operating_hours
Mau tau sejarah Monpera,ask_destination_info
Kak Min kasih tau hidden gems Palembang ya,ask_hidden_gems
Kak Min kash tau hidden gms Plmbng yo,ask_hidden_gems
Bang Destinasi yang LRT accessible? ya,ask_lrt_destinations
Bang Destinasi yang LRT accessible? yo,ask_lrt_destinations
Min Excellent information dong,provide_feedback
Udah itu aja kak makasih,goodbye
Eh Bisa naik LRT ke BKB?,ask_lrt_destinations
Eh Bis naik LRT k BKB?,ask_lrt_destinations
Jam tutup SMB II kapan?,ask_operating_hours
Jam tutup SMB II kpn?,ask_operating_hours
Dimana lokasi Kawah Tengkurep?,ask_location_access
Mau nanya dong Cara main saham? ya kak,ask_unrelated
Min Destinasi yang dekat stasiun LRT? ya kak,ask_lrt_destinations
Min Destinasi yang dekat stasiun LRT? yo kak,ask_lrt_destinations
Maaf mau tanya Info wisata budaya Palembang dong dong,ask_category
Masjid Cheng Ho ada spot foto gak? ya,ask_facilities
Masjd Cheng Ho ada spot fot gak? yo,ask_facilities
Mau nanya dong Food tourism in Palembang? ya kak,ask_category
Mau nanya dong Food tourism in Palembang? yo kak,ask_category
Kampung Arab Al-Munawar ramah anak gak?,ask_facilities
Raja Ampat Al-Munawar ramah anak gak?,ask_facilities
Kak Pagi kak,greet
Kak Pagi kk,greet
Mau nanya dong LRT friendly tourist destinations? nih,ask_lrt_destinations
Ma nanya dong LRT friendly tourist destintions? nih,ask_lrt_destinations
Min Rekomendasi hidden gems dong kak ya kak,ask_hidden_gems
Does Jakabaring Sport City have a mosque,ask_facilities
Des Jakabring Sport City hve  mosqu,ask_facilities
Maaf mau tanya Makasih dong kak,goodbye
Baiklah terima kasih banyak,goodbye
Info lengkap Punti Kayu dong sih,ask_destination_info
Info lengkap Ancol dong sih,ask_destination_info
Permisi Min kasih tau hidden gems Palembang deh,ask_hidden_gems
Permisi Mn kasih tau hidden gems Plmbang deh,ask_hidden_gems
Permisi Taxi online di Palembang? dong kak,ask_unrelated
Akses ke Palembang Icon mudah gak?,ask_location_access
Akss ke Palembang Icn mudh gak?,ask_location_access
Bang Min tolong saran wisata dong,ask_recommendation
Halo Makasih ya,goodbye
Halo Mkash ya,goodbye
Eh Hlo dong,greet
Eh Hlo dng,greet
Kak Wisata apa yang recommended di Palembang?,ask_recommendation
Bang Thank you very much,goodbye
Bang Thank u very much,goodbye
Masjid Cheng Ho ada spot foto gak? nih,ask_facilities
Siapa BTS?,ask_unrelated
Sipa BTS?,ask_unrelated
Permisi Min tolong saran wisata dong,ask_recommendation
Address of Ampera Bridge? dong kak,ask_location_access
Bang Ada wifi di Jembatan Ampera? ya,ask_facilities
Bang Ada wifi di Jembatan Malioboro? yo,ask_facilities
Bang Resep nasi goreng dong deh,ask_unrelated
Bang Resep nasi goreng dong dh,ask_unrelated
Kak Any hidden gems to visit? ya kak,ask_hidden_gems
Maaf mau tanya Kamu siapa? ya,ask_unrelated
Kak Kalo hari Sabtu Kawah Tengkurep buka? nih,ask_operating_hours
Enaknya kemana ya di Palembang? sih,ask_recommendation
Enaknya kemana yo di Palembang? sih,ask_recommendation
Permisi Cara daftar CPNS gimana? dong,ask_unrelated
Details about Kambang Iwak Park? nih,ask_destination_info
Details about Maliobro Park? nih,ask_destination_info
Mau nanya dong Tolong kasih tau wisata dekat LRT,ask_lrt_destinations
Eh KI itu apa? ya,ask_destination_info
Eh KI itu apa? yo,ask_destination_info
Kak Kamu siapa? nih,ask_unrelated
Bye bye kak,goodbye
Min Tess ya kak,greet
Bang Pagi kak ya,greet
Maaf mau tanya Jam operasionalnya? ya,ask_operating_hours
Maaf mau tanya Jam operasionalnya? yo,ask_operating_hours
Min Apakah Ampera dekat stasiun LRT? dong,ask_lrt_destinations
Mn Apakah Amper dekat stasiun LRT? dong,ask_lrt_destinations
Min Help me please sih,greet
Hari ini Punti Kayu buka gak ya?,ask_operating_hours
Hari ini Punti Kayu buka gak yo?,ask_operating_hours
Arah ke Al Quran Al Akbar gimana?,ask_location_access
Arah k Universal Studio gimana?,ask_location_access
Mau nanya dong KI itu apa? sih,ask_destination_info
Mau nanya dong KI itu apo? sih,ask_destination_info
Thanks,goodbye
Mau nanya dong Info jam buka SMB II dong ya kak,ask_operating_hours
Maaf mau tanya Jam operasionalnya? sih,ask_operating_hours
Mau nanya dong Min tolong saran wisata dong dong,ask_recommendation
Mau nanya dong Mn tolong saran wisat dong dong,ask_recommendation
Permisi Help me please sih,greet
Permsi Help me please sih,greet
Maaf mau tanya Jelas banget penjelasannya ya kak,provide_feedback
Maaf ma tanya Jelas banget penjelasnnya yo kak,provide_feedback
Kak Info lengkap Punti Kayu dong nih,ask_destination_info
Kak nfo lngkap Universal Stdo dong nh,ask_destination_info
Min Tourist spots along LRT route? nih,ask_lrt_destinations
"Hi, What facilities are available at Jakabaring Sport City??",ask_facilities
"Hi, What facilities r available at Jakabaring Sport City??",ask_facilities
Kak Any hidden gems to visit? ya,ask_hidden_gems
Kak Any hiddn gems to visit? ya,ask_hidden_gems
Min Min kasih tau hidden gems Palembang deh,ask_hidden_gems
Min Min kasih tau hidden gems Palmbang deh,ask_hidden_gems
Rekomendasi wisata yang dekat stasiun LRT deh,ask_lrt_destinations
Min Makasih ya,goodbye
Min Makasih yo,goodbye
What time does Ampera Bridge close?,ask_operating_hours
What days is Kambang Iwak Park open?,ask_operating_hours
What days is Malioboro Park open?,ask_operating_hours
Permisi Lesser known attractions in Palembang? sih,ask_hidden_gems
Maaf mau tanya Wonderful nih,provide_feedback
Maaf mau tanya Wonderfl nih,provide_feedback
Permisi Hai kak masih aktif? ya kak,greet
Halo Tolong kasih tau wisata dekat LRT ya,ask_lrt_destinations
Halo Tolong kasih ta wisata dkat LRT yo,ask_lrt_destinations
Min harga masuk Amanzi Waterpark berapa?,ask_ticket_price
Min harg masuk Amanzi Waterpark berapa?,ask_ticket_price
Permisi Masjid Cheng Ho ada spot foto gak? ya kak,ask_facilities
Permisi Masjid Cheng Ho ada spot foto gak? yo kak,ask_facilities
Very helpful,provide_feedback
Permisi Kamu siapa? nih,ask_unrelated
Maaf mau tanya Deskripsi Bukit Siguntang nih,ask_destination_info
Bang Alternative tourist spots in Palembang? dong,ask_hidden_gems
Mau nanya dong Masjid Cheng Ho ada spot foto gak? ya kak,ask_facilities
Mau nanya dong Masjid Cheng Ho ada spot foto gak? yo kak,ask_facilities
Bang KI itu apa? dong,ask_destination_info
Bang KI itu apo? dong,ask_destination_info
Naik apa ke Pasar 16 Ilir?,ask_location_access
Naik apo k Pasar 16 Ilir?,ask_location_access
Rekomendasi wisata yang dekat stasiun LRT sih,ask_lrt_destinations
Kak Kamu siapa? deh,ask_unrelated
Min Min kasih tau hidden gems Palembang dong,ask_hidden_gems
Mn Min kasih tau hdden gems Palembng dong,ask_hidden_gems
Oke makasih kak sangat membantu,goodbye
Oke makasih kak banget membantu,goodbye
Min Makasih dong kak,goodbye
Eh Destinasi yang LRT accessible?,ask_lrt_destinations
Hutan Wisata Punti Kayu ada di daerah mana?,ask_location_access
Hutan Wisata Tanah Lot ada di daerah mana?,ask_location_access
Maaf mau tanya Wisata Palembang yang aesthetic tapi sepi? deh,ask_hidden_gems
Maaf mau tanya Wisata Palembang yang aesthetic tp sepi? deh,ask_hidden_gems
Bang Hlo deh,greet
Eh Jelas banget penjelasannya nih,provide_feedback
Makasih kak,goodbye
Min Info lengkap Punti Kayu dong dong kak,ask_destination_info
Min Info lengkap Candi Borobudur dong dong kak,ask_destination_info
Eh Numpang tanya dong ya kak,greet
"Hi, Exactly what I needed thanks",provide_feedback
"H, Exactly what  needd thanks",provide_feedback
Kawah Tengkurep buka sampai malam gak?,ask_operating_hours
Kawah Tengkurep buka sampi mlam gak?,ask_operating_hours
"Hello, I'm a tourist",greet
Maaf mau tanya Suka sama jawabannya,provide_feedback
Mau nanya dong Ada wifi di Jembatan Ampera? dong kak,ask_facilities
Bang Chatbot nya bagus ya kak,provide_feedback
Maaf mau tanya Taxi online di Palembang? deh,ask_unrelated
Apakah Palembang Icon buka 24 jam?,ask_operating_hours
Info wisata budaya Palembang dong dong kak,ask_category
Wisata sepi tapi bagus di Palembang?,ask_hidden_gems
Wisata sepi tapi keren di Palembang?,ask_hidden_gems
Mau nanya dong Masjid Cheng Ho ada spot foto gak? dong,ask_facilities
Mau nanya dng Masjid Chng Ho ada spot foto gak? dong,ask_facilities
Min harga masuk Kampung Kapitan berapa?,ask_ticket_price
Min hargo masuk Kampung Kapitan brapa?,ask_ticket_price
Apakah Jakabaring gratis? dong kak,ask_ticket_price
Apakah Jkabaring gratis? dong kak,ask_ticket_price
Hari ini KI buka gak ya?,ask_operating_hours
Eh Makasih ya kak,goodbye
Eh Makasih yo kak,goodbye
Mau nanya dong Cara main saham? sih,ask_unrelated
Bang Details about Kambang Iwak Park? nih,ask_destination_info
Bang Detals about Maliobro Park? nih,ask_destination_info
Permisi Hidden gems in Palembang? sih,ask_hidden_gems
Permisi Bye kak deh,goodbye
Kapan Amanzi Waterpark buka?,ask_operating_hours
Kapan manzi Wterpark bk?,ask_operating_hours
Mau nanya dong Chatbot nya bagus sih,provide_feedback
Mau nanya dong Chatbot nya mantap sih,provide_feedback
Can you tell me What facilities are available at Jakabaring Sport City?,ask_facilities
Can u tell me What facilities r available at Jakabaring Sport City?,ask_facilities
Permisi Facilities at Benteng Kuto Besak? ya,ask_facilities
Permisi Facilities at Candi Prambanan? yo,ask_facilities
Bang Rekomendasi wisata untuk liburan singkat dong kak,ask_recommendation
Permisi Info jam buka SMB II dong deh,ask_operating_hours
Permisi Info jam buk SMB I dong deh,ask_operating_hours
Harga tiket masuk Ampera sekarang berapa?,ask_ticket_price
Berapa duit masuk Jakabaring?,ask_ticket_price
Berapo duit masuk Jakabaring?,ask_ticket_price
Cara menuju Amanzi gimana?,ask_location_access
Mau cari museum di Palembang,ask_category
Mau cari mseum di Plembang,ask_category
Halo Apakah Ampera dekat stasiun LRT? dong kak,ask_lrt_destinations
Halo Apakah Ancol dekat stasiun LRT? dong kak,ask_lrt_destinations
Jadwal kereta api Jakarta? ya kak,ask_unrelated
Jadwal kereta api Jakarta? yo kak,ask_unrelated
Halo Cara main saham? ya,ask_unrelated
Halo Cara main saham? yo,ask_unrelated
Bagaimana cara belajar coding?,ask_unrelated
Gimana cara belajar coding?,ask_unrelated
"Kak That's enough, thank you sih",goodbye
"Kak That's enough, thank ya sih",goodbye
Kak Excellent information dong,provide_feedback
Permisi Kak ada museum gak di Palembang? ya,ask_category
Permisi Kak ada museum gak di Palembang? yo,ask_category
"Mau nanya dong That's enough, thank you",goodbye
"Mau nanya dong That's enugh, thank ya",goodbye
Please How to move on? please,ask_unrelated
Lokasi Kawah Tengkurep dimana kak?,ask_location_access
Lokasi Kawah Tengkurep dmana kak?,ask_location_access
Min What time does Kampung Kapitan close? dong,ask_operating_hours
Min What time does Danau Toba close? dong,ask_operating_hours
Halo Mau ke tempat bersejarah di Palembang deh,ask_category
Halo Mau k tempat bersejarah di Palembang deh,ask_category
Kak Address of Ampera Bridge? ya kak,ask_location_access
Kak Address of Ampera Bridge? yo kak,ask_location_access
Halo Hidden gems in Palembang? sih,ask_hidden_gems
Halo Hidden gems in Palembng? sih,ask_hidden_gems
Bang Taxi online di Palembang? deh,ask_unrelated
Bng Txi nline di Palembang? deh,ask_unrelated
Can I take public transport to Kemaro Island?,ask_location_access
Mau nanya dong Details about Kambang Iwak Park? nih,ask_destination_info
Mau nanya dong Dtails about Kambang Iwak Park? nih,ask_destination_info
"Excuse me, What should I visit in Palembang? please",ask_recommendation
Maaf mau tanya Help me please dong kak,greet
Eh Destinasi yang dekat stasiun LRT? deh,ask_lrt_destinations
Punti Kayu buka jam berapa?,ask_operating_hours
Pantai Kuta buka jam berapa?,ask_operating_hours
Bang Chatbot nya bagus sih,provide_feedback
Bang Chatbot nya mantap sih,provide_feedback
What time does Grand Mosque of Palembang open?,ask_operating_hours
Wht time does Grand Mosqe of Palembang pn?,ask_operating_hours
Halo Taxi online di Palembang? dong kak,ask_unrelated
Masuk Taman Kambang Iwak Besak gratis atau bayar?,ask_ticket_price
Msuk Taman Gunung Brmo Besak gratis atau bayar?,ask_ticket_price
Bang Mau ke tempat bersejarah di Palembang deh,ask_category
Info tentang PTC,ask_destination_info
Hari ini Siguntang buka gak ya?,ask_operating_hours
Kak Destinasi wisata sejarah Palembang? ya kak,ask_category
Kak Kampung Arab Al-Munawar ada di daerah mana? dong kak,ask_location_access
Kak Danau Toba Al-Munawar ada di daerah mana? dong kak,ask_location_access
Permisi Help me please nih,greet
Mau nanya dong Info wisata budaya Palembang dong sih,ask_category
Permisi Wisata Palembang yang aesthetic tapi sepi?,ask_hidden_gems
Permisi Wisata Palembang yang aesthetic tp sepi?,ask_hidden_gems
Historical places in Palembang?,ask_category
Halo Tess sih,greet
Halo Tss sih,greet
mau ke tempat bersejarah di palembang,ask_category
Halo Kamu siapa?,ask_unrelated
Hal Kau siapa?,ask_unrelated
Mau nanya dong Mau ke tempat bersejarah di Palembang nih,ask_category
Mau nanya dong Mau ka tempat bersejarah di Palembang nih,ask_category
Maaf mau tanya Makasih ya kak,goodbye
Maaf mau tanya Makasih yo kak,goodbye
Bang Food tourism in Palembang? dong,ask_category
Resep kue bolu?,ask_unrelated
Eh Lesser known attractions in Palembang? nih,ask_hidden_gems
Kak Suka sama jawabannya sih,provide_feedback
Kk Suka sama jawabanny sih,provide_feedback
Min Museum Sultan Mahmud Badaruddin II lokasinya dimana? dong kak,ask_location_access
Min Museum Sultan Mahmud Bdruddn II loksinya dmna? dong kk,ask_location_access
Min Suka deh deh,provide_feedback
Eh Wisata tersembunyi di Palembang?,ask_hidden_gems
Kak Details about Kambang Iwak Park?,ask_destination_info
Permisi KI itu apa? dong,ask_destination_info
Min Wisata Palembang yang aesthetic tapi sepi? dong kak,ask_hidden_gems
Bang Jadwal kereta api Jakarta? nih,ask_unrelated
Bang Jadwal keret api Jakarta? nih,ask_unrelated
Mau tau sejarah Punti Kayu,ask_destination_info
Bang Jam operasionalnya?,ask_operating_hours
Permisi Oke makasih kak sangat membantu ya,goodbye
Permisi Oke makasih kak banget membantu ya,goodbye
Segitu dulu kak thanks,goodbye
Mau nanya dong That's helpful ya,provide_feedback
Permisi Info wisata budaya Palembang dong sih,ask_category
Is Kemaro Island free?,ask_ticket_price
Kapan Museum Balaputra Dewa buka?,ask_operating_hours
Kapan Menara Eiffel buka?,ask_operating_hours
Maaf mau tanya Hidden gems in Palembang?,ask_hidden_gems
I want to know What's the location of Ampera Bridge??,ask_location_access
I wanna know What's the location of Menara Eiffel Bridge??,ask_location_access
Fasilitas pendukung PTC?,ask_facilities
Halo Oke makasih kak sangat membantu ya,goodbye
Halo Oke makasih kak sekali membantu yo,goodbye
Eh Suka deh ya,provide_feedback
Mau nanya dong Wisata Palembang yang aesthetic tapi sepi? sih,ask_hidden_gems
Mau nanya dong Wisata Palembang yang aesthetic tp sepi? sih,ask_hidden_gems
Kak Info jam buka SMB II dong deh,ask_operating_hours
Eh Rekomendasi wisata yang dekat stasiun LRT ya,ask_lrt_destinations
Bang That's helpful dong,provide_feedback
Bang Jelas banget penjelasannya ya,provide_feedback
Bang Jelas bangt penjelasannya yo,provide_feedback
Wah keren infonya,provide_feedback
Maaf mau tanya Wisata tersembunyi di Palembang? deh,ask_hidden_gems
Maaf mau tanya Info wisata budaya Palembang dong dong kak,ask_category
Min Hlo,greet
Kak Mau tanya dong kak harga tiket Benteng Kuto Besak ya,ask_ticket_price
Kak M tanya dong kak harga tkt Bentng Kuto Besk ya,ask_ticket_price
Maaf mau tanya Palembang punya museum apa? ya,ask_category
Maaf mau tanya Palembang punya museum apa? yo,ask_category
Permisi Excellent information ya,provide_feedback
Permisi Excellent information yo,provide_feedback
Kak Help me please sih,greet
Maaf mau tanya Cara daftar CPNS gimana? dong,ask_unrelated
OK thank you,goodbye
OK thank ya,goodbye
Popular tourist spots in Palembang?,ask_recommendation
LRT Palembang lewat wisata mana?,ask_lrt_destinations
Bang Bisa naik LRT ke BKB?,ask_lrt_destinations
Bang Bs naik LRT ke Dana Tob?,ask_lrt_destinations
Is Kampung Kapitan open in the morning? please,ask_operating_hours
Is Kampung Kapitan open in the morning? pleas,ask_operating_hours
Kak Wisata apa yang recommended di Palembang? ya,ask_recommendation
Kak Wisata apa yang recommended di Palembang? yo,ask_recommendation
Eh Kamu siapa? nih,ask_unrelated
Eh Kau siapa? nih,ask_unrelated
Halo Makasih nih,goodbye
Permisi Details about Kambang Iwak Park? ya kak,ask_destination_info
"Excuse me, How to move on?",ask_unrelated
Palembang LRT tourism destinations?,ask_lrt_destinations
Palembang LRT turism destinations?,ask_lrt_destinations
Ada wifi di Jembatan Ampera? dong kak,ask_facilities
Ada wifi di Jembatan Danau Toba? dong kak,ask_facilities
Details about Sultan Mahmud Badaruddin II Museum?,ask_destination_info
What's it like?,ask_destination_info
Maaf mau tanya Suka sama jawabannya deh,provide_feedback
Mau nanya dong LRT friendly tourist destinations? sih,ask_lrt_destinations
Mau nanya dong LRT friendly torist destintions? sih,ask_lrt_destinations
Address of Ampera Bridge? ya,ask_location_access
Addrss of Ampera Brdge? y,ask_location_access
Benteng Kuto Besak buka jam berapa? sih,ask_operating_hours
PIM ada tempat parkir? ya,ask_facilities
Hey Do I need to pay to enter Monpera?,ask_ticket_price
Taman Kebon Rojo mulai buka jam berapa?,ask_operating_hours
Taman Kebon Rojo mulai buka jam brapa?,ask_operating_hours
Eh Info wisata budaya Palembang dong ya kak,ask_category
Eh nfo wisata budaya Palembang dong yo kk,ask_category
Malam min,greet
Halo Taxi online di Palembang? ya,ask_unrelated
Kak PIM ada tempat parkir?,ask_facilities
Halo Info lengkap Punti Kayu dong ya,ask_destination_info
What's the location of Ampera Bridge,ask_location_access
Maaf mau tanya Lesser known attractions in Palembang? ya,ask_hidden_gems
Maaf mau tanya Lesser known attractions in Palembang? yo,ask_hidden_gems
Akses ke Museum Balaputra Dewa mudah gak?,ask_location_access
Can I take public transport to Monpera?,ask_location_access
BKB itu tempat apa sih?,ask_destination_info
Bang Details about Kambang Iwak Park? ya,ask_destination_info
Bang Details about Ancol Park? yo,ask_destination_info
Halo Deskripsi Bukit Siguntang ya kak,ask_destination_info
Halo Deskripsi Bukit Siguntang yo kak,ask_destination_info
Jakabaring aksesnya lewat LRT bisa?,ask_lrt_destinations
Eh Numpang tanya dong dong kak,greet
Eh Numpang tanya dong dong kk,greet
Min Enaknya kemana ya di Palembang? dong,ask_recommendation
Halo Oke cukup kak makasih banyak sih,goodbye
Mau nanya dong Hidden gems in Palembang? sih,ask_hidden_gems
Mau nanya dong Bye kak dong,goodbye
How to make money online?,ask_unrelated
Hw to make mney nline?,ask_unrelated
Halo Destinasi yang dekat stasiun LRT? ya kak,ask_lrt_destinations
Halo Destinasi yang dekat stasiun LRT? yo kak,ask_lrt_destinations
Eh Best destinations in Palembang? ya kak,ask_recommendation
Eh Best destinations in Palembang? yo kak,ask_recommendation
Bang Apakah Jakabaring gratis? sih,ask_ticket_price
Min Cara main saham? sih,ask_unrelated
Weekend Masjid Cheng Ho buka?,ask_operating_hours
Eh Any hidden gems to visit? dong,ask_hidden_gems
Kak Info jam buka SMB II dong nih,ask_operating_hours
Min Pagi kak deh,greet
Kasih tau dong tentang Museum Sultan Mahmud Badaruddin II,ask_destination_info
Kak Hai kak masih aktif? deh,greet
Mau ke BKB bayar berapa?,ask_ticket_price
Ma k Centrl Park bayar brapa?,ask_ticket_price
Min Terima kasih infonya dong kak,goodbye
How much is the ticket to Kampung Kapitan? thanks,ask_ticket_price
How much is the ticket to Universal Studio? thanks,ask_ticket_price
Halo Bisa naik LRT ke BKB? dong,ask_lrt_destinations
Halo Pacak naik LRT ke BKB? dong,ask_lrt_destinations
Mau tanya dong kak harga tiket Benteng Kuto Besak dong kak,ask_ticket_price
Mau tanya dong kak harga tiket Benteng Kto Besk dong kak,ask_ticket_price
Min Lesser known attractions in Palembang? nih,ask_hidden_gems
Mau nanya dong Deskripsi Bukit Siguntang,ask_destination_info
Mau nanya dong Deskripsi Tanah Lot,ask_destination_info
Eh Suka sama jawabannya nih,provide_feedback
Eh Hidden gems in Palembang?,ask_hidden_gems
PIM gratis gak sih? dong,ask_ticket_price
Maaf mau tanya Info wisata budaya Palembang dong sih,ask_category
Maaf mau tanya Info wista buday Palembng dng sih,ask_category
Mau nanya dong PIM gratis gak sih? dong kak,ask_ticket_price
Mau nany dong PIM gratis gak sih? dong kak,ask_ticket_price
Dimana lokasi Jembatan Ampera?,ask_location_access
Dimano lokasi Jembatan Danau Toba?,ask_location_access
Sampai ketemu lagi,goodbye
Fantasy Island ada toilet gak?,ask_facilities
Ada yang aktif?,greet
Mau nanya dong Hlo ya kak,greet
Mau nanya dong Hlo yo kak,greet
Maaf mau tanya Destinasi yang LRT accessible? ya,ask_lrt_destinations
Maaf mau tany Dstinasi yang LRT accessible? ya,ask_lrt_destinations
Mau nanya dong Info wisata budaya Palembang dong ya kak,ask_category
Halo bisa tanya sesuatu?,greet
Halo pacak tanya sesuatu?,greet
Kak Rekomendasi wisata yang dekat stasiun LRT ya,ask_lrt_destinations
Kak Rekomendasi wisata yng dekat stasiun LRT ya,ask_lrt_destinations
Info jam buka SMB II dong ya kak,ask_operating_hours
Inf jam buka SMB II dng ya kak,ask_operating_hours
Halo Thank you very much dong,goodbye
Halo Thank ya very much dong,goodbye
Eh Rekomendasi hidden gems dong kak dong,ask_hidden_gems
What amenities does Monpera offer?,ask_facilities
What amenities does Monas offer?,ask_facilities
Mau nanya dong Rekomendasi wisata Palembang dong dong,ask_recommendation
Cara mengobati flu?,ask_unrelated
Cara mengbati fl?,ask_unrelated
Tiket Pasar 16 Ilir berapa sih?,ask_ticket_price
Tiket Pasar 16 Ilir brapa sih?,ask_ticket_price
Apa yang menarik dari Pasar 16 Ilir?,ask_destination_info
Apo yang menarik dar Pasr 16 Ilir?,ask_destination_info
Kak Info wisata budaya Palembang dong nih,ask_category
Facilities at Kampung Kapitan?,ask_facilities
Facilities at Taman Safari?,ask_facilities
Great bot,provide_feedback
Min Recipe for chocolate cake? dong kak,ask_unrelated
Kak Wonderful,provide_feedback
Kak Oke makasih kak sangat membantu,goodbye
Kak Ok mkasih kak banget membntu,goodbye
How to go to Benteng Kuto Besak?,ask_location_access
How to go to Pantai Kuta?,ask_location_access
jam operasionalnya?,ask_operating_hours
jam operasonalnya?,ask_operating_hours
Min Suka sama jawabannya,provide_feedback
Min Suka sama jawabanny,provide_feedback
Halo Jelas banget penjelasannya ya,provide_feedback
Hal Jelas banget penjlasannya yo,provide_feedback
Mau nanya dong Address of Ampera Bridge? ya kak,ask_location_access
Mau nanya dong Address of Ampera Bridge? yo kak,ask_location_access
Eh Rekomendasi wisata Palembang dong dong,ask_recommendation
Eh Suka sama jawabannya ya kak,provide_feedback
h Suk sama jawabannya ya kak,provide_feedback
Eh Destinasi yang dekat stasiun LRT? nih,ask_lrt_destinations
Eh Destinas yang dkat stasin LRT? nih,ask_lrt_destinations
Selamat malam,greet
Maaf mau tanya Terima kasih infonya dong,goodbye
Fasilitas Ampera lengkap gak?,ask_facilities
Fasiltas Gunung Brom lengkap gk?,ask_facilities
Hay mau nanya,greet
Permisi Rekomendasi wisata yang dekat stasiun LRT dong kak,ask_lrt_destinations
Permisi Rekmndasi wista yang dekat stsiun LRT dong kak,ask_lrt_destinations
Halo PIM ada tempat parkir? deh,ask_facilities
Halo Kamu siapa? ya kak,ask_unrelated
Halo Kau siapa? yo kak,ask_unrelated
Can you tell me How to move on? please,ask_unrelated
Can ya tell me How to move on? please,ask_unrelated
Taman Kebon Rojo ada tempat istirahat?,ask_facilities
Maaf mau tanya Masjid Cheng Ho ada spot foto gak? dong,ask_facilities
Rekomendasi wisata yang dekat stasiun LRT ya,ask_lrt_destinations
Kak Chatbot nya bagus,provide_feedback
Numpang tanya dong dong,greet
Pagi-pagi Kambang Iwak sudah buka belum?,ask_operating_hours
Pagi-pagi Kambang wak dh bka belom?,ask_operating_hours
Berapa biaya masuk ke Kampung Kapitan?,ask_ticket_price
Brapa biaya masuk ka Candi Prambanan?,ask_ticket_price
Eh Kak ada museum gak di Palembang? ya kak,ask_category
Bang Pagi kak,greet
Min Oke makasih kak sangat membantu,goodbye
Min Oke makasih kak nian membantu,goodbye
Maaf mau tanya Suka sama jawabannya dong kak,provide_feedback
Hey What should I visit in Palembang? please,ask_recommendation
Deskripsi Fantasy Island,ask_destination_info
Mau nanya dong Help me please,greet
Mu nanya dong Hlp me please,greet
Kak Any hidden gems to visit? dong,ask_hidden_gems
Kak ny hidden gems to vist? dong,ask_hidden_gems
Mau nanya dong Kamu siapa? ya,ask_unrelated
Mau nanya dong Kau siapa? ya,ask_unrelated
Eh PIM ada tempat parkir? ya,ask_facilities
Eh PIM da tempat parkir? y,ask_facilities
Bang PIM gratis gak sih?,ask_ticket_price
Halo Best destinations in Palembang? dong kak,ask_recommendation
Halo Bst destinations in Palembang? dong kak,ask_recommendation
Maaf mau tanya Museum Balaputra Dewa fasilitasnya apa aja?,ask_facilities
Maaf mau tanya Ancol fasilitasnya apo aja?,ask_facilities
Kak Mau tanya dong kak harga tiket Benteng Kuto Besak nih,ask_ticket_price
Kak Mau tanya dong kak hargo tiket Benteng Kuto Besak nih,ask_ticket_price
Mau nanya dong Suka sama jawabannya dong kak,provide_feedback
Mau nanya dong Suka sma jawbannya dng kak,provide_feedback
Permisi Numpang tanya dong ya,greet
Permisi Numpang tanya dong y,greet
Taman di Palembang ada apa aja?,ask_category
Do I need to pay to enter Kambang Iwak Park?,ask_ticket_price
Do  need to py to enter Tamn Safari Park?,ask_ticket_price
Kak Oke cukup kak makasih banyak nih,goodbye
Kak Oke ckup kak makasih bnyak nh,goodbye
Sampai jumpa,goodbye
Eh Rekomendasi wisata Palembang dong nih,ask_recommendation
Posisi Museum Sultan Mahmud Badaruddin II dimana ya?,ask_location_access
Posisi Museum Sultan Mahmud Badaruddin II dimano ya?,ask_location_access
"Hello, How much is the ticket to Kampung Kapitan??",ask_ticket_price
Mau nanya dong Info jam buka SMB II dong dong kak,ask_operating_hours
Permisi Best destinations in Palembang? ya kak,ask_recommendation
Permsi Best dstinations in Palembang? yo kak,ask_recommendation
Permisi Details about Kambang Iwak Park?,ask_destination_info
Permisi Details bot Taman Safari Park?,ask_destination_info
Min Deskripsi Bukit Siguntang dong kak,ask_destination_info
Min That's helpful dong kak,provide_feedback
Permisi Info lengkap Punti Kayu dong deh,ask_destination_info
Permisi Info lengkap Danau Toba dong deh,ask_destination_info
"Hi, How to move on? please",ask_unrelated
"Hi, Hw to move on? plase",ask_unrelated
Mau nanya dong Info lengkap Punti Kayu dong dong kak,ask_destination_info
Mau nanya dong Info lengkap Monas dong dong kak,ask_destination_info
Eh Help me please,greet
Eh Help me plese,greet
Min Jam operasionalnya? nih,ask_operating_hours
What are the opening hours of Monpera?,ask_operating_hours
What r the opening hours of Pantai Kuta?,ask_operating_hours
Mau nanya dong Famous places in Palembang? dong,ask_recommendation
Mu nanya dong Famous places in Palembang? dong,ask_recommendation
Kak Terima kasih infonya ya kak,goodbye
Kak Terima kasih infonya yo kak,goodbye
Best things to do in Palembang?,ask_recommendation
Best thngs t d n Plembang?,ask_recommendation
Is Benteng Kuto Besak far from the city center?,ask_location_access
Maaf mau tanya Rekomendasi wisata untuk liburan singkat dong kak,ask_recommendation
Maf mu tanya Rekomndsi wsata untk lburan singkt dong kak,ask_recommendation
What days is Punti Kayu Forest open?,ask_operating_hours
Bang Bisa naik LRT ke BKB? dong kak,ask_lrt_destinations
Bang Bis naik LRT k Monas? dng kak,ask_lrt_destinations
Ada wifi di Jembatan Ampera? sih,ask_facilities
Bang Jelas banget penjelasannya dong kak,provide_feedback
Min Terima kasih infonya nih,goodbye
Eh Bisa naik LRT ke BKB? ya kak,ask_lrt_destinations
Eh Bs naik LRT ke BKB? yo kak,ask_lrt_destinations
Bang Chatbot nya bagus deh,provide_feedback
Halo Rekomendasi hidden gems dong kak deh,ask_hidden_gems
Permisi Info jam buka SMB II dong dong kak,ask_operating_hours
Min Wisata apa yang recommended di Palembang? sih,ask_recommendation
Maaf mau tanya That's helpful deh,provide_feedback
Bagaimana cara ke Museum Sultan Mahmud Badaruddin II?,ask_location_access
Cakmano cr k Museum Sltn Mahmud Badruddin ?,ask_location_access
Kak Mau tanya dong kak harga tiket Benteng Kuto Besak sih,ask_ticket_price
Kak Mau tanya dong kak harga tiket Pantai Kuta sih,ask_ticket_price
Kapan piala dunia?,ask_unrelated
Eh Cara daftar CPNS gimana? nih,ask_unrelated
Kak Palembang punya museum apa? sih,ask_category
Kak Palembang punya museum apo? sih,ask_category
Min Destinasi yang dekat stasiun LRT? sih,ask_lrt_destinations
"Excuse me, What parks are in Palembang??",ask_category
"Excuse me, What parks r in Palembang??",ask_category
Kak Tolong kasih tau wisata dekat LRT dong kak,ask_lrt_destinations
Permisi KI itu apa? nih,ask_destination_info
Permisi KI itu apo? nih,ask_destination_info
Maaf mau tanya Numpang tanya dong deh,greet
Min Deskripsi Bukit Siguntang ya,ask_destination_info
Min Deskripsi Malioboro yo,ask_destination_info
Hidden gems in Palembang? nih,ask_hidden_gems
Eh Mau tanya dong kak harga tiket Benteng Kuto Besak dong kak,ask_ticket_price
Location of Grand Mosque of Palembang?,ask_location_access
Mau nanya dong Rekomendasi wisata untuk liburan singkat dong,ask_recommendation
Mau nanya dong Address of Ampera Bridge? nih,ask_location_access
Mau nanya dong Address of Universal Studio Bridge? nih,ask_location_access
Bang Lesser known attractions in Palembang? deh,ask_hidden_gems
Apa bahasa Inggrisnya kucing?,ask_unrelated
Apo bahasa Inggrisnya kucing?,ask_unrelated
Mau nanya dong Permisi kak dong,greet
Mau nany dong Permisi kk dng,greet
Bang Excellent information deh,provide_feedback
Tiket masuk ke Taman Kebon Rojo sekarang berapa ya?,ask_ticket_price
Tiket masuk ka Taman Kebon Rojo sekarng brapa yo?,ask_ticket_price
Halo Hlo dong,greet
Info harga tiket Hutan Wisata Punti Kayu dong kak,ask_ticket_price
Inf hrga tiket Hutan Wista Punti Kyu dong kak,ask_ticket_price
Describe Grand Mosque of Palembang,ask_destination_info
Describ Grand Msque of Plembng,ask_destination_info
What's the location of Kemaro Island?,ask_location_access
Ping,greet
Eh Excellent information ya,provide_feedback
Is BKB near an LRT station?,ask_lrt_destinations
Is Pantai Kuta near an LRT station?,ask_lrt_destinations
Bye kak dong,goodbye
Maaf mau tanya What time does Kampung Kapitan close?,ask_operating_hours
Maaf mau tanya What time does Pantai Kuta close?,ask_operating_hours
Please Is Kampung Kapitan open in the morning?,ask_operating_hours
Kak PIM ada tempat parkir? ya kak,ask_facilities
Kak PIM ada tempat parkir? yo kak,ask_facilities
Maaf mau tanya Hlo,greet
Mf ma tnya Hlo,greet
Al Quran Al Akbar ada spot foto gak?,ask_facilities
Central Park ada spot foto gak?,ask_facilities
Mau nanya dong Terima kasih infonya dong,goodbye
Permisi Info lengkap Punti Kayu dong dong,ask_destination_info
Permis Inf lengkap Punt Kyu dong dong,ask_destination_info
Wisata yang paling sering dikunjungi?,ask_recommendation
Wisata yang paling sring diknjungi?,ask_recommendation
Bang Palembang punya museum apa?,ask_category
Bang Palembang punya museum apo?,ask_category
Permisi Pagi kak ya kak,greet
Permisi Pagi kak yo kak,greet
Rekomendasi wisata Palembang dong sih,ask_recommendation
Min Suka deh dong,provide_feedback
Halo Chatbot nya bagus dong,provide_feedback
Halo Chatbot nya mantap dong,provide_feedback
Can you tell me How much is the ticket to Kampung Kapitan??,ask_ticket_price
Can ya tell me How much is the ticket to Kampung Kapitan??,ask_ticket_price
Min Apakah Jakabaring gratis? sih,ask_ticket_price
Halo Min tolong saran wisata dong sih,ask_recommendation
Hal Min tolng sran wisata dong sih,ask_recommendation
Wonderful nih,provide_feedback
Mau nanya dong LRT friendly tourist destinations? dong kak,ask_lrt_destinations
Apakah Jakabaring gratis? nih,ask_ticket_price
Jam tutup KI kapan?,ask_operating_hours
Jam tutup KI kapn?,ask_operating_hours
Misi nanya dong,greet
Kak Hai kak masih aktif? ya kak,greet
Min Taxi online di Palembang? ya kak,ask_unrelated
Min Taxi online di Palembang? yo kak,ask_unrelated
Bang Suka deh deh,provide_feedback
Kak Tempat wisata murah di Palembang? sih,ask_recommendation
Kak fasilitas Kampung Arab Al-Munawar apa aja ya?,ask_facilities
Kak fasilitas Kampung Arab Al-Munawar apo aja yo?,ask_facilities
Min Any hidden gems to visit?,ask_hidden_gems
Responnya cepat ya,provide_feedback
Kak Info lengkap Punti Kayu dong dong,ask_destination_info
Min Mau ke tempat bersejarah di Palembang sih,ask_category
Min Mau ka tempat bersejarah di Palembang sih,ask_category
Permisi Palembang punya museum apa? dong,ask_category
Prmisi Plembang punya museum apo? dong,ask_category
Eh Destinasi wisata sejarah Palembang?,ask_category
Any religious tourism in Palembang?,ask_category
Destinasi yang LRT accessible? deh,ask_lrt_destinations
Destinasi yang LRT accssible? deh,ask_lrt_destinations
Eh Address of Ampera Bridge? ya kak,ask_location_access
Eh Address of Ampera Bridge? yo kak,ask_location_access
Mau nanya dong Kak ada museum gak di Palembang?,ask_category
Bang Suka sama jawabannya deh,provide_feedback
Mau nanya dong Famous places in Palembang? ya,ask_recommendation
Mau nanya dong Famous places in Palembang? yo,ask_recommendation
Mau nanya dong Jadwal kereta api Jakarta? sih,ask_unrelated
Keren,provide_feedback
Min Jelas banget penjelasannya deh,provide_feedback
Maaf mau tanya Jam operasionalnya? dong kak,ask_operating_hours
Maaf ma tanya Jam operasnalnya? dng kak,ask_operating_hours
Maaf mau tanya Rekomendasi wisata Palembang dong dong kak,ask_recommendation
Maaf mau tanya Rekomndasi wisata Palembang dong dng kak,ask_recommendation
Min Wisata Palembang yang aesthetic tapi sepi? nih,ask_hidden_gems
Min Wisata Palembang yang aesthetic tp sepi? nih,ask_hidden_gems
Maaf mau tanya Apakah Jakabaring gratis? ya kak,ask_ticket_price
Maf mau tanya Apakah Jkabaring gratis? ya kak,ask_ticket_price
Permisi Hai kak masih aktif? ya,greet
Permisi Hai kak masih aktif? yo,greet
Permisi kak sih,greet
Maaf mau tanya Thank you very much nih,goodbye
Maaf mau tanya Thank u very much nih,goodbye
Fasilitas pendukung Siguntang?,ask_facilities
Faslitas pendukung Signtang?,ask_facilities
Eh Help me please nih,greet
Bang Destinasi wisata sejarah Palembang? dong,ask_category
Permisi Jadwal kereta api Jakarta? dong,ask_unrelated
Mau nanya dong Tolong kasih tau wisata dekat LRT nih,ask_lrt_destinations
Mau nnya dong Tolng ksih tau wista dekt LRT nih,ask_lrt_destinations
Permisi Museum Balaputra Dewa fasilitasnya apa aja? ya,ask_facilities
Permisi Raja Ampat fasilitasnya apa aja? ya,ask_facilities
Halo Jam operasionalnya? deh,ask_operating_hours
Please What facilities are available at Jakabaring Sport City? please,ask_facilities
Please What facilities r available at Jakabaring Sport City? please,ask_facilities
Exactly what I needed please,provide_feedback
Bang Lesser known attractions in Palembang? dong,ask_hidden_gems
Bang Terima kasih infonya dong,goodbye
PIM ada di daerah mana?,ask_location_access
PIM ada d daerah mana?,ask_location_access
Halo Any hidden gems to visit? sih,ask_hidden_gems
Info harga tiket Al Quran Al Akbar dong kak,ask_ticket_price
Info hargo tiket Al Quran Al Akbar dong kak,ask_ticket_price
"Min That's enough, thank you sih",goodbye
"Min That's enough, thank u sih",goodbye
Bang Jembatan Ampera di mana ya? nih,ask_location_access
Bang Jembatan Ampera di mana yo? nih,ask_location_access
Kak Destinasi wisata sejarah Palembang? nih,ask_category
Kak Recipe for chocolate cake? ya,ask_unrelated
Kak Recipe for chocolate cake? yo,ask_unrelated
Min Mau ke tempat bersejarah di Palembang,ask_category
Halo Mau tanya dong kak harga tiket Benteng Kuto Besak deh,ask_ticket_price
Alamat lengkap Pasar 16 Ilir?,ask_location_access
Almt lengkap Pasar 16 lir?,ask_location_access
Wisata Palembang yang aesthetic tapi sepi? nih,ask_hidden_gems
Wisata Palembang yang aesthetic tp sepi? nih,ask_hidden_gems
Min Info lengkap Punti Kayu dong sih,ask_destination_info
"Hello, Does Jakabaring Sport City have a mosque?",ask_facilities
Bot nya pintar ya,provide_feedback
Bot nya pintar yo,provide_feedback
Jadwal kereta api Jakarta?,ask_unrelated
Info lebih lanjut dong,ask_destination_info
Halo Info jam buka SMB II dong ya,ask_operating_hours
Kak Jembatan Ampera di mana ya? ya,ask_location_access
Kak Jembatan Ampera di mana yo? ya,ask_location_access
Fasilitas umum di Bukit Siguntang apa aja?,ask_facilities
Faslts mum di Bukit Siguntang apa ja?,ask_facilities
Maaf mau tanya Benteng Kuto Besak buka jam berapa? dong kak,ask_operating_hours
Maaf mau tanya Pantai Kuta buka jam brapa? dong kak,ask_operating_hours
Maaf mau tanya Enaknya kemana ya di Palembang?,ask_recommendation
Maaf mau tanya Enaknya kemana yo di Palembang?,ask_recommendation
Top wisata Palembang?,ask_recommendation
Info fasilitas Fantasy Island dong,ask_facilities
Bang KI itu apa? dong kak,ask_destination_info
Bang KI itu pa? dng kak,ask_destination_info
Min Tempat wisata murah di Palembang? ya kak,ask_recommendation
Min Tmpat wisata murh di Palmbang? y kak,ask_recommendation
Bang Jadwal kereta api Jakarta? dong kak,ask_unrelated
Oke cukup kak makasih banyak dong kak,goodbye
Maaf mau tanya Jelas banget penjelasannya dong,provide_feedback
Do I need to pay to enter Sultan Mahmud Badaruddin II Museum?,ask_ticket_price
Maaf mau tanya Cara daftar CPNS gimana? ya kak,ask_unrelated
Min Destinasi yang dekat stasiun LRT?,ask_lrt_destinations
Bang Lesser known attractions in Palembang?,ask_hidden_gems
Mau nanya dong Destinasi yang dekat stasiun LRT? dong,ask_lrt_destinations
Min Chatbot nya bagus nih,provide_feedback
Min Chatbot nya mantap nih,provide_feedback
Wisata murah yang bisa naik LRT?,ask_lrt_destinations
Wisata murah yang pacak naik LRT?,ask_lrt_destinations
Halo siapa di sini?,greet
How to learn programming?,ask_unrelated
"Permisi That's enough, thank you sih",goodbye
"Permisi That's enough, thank ya sih",goodbye
Bang Taxi online di Palembang? sih,ask_unrelated
Kak ada museum gak di Palembang? sih,ask_category
Kak ada museum gak d Palembang? sih,ask_category
Mau nanya dong Destinasi wisata sejarah Palembang?,ask_category
Min Bye kak ya kak,goodbye
Min Permisi kak deh,greet
Mau nanya dong Any hidden gems to visit? sih,ask_hidden_gems
Permisi Makasih dong kak,goodbye
Maaf mau tanya Wisata apa yang recommended di Palembang? dong,ask_recommendation
Maaf mau tany Wisata apo yang recommendd di Palembang? dong,ask_recommendation
Tourist spots along LRT route? deh,ask_lrt_destinations
Apa itu machine learning?,ask_unrelated
Apa tu machine learning?,ask_unrelated
1+1 berapa?,ask_unrelated
1+1 berapo?,ask_unrelated
Bang Wisata apa yang recommended di Palembang? dong kak,ask_recommendation
Eh Enaknya kemana ya di Palembang? ya kak,ask_recommendation
Eh Enaknya kemana y di Palembang? ya kak,ask_recommendation
Info harga tiket PTC dong kak,ask_ticket_price
Info hargo tiket PTC dong kak,ask_ticket_price
Min Apakah Jakabaring gratis? ya,ask_ticket_price
Min Apakah Jakabaring gratis? yo,ask_ticket_price
Does Punti Kayu Forest open every day?,ask_operating_hours
Permisi Mau ke tempat bersejarah di Palembang dong,ask_category
Kak That's helpful,provide_feedback
Kak Thank you very much nih,goodbye
Kak Thank ya very much nih,goodbye
Details about Kambang Iwak Park? deh,ask_destination_info
Details about Gunung Bromo Park? deh,ask_destination_info
Permisi Excellent information dong,provide_feedback
Prmisi Excellent informatin dong,provide_feedback
Kak That's helpful ya,provide_feedback
Tolong kasih tau wisata dekat LRT?,ask_lrt_destinations
Kak Naik apa ke Pasar 16 Ilir? dong,ask_location_access
Kk Nik apa ka Pasar 16 lr? dng,ask_location_access
Bang Deskripsi Bukit Siguntang nih,ask_destination_info
Min Info jam buka SMB II dong deh,ask_operating_hours
Permisi Address of Ampera Bridge? nih,ask_location_access
Permisi Address of mpera Bridge? nih,ask_location_access
Eh Kampung Arab Al-Munawar ada di daerah mana? sih,ask_location_access
Hai selamat siang,greet
Hey Do I need to pay to enter Monpera? thanks,ask_ticket_price
Hey Do I need to pay to enter Pntai Kuta? thanks,ask_ticket_price
Bang Oke cukup kak makasih banyak ya,goodbye
Bang Oke cukup kak makasih banyak yo,goodbye
Cara daftar CPNS gimana? dong kak,ask_unrelated
Jakabaring Sport City itu tempat apa sih?,ask_destination_info
"Hello, What should I visit in Palembang??",ask_recommendation
"Hell, What shuld I visit n Palembang??",ask_recommendation
Mau nanya dong Destinasi wisata sejarah Palembang? sih,ask_category
Bang Suka deh dong,provide_feedback
Bng Suk dh dng,provide_feedback
Wisata Palembang yang aesthetic tapi sepi? ya,ask_hidden_gems
Wisata Palembang yang aesthetic tp sepi? ya,ask_hidden_gems
"Hello, Do I need to pay to enter Monpera?",ask_ticket_price
"Hello, Do I need to pay to enter Monas?",ask_ticket_price
Kak Hai kak masih aktif? sih,greet
Permisi Excellent information deh,provide_feedback
Mau nanya dong Cara main saham? nih,ask_unrelated
Menarik gak?,ask_destination_info
Palembang punya museum apa,ask_category
Palembang punya museum ap,ask_category
Mau nanya dong KI itu apa? deh,ask_destination_info
Mau nanya dong KI itu apo? deh,ask_destination_info
Eh Cara daftar CPNS gimana?,ask_unrelated
Eh Cara daftar CPNS gmana?,ask_unrelated
Kak Rekomendasi hidden gems dong kak sih,ask_hidden_gems
Tess,greet
Kak Hlo ya,greet
Kak Hlo yo,greet
"Hi, Does Jakabaring Sport City have a mosque?",ask_facilities
Maaf mau tanya Tourist spots along LRT route? ya kak,ask_lrt_destinations
Maaf mau tanya Tourist spots along LRT route? yo kak,ask_lrt_destinations
Eh Excellent information dong kak,provide_feedback
Eh Excllent information dong kak,provide_feedback
Helloo,greet
Min Bisa naik LRT ke BKB? sih,ask_lrt_destinations
Min Bisa nik LRT ke BKB? sih,ask_lrt_destinations
Maaf mau tanya Terima kasih infonya sih,goodbye
Bang Cara daftar CPNS gimana? sih,ask_unrelated
Maaf mau tanya Excellent information sih,provide_feedback
Maaf mau tanya BKB itu tempat apa sih? deh,ask_destination_info
Maaf mau tanya Malioboro itu tempat apa sih? deh,ask_destination_info
Min Rekomendasi wisata yang dekat stasiun LRT nih,ask_lrt_destinations
Bang Facilities at Benteng Kuto Besak?,ask_facilities
Mau nanya dong Taxi online di Palembang? dong kak,ask_unrelated
Maaf mau tanya Bisa naik LRT ke BKB? sih,ask_lrt_destinations
Maaf mau tanya Pacak naik LRT k Menara Eiffel? sih,ask_lrt_destinations
Oke segitu aja dulu ya,goodbye
Oke segitu aja dulu yo,goodbye
Jembatan Ampera mulai buka jam berapa?,ask_operating_hours
Jembatan Candi Prambanan mulai buka jam berapa?,ask_operating_hours
Bang Wonderful nih,provide_feedback
Fasilitas pendukung KI?,ask_facilities
Mau nanya dong Jadwal kereta api Jakarta? deh,ask_unrelated
Ma nanya dong Jadwal kereta api Jakrta? deh,ask_unrelated
Maaf mau tanya KI itu apa? dong,ask_destination_info
Maaf mau tanya KI itu apo? dong,ask_destination_info
Maaf mau tanya Permisi kak deh,greet
"Hi, Is Kampung Kapitan open in the morning?",ask_operating_hours
"Hi, Is Gunung Bromo open in the morning?",ask_operating_hours
Where is Al-Munawar Arab Village?,ask_location_access
whers l-Munawar Arab Vllage?,ask_location_access
Pasar 16 Ilir buka setiap hari?,ask_operating_hours
Min Mau ke tempat bersejarah di Palembang dong,ask_category
Min Mau ka tempat bersejarah di Palembang dong,ask_category
Eh LRT friendly tourist destinations? ya,ask_lrt_destinations
Min Best destinations in Palembang? nih,ask_recommendation
Do I need to pay to enter Kampung Kapitan?,ask_ticket_price
Halo Mau ke tempat bersejarah di Palembang,ask_category
Halo Mau ka tempt bersejrah di Palembang,ask_category
Seru gak Kampung Kapitan?,ask_destination_info
Seru gak Candi Borobudur?,ask_destination_info
Halo KI itu apa?,ask_destination_info
Halo KI itu apo?,ask_destination_info
Mau tanya harga tiket OPI Mall,ask_ticket_price
Ada orang?,greet
Halo Wisata Palembang yang aesthetic tapi sepi? sih,ask_hidden_gems
Halo Wisat Plembang yang aesthetic tp sepi? sih,ask_hidden_gems
Mau nanya dong Famous places in Palembang? deh,ask_recommendation
Ada fasilitas apa di Pulau Kemaro?,ask_facilities
Ada fasilitas apo di Pulau Kemaro?,ask_facilities
Permisi Jembatan Ampera di mana ya? ya,ask_location_access
Kemaro itu apa?,ask_destination_info
Kemaro itu apo?,ask_destination_info
Is Monpera open on Sunday?,ask_operating_hours
Halo PIM ada tempat parkir? nih,ask_facilities
Min Kak ada museum gak di Palembang? nih,ask_category
Wisata tersembunyi di Palembang? nih,ask_hidden_gems
Wisat tersmbuny di Palmbang? nih,ask_hidden_gems
Info lengkap Punti Kayu dong deh,ask_destination_info
Info lngkap Punti Kayu dng deh,ask_destination_info
Bang Jadwal kereta api Jakarta? ya,ask_unrelated
Bang Jadwal kereta api Jakarta? yo,ask_unrelated
Can you tell me Do I need to pay to enter Monpera?,ask_ticket_price
Can ya tell me Do I need to pay to enter Menara Eiffel?,ask_ticket_price
Maaf mau tanya Deskripsi Bukit Siguntang dong kak,ask_destination_info
Maaf mau tanya Deskripsi Raja Ampat dong kak,ask_destination_info
Permisi Apakah Ampera dekat stasiun LRT? dong,ask_lrt_destinations
Kampung Kapitan deket stasiun LRT mana?,ask_location_access
Gunung Bromo deket stasiun LRT man?,ask_location_access
Bang What time does Kampung Kapitan close? dong,ask_operating_hours
Bang What time does Tanah Lot close? dong,ask_operating_hours
Ada wisata sejarah di Palembang?,ask_category
Kak Min tolong saran wisata dong ya,ask_recommendation
Kak Mn tolong sarn wisata dong yo,ask_recommendation
Permisi Ada wifi di Jembatan Ampera? nih,ask_facilities
Mau nanya dong Min kasih tau hidden gems Palembang dong,ask_hidden_gems
Mau nanya dng Min kash tau hidden gems Palembang dong,ask_hidden_gems
Makasih?,goodbye
Bang Wisata tersembunyi di Palembang? ya,ask_hidden_gems
Info tentang Museum Balaputra Dewa,ask_destination_info
Info tentng Musum Blptr Dewa,ask_destination_info
Kak Jelas banget penjelasannya dong,provide_feedback
Bang Tess ya,greet
Eh Address of Ampera Bridge? ya,ask_location_access
Eh Address of Ancol Bridge? yo,ask_location_access
Suka sama aplikasinya,provide_feedback
What's the entry fee for Sultan Mahmud Badaruddin II Museum?,ask_ticket_price
Kak Rekomendasi wisata Palembang dong,ask_recommendation
Kak Rekomendasi wisata Palembng dong,ask_recommendation
Maaf mau tanya Wisata apa yang recommended di Palembang? ya,ask_recommendation
Maaf ma tanya Wsata apa yng recommndd di Palmbang? ya,ask_recommendation
"Excuse me, What facilities are available at Jakabaring Sport City? thanks",ask_facilities
"Excuse me, What facilities r available at Jakabaring Sport City? thanks",ask_facilities
Cara bikin cuko pempek,ask_unrelated
Eh Wonderful ya,provide_feedback
Maaf mau tanya Hai kak masih aktif? ya kak,greet
Min Destinasi wisata sejarah Palembang? dong,ask_category
Kak Terima kasih infonya,goodbye
Kak Terma ksih infonya,goodbye
Halo Info wisata budaya Palembang dong ya,ask_category
Bang Museum Balaputra Dewa fasilitasnya apa aja? dong,ask_facilities
Bang Musem Balaputra Dewa fasiltasnya apa ja? dng,ask_facilities
Maaf mau tanya Kamu siapa? deh,ask_unrelated
Maaf mau tanya Kau siapa? deh,ask_unrelated
Amanzi Waterpark ada spot foto gak?,ask_facilities
Amanz Waterpark ada spot foto gk?,ask_facilities
Permisi Benteng Kuto Besak buka jam berapa? nih,ask_operating_hours
Permsi Bentng Kut Besak buka jam berapo? nih,ask_operating_hours
Bang LRT friendly tourist destinations? deh,ask_lrt_destinations
Bang LRT friendly torist destintions? dh,ask_lrt_destinations
Hutan Wisata Punti Kayu ada toilet gak?,ask_facilities
Permisi Food tourism in Palembang? nih,ask_category
Prmisi Fod tourism in Plembang? nih,ask_category
Food tourism in Palembang? ya,ask_category
Food tourism in Palembang? yo,ask_category
Price to enter Kemaro Island?,ask_ticket_price
Maaf mau tanya Tourist spots along LRT route? deh,ask_lrt_destinations
Maaf mau tanya Tourist spts long LRT route? deh,ask_lrt_destinations
Museum Sultan Mahmud Badaruddin II lokasinya dimana? dong,ask_location_access
Musem Sultan Mahmd Bdaruddin II lokasinya dimano? dong,ask_location_access
Mau nanya dong Oke makasih kak sangat membantu nih,goodbye
Mau nanya dong Oke makasih kak banget membantu nih,goodbye
Kak Benteng Kuto Besak buka jam berapa?,ask_operating_hours
Kak Bnteng Kt Besk bka jam brapa?,ask_operating_hours
Eh Taxi online di Palembang? dong,ask_unrelated
Min Famous places in Palembang? dong,ask_recommendation
Min Fmos places in Palembang? dong,ask_recommendation
Lokasi Amanzi Waterpark dimana kak?,ask_location_access
I want to know Exactly what I needed?,provide_feedback
I wann know xactly what  needd?,provide_feedback
Bang Taxi online di Palembang? ya kak,ask_unrelated
Bang Taxi onln di Palmbng? ya kak,ask_unrelated
Bisa bantu saya?,greet
Min Permisi kak ya kak,greet
Min Permisi kak yo kak,greet
Oke makasih kak sangat membantu deh,goodbye
Oke makasih kak sekali membantu deh,goodbye
Bang Terima kasih infonya deh,goodbye
Bang Terma kasih infonya deh,goodbye
Mau nanya dong Museum Balaputra Dewa fasilitasnya apa aja? sih,ask_facilities
Mu nanya dong Maloboro fasilitasnya apa aja? sih,ask_facilities
Eh Wonderful dong kak,provide_feedback
Eh Wonderful dong kk,provide_feedback
Infonya detail banget,provide_feedback
Kak Info jam buka SMB II dong dong kak,ask_operating_hours
Halo Hidden gems in Palembang?,ask_hidden_gems
Halo Hidden gems in Palmbng?,ask_hidden_gems
Is there an entry fee for Kemaro Island?,ask_ticket_price
Is there an entry fee fr Kemaro Island?,ask_ticket_price
Halo Oke cukup kak makasih banyak dong kak,goodbye
Maaf mau tanya Permisi kak nih,greet
Maaf m tanya Permisi kak nih,greet
Jelaskan tentang Museum Balaputra Dewa,ask_destination_info
Min Apakah Ampera dekat stasiun LRT?,ask_lrt_destinations
Mau nanya dong Info jam buka SMB II dong ya,ask_operating_hours
Mau nanya dong Inf jam buk SMB II dong ya,ask_operating_hours
Kak Chatbot nya bagus nih,provide_feedback
Kak Chatbot nya mantap nih,provide_feedback
Apakah Siguntang buka hari Minggu?,ask_operating_hours
What's Bitcoin?,ask_unrelated
Jelas banget penjelasannya dong kak,provide_feedback
Jels banget penjelasannya dong kak,provide_feedback
Bang Resep nasi goreng dong dong,ask_unrelated
Bang Rsep nasi goreng dong dong,ask_unrelated
Min Info lengkap Punti Kayu dong ya,ask_destination_info
Mau nanya dong Wonderful ya,provide_feedback
Mau nany dong Wnderful yo,provide_feedback
Kak Thank you dong,goodbye
Kak Thank ya dong,goodbye
Kak That's helpful dong kak,provide_feedback
Mau nanya dong Makasih ya kak,goodbye
Mau nanya dong Makasih yo kak,goodbye
Bang Oke makasih kak sangat membantu nih,goodbye
Bang Oke makasih kak nian membantu nih,goodbye
Halo apakah botnya aktif?,greet
Hal pakah botnya aktf?,greet
Hey,greet
Pulau Kemaro buka hari apa aja?,ask_operating_hours
Pantai Kuta buka hri apa aja?,ask_operating_hours
Mau nanya dong Wisata Palembang yang aesthetic tapi sepi? dong kak,ask_hidden_gems
Mu nanya dong Wisat Palembang yang aesthtic tp sepi? dong kak,ask_hidden_gems
Mau tau tentang Kampung Kapitan,ask_destination_info
Halo PIM gratis gak sih? ya,ask_ticket_price
Halo PIM gratis gak sih? yo,ask_ticket_price
Min tolong saran wisata dong dong,ask_recommendation
Mau nanya dong Destinasi yang dekat stasiun LRT? nih,ask_lrt_destinations
Permisi Hlo sih,greet
Kak Taxi online di Palembang?,ask_unrelated
Halo Destinasi wisata sejarah Palembang? ya kak,ask_category
Halo Destinasi wisata sjarah Palembang? ya kak,ask_category
Eh Masjid Cheng Ho ada spot foto gak? dong kak,ask_facilities
Mau nanya dong Address of Ampera Bridge? dong kak,ask_location_access
Mau nanya dong Address f Pantai Kuta Brdge? dong kak,ask_location_access
Eh Apakah Jakabaring gratis? ya,ask_ticket_price
Eh Apakh Jakabaring grats? yo,ask_ticket_price
Permisi Deskripsi Bukit Siguntang sih,ask_destination_info
Permisi Deskripsi Central Park sih,ask_destination_info
Mau nanya dong Min tolong saran wisata dong ya kak,ask_recommendation
Eh Food tourism in Palembang? sih,ask_category
h Food toursm in Palembang? sih,ask_category
Halo Apakah Jakabaring gratis?,ask_ticket_price
Maaf mau tanya BKB itu tempat apa sih? ya,ask_destination_info
Maaf mau tanya BKB itu tempat apa sih? yo,ask_destination_info
Bang Makasih,goodbye
Halo Destinasi wisata sejarah Palembang?,ask_category
Halo Bisa naik LRT ke BKB? ya kak,ask_lrt_destinations
Halo Pacak naik LRT ka BKB? ya kak,ask_lrt_destinations
Mau nanya dong Rekomendasi wisata yang dekat stasiun LRT ya,ask_lrt_destinations
Resep nasi goreng dong,ask_unrelated
Kak Makasih nih,goodbye
What facilities are available at Jakabaring Sport City? thanks,ask_facilities
What facilities r available at Jakabaring Sport City? thanks,ask_facilities
Info masjid Palembang dong,ask_category
Min Benteng Kuto Besak buka jam berapa? sih,ask_operating_hours
Min Candi Borobudur buka jam berapo? sih,ask_operating_hours
Wisata off the beaten path Palembang?,ask_hidden_gems
Wisata off the beten path Plmbang?,ask_hidden_gems
Lowongan kerja di Palembang?,ask_unrelated
Eh Rekomendasi wisata untuk liburan singkat,ask_recommendation
Permisi Lesser known attractions in Palembang?,ask_hidden_gems
Recommend culinary tourism in Palembang,ask_category
Recmmend culinary tourism in Palembang,ask_category
Permisi Wisata apa yang recommended di Palembang? deh,ask_recommendation
Permisi Wsata apa yang recommended di Palembang? deh,ask_recommendation
Permisi Resep nasi goreng dong ya kak,ask_unrelated
Permisi Resep nasi goreng dong yo kak,ask_unrelated
What makes Al-Munawar Arab Village unique?,ask_destination_info
What mkes Al-Munawar Arab Vllag uniqu?,ask_destination_info
What are the opening hours of Grand Mosque of Palembang?,ask_operating_hours
What r the opening hours of Grand Mosque of Palembang?,ask_operating_hours
Min kasih tau hidden gems Palembang,ask_hidden_gems
Min Bye kak nih,goodbye
What amenities does Sultan Mahmud Badaruddin II Museum offer?,ask_facilities
Eh Ada wifi di Jembatan Ampera? ya kak,ask_facilities
Eh Ada wifi di Jembatan Candi Borobudur? ya kak,ask_facilities
Halo Food tourism in Palembang? nih,ask_category
Bang Terima kasih infonya sih,goodbye
Permisi Permisi kak sih,greet
Min Help me please deh,greet
Halo Bisa naik LRT ke BKB?,ask_lrt_destinations
Halo Bis naik LRT ke Central Park?,ask_lrt_destinations
Permisi Permisi kak dong,greet
Min Jadwal kereta api Jakarta? nih,ask_unrelated
Bang Destinasi yang LRT accessible?,ask_lrt_destinations
Does Jakabaring Sport City open every day?,ask_operating_hours
Does Jkabaring Sport City opn every day?,ask_operating_hours
Info wisata sejarah Palembang dong,ask_category
Kak Apakah Ampera dekat stasiun LRT? dong,ask_lrt_destinations
Kak Apakah Ampra dekat stasiun LRT? dong,ask_lrt_destinations
Bang Museum Sultan Mahmud Badaruddin II lokasinya dimana? ya,ask_location_access
Bang Museum Sultan Mahmud Badaruddin II lokasinya dimano? yo,ask_location_access
Tempat wisata sejarah di Palembang?,ask_category
Tempat wisata sejarh di Palembang?,ask_category
Ticket price for Kemaro Island?,ask_ticket_price
Halo Jadwal kereta api Jakarta? dong kak,ask_unrelated
Halo Jadwal kereta ap Jakarta? dong kak,ask_unrelated
Rekomendasi wisata Palembang dong dong,ask_recommendation
Kak Cara main saham?,ask_unrelated
"Kak That's enough, thank you ya kak",goodbye
"Kak That's enough, thank ya ya kak",goodbye
Halo Resep nasi goreng dong sih,ask_unrelated
Halo Min tolong saran wisata dong,ask_recommendation
Min Help me please ya kak,greet
Min Help me please yo kak,greet
Min Rekomendasi wisata yang dekat stasiun LRT ya,ask_lrt_destinations
Min Rekomendasi wisata yang dekat stasiun LRT yo,ask_lrt_destinations
Biaya tiket Hutan Wisata Punti Kayu berapa kak?,ask_ticket_price
Biaya tiket Hutn Wisata Punti Kay berapo kak?,ask_ticket_price
Bang Bisa naik LRT ke BKB? deh,ask_lrt_destinations
Bang Bis naik LRT ke BKB? deh,ask_lrt_destinations
Eh Address of Ampera Bridge? sih,ask_location_access
Eh Address of Universal Studio Bridge? sih,ask_location_access
Mau nanya dong Details about Kambang Iwak Park? dong kak,ask_destination_info
Halo Rekomendasi wisata yang dekat stasiun LRT ya,ask_lrt_destinations
Halo Rekomendasi wisata yang dekat stasiun LRT yo,ask_lrt_destinations
"Permisi That's enough, thank you",goodbye
"Permis That's enough, thank u",goodbye
Halo Lesser known attractions in Palembang? dong kak,ask_hidden_gems
List of culinary tourism in Palembang?,ask_category
Lst f culinary tourism in Palembang?,ask_category
Permisi Jadwal kereta api Jakarta? dong kak,ask_unrelated
Min Rekomendasi hidden gems dong kak sih,ask_hidden_gems
Review tentang Kambang Iwak,ask_destination_info
Review tentang Pantai Kuta,ask_destination_info
Kak Info jam buka SMB II dong sih,ask_operating_hours
Info jam buka SMB II dong dong,ask_operating_hours
Info jm buka SMB II dong dong,ask_operating_hours
Mau nanya dong Lesser known attractions in Palembang? sih,ask_hidden_gems
Bang Numpang tanya dong deh,greet
Bang Numpang tany dong deh,greet
Tiket Al Quran Al Akbar berapa sih?,ask_ticket_price
Tiket Al Quran Al Akbar berapo sih?,ask_ticket_price
Min alamat Al Quran Al Akbar apa ya?,ask_location_access
Min alamat Tmn Safari apa ya?,ask_location_access
Min KI itu apa? sih,ask_destination_info
Min KI itu apo? sih,ask_destination_info
Bang Wisata Palembang yang aesthetic tapi sepi? ya,ask_hidden_gems
Bang Wisata Palembang yang aesthetic tp sepi? ya,ask_hidden_gems
Eh Oke cukup kak makasih banyak dong kak,goodbye
Eh Oke cukp kak makasih banyak dong kak,goodbye
Mau nanya dong Recipe for chocolate cake? deh,ask_unrelated
Mau nanya dong Rcipe for chocolate cake? deh,ask_unrelated
Posisi Kemaro dimana ya?,ask_location_access
Posisi Kemaro dmana yo?,ask_location_access
Taxi online di Palembang? ya,ask_unrelated
Taxi online di Palembang? yo,ask_unrelated
Mau cari wisata yang seru di Palembang,ask_recommendation
Hari ini Monpera buka gak ya?,ask_operating_hours
Hari ini Raja Ampat buk gak ya?,ask_operating_hours
Slmt siang,greet
Kak Help me please,greet
Tiket masuk ke Jembatan Ampera sekarang berapa ya?,ask_ticket_price
Tiket masuk k Jembatan Taman Safari sekarang brapa yo?,ask_ticket_price
Maaf mau tanya Alternative tourist spots in Palembang? deh,ask_hidden_gems
Maf mau tnya ltrnative tourist spots in Palembang? deh,ask_hidden_gems
Alamat Palembang Trade Center dimana?,ask_location_access
Almat Palembang Trade Center dmna?,ask_location_access
Maaf mau tanya Wisata Palembang yang aesthetic tapi sepi? dong kak,ask_hidden_gems
Maaf mau tanya Wisata Palembang yang aesthetic tp sepi? dong kak,ask_hidden_gems
Permisi Min kasih tau hidden gems Palembang,ask_hidden_gems
Permisi Mn ksih tau hidden gems Palembang,ask_hidden_gems
Halo Famous places in Palembang? sih,ask_recommendation
Min Destinasi yang LRT accessible?,ask_lrt_destinations
Kak Recipe for chocolate cake? sih,ask_unrelated
Bang Rekomendasi wisata yang dekat stasiun LRT dong kak,ask_lrt_destinations
Bng Rekomendsi wisata yang dekat stasiun LRT dong kak,ask_lrt_destinations
Bukit Siguntang ada tempat parkir?,ask_facilities
Menara Eiffel ada tempat parkir?,ask_facilities
Menarik gak Palembang Trade Center?,ask_destination_info
Menrk gak Palembang Trade Center?,ask_destination_info
Kak PIM ada tempat parkir? sih,ask_facilities
Halo LRT friendly tourist destinations? ya kak,ask_lrt_destinations
Mau nanya dong Min tolong saran wisata dong sih,ask_recommendation
Mau nnya dong Min tolong saran wisata dong sih,ask_recommendation
Maaf mau tanya PIM ada tempat parkir? dong kak,ask_facilities
Eh Bye kak nih,goodbye
Bang Kamu siapa?,ask_unrelated
Bang Kau siapa?,ask_unrelated
Maaf mau tanya Details about Kambang Iwak Park? deh,ask_destination_info
Maaf mau tanya Details about Raja Ampat Park? deh,ask_destination_info
Update harga tiket KI dong,ask_ticket_price
Update hargo tiket KI dong,ask_ticket_price
Kak Jelas banget penjelasannya ya kak,provide_feedback
Kak Jelas banget penjelasannya yo kak,provide_feedback
Maaf mau tanya PIM gratis gak sih? deh,ask_ticket_price
Maaf mau tanya PIM gratis gk sih? dh,ask_ticket_price
Oke paham,provide_feedback
Halo That's helpful sih,provide_feedback
Hai kak,greet
Halo Hai kak masih aktif? nih,greet
Hal Hai kak masih aktf? nih,greet
Kak Palembang punya museum apa? nih,ask_category
Kak Plmbang punya museum ap? nih,ask_category
Is admission to Jakabaring Sport City free?,ask_ticket_price
How to reach Kemaro Island?,ask_location_access
Permisi Details about Kambang Iwak Park? deh,ask_destination_info
Permisi Details about Universal Studio Park? deh,ask_destination_info
Makasih atas bantuannya,goodbye
Kak Resep nasi goreng dong deh,ask_unrelated
Kk Resep nasi goreng dong deh,ask_unrelated
Kak dimana ya Jakabaring Sport City?,ask_location_access
Kak dmana yo Jakabaring Sport City?,ask_location_access
Permisi Any hidden gems to visit? ya,ask_hidden_gems
Permisi Any hidden gems to visit? yo,ask_hidden_gems
Min Palembang punya museum apa? dong kak,ask_category
Min Palembang punya museum apo? dong kak,ask_category
Min Rekomendasi wisata yang dekat stasiun LRT,ask_lrt_destinations
Min Rekomnds wisat yng dekat stasiun LRT,ask_lrt_destinations
Hey Exactly what I needed,provide_feedback
Kak Jembatan Ampera di mana ya?,ask_location_access
Kak Jembatan Ampera di mana yo?,ask_location_access
Maaf mau tanya Apakah Jakabaring gratis? nih,ask_ticket_price
Maf mau tanya pakah Jakabaring gratis? nih,ask_ticket_price
"Mau nanya dong That's enough, thank you nih",goodbye
"Mau nanya dong That's enough, thank u nih",goodbye
Maaf mau tanya Jadwal kereta api Jakarta? sih,ask_unrelated
Kak Hai kak masih aktif? dong kak,greet
"Hello, Does Jakabaring Sport City have a mosque??",ask_facilities
Min Wisata tersembunyi di Palembang? dong kak,ask_hidden_gems
Mau nanya dong Jadwal kereta api Jakarta? dong kak,ask_unrelated
Parkiran Amanzi luas gak?,ask_facilities
Mau nanya dong Terima kasih infonya deh,goodbye
"Hello, What parks are in Palembang? thanks",ask_category
"Hello, What parks r in Palembang? thanks",ask_category
how much is the ticket to kampung kapitan?,ask_ticket_price
how mch is the tickt t kampng kapitn?,ask_ticket_price
Kasih info Al-Munawar ya kak,ask_destination_info
Kasih info Al-Munawar yo kak,ask_destination_info
Numpang tanya dong?,greet
Permisi Info wisata budaya Palembang dong ya,ask_category
Permisi Info wisata budaya Palembang dong yo,ask_category
Is it worth visiting?,ask_destination_info
Mau nanya dong That's helpful sih,provide_feedback
What's Al-Munawar Arab Village like?,ask_destination_info
Halo Info jam buka SMB II dong,ask_operating_hours
Min What time does Kampung Kapitan close? ya kak,ask_operating_hours
Min What time does Kampung Kapitan close? yo kak,ask_operating_hours
Eh Museum Sultan Mahmud Badaruddin II lokasinya dimana? ya kak,ask_location_access
Eh Museum Sultan Mahmud Badaruddin II lokasinya dimano? y kak,ask_location_access
Info lokasi Monpera dong,ask_location_access
nfo lkasi Candi Borobudr dong,ask_location_access
Min Museum Balaputra Dewa fasilitasnya apa aja? ya,ask_facilities
Directions to Sultan Mahmud Badaruddin II Museum?,ask_location_access
Directons to Sultan Mahmd Badarddin II Museum?,ask_location_access
"Hello, Do I need to pay to enter Monpera??",ask_ticket_price
Permisi Address of Ampera Bridge? sih,ask_location_access
Permsi Address of mper Bridge? sih,ask_location_access
Bang Enaknya kemana ya di Palembang? dong,ask_recommendation
Bang Enaknya kemana yo di Palembang? dong,ask_recommendation
Mau nanya dong LRT friendly tourist destinations?,ask_lrt_destinations
Mau nanya dong LRT frendly tourst dstinations?,ask_lrt_destinations
Min Kampung Arab Al-Munawar ada di daerah mana? deh,ask_location_access
Bang Jelas banget penjelasannya sih,provide_feedback
Bang Jelas banget penjelasanny sih,provide_feedback
Tolong kasih tau wisata dekat LRT sih,ask_lrt_destinations
Kak LRT friendly tourist destinations? ya,ask_lrt_destinations
Kak LRT friendly torist dstinations? ya,ask_lrt_destinations
Mau nanya dong Bye kak ya,goodbye
Kasih info Hutan Wisata Punti Kayu ya kak,ask_destination_info
Kasih info Hutan Wisata Punti Kayu yo kak,ask_destination_info
Palembang punya museum apa? dong kak,ask_category
Palembang punya museum apo? dong kak,ask_category
Eh Excellent information sih,provide_feedback
Berapa duit masuk Pulau Kemaro?,ask_ticket_price
Brapa duit masuk Pulau Kemaro?,ask_ticket_price
Eh Tolong kasih tau wisata dekat LRT deh,ask_lrt_destinations
Tiket masuk ke Amanzi Waterpark sekarang berapa ya?,ask_ticket_price
Tiket masuk ka Amanzi Waterpark sekarang berapa ya?,ask_ticket_price
Eh Palembang punya museum apa? nih,ask_category
Permisi Chatbot nya bagus deh,provide_feedback
Permisi Chatbot nya mantap deh,provide_feedback
Eh Address of Ampera Bridge?,ask_location_access
Eh Address of Menara Eiffel Bridge?,ask_location_access
What makes Punti Kayu Forest unique?,ask_destination_info
Min Destinasi yang LRT accessible? deh,ask_lrt_destinations
Min Destinasi yang LRT ccessible? dh,ask_lrt_destinations
"Excuse me, Do I need to pay to enter Monpera??",ask_ticket_price
"Excuse me, Do I need to pay to enter Candi Borobudur??",ask_ticket_price
Kak Jembatan Ampera di mana ya? dong kak,ask_location_access
Kak Universal Studio di mana yo? dong kak,ask_location_access
Eh Wonderful dong,provide_feedback
Eh Wnderful dng,provide_feedback
Halo Rekomendasi hidden gems dong kak ya kak,ask_hidden_gems
Halo Rekomendasi hidden gems dong kak yo kak,ask_hidden_gems
Bang Min tolong saran wisata dong dong kak,ask_recommendation
Are there toilets at Monpera?,ask_facilities
R ther toilets at Menara Eiffel?,ask_facilities
Bang Masjid Cheng Ho ada spot foto gak? ya kak,ask_facilities
Bng Masjid Cheng Ho ad spot foto gak? y kak,ask_facilities
I want to know What facilities are available at Jakabaring Sport City? thanks,ask_facilities
I wanna know What facilities r available at Jakabaring Sport City? thanks,ask_facilities
Kak What time does Kampung Kapitan close? ya,ask_operating_hours
Kak What time does Universal Studio close? yo,ask_operating_hours
Kak Tempat wisata murah di Palembang? ya kak,ask_recommendation
Mau nanya dong Wonderful dong,provide_feedback
Mu nanya dong Wonderful dong,provide_feedback
Eh Help me please sih,greet
h Help me ples sih,greet
Yang termasuk wisata sejarah apa aja?,ask_category
Permisi That's helpful sih,provide_feedback
Min Masjid Cheng Ho ada spot foto gak? sih,ask_facilities
Permisi Hai kak masih aktif? dong,greet
Jadwal buka PIM kapan ya?,ask_operating_hours
Jdwal buka PIM kapan yo?,ask_operating_hours
Eh Min tolong saran wisata dong deh,ask_recommendation
Min Thank you ya kak,goodbye
Min Thank ya ya kak,goodbye
Monpera berbayar atau gratis?,ask_ticket_price
Maliobro berbayar ata gratis?,ask_ticket_price
info jam buka smb ii dong,ask_operating_hours
Eh Info wisata budaya Palembang dong deh,ask_category
Tempat museum di Palembang?,ask_category
Tempat museum di Palmbng?,ask_category
Tolong kasih tau alamat Palembang Trade Center,ask_location_access
Benteng Kuto Besak buka jam berapa? dong kak,ask_operating_hours
Benteng Kut Besak bka jam brap? dong kak,ask_operating_hours
Bang Kampung Arab Al-Munawar ada di daerah mana? dong kak,ask_location_access
Mau nanya dong Wisata tersembunyi di Palembang? dong,ask_hidden_gems
Mau nanya dong Wisat tersmbunyi d Plembng? dong,ask_hidden_gems
History of Grand Mosque of Palembang?,ask_destination_info
Info wisata budaya Palembang dong nih,ask_category
Useful information,provide_feedback
Min Jam operasionalnya? dong kak,ask_operating_hours
Min Jam oprsionalnya? dong kk,ask_operating_hours
Bang Tourist spots along LRT route?,ask_lrt_destinations
Bang Tourst spts along LRT route?,ask_lrt_destinations
Kak Naik apa ke Pasar 16 Ilir? sih,ask_location_access
Kak Naik apo k Pasar 16 Ilir? sih,ask_location_access
Min Info lengkap Punti Kayu dong,ask_destination_info
Hello there,greet
Bang That's helpful ya,provide_feedback
Bng That's helpful yo,provide_feedback
Info fasilitas BKB dong,ask_facilities
Min Deskripsi Bukit Siguntang ya kak,ask_destination_info
Min Deskripsi Menara Eiffel yo kak,ask_destination_info
SMB II di mana ya?,ask_location_access
SMB II di mana yo?,ask_location_access
Apa itu Al-Munawar?,ask_destination_info
Maaf mau tanya Mau tanya dong kak harga tiket Benteng Kuto Besak sih,ask_ticket_price
Maaf mau tanya Mau tanya dong kak harga tiket Monas sih,ask_ticket_price
Kak Jadwal kereta api Jakarta? ya kak,ask_unrelated
Kak Jadwal kereta api Jakarta? yo kak,ask_unrelated
Bang Min kasih tau hidden gems Palembang sih,ask_hidden_gems
Mau nanya dong Jembatan Ampera di mana ya? ya,ask_location_access
Mau nanya dong Jembatan Ampera di mana yo? ya,ask_location_access
Fasilitas umum di PTC apa aja?,ask_facilities
Fasilitas umum di PTC apo aja?,ask_facilities
Halo Museum Balaputra Dewa fasilitasnya apa aja? dong kak,ask_facilities
Eh Benteng Kuto Besak buka jam berapa? ya kak,ask_operating_hours
Eh Malioboro buka jam brapa? ya kak,ask_operating_hours
Min Info wisata budaya Palembang dong nih,ask_category
Halo Cara daftar CPNS gimana? dong,ask_unrelated
Please Do I need to pay to enter Monpera??,ask_ticket_price
Please Do I need to pay to enter Central Park??,ask_ticket_price
Excellent information,provide_feedback
Great info,provide_feedback
"Min That's enough, thank you dong",goodbye
"Min That's enugh, thank u dng",goodbye
Cerita sejarah Hutan Wisata Punti Kayu dong,ask_destination_info
Cerita sjarah Htn Wisata Candi Prambanan dong,ask_destination_info
Siang min,greet
Sang min,greet
Eh Rekomendasi hidden gems dong kak ya,ask_hidden_gems
Eh Rekomendasi hidden gems dong kak yo,ask_hidden_gems
Kak Rekomendasi hidden gems dong kak,ask_hidden_gems
Kak Rekomendas hidden gems dong kak,ask_hidden_gems
Eh Jelas banget penjelasannya,provide_feedback
Kak Benteng Kuto Besak buka jam berapa? deh,ask_operating_hours
Kak Tanah Lot buka jam brapa? deh,ask_operating_hours
Permisi PIM gratis gak sih? ya,ask_ticket_price
Permisi PIM gratis gak sih? y,ask_ticket_price
Do I need to pay to enter Monpera??,ask_ticket_price
Mau tanya dong kak harga tiket Benteng Kuto Besak?,ask_ticket_price
Min Mau tanya dong kak harga tiket Benteng Kuto Besak sih,ask_ticket_price
Min Mau tany dng kk hargo tiket Danau Toba sih,ask_ticket_price
Permisi Rekomendasi wisata yang dekat stasiun LRT deh,ask_lrt_destinations
How much does it cost to enter Monpera?,ask_ticket_price
How much does it cost to entr Monper?,ask_ticket_price
Mau nanya dong Taxi online di Palembang? dong,ask_unrelated
Mau nanya dong Taxi onlin di Palembang? dong,ask_unrelated
Kak Jadwal kereta api Jakarta? dong kak,ask_unrelated
Kak Tess nih,greet
Kak Taxi online di Palembang? dong,ask_unrelated
jadwal kereta api jakarta?,ask_unrelated
SMB II buka dari jam berapa sampai jam berapa?,ask_operating_hours
SMB II buka dari jam berapo sampai jam berapo?,ask_operating_hours
Kak berapa harga tiket Kambang Iwak?,ask_ticket_price
Kak berapo hargo tiket Menara Eiffel?,ask_ticket_price
Min Jembatan Ampera di mana ya? nih,ask_location_access
Eh Recipe for chocolate cake? nih,ask_unrelated
Maaf mau tanya Jelas banget penjelasannya,provide_feedback
Mau nanya dong Alternative tourist spots in Palembang? dong kak,ask_hidden_gems
Kak Chatbot nya bagus deh,provide_feedback
Kak Chatbot nya mantap deh,provide_feedback
Permisi mau tanya harga tiket PTC,ask_ticket_price
Kak Facilities at Benteng Kuto Besak?,ask_facilities
Kak Rekomendasi hidden gems dong kak deh,ask_hidden_gems
Rekomendasi wisata untuk liburan singkat ya kak,ask_recommendation
Film terbaru 2024 apa?,ask_unrelated
Permisi Tess deh,greet
Min Bye kak deh,goodbye
Permisi Min kasih tau hidden gems Palembang ya kak,ask_hidden_gems
Permisi Min kasih tau hidden gems Palembang yo kak,ask_hidden_gems
Permisi KI itu apa? dong kak,ask_destination_info
Menarik gak Jembatan Ampera?,ask_destination_info
Menarik gak Jmbtan Ancl?,ask_destination_info
Bang Chatbot nya bagus dong kak,provide_feedback
What museums are in Palembang?,ask_category
What museums r in Palembang?,ask_category
Halo Apakah Jakabaring gratis? dong kak,ask_ticket_price
Halo Apkah Jakabaring gratis? dong kak,ask_ticket_price
Yang termasuk wisata budaya apa aja?,ask_category
Yang termasuk wisata budaya apo aja?,ask_category
famous places in palembang?,ask_recommendation
famous placs in palembang?,ask_recommendation
Wisata Tionghoa di Palembang?,ask_category
Mau nanya dong Tess dong,greet
Weekday Palembang Square buka jam berapa?,ask_operating_hours
Weekday Palembang Square buka jam berapo?,ask_operating_hours
Eh Hidden gems in Palembang? ya kak,ask_hidden_gems
Mau nanya dong Apakah Jakabaring gratis? ya,ask_ticket_price
Mau nanya dong Wisata Palembang yang aesthetic tapi sepi? deh,ask_hidden_gems
What should I visit in Palembang??,ask_recommendation
Min Resep nasi goreng dong,ask_unrelated
Kak Rekomendasi wisata yang dekat stasiun LRT ya kak,ask_lrt_destinations
I want to know Exactly what I needed thanks,provide_feedback
I wanna know Exactly what I needed thanks,provide_feedback
Maaf mau tanya That's helpful ya,provide_feedback
Min Masjid Cheng Ho ada spot foto gak?,ask_facilities
Maaf mau tanya KI itu apa? ya kak,ask_destination_info
Maaf mau tanya KI itu apa? yo kak,ask_destination_info
Alamatnya dimana?,ask_location_access
Alamatnya dimano?,ask_location_access
Permisi Numpang tanya dong ya kak,greet
Permisi Numpang tnya dong ya kak,greet
Yang termasuk taman apa aja?,ask_category
Yng trmasuk taman apa aja?,ask_category
Permisi Wisata Palembang yang aesthetic tapi sepi? sih,ask_hidden_gems
Permisi Wsata Palmbang yang aesthetic tp sepi? sih,ask_hidden_gems
"Hi, What should I visit in Palembang? please",ask_recommendation
"Hello, How to move on? please",ask_unrelated
Mau nanya dong Info lengkap Punti Kayu dong ya,ask_destination_info
Kak Details about Kambang Iwak Park? nih,ask_destination_info
Kak Details about Monas Park? nih,ask_destination_info
Halo Masjid Cheng Ho ada spot foto gak? deh,ask_facilities
Destinasi tersembunyi Palembang ada gak?,ask_hidden_gems
Halo Ada wifi di Jembatan Ampera? nih,ask_facilities
Hlo Ada wifi di Jembatan Gunung Bromo? nih,ask_facilities
Kak berapa harga tiket Kampung Kapitan?,ask_ticket_price
Kak brapa hargo tiket Gunung Bromo?,ask_ticket_price
Where can I find culinary tourism in Palembang?,ask_category
"Hello, What facilities are available at Jakabaring Sport City?",ask_facilities
"Hello, What facilities r available at Jakabaring Sport City?",ask_facilities
Min Benteng Kuto Besak buka jam berapa? ya kak,ask_operating_hours
Mn Benteng Kuto Besak buka jm berapa? yo kak,ask_operating_hours
Akses ke Al Quran Al Akbar mudah gak?,ask_location_access
Akses k Gunung Bromo mudah gak?,ask_location_access
Halo Cara main saham?,ask_unrelated
Min Mau ke tempat bersejarah di Palembang dong kak,ask_category
Min Mau k tempat bersejarah di Palembang dong kak,ask_category
"Permisi That's enough, thank you dong kak",goodbye
"Permisi That's enough, thank ya dong kak",goodbye
Jam operasional KI?,ask_operating_hours
Bang Oke cukup kak makasih banyak deh,goodbye
Details about Kambang Iwak Park? ya,ask_destination_info
Details about Universal Studio Park? yo,ask_destination_info
Food tourism in Palembang? dong kak,ask_category
Eh Rekomendasi hidden gems dong kak deh,ask_hidden_gems
h Rekomendasi hidden gems dong kak deh,ask_hidden_gems
Pasar 16 Ilir deket stasiun LRT mana?,ask_location_access
Halo Kampung Arab Al-Munawar ada di daerah mana? ya,ask_location_access
Bang Help me please dong,greet
Bang Best destinations in Palembang? sih,ask_recommendation
Ada wisata apa aja di Palembang?,ask_recommendation
Ada wisata apo aja di Palembang?,ask_recommendation
PIM terkenal karena apa?,ask_destination_info
PIM terkenal karen apa?,ask_destination_info
Halo Permisi kak sih,greet
Tips perawatan kulit?,ask_unrelated
Address of Jakabaring Sport City?,ask_location_access
Kak Kamu siapa? sih,ask_unrelated
Permisi Hlo ya,greet
Permisi Hlo yo,greet
Ada mushola di Kambang Iwak?,ask_facilities
Halo Thank you very much ya,goodbye
Halo Thank u very much yo,goodbye
Kak Masjid Cheng Ho ada spot foto gak? nih,ask_facilities
Kak Masjid Cheng Ho da spot foto gak? nih,ask_facilities
Eh Benteng Kuto Besak buka jam berapa? dong,ask_operating_hours
Berapa duit masuk KI?,ask_ticket_price
Brapa duit masuk KI?,ask_ticket_price
Wisata Palembang yang aesthetic tapi sepi,ask_hidden_gems
Kasih info Ampera ya kak,ask_destination_info
Mau nanya dong Suka sama jawabannya ya kak,provide_feedback
Min Details about Kambang Iwak Park? sih,ask_destination_info
Min Details abot Kambang wak Park? sh,ask_destination_info
Where can I find cultural tourism in Palembang?,ask_category
Halo What time does Kampung Kapitan close? deh,ask_operating_hours
Masjid Cheng Ho ada spot foto gak? deh,ask_facilities
Masjid Cheng Ho ad spot foto gk? deh,ask_facilities
Wisata yang bisa dikunjungi sehari,ask_recommendation
Wisata yang bis dikunjungi sehari,ask_recommendation
Eh Suka deh dong,provide_feedback
Permisi Suka deh ya kak,provide_feedback
Permisi Suka deh yo kak,provide_feedback
Mau nanya dong Rekomendasi wisata Palembang dong deh,ask_recommendation
Permisi Tourist spots along LRT route? ya kak,ask_lrt_destinations
Permisi Tourist spots along LRT route? yo kak,ask_lrt_destinations
Enaknya kemana ya di Palembang? ya,ask_recommendation
Enaknya kemana yo di Palembang? yo,ask_recommendation
Kak Lesser known attractions in Palembang?,ask_hidden_gems
Recipe for chocolate cake? ya kak,ask_unrelated
Recipe for chocolate cake? yo kak,ask_unrelated
Halo Kak ada museum gak di Palembang? deh,ask_category
Eh Tourist spots along LRT route? ya kak,ask_lrt_destinations
Eh Tourist spots along LRT route? yo kak,ask_lrt_destinations
Thank you very much sih,goodbye
Thank u very much sih,goodbye
Kak Thank you deh,goodbye
Kak Thank ya deh,goodbye
I want to know Does Jakabaring Sport City have a mosque? thanks,ask_facilities
I wanna know Does Jakabaring Sport City have a mosque? thanks,ask_facilities
Makasih nih,goodbye
Wisata apa yang recommended di Palembang,ask_recommendation
Wisata apo yang recommended di Palembang,ask_recommendation
Wisata untuk anak-anak di Palembang?,ask_recommendation
Permisi Hidden gems in Palembang? dong kak,ask_hidden_gems
Maaf mau tanya Any hidden gems to visit? ya,ask_hidden_gems
Maaf mau tanya Any hidden gems to visit? yo,ask_hidden_gems
Tell me about Grand Mosque of Palembang,ask_destination_info
Permisi Alternative tourist spots in Palembang? ya kak,ask_hidden_gems
Benteng Kuto Besak buka jam berapa? ya kak,ask_operating_hours
Benteng Kto Besak bka jm berpa? yo kak,ask_operating_hours
Bagaimana cara ke Monpera?,ask_location_access
Gimana cara ke Malioboro?,ask_location_access
Can you tell me Exactly what I needed thanks,provide_feedback
Can ya tell me Exactly what I needed thanks,provide_feedback
Ada mushola di Fantasy Island?,ask_facilities
Ad mushola di Fantasy Island?,ask_facilities
Maaf mau tanya Tolong kasih tau wisata dekat LRT deh,ask_lrt_destinations
Are there toilets at Jakabaring Sport City?,ask_facilities
R there toilets at Jakabaring Sport City?,ask_facilities
Maaf mau tanya Kak ada museum gak di Palembang? dong kak,ask_category
Halo Numpang tanya dong nih,greet
Can I take public transport to Ampera Bridge?,ask_location_access
Can I take public transport to Ampera Brdg?,ask_location_access
Hutan Wisata Punti Kayu buka hari apa aja?,ask_operating_hours
Hutan Wisata Punti Kayu buka hari apo aja?,ask_operating_hours
Mau nanya dong Recipe for chocolate cake? sih,ask_unrelated
Mau nanya dng Recipe for chcolate cake? sih,ask_unrelated
Thank you very much dong,goodbye
Thank ya very much dong,goodbye
Eh Apakah Jakabaring gratis? dong,ask_ticket_price
Eh PIM ada tempat parkir? ya kak,ask_facilities
Eh PIM ada tempat parkir? yo kak,ask_facilities
Terima kasih,goodbye
Halo Recipe for chocolate cake? ya,ask_unrelated
Halo Recipe for chocolate cake? yo,ask_unrelated
Eh Rekomendasi hidden gems dong kak dong kak,ask_hidden_gems
Eh Rekomndasi hidden gems dong kak dng kak,ask_hidden_gems
Halo Bye kak ya kak,goodbye
Please How much is the ticket to Kampung Kapitan?,ask_ticket_price
Please How much is the ticket to Central Park?,ask_ticket_price
Museums in Palembang?,ask_category
Eh Jadwal kereta api Jakarta? dong,ask_unrelated
h Jadwal kereta api Jkarta? dong,ask_unrelated
What's the ticket price for Jakabaring Sport City?,ask_ticket_price
Halo Food tourism in Palembang? ya,ask_category
Eh Terima kasih infonya dong,goodbye
How to move on? please,ask_unrelated
Permisi Rekomendasi wisata yang dekat stasiun LRT ya,ask_lrt_destinations
Permisi Rekomendasi wisata yang dekat stasun LRT ya,ask_lrt_destinations
Mau nanya dong Info lengkap Punti Kayu dong dong,ask_destination_info
Mau nanya dong Info lngkap Punti Kayu dong dong,ask_destination_info
Bang Rekomendasi wisata yang dekat stasiun LRT deh,ask_lrt_destinations
Bang Rekomendsi wsta yang dekt stsiun LRT deh,ask_lrt_destinations
Kak KI itu apa? dong kak,ask_destination_info
Tess ya kak,greet
Tss ya kak,greet
KI ada tempat parkir?,ask_facilities
Halo Jelas banget penjelasannya,provide_feedback
Permisi Cara daftar CPNS gimana? dong kak,ask_unrelated
Gimana Palembang Square?,ask_destination_info
Dari jam berapa Kemaro buka?,ask_operating_hours
Dar jam brapa Kemaro buka?,ask_operating_hours
Bang Kak ada museum gak di Palembang? ya,ask_category
What's Kemaro Island like?,ask_destination_info
Bang Destinasi yang LRT accessible? sih,ask_lrt_destinations
Permisi Taxi online di Palembang?,ask_unrelated
Permisi Deskripsi Bukit Siguntang ya,ask_destination_info
Permisi Deskripsi Bukit Siguntang yo,ask_destination_info
Kampung Kapitan ada area bermain anak?,ask_facilities
Malioboro ada area bermain anak?,ask_facilities
Maaf mau tanya Famous places in Palembang? dong kak,ask_recommendation
Maaf mau tanya Fmus places in Palmbang? dong kak,ask_recommendation
Permisi Tolong kasih tau wisata dekat LRT ya,ask_lrt_destinations
Permisi Tolong kasih tau wisata dekat LRT yo,ask_lrt_destinations
Is Punti Kayu Forest open on Sunday?,ask_operating_hours
Permisi LRT friendly tourist destinations? nih,ask_lrt_destinations
Permisi LRT friendly torist destinatons? nih,ask_lrt_destinations
Eh Min kasih tau hidden gems Palembang dong,ask_hidden_gems
destinasi yang lrt accessible?,ask_lrt_destinations
Min Jembatan Ampera di mana ya? ya,ask_location_access
Mn Tnah Lt di man ya? y,ask_location_access
Min Hidden gems in Palembang? sih,ask_hidden_gems
Chatbot nya bagus deh,provide_feedback
Chatbot nya bagus dh,provide_feedback
Info harga tiket Taman Kebon Rojo dong kak,ask_ticket_price
Info harga tiket Taman Kebon Rj dong kak,ask_ticket_price
Hai kak masih aktif? dong,greet
Halo Tourist spots along LRT route? deh,ask_lrt_destinations
Kak Benteng Kuto Besak buka jam berapa? dong,ask_operating_hours
Kak Benteng Kuto Besak buka jam berapo? dong,ask_operating_hours
Is Kambang Iwak Park open on Sunday?,ask_operating_hours
Halo What time does Kampung Kapitan close? ya,ask_operating_hours
Is Al-Munawar Arab Village worth visiting?,ask_destination_info
Min Suka deh ya kak,provide_feedback
Min Suka deh yo kak,provide_feedback
Halo What time does Kampung Kapitan close?,ask_operating_hours
Halo What time does Raja Ampat close?,ask_operating_hours
Kak Permisi kak,greet
Can you tell me What parks are in Palembang? please,ask_category
Cn u tell me What prks r in Palembng? please,ask_category
HTM Museum Sultan Mahmud Badaruddin II berapa?,ask_ticket_price
HTM Museum Sultan Mahmud Badaruddin II berapo?,ask_ticket_price
Maaf mau tanya Museum Sultan Mahmud Badaruddin II lokasinya dimana?,ask_location_access
Maaf mau tanya Museum Sultan Mahmud Badaruddin II lokasinya dmana?,ask_location_access
What's available at Benteng Kuto Besak?,ask_facilities
Maaf mau tanya Hidden gems in Palembang? dong,ask_hidden_gems
Benteng Kuto Besak bayar berapa?,ask_ticket_price
Benteng Kuto Besak bayar berapo?,ask_ticket_price
Mau tanya fasilitas di Kampung Kapitan,ask_facilities
Hotels in Jakarta?,ask_unrelated
Hotels in Jkarta?,ask_unrelated
Halo Oke makasih kak sangat membantu sih,goodbye
Halo Oke makasih kak banget membantu sih,goodbye
Permisi Alternative tourist spots in Palembang?,ask_hidden_gems
Maaf mau tanya Details about Kambang Iwak Park? dong,ask_destination_info
Maaf mau tanya Details about Monas Park? dong,ask_destination_info
Mau nanya dong Kamu siapa? dong,ask_unrelated
Mau nanya dong Kau siapa? dong,ask_unrelated
Fasilitas pendukung Amanzi Waterpark?,ask_facilities
Lesser known attractions in Palembang? sih,ask_hidden_gems
Lesser knwn ttractions in Palmbang? sih,ask_hidden_gems
Bang Terima kasih infonya dong kak,goodbye
Hidden gems in Palembang? ya kak,ask_hidden_gems
Baik kak terima kasih,goodbye
Mau ke tempat bersejarah di Palembang ya,ask_category
Mau ka tempat bersejarah di Palembang yo,ask_category
Min harga masuk Hutan Wisata Punti Kayu berapa?,ask_ticket_price
Min hrgo mask Hutan Wista Cntral Park berap?,ask_ticket_price
Permisi Kak ada museum gak di Palembang? nih,ask_category
Help me please ya,greet
Min Oke cukup kak makasih banyak nih,goodbye
Min Oke cukup kak makasih banyak nh,goodbye
Bang Taxi online di Palembang? nih,ask_unrelated
Why is Kemaro Island famous?,ask_destination_info
Maaf mau tanya Apakah Ampera dekat stasiun LRT? ya,ask_lrt_destinations
Maaf mau tanya Apakah Danau Toba dekat stasiun LRT? ya,ask_lrt_destinations
Halo Rekomendasi wisata Palembang dong nih,ask_recommendation
Halo Rekomndasi wisata Palmbang dong nih,ask_recommendation
Min Oke makasih kak sangat membantu ya,goodbye
Min Oke makasih kak banget membantu ya,goodbye
Museum Balaputra Dewa fasilitasnya apa aja? dong kak,ask_facilities
Raja Ampt fasilitasny ap ja? dng kak,ask_facilities
Selaamt pagi,greet
Hey What's the location of Ampera Bridge? thanks,ask_location_access
Hey What's the location of Monas Bridge? thanks,ask_location_access
Min Hai kak masih aktif?,greet
Harga tiket masuk SMB II sekarang berapa?,ask_ticket_price
Hargo tiket masuk SMB II sekarang brpa?,ask_ticket_price
Eh Details about Kambang Iwak Park? ya kak,ask_destination_info
Eh Detals about Pantai Kuta Park? y kk,ask_destination_info
Destinasi yang dekat stasiun LRT? ya kak,ask_lrt_destinations
Destinasi yang dekat stasin LRT? y kk,ask_lrt_destinations
Mau nanya dong Jadwal kereta api Jakarta? nih,ask_unrelated
Bang Lesser known attractions in Palembang? dong kak,ask_hidden_gems
Maaf mau tanya Permisi kak ya,greet
Maaf mau tanya Perms kak yo,greet
Kak Oke cukup kak makasih banyak dong kak,goodbye
Permisi Cara daftar CPNS gimana? deh,ask_unrelated
Info wisata budaya Palembang dong ya,ask_category
Kak Jam operasionalnya? dong,ask_operating_hours
Mau nanya dong What time does Kampung Kapitan close? ya,ask_operating_hours
Eh Destinasi yang LRT accessible? dong kak,ask_lrt_destinations
Kamu punya perasaan?,ask_unrelated
Eh Masjid Cheng Ho ada spot foto gak?,ask_facilities
Kak Chatbot nya bagus dong,provide_feedback
Kak Chatbot nya keren dong,provide_feedback
Min Tempat wisata murah di Palembang?,ask_recommendation
Min Tempat wisata murh di Palembng?,ask_recommendation
Bang Rekomendasi wisata Palembang dong dong kak,ask_recommendation
Mau nanya dong Oke cukup kak makasih banyak,goodbye
Kak Hai kak masih aktif?,greet
Berapa ya tiket Al Quran Al Akbar?,ask_ticket_price
Berapo ya tiket Al Qurn Al Akbar?,ask_ticket_price
Mau nanya dong PIM ada tempat parkir?,ask_facilities
Mau nny dong PIM da tempat parkir?,ask_facilities
Rekomendasikan destinasi wisata Palembang,ask_recommendation
Kak berapa harga tiket Al Quran Al Akbar?,ask_ticket_price
Kak brapa hargo tiket Tanah Lot?,ask_ticket_price
Permisi PIM ada tempat parkir? ya,ask_facilities
Permisi PIM ada tempat parkir? yo,ask_facilities
Halo Tess ya kak,greet
Halo Tss ya kak,greet
"Hi, What parks are in Palembang? thanks",ask_category
"Hi, What parks r in Palembang? thanks",ask_category
Jadwal kereta api Jakarta? dong,ask_unrelated
Halo Kampung Arab Al-Munawar ada di daerah mana? ya kak,ask_location_access
Halo Kampung Arab Al-Munawar ada di daerah mana? yo kak,ask_location_access
Permisi Best destinations in Palembang? dong,ask_recommendation
Maaf mau tanya Destinasi yang dekat stasiun LRT? dong kak,ask_lrt_destinations
Halo Jelas banget penjelasannya deh,provide_feedback
Mau tanya harga tiket Museum Balaputra Dewa,ask_ticket_price
Mau tanya hargo tiket Museum Balaputra Dewa,ask_ticket_price
Mau nanya dong Rekomendasi hidden gems dong kak ya kak,ask_hidden_gems
Min harga masuk SMB II berapa?,ask_ticket_price
Min harga masuk SMB II berapo?,ask_ticket_price
Kampung Arab Al-Munawar ada di daerah mana? dong,ask_location_access
Mau nanya dong Jelas banget penjelasannya ya,provide_feedback
Mau nanya dong Jelas banget penjelasannya yo,provide_feedback
Kak Makasih dong,goodbye
Min What time does Kampung Kapitan close? deh,ask_operating_hours
"Excuse me, How to move on? thanks",ask_unrelated
Bang Help me please ya kak,greet
Bang Help me please yo kak,greet
Halo Info jam buka SMB II dong deh,ask_operating_hours
Mau nanya dong Tess sih,greet
Bang Pagi kak dong,greet
Mau tau sejarah PIM,ask_destination_info
Mau ke PIM bayar berapa?,ask_ticket_price
Mau k PIM byar berapo?,ask_ticket_price
Bang Jelas banget penjelasannya nih,provide_feedback
Kak Bisa naik LRT ke BKB? sih,ask_lrt_destinations
Kak Bis naik LRT ka Central Park? sih,ask_lrt_destinations
Bang Hidden gems in Palembang? deh,ask_hidden_gems
Bang Hdden gems in Palembang? deh,ask_hidden_gems
Mau nanya dong Oke cukup kak makasih banyak ya,goodbye
Mau nanya dong Oke cukup kak makasih banyak yo,goodbye
Min Naik apa ke Pasar 16 Ilir? deh,ask_location_access
Min Naik apo ka Pasar 16 Ilir? deh,ask_location_access
Halo Destinasi yang dekat stasiun LRT? dong kak,ask_lrt_destinations
Jembatan Ampera di mana ya? deh,ask_location_access
Raja Ampat di man yo? deh,ask_location_access
PIM ada tempat istirahat?,ask_facilities
Halo Chatbot nya bagus dong kak,provide_feedback
Hlo Chatbot nya keren dong kak,provide_feedback
Can you tell me Does Jakabaring Sport City have a mosque? thanks,ask_facilities
Can ya tell me Does Jakabaring Sport City have a mosque? thanks,ask_facilities
Min Food tourism in Palembang? dong,ask_category
Kak Museum Balaputra Dewa fasilitasnya apa aja? ya kak,ask_facilities
Kak Museum Balaputra Dewa fasilitasnya apa aja? yo kak,ask_facilities
Palembang punya museum apa? dong,ask_category
Maaf mau tanya Min kasih tau hidden gems Palembang,ask_hidden_gems
Permisi Permisi kak nih,greet
Halo ada admin?,greet
Permisi Makasih deh,goodbye
Kalo hari Sabtu BKB buka?,ask_operating_hours
Kalo hari Sabtu Danau Toba buka?,ask_operating_hours
Jembatan Ampera di mana ya? ya,ask_location_access
Jembatan Raja Ampat di mana ya? ya,ask_location_access
Maaf mau tanya Numpang tanya dong dong kak,greet
Maaf mau tnya Numpang tanya dong dong kk,greet
Eh That's helpful deh,provide_feedback
Mau nanya dong Food tourism in Palembang? dong kak,ask_category
Mau nanya dong What time does Kampung Kapitan close?,ask_operating_hours
Mau nanya dong What time des Kampng Kaptan close?,ask_operating_hours
Kak Wisata Palembang yang aesthetic tapi sepi? deh,ask_hidden_gems
Kak Wisata Palembang yang aesthetic tp sepi? deh,ask_hidden_gems
Kak Facilities at Benteng Kuto Besak? dong kak,ask_facilities
Bang Kampung Arab Al-Munawar ada di daerah mana?,ask_location_access
Bang Oke makasih kak sangat membantu ya kak,goodbye
Bang Oke makasih kak banget membantu yo kak,goodbye
Permisi mau tanya harga tiket Jakabaring,ask_ticket_price
Permisi mau tanya harg tiket Jakbaring,ask_ticket_price
Where is Benteng Kuto Besak?,ask_location_access
wheres Tanah Lot?,ask_location_access
Halo Jembatan Ampera di mana ya? ya kak,ask_location_access
Halo Jembatan Menara Eiffel di mana ya? ya kak,ask_location_access
Apakah Museum Sultan Mahmud Badaruddin II buka 24 jam?,ask_operating_hours
Apakh Musum Sultan Mahmud Badaruddin II bka 24 jam?,ask_operating_hours
Maaf mau tanya Kamu siapa?,ask_unrelated
Maaf mau tanya Ka siapa?,ask_unrelated
How to go to Sultan Mahmud Badaruddin II Museum?,ask_location_access
Kak Thank you very much deh,goodbye
Kak Thank ya very much deh,goodbye
Famous places in Palembang? dong,ask_recommendation
oke cukup kak makasih banyak,goodbye
Mau nanya dong Tourist spots along LRT route? ya,ask_lrt_destinations
Mau nnya dng Trst spots along LRT rout? yo,ask_lrt_destinations
Eh Rekomendasi hidden gems dong kak,ask_hidden_gems
Eh Rekomendasi hiddn gems dong kak,ask_hidden_gems
Permisi Wisata apa yang recommended di Palembang? dong kak,ask_recommendation
Naik apa ke Palembang Square?,ask_location_access
Naik apo ke Palembang Square?,ask_location_access
Mau nanya dong Cara daftar CPNS gimana?,ask_unrelated
Ma nanya dng Cara daftr CPNS gimana?,ask_unrelated
Bayar berapa kalo masuk Kemaro?,ask_ticket_price
Bayar brapa kal masuk Kemaro?,ask_ticket_price
Min Excellent information,provide_feedback
Tourist spots along LRT route? ya kak,ask_lrt_destinations
Tourist spots along LRT route? yo kak,ask_lrt_destinations
Ada mushola di Museum Balaputra Dewa?,ask_facilities
Ada mushola di Ancol?,ask_facilities
Halo Rekomendasi wisata yang dekat stasiun LRT dong kak,ask_lrt_destinations
Hal Rekomendasi wista yang dekat stasiun LRT dong kak,ask_lrt_destinations
Permisi saya mau jalan-jalan di Palembang,greet
Bang Suka sama jawabannya,provide_feedback
Bang Wisata tersembunyi di Palembang? ya kak,ask_hidden_gems
Bang Wsata trsembuny di Palembang? yo kak,ask_hidden_gems
Halo Info jam buka SMB II dong dong kak,ask_operating_hours
Rekomendasi hidden gems dong kak deh,ask_hidden_gems
Rekomendas hdden gems dong kak deh,ask_hidden_gems
Ada mushola di Benteng Kuto Besak?,ask_facilities
Masjid Cheng Ho berbayar atau gratis?,ask_ticket_price
Min Kamu siapa? ya kak,ask_unrelated
Min Kau siapa? yo kak,ask_unrelated
Kak Min tolong saran wisata dong dong,ask_recommendation
Maaf mau tanya Address of Ampera Bridge? dong,ask_location_access
Maaf mau tanya Address of Gunung Bromo Bridge? dong,ask_location_access
Maaf mau tanya Wisata apa yang recommended di Palembang? deh,ask_recommendation
Maaf mau tanya Wisata apo yang recommended di Palembang? deh,ask_recommendation
Bang Tourist spots along LRT route? dong kak,ask_lrt_destinations
Bang Torist spots along LRT rut? dong kak,ask_lrt_destinations
Ke Pasar 16 Ilir bayar berapa ya?,ask_ticket_price
K Pasar 16 Ilir bayar berapa ya?,ask_ticket_price
Akses ke Jakabaring Sport City mudah gak?,ask_location_access
Permisi Details about Kambang Iwak Park? dong kak,ask_destination_info
Permis Details bout Kambang Iwak Park? dong kak,ask_destination_info
PIM ada tempat parkir? deh,ask_facilities
Bang That's helpful dong kak,provide_feedback
"Maaf mau tanya That's enough, thank you nih",goodbye
"Maaf mau tanya That's enough, thank u nih",goodbye
Kambang Iwak jauh gak dari pusat kota?,ask_location_access
Danau Toba jauh gak dar pusat kota?,ask_location_access
Museum di Palembang apa aja?,ask_category
Museum di Palembang apo aja?,ask_category
Bang Kampung Arab Al-Munawar ada di daerah mana? deh,ask_location_access
Bang Raja Ampat Al-Munawar ada di daerah mana? deh,ask_location_access
Maaf mau tanya Oke cukup kak makasih banyak sih,goodbye
Maaf mau tanya Oke cukup kak makash banyak sih,goodbye
bisa naik lrt ke bkb?,ask_lrt_destinations
pacak naik lrt k bkb?,ask_lrt_destinations
Halo Palembang punya museum apa? ya kak,ask_category
Halo Palembang punya museum apa? yo kak,ask_category
Mau nanya dong Rekomendasi hidden gems dong kak,ask_hidden_gems
Mu nanya dong Rekomendasi hidden gems dong kak,ask_hidden_gems
Min Pagi kak ya kak,greet
Min Pagi kk ya kak,greet
Kak Museum Sultan Mahmud Badaruddin II lokasinya dimana? dong,ask_location_access
Kak Mseum Sltan Mahmud Badaruddin II lokasinya dmano? dong,ask_location_access
LRT friendly tourist destinations?,ask_lrt_destinations
Tips belajar bahasa Inggris?,ask_unrelated
I want to know Exactly what I needed,provide_feedback
I wann know Exactly what I neded,provide_feedback
Kak LRT friendly tourist destinations? dong,ask_lrt_destinations
Can you tell me Exactly what I needed,provide_feedback
Can ya tll m xactly what I needd,provide_feedback
Halo Help me please ya,greet
Halo Help me please yo,greet
Mau nanya dong Hai kak masih aktif? ya,greet
Ma nanya dong Hai kak msih aktif? y,greet
Bang Wisata Palembang yang aesthetic tapi sepi? nih,ask_hidden_gems
Bang Wisata Palembang yang aesthetic tp sepi? nih,ask_hidden_gems
Kira-kira harga tiket Kawah Tengkurep berapa?,ask_ticket_price
Kira-kira hargo tiket Kawah Tengkurep brapa?,ask_ticket_price
Eh Kampung Arab Al-Munawar ada di daerah mana? ya,ask_location_access
Bye kak sih,goodbye
By kak sih,goodbye
Mau nanya dong Apakah Jakabaring gratis? deh,ask_ticket_price
Mau nnya dong Apakah Jakabaring gratis? deh,ask_ticket_price
Mau nanya dong Famous places in Palembang? nih,ask_recommendation
Wisata tersembunyi di Palembang?,ask_hidden_gems
Kak ada wisata kuliner gak di Palembang?,ask_category
Kak da wisata kuliner gak di Palembang?,ask_category
Menarik gak Kampung Kapitan?,ask_destination_info
Menrk gak Ancol?,ask_destination_info
Permisi Min kasih tau hidden gems Palembang sih,ask_hidden_gems
Bang Help me please ya,greet
Bang Help me please yo,greet
Mau nanya dong Mau tanya dong kak harga tiket Benteng Kuto Besak dong,ask_ticket_price
Mau nanya dong Mau tanya dong kak harga tiket Central Park dong,ask_ticket_price
Tempat wisata murah di Palembang?,ask_recommendation
Does Grand Mosque of Palembang open every day?,ask_operating_hours
Min Cara daftar CPNS gimana? dong,ask_unrelated
Jadwal kereta api Jakarta? nih,ask_unrelated
Bang Hlo ya kak,greet
Bang Hlo yo kak,greet
Mau nanya dong Details about Kambang Iwak Park? sih,ask_destination_info
Min tolong saran wisata dong?,ask_recommendation
Min tolong sarn wsat dong?,ask_recommendation
Kak Resep nasi goreng dong dong,ask_unrelated
Min Lesser known attractions in Palembang? dong kak,ask_hidden_gems
Details about Kambang Iwak Park? sih,ask_destination_info
Details about Candi Prambanan Park? sih,ask_destination_info
Mau nanya dong Jadwal kereta api Jakarta? dong,ask_unrelated
Permisi Tourist spots along LRT route? nih,ask_lrt_destinations
Info wisata kuliner Palembang dong,ask_category
Suka sama jawabannya ya,provide_feedback
Tourist spots along LRT route? dong kak,ask_lrt_destinations
Kak Address of Ampera Bridge?,ask_location_access
Kak Address of Ampra Bridg?,ask_location_access
Min Tess dong kak,greet
Bang Any hidden gems to visit?,ask_hidden_gems
Bng ny hdden gems t vist?,ask_hidden_gems
Eh Address of Ampera Bridge? dong,ask_location_access
Eh Address of Candi Borobudur Bridge? dong,ask_location_access
Kak Best destinations in Palembang? ya,ask_recommendation
Kak Best destinatins in Palembang? y,ask_recommendation
Mau nanya dong LRT friendly tourist destinations? dong,ask_lrt_destinations
Opening hours for Benteng Kuto Besak?,ask_operating_hours
Opening hours for Malioboro?,ask_operating_hours
How much to get into Al-Munawar Arab Village?,ask_ticket_price
How mch to get nto l-Munawar Arab Village?,ask_ticket_price
Mau tanya harga tiket Kambang Iwak,ask_ticket_price
Mau tanya hargo tiket Danau Toba,ask_ticket_price
Permisi Address of Ampera Bridge? ya kak,ask_location_access
Permisi Address of Pantai Kuta Bridge? ya kak,ask_location_access
Bang Famous places in Palembang? deh,ask_recommendation
Halo Kamu siapa? nih,ask_unrelated
Eh Mau tanya dong kak harga tiket Benteng Kuto Besak,ask_ticket_price
Eh Mau tanya dong kak harga tiket Candi Prambanan,ask_ticket_price
Bang Hai kak masih aktif? dong kak,greet
Lesser known attractions in Palembang,ask_hidden_gems
Eh What time does Kampung Kapitan close? dong,ask_operating_hours
What's the weather today?,ask_unrelated
Kak Suka sama jawabannya ya,provide_feedback
Maaf mau tanya Alternative tourist spots in Palembang? ya kak,ask_hidden_gems
Maaf mau tanya Alternative torist spts in Palembang? y kak,ask_hidden_gems
HTM Al-Munawar berapa?,ask_ticket_price
When is Ampera Bridge open?,ask_operating_hours
When is Pantai Kuta Bridge open?,ask_operating_hours
Halo Alternative tourist spots in Palembang? dong,ask_hidden_gems
Hlo lternative tourist spots in Palembang? dong,ask_hidden_gems
Mau nanya dong Address of Ampera Bridge?,ask_location_access
That's helpful sih,provide_feedback
Permisi Min tolong saran wisata dong ya,ask_recommendation
Permisi Min tolong saran wsata dong ya,ask_recommendation
Maaf mau tanya Hai kak masih aktif? ya,greet
is kampung kapitan open in the morning?,ask_operating_hours
is Danau Toba open in the mrning?,ask_operating_hours
Eh Min tolong saran wisata dong,ask_recommendation
Mau nanya dong Mau tanya dong kak harga tiket Benteng Kuto Besak nih,ask_ticket_price
Bang Apakah Ampera dekat stasiun LRT?,ask_lrt_destinations
Bang Apakah Ancol dekat stasiun LRT?,ask_lrt_destinations
Eh Palembang punya museum apa? deh,ask_category
Help me please dong kak,greet
Help me plese dong kak,greet
Eh Food tourism in Palembang? dong,ask_category
Bang Benteng Kuto Besak buka jam berapa? ya kak,ask_operating_hours
Bang Danau Toba buk jam berapa? yo kk,ask_operating_hours
Mau nanya dong Hidden gems in Palembang? dong,ask_hidden_gems
Bang Jadwal kereta api Jakarta? ya kak,ask_unrelated
Bang Jadwal kereta api Jakrta? y kak,ask_unrelated
Kak KI itu apa? sih,ask_destination_info
Kak KI itu apo? sih,ask_destination_info
Kak ada museum gak di Palembang? nih,ask_category
Min Jembatan Ampera di mana ya? dong,ask_location_access
Min Jembatan Ampera di mana yo? dong,ask_location_access
Kak Details about Kambang Iwak Park? deh,ask_destination_info
Kak Details about Gunung Bromo Park? deh,ask_destination_info
Min Wisata tersembunyi di Palembang?,ask_hidden_gems
Min Wisat tersembunyi di Palembang?,ask_hidden_gems
Tell me about Sultan Mahmud Badaruddin II Museum,ask_destination_info
Kenapa langit biru?,ask_unrelated
Knp langit biru?,ask_unrelated
Halo Wisata tersembunyi di Palembang? ya kak,ask_hidden_gems
Halo Wisata tersembunyi di Palembang? yo kak,ask_hidden_gems
Min Help me please nih,greet
Permisi Food tourism in Palembang?,ask_category
Permsi Fod torism in Plmbang?,ask_category
Min Famous places in Palembang?,ask_recommendation
What time does Al-Munawar Arab Village close?,ask_operating_hours
Wht time does Al-Munwar Arab Village close?,ask_operating_hours
Tolong kasih tau wisata dekat LRT,ask_lrt_destinations
Please Exactly what I needed?,provide_feedback
Any hidden gems to visit? ya kak,ask_hidden_gems
Min tolong saran wisata dong sih,ask_recommendation
Bang Min tolong saran wisata dong deh,ask_recommendation
Kak Wonderful dong kak,provide_feedback
Min Oke makasih kak sangat membantu ya kak,goodbye
Min Oke makasih kak sekali membantu yo kak,goodbye
Bang Any hidden gems to visit? ya kak,ask_hidden_gems
Bang Any hidden gems to visit? yo kak,ask_hidden_gems
Kak Mau ke tempat bersejarah di Palembang deh,ask_category
Kak Mau ke tempat bersejarah di Palembng deh,ask_category
Kak Tolong kasih tau wisata dekat LRT ya,ask_lrt_destinations
Kak Tolong kasih tau wisata dekat LRT yo,ask_lrt_destinations
"Excuse me, Does Jakabaring Sport City have a mosque? thanks",ask_facilities
Mau nanya dong BKB itu tempat apa sih? ya kak,ask_destination_info
Mau nanya dong BKB itu tempat apo sih? ya kak,ask_destination_info
Maaf mau tanya Info jam buka SMB II dong ya,ask_operating_hours
Maaf mau tanya Info jam buka SMB II dong yo,ask_operating_hours
Permisi Taxi online di Palembang? sih,ask_unrelated
Kak Rekomendasi wisata Palembang dong ya,ask_recommendation
Kak Rekomndsi wisata Palembang dng ya,ask_recommendation
Bang Rekomendasi wisata Palembang dong dong,ask_recommendation
Halo Palembang punya museum apa?,ask_category
Tess ya,greet
Tess yo,greet
Thank you very much?,goodbye
Thank ya very much?,goodbye
Ada wifi di Jembatan Ampera,ask_facilities
Ada wifi di Jembatan Pantai Kuta,ask_facilities
Min Mau ke tempat bersejarah di Palembang deh,ask_category
Min Mau ka tempat bersejarah di Palembang deh,ask_category
Mau nanya dong Benteng Kuto Besak buka jam berapa? deh,ask_operating_hours
Mau nanya dong Dana Toba buka jam brpa? deh,ask_operating_hours
Berapa ya tiket Jakabaring Sport City?,ask_ticket_price
Berapo ya tiket Jakabaring Sport City?,ask_ticket_price
Bang Mau tanya dong kak harga tiket Benteng Kuto Besak ya,ask_ticket_price
Bang Mau tanya dong kak hargo tiket Gunung Bromo yo,ask_ticket_price
Mau ke tempat bersejarah di Palembang?,ask_category
Mau ka tempat bersejarah di Palembang?,ask_category
Mau nanya dong Rekomendasi wisata untuk liburan singkat nih,ask_recommendation
Eh Museum Balaputra Dewa fasilitasnya apa aja? dong kak,ask_facilities
Eh Danau Toba fasilitasnya ap aj? dong kak,ask_facilities
That makes sense,provide_feedback
Bang Tess sih,greet
Terima kasih infonya sangat berguna,provide_feedback
Terima kasih infonya nian berguna,provide_feedback
Is there WiFi at Grand Mosque of Palembang?,ask_facilities
Maaf mau tanya PIM ada tempat parkir?,ask_facilities
Halo Destinasi wisata sejarah Palembang? sih,ask_category
Bang tiket SMB berapa?,ask_ticket_price
Maaf mau tanya Wonderful,provide_feedback
Kenapa KI terkenal?,ask_destination_info
Eh Hlo ya,greet
h Hlo y,greet
Kak Suka sama jawabannya dong kak,provide_feedback
Kak Food tourism in Palembang? ya kak,ask_category
Kak Food tourism in Palembang? yo kak,ask_category
Maaf mau tanya Oke makasih kak sangat membantu nih,goodbye
Maf mu tanya Oke makasih kak sekali membantu nih,goodbye
Eh Bye kak,goodbye
Eh By kak,goodbye
Mau nanya dong Ada wifi di Jembatan Ampera? dong,ask_facilities
Mau nanya dong Ada wifi di Jembatan Pantai Kuta? dong,ask_facilities
Permisi Apakah Jakabaring gratis?,ask_ticket_price
Bang Numpang tanya dong ya,greet
Eh Wisata tersembunyi di Palembang? deh,ask_hidden_gems
Halo Excellent information dong,provide_feedback
Opening hours for Kampung Kapitan?,ask_operating_hours
Opening hours for Central Park?,ask_operating_hours
Bisa naik LRT ke BKB,ask_lrt_destinations
Bis naik LRT ke BKB,ask_lrt_destinations
Maaf mau tanya Bisa naik LRT ke BKB? ya,ask_lrt_destinations
Maaf ma tanya Bsa nik LRT ka BKB? ya,ask_lrt_destinations
Alright thanks,goodbye
Kak Famous places in Palembang? dong kak,ask_recommendation
Eh Museum Sultan Mahmud Badaruddin II lokasinya dimana? deh,ask_location_access
Bang Wonderful ya kak,provide_feedback
Bang Wonderful yo kak,provide_feedback
Permisi Apakah Jakabaring gratis? dong kak,ask_ticket_price
Min Best destinations in Palembang?,ask_recommendation
"Excuse me, Do I need to pay to enter Monpera? thanks",ask_ticket_price
"Excuse me, Do I need to pay to enter Raja Ampat? thanks",ask_ticket_price
Jawabannya memuaskan,provide_feedback
Kak Resep nasi goreng dong dong kak,ask_unrelated
Kk Resep nasi goreng dng dong kak,ask_unrelated
Kak Recipe for chocolate cake? dong,ask_unrelated
Kak Recipe for chocolte cake? dong,ask_unrelated
Wisata Palembang yang aesthetic tapi sepi?,ask_hidden_gems
Wisata Palembang yang aesthetic tp sepi?,ask_hidden_gems
Mau nanya dong Oke cukup kak makasih banyak nih,goodbye
Eh Jelas banget penjelasannya sih,provide_feedback
Oke makasih kak sangat membantu dong kak,goodbye
Oke makasih kak sekali membantu dong kak,goodbye
What days is Sultan Mahmud Badaruddin II Museum open?,ask_operating_hours
Eh Food tourism in Palembang? ya,ask_category
Eh Food tourism in Palembang? yo,ask_category
Maaf mau tanya Tolong kasih tau wisata dekat LRT dong kak,ask_lrt_destinations
Mau tau tentang Palembang Trade Center,ask_destination_info
Bang Masjid Cheng Ho ada spot foto gak?,ask_facilities
Halo Tess dong,greet
Halo Tss dong,greet
Bayar berapa kalo masuk BKB?,ask_ticket_price
Bayar berapo kalo masuk BKB?,ask_ticket_price
Kak What time does Kampung Kapitan close? deh,ask_operating_hours
Kak What time does Pantai Kuta close? deh,ask_operating_hours
Info jam buka SMB II dong?,ask_operating_hours
Inf jam buka SMB II dng?,ask_operating_hours
Halo Permisi kak dong kak,greet
Permisi Info lengkap Punti Kayu dong,ask_destination_info
Halo Suka sama jawabannya dong,provide_feedback
Maaf mau tanya Destinasi wisata sejarah Palembang? nih,ask_category
Maaf mau tanya Destinasi wisata sejarah Palembng? nih,ask_category
Min Min tolong saran wisata dong sih,ask_recommendation
Ada wisata budaya di Palembang?,ask_category
Ada wisat budaya di Plembang?,ask_category
Thank you very much deh,goodbye
Thank u very much deh,goodbye
Location of Sultan Mahmud Badaruddin II Museum?,ask_location_access
Bang Mau tanya dong kak harga tiket Benteng Kuto Besak dong kak,ask_ticket_price
Bang Mau tanya dong kak hargo tiket Benteng Kuto Besak dong kak,ask_ticket_price
Halo Hlo sih,greet
Where should I go in Palembang?,ask_recommendation
Where should I go in Plmbang?,ask_recommendation
Bisa naik angkot ke Jembatan Ampera?,ask_location_access
Bis nak angkot k Menara Eiffel?,ask_location_access
Harga masuk KI berapa ya kak?,ask_ticket_price
Harga masuk KI brapa yo kak?,ask_ticket_price
Halo Oke makasih kak sangat membantu,goodbye
Halo Oke makasih kak nian membantu,goodbye
Kamu siapa? dong,ask_unrelated
Maaf mau tanya What time does Kampung Kapitan close? sih,ask_operating_hours
Maaf mau tanya What time does Gunung Bromo close? sih,ask_operating_hours
Menarik gak Masjid Agung Palembang?,ask_destination_info
Bang Destinasi wisata sejarah Palembang?,ask_category
Mau nanya dong Food tourism in Palembang? ya,ask_category
Mau nanya dong Food tourism in Palembang? yo,ask_category
Halo PIM gratis gak sih?,ask_ticket_price
Mau nanya dong Address of Ampera Bridge? deh,ask_location_access
Permisi Destinasi yang LRT accessible? ya kak,ask_lrt_destinations
Eh Terima kasih infonya deh,goodbye
Halo Masjid Cheng Ho ada spot foto gak? ya kak,ask_facilities
Rute ke Palembang Trade Center gimana?,ask_location_access
Bagus infonya,provide_feedback
Permisi Palembang punya museum apa? sih,ask_category
Permisi Palembang punya museum apo? sih,ask_category
Mau nanya dong Palembang punya museum apa? dong kak,ask_category
Min Makasih dong,goodbye
What's the ticket price for Monpera?,ask_ticket_price
Halo Makasih sih,goodbye
Hl Makasih sih,goodbye
Eh Bisa naik LRT ke BKB? dong kak,ask_lrt_destinations
Min Any hidden gems to visit? deh,ask_hidden_gems
Mn Any hidden gems to vist? deh,ask_hidden_gems
Apakah Jakabaring gratis? ya kak,ask_ticket_price
pakah Jakabaring gratis? ya kak,ask_ticket_price
Permisi Pagi kak dong,greet
Permisi Pgi kak dong,greet
When does Grand Mosque of Palembang close?,ask_operating_hours
Permisi Benteng Kuto Besak buka jam berapa? sih,ask_operating_hours
Permsi Bentng Kuto Besak buka jm berpo? sih,ask_operating_hours
Ceritakan tentang Kawah Tengkurep,ask_destination_info
Ceritakan tentng Kawah Tengkurep,ask_destination_info
Can I take public transport to Grand Mosque of Palembang?,ask_location_access
Alamat lengkap Monpera?,ask_location_access
Alamat lngkap Monpra?,ask_location_access
Bang Wisata tersembunyi di Palembang? dong kak,ask_hidden_gems
Bng Wisata tersembunyi d Palembang? dong kk,ask_hidden_gems
Location of Al-Munawar Arab Village?,ask_location_access
Locatin of Al-Munawar rab Villge?,ask_location_access
Min What time does Kampung Kapitan close? sih,ask_operating_hours
Min What time does Candi Borobudur close? sih,ask_operating_hours
Min Info jam buka SMB II dong nih,ask_operating_hours
Kak That's helpful sih,provide_feedback
bye kak,goodbye
Maaf mau tanya Excellent information,provide_feedback
Halo Taxi online di Palembang? nih,ask_unrelated
Halo Wisata Palembang yang aesthetic tapi sepi? deh,ask_hidden_gems
Hlo Wista Palmbang yang aesthetic tapi sepi? deh,ask_hidden_gems
Kak Jelas banget penjelasannya ya,provide_feedback
Permisi Pagi kak nih,greet
What amenities does Kambang Iwak Park offer?,ask_facilities
What amnities does Mloboro Prk offer?,ask_facilities
Eh Famous places in Palembang? nih,ask_recommendation
"Bang That's enough, thank you nih",goodbye
"Bang That's enugh, thank u nih",goodbye
Canggih botnya,provide_feedback
Kak Oke cukup kak makasih banyak ya,goodbye
Permisi Bisa naik LRT ke BKB? dong kak,ask_lrt_destinations
Permisi Bisa naik LRT k Pantai Kuta? dong kak,ask_lrt_destinations
Maaf mau tanya Cara main saham? dong,ask_unrelated
Maf mu tanya Cara main saham? dng,ask_unrelated
Any cultural tourism in Palembang?,ask_category
Museum Sultan Mahmud Badaruddin II lokasinya dimana? ya kak,ask_location_access
Museum Sultan Mahmud Badaruddin II lokasinya dimano? ya kak,ask_location_access
"Hello, Does Jakabaring Sport City have a mosque? thanks",ask_facilities
Kak Deskripsi Bukit Siguntang ya kak,ask_destination_info
Kak Dskripsi Pantai Kuta yo kak,ask_destination_info
What are the operating hours of Sultan Mahmud Badaruddin II Museum?,ask_operating_hours
What r the operating hours of Sultan Mahmud Badaruddin II Museum?,ask_operating_hours
Hlo dong kak,greet
List of historical sites in Palembang?,ask_category
Can you tell me Is Kampung Kapitan open in the morning? thanks,ask_operating_hours
Can u tell me Is Kampung Kapitan open in the morning? thanks,ask_operating_hours
Bang Thank you very much nih,goodbye
Bang Thank ya very much nih,goodbye
Permisi Suka sama jawabannya nih,provide_feedback
Details about Kambang Iwak Park? dong kak,ask_destination_info
Curhatan aku dong,ask_unrelated
Curhatan saya dong,ask_unrelated
Buka sampai malam?,ask_operating_hours
Naik LRT bisa ke wisata mana aja?,ask_lrt_destinations
Naik LRT bis k wisata mana aja?,ask_lrt_destinations
Min PIM gratis gak sih? dong kak,ask_ticket_price
Oke cukup kak makasih banyak deh,goodbye
Ampera deket stasiun LRT mana?,ask_location_access
Candi Prambanan deket stasiun LRT mana?,ask_location_access
Ada mushola di Masjid Agung Palembang?,ask_facilities
Ada mushola di Mlioboro Palembang?,ask_facilities
"Hi, planning to visit Palembang",greet
Mau nanya dong Min tolong saran wisata dong deh,ask_recommendation
Bang Info wisata budaya Palembang dong deh,ask_category
Mau nanya dong Famous places in Palembang? ya kak,ask_recommendation
Love this bot,provide_feedback
Destinasi yang LRT accessible,ask_lrt_destinations
SMB buka hari apa aja?,ask_operating_hours
SMB buka har apo ja?,ask_operating_hours
Mau nanya dong Help me please ya,greet
Mau nnya dong Help me plase ya,greet
Eh Masjid Cheng Ho ada spot foto gak? deh,ask_facilities
Kak Lesser known attractions in Palembang? dong,ask_hidden_gems
Mau tanya dong kak harga tiket Benteng Kuto Besak,ask_ticket_price
Dari jam berapa Ampera buka?,ask_operating_hours
Dr jam berap Monas buka?,ask_operating_hours
Min Lesser known attractions in Palembang? deh,ask_hidden_gems
Kak Apakah Jakabaring gratis? nih,ask_ticket_price
Kak BKB itu tempat apa sih? nih,ask_destination_info
Kak BKB itu tempat apo sih? nih,ask_destination_info
Maaf mau tanya LRT friendly tourist destinations? nih,ask_lrt_destinations
Permisi Museum Sultan Mahmud Badaruddin II lokasinya dimana? sih,ask_location_access
Permisi Museum Sltn Mahmud Bdrddin II lokasiny dmana? sih,ask_location_access
Halo Cara daftar CPNS gimana? sih,ask_unrelated
Halo Cara daftar CPNS gimna? sh,ask_unrelated
Min Hidden gems in Palembang? dong,ask_hidden_gems
Mau nanya dong Rekomendasi wisata Palembang dong,ask_recommendation
Mau nanya dong Rekmndasi wisata Palembang dong,ask_recommendation
Cara menuju Palembang Icon gimana?,ask_location_access
Car menuju Palembang Icon gimna?,ask_location_access
Halo Cara daftar CPNS gimana? dong kak,ask_unrelated
Min Info jam buka SMB II dong dong kak,ask_operating_hours
Mau nanya dong Apakah Jakabaring gratis?,ask_ticket_price
Jelas banget penjelasannya?,provide_feedback
Hi there,greet
Mau tau sejarah Jembatan Ampera,ask_destination_info
Mau tau sejarah Jembatan Gunung Bromo,ask_destination_info
Maaf mau tanya Destinasi wisata sejarah Palembang? dong kak,ask_category
Mantap makasih,goodbye
Destinasi museum Palembang?,ask_category
Di daerah mana?,ask_location_access
Min Jam operasionalnya? ya,ask_operating_hours
Min Jam operasionalnya? yo,ask_operating_hours
Details about Jakabaring Sport City?,ask_destination_info
Mau nanya dong Numpang tanya dong nih,greet
Fasilitas umum di Kemaro apa aja?,ask_facilities
Permisi Min tolong saran wisata dong ya kak,ask_recommendation
Permisi Min tolong saran wisata dong yo kak,ask_recommendation
Maaf mau tanya Info lengkap Punti Kayu dong dong,ask_destination_info
"Hello, Do I need to pay to enter Monpera? thanks",ask_ticket_price
Hidden spots in Palembang?,ask_hidden_gems
Permisi kak dong,greet
"Hello, How to move on? thanks",ask_unrelated
"Hello, Hw to move on? thanks",ask_unrelated
min tolong saran wisata dong,ask_recommendation
Bang Jadwal kereta api Jakarta? deh,ask_unrelated
Bang Jadwal kereta api Jkart? deh,ask_unrelated
Permisi Rekomendasi wisata yang dekat stasiun LRT ya kak,ask_lrt_destinations
Destinasi wisata kuliner Palembang?,ask_category
Permisi Benteng Kuto Besak buka jam berapa? ya,ask_operating_hours
Permisi Benteng Kuto Besak buka jam berapo? ya,ask_operating_hours
Cara menuju Taman Kebon Rojo gimana?,ask_location_access
"Excuse me, What facilities are available at Jakabaring Sport City??",ask_facilities
"Excuse me, What facilities r available at Jakabaring Sport City??",ask_facilities
Min Food tourism in Palembang? deh,ask_category
Dimana lokasinya?,ask_location_access
Dmana lokasinya?,ask_location_access
"Hi, How to move on?",ask_unrelated
Kak Museum Balaputra Dewa fasilitasnya apa aja?,ask_facilities
Kak Candi Borobudur fasilitasnya apa aja?,ask_facilities
Bang Suka deh dong kak,provide_feedback
Bng Suka deh dong kak,provide_feedback
Bang Tolong kasih tau wisata dekat LRT dong,ask_lrt_destinations
Tess deh,greet
Harga masuk Kambang Iwak berapa ya kak?,ask_ticket_price
Min Thank you dong,goodbye
Min Thank u dong,goodbye
Ada wifi di Taman Kambang Iwak Besak?,ask_facilities
Permisi Jadwal kereta api Jakarta?,ask_unrelated
Seru gak Benteng Kuto Besak?,ask_destination_info
Seru gak Universal Studio?,ask_destination_info
cultural tourism places in Palembang?,ask_category
cultral tourism places in Palembang?,ask_category
Jam operasional Bukit Siguntang?,ask_operating_hours
Can someone help me?,greet
Hlo nih,greet
"Hello, is anyone available?",greet
Eh KI itu apa? dong,ask_destination_info
Kambang Iwak buka dari jam berapa sampai jam berapa?,ask_operating_hours
Gunung Bromo buka dar jam brapa sampai jam berapa?,ask_operating_hours
Bang Terima kasih infonya ya kak,goodbye
that's helpful,provide_feedback
that's helpfl,provide_feedback
Mau nanya dong Cara daftar CPNS gimana? nih,ask_unrelated
Kampung Arab Al-Munawar tutup jam berapa?,ask_operating_hours
Kampung Arab Al-Munawar tutup jam berap?,ask_operating_hours
HTM Kampung Kapitan berapa?,ask_ticket_price
HTM Central Park berapa?,ask_ticket_price
Permisi Museum Sultan Mahmud Badaruddin II lokasinya dimana? ya kak,ask_location_access
Eh Min tolong saran wisata dong nih,ask_recommendation
Tempat wisata alternatif Palembang?,ask_hidden_gems
Info wisata budaya Palembang dong dong,ask_category
Bang Hai kak masih aktif?,greet
Address of Ampera Bridge? deh,ask_location_access
Address of Taman Safari Bridge? deh,ask_location_access
Kak ada museum gak di Palembang? ya kak,ask_category
Kk ad museum gak di Palembang? yo kak,ask_category
Kasih info Museum Sultan Mahmud Badaruddin II ya kak,ask_destination_info
Kasih info Museum Sultan Mahmud Badaruddin II yo kak,ask_destination_info
Kak Suka deh sih,provide_feedback
Makasih udah bantu,goodbye
"Hello, What should I visit in Palembang? thanks",ask_recommendation
Rekomendasi wisata yang dekat stasiun LRT dong kak,ask_lrt_destinations
Permisi What time does Kampung Kapitan close? sih,ask_operating_hours
Min Numpang tanya dong dong kak,greet
Min Nmpang tany dong dong kk,greet
Halo Deskripsi Bukit Siguntang dong kak,ask_destination_info
Halo Deskripsi Universal Studio dong kak,ask_destination_info
Permisi Benteng Kuto Besak buka jam berapa? deh,ask_operating_hours
Permisi Benteng Kuto Besak buka jam brapa? deh,ask_operating_hours
Where can I find religious tourism in Palembang?,ask_category
Wisata Palembang yang aesthetic tapi sepi? dong,ask_hidden_gems
Wisata Palembang yang aesthetic tp sepi? dong,ask_hidden_gems
Bang Tess nih,greet
Maaf mau tanya Terima kasih infonya ya,goodbye
Sangat membantu,provide_feedback
Banget membantu,provide_feedback
Kak Kak ada museum gak di Palembang? deh,ask_category
Ada wisata alam di Palembang?,ask_category
Permisi mau tanya harga tiket SMB II,ask_ticket_price
Palembang Square buka dari jam berapa sampai jam berapa?,ask_operating_hours
Palembang Squar buka dari jam brap sampa jam brpa?,ask_operating_hours
Mau nanya dong Info lengkap Punti Kayu dong deh,ask_destination_info
Permisi Deskripsi Bukit Siguntang nih,ask_destination_info
Permisi Deskripsi Pantai Kuta nih,ask_destination_info
Halo Jembatan Ampera di mana ya? ya,ask_location_access
Halo Jembatan Pantai Kuta di mana yo? y,ask_location_access
Permisi BKB itu tempat apa sih? sih,ask_destination_info
Prmis Central Park it tmpat ap sih? sih,ask_destination_info
Tiketnya berapa?,ask_ticket_price
Maaf mau tanya,greet
Eh Alternative tourist spots in Palembang?,ask_hidden_gems
h Alternative torist spots in Palembang?,ask_hidden_gems
Hai mau konsultasi dong,greet
Mau nanya dong Terima kasih infonya dong kak,goodbye
What's the entry fee for Grand Mosque of Palembang?,ask_ticket_price
What's the entry fe for Grand Mosque of Palembang?,ask_ticket_price
Min Min tolong saran wisata dong dong kak,ask_recommendation
Min Taxi online di Palembang? dong kak,ask_unrelated
Min Hai kak masih aktif? dong kak,greet
Berapa harga iPhone terbaru?,ask_unrelated
Brapa hargo iPhone terbaru?,ask_unrelated
Halo Wisata apa yang recommended di Palembang? dong,ask_recommendation
Halo Wisata apo yang recommended di Palembang? dong,ask_recommendation
Permisi Excellent information nih,provide_feedback
"Excuse me, What parks are in Palembang? please",ask_category
"Excuse me, What parks r in Palembang? please",ask_category
Mau nanya dong PIM ada tempat parkir? dong,ask_facilities
Jelas banget penjelasannya dong,provide_feedback
KI buka jam berapa?,ask_operating_hours
KI buka jam berapo?,ask_operating_hours
Halo Hai kak masih aktif? dong kak,greet
Eh Info wisata budaya Palembang dong,ask_category
I want to know How to move on? thanks,ask_unrelated
I wanna know How to move on? thanks,ask_unrelated
Halo Suka deh nih,provide_feedback
Halo Suka dh nih,provide_feedback
Permisi Numpang tanya dong sih,greet
Halo Enaknya kemana ya di Palembang? dong kak,ask_recommendation
Halo Enaknya kemana yo di Palembang? dong kak,ask_recommendation
Min Min kasih tau hidden gems Palembang nih,ask_hidden_gems
Halo Famous places in Palembang? nih,ask_recommendation
Kak LRT friendly tourist destinations? ya kak,ask_lrt_destinations
What facilities are available at Grand Mosque of Palembang?,ask_facilities
What facilities r availabl at Grand Mosque of Plembang?,ask_facilities
Arah ke Palembang Trade Center gimana?,ask_location_access
Permisi Destinasi yang LRT accessible? sih,ask_lrt_destinations
Permis Dstinasi yang LRT ccessible? sih,ask_lrt_destinations
Punti Kayu bayar berapa?,ask_ticket_price
Eh Lesser known attractions in Palembang? ya kak,ask_hidden_gems
Kak Info lengkap Punti Kayu dong sih,ask_destination_info
Kak Info lengkap Universal Studio dong sih,ask_destination_info
Permisi Min kasih tau hidden gems Palembang ya,ask_hidden_gems
Dari pusat kota ke Jakabaring berapa lama?,ask_location_access
Dar pusat kota k Jakabaring berapa lama?,ask_location_access
Bye kak makasih ya,goodbye
Bye kak mkasih yo,goodbye
Hey Is Kampung Kapitan open in the morning??,ask_operating_hours
Al Quran Al Akbar gratis gak sih?,ask_ticket_price
Min Cara main saham? deh,ask_unrelated
Kak Resep nasi goreng dong nih,ask_unrelated
Kak Resp nasi goreng dong nh,ask_unrelated
Permisi Destinasi yang LRT accessible? deh,ask_lrt_destinations
Min Enaknya kemana ya di Palembang? deh,ask_recommendation
Rekomendasi wisata budaya Palembang,ask_category
Maaf mau tanya Any hidden gems to visit? deh,ask_hidden_gems
Halo Museum Balaputra Dewa fasilitasnya apa aja? ya kak,ask_facilities
Halo Gunung Bromo fasilitasnya apo aja? yo kak,ask_facilities
Wisata tersembunyi di Palembang,ask_hidden_gems
BKB itu tempat apa sih? nih,ask_destination_info
BKB itu tempat apo sih? nih,ask_destination_info
Can you tell me What should I visit in Palembang??,ask_recommendation
Can ya tell me What should I visit in Palembang??,ask_recommendation
Maaf mau tanya Jam operasionalnya? dong,ask_operating_hours
Permisi Food tourism in Palembang? dong,ask_category
Perms Food tourism in Palembang? dng,ask_category
Maaf mau tanya Cara main saham? ya kak,ask_unrelated
Maaf mau tanya Cara main shm? yo kak,ask_unrelated
Eh Min kasih tau hidden gems Palembang deh,ask_hidden_gems
Eh Min kasih tau hidden gms Palembang deh,ask_hidden_gems
Halo Hlo ya kak,greet
Permisi Mau tanya dong kak harga tiket Benteng Kuto Besak ya kak,ask_ticket_price
Permisi Mau tany dong kak harga tiket Universal Studi yo kak,ask_ticket_price
Bang What time does Kampung Kapitan close? deh,ask_operating_hours
Misi mau tanya,greet
Harga emas hari ini?,ask_unrelated
Min LRT friendly tourist destinations? ya,ask_lrt_destinations
Bang Chatbot nya bagus nih,provide_feedback
Bang Chatbot nya keren nih,provide_feedback
Permisi Suka sama jawabannya deh,provide_feedback
Kayak apa sih Museum Sultan Mahmud Badaruddin II?,ask_destination_info
Kayak apa sih Museum Sultan Mahmud Badaruddn II?,ask_destination_info
Permisi mau tanya harga tiket Taman Kebon Rojo,ask_ticket_price
Permisi mau tanya hargo tiket Taman Kebon Rojo,ask_ticket_price
Mau nanya dong Kak ada museum gak di Palembang? deh,ask_category
Kak Museum Sultan Mahmud Badaruddin II lokasinya dimana? deh,ask_location_access
Kak Musem Sultan Mahmud Bdaruddin  lokasinya dimano? deh,ask_location_access
Min Museum Balaputra Dewa fasilitasnya apa aja? dong kak,ask_facilities
Min Museum Balaputra Dewa fasilitasnya apo aja? dong kak,ask_facilities
Kak Rekomendasi wisata yang dekat stasiun LRT,ask_lrt_destinations
Fasilitas umum di KI apa aja?,ask_facilities
"Min That's enough, thank you ya",goodbye
"Min That's enough, thank ya yo",goodbye
Can I take public transport to Kampung Kapitan?,ask_location_access
Can I take public transport to Danau Toba?,ask_location_access
Halo Mau ke tempat bersejarah di Palembang nih,ask_category
Halo Mau k tempat bersejarah di Palembang nih,ask_category
Sore min,greet
Wisata apa yang bisa dijangkau LRT?,ask_lrt_destinations
Wista apo yang bisa dijangkau LRT?,ask_lrt_destinations
Numpang tanya dong deh,greet
Eh Any hidden gems to visit? ya,ask_hidden_gems
Min Suka deh nih,provide_feedback
Min Suka dh nih,provide_feedback
Eh BKB itu tempat apa sih?,ask_destination_info
Eh BKB itu tempat apo sih?,ask_destination_info
Halo Min kasih tau hidden gems Palembang ya,ask_hidden_gems
Halo Min kasih tau hidden gems Palembang yo,ask_hidden_gems
Makasih deh,goodbye
PTC ada kantin gak?,ask_facilities
Min Info wisata budaya Palembang dong deh,ask_category
Min Info wsat budaya Palembng dong deh,ask_category
Kak Hidden gems in Palembang? nih,ask_hidden_gems
Kk Hiddn gems in Palembang? nih,ask_hidden_gems
Min Hai kak masih aktif? ya,greet
Halo Jadwal kereta api Jakarta? dong,ask_unrelated
Eh Excellent information,provide_feedback
Mau tanya fasilitas di Monpera,ask_facilities
Mau tanya fasilitas di Candi Borobudur,ask_facilities
Masjid Agung Palembang gratis gak sih?,ask_ticket_price
Menara Eiffel Palembang gratis gak sih?,ask_ticket_price
KI itu apa? ya kak,ask_destination_info
KI itu apa? yo kak,ask_destination_info
Rekomendasikan tempat wisata di Palembang,ask_recommendation
Rekmndasikan tempat wisata di Plembang,ask_recommendation
Eh That's helpful ya,provide_feedback
Eh That's helpful yo,provide_feedback
Min PIM gratis gak sih? deh,ask_ticket_price
Dimana lokasi SMB II?,ask_location_access
Min Min tolong saran wisata dong deh,ask_recommendation
Kak Tess,greet
Mau nanya dong Taxi online di Palembang? ya kak,ask_unrelated
Mau nanya dong Taxi online di Palembang? yo kak,ask_unrelated
Bang Excellent information sih,provide_feedback
Maaf mau tanya Apakah Ampera dekat stasiun LRT?,ask_lrt_destinations
Famous places in Palembang?,ask_recommendation
Bang Tolong kasih tau wisata dekat LRT deh,ask_lrt_destinations
Bang Tolong kasih tau wisat dekt LRT deh,ask_lrt_destinations
Bang Wisata Palembang yang aesthetic tapi sepi? dong kak,ask_hidden_gems
Bang Wisat Palmbang yang esthtic tapi sep? dong kk,ask_hidden_gems
Halo Jadwal kereta api Jakarta? nih,ask_unrelated
Hl Jdwal keret ap Jakarta? nh,ask_unrelated
Mau nanya dong Enaknya kemana ya di Palembang?,ask_recommendation
benteng kuto besak buka jam berapa?,ask_operating_hours
benteng kuto besak bka jam berapo?,ask_operating_hours
Halo Jadwal kereta api Jakarta?,ask_unrelated
Maaf mau tanya Chatbot nya bagus dong,provide_feedback
Maaf mau tanya Chatbot nya mantap dong,provide_feedback
Ada hidden gems gak di Palembang?,ask_hidden_gems
Min PIM ada tempat parkir? ya,ask_facilities
Maaf mau tanya Excellent information deh,provide_feedback
Maaf mau tanya xcellent nfrmation deh,provide_feedback
Bang Info wisata budaya Palembang dong dong,ask_category
Permisi LRT friendly tourist destinations? dong,ask_lrt_destinations
Permisi LRT frindly tourist destnatins? dong,ask_lrt_destinations
Min Bye kak ya,goodbye
Lesser known attractions in Palembang?,ask_hidden_gems
Halo Alternative tourist spots in Palembang? nih,ask_hidden_gems
Maaf mau tanya Recipe for chocolate cake? nih,ask_unrelated
Maaf mu tanya Rcipe for chcolate cake? nih,ask_unrelated
Maaf mau tanya Any hidden gems to visit? dong,ask_hidden_gems
Maaf mau tanya Any hiddn gems to visit? dong,ask_hidden_gems
Maaf mau tanya Ada wifi di Jembatan Ampera? dong,ask_facilities
Maaf mau tanya Ada wifi di Jembatan Monas? dong,ask_facilities
Wisata apa yang recommended di Palembang? dong,ask_recommendation
Wista apa yang recmmended d Palembang? dong,ask_recommendation
Hey Does Jakabaring Sport City have a mosque??,ask_facilities
Hey Does Jakabaring Sport City have  mosque??,ask_facilities
"Excuse me, Exactly what I needed?",provide_feedback
Please What should I visit in Palembang??,ask_recommendation
Kak Mau tanya dong kak harga tiket Benteng Kuto Besak dong kak,ask_ticket_price
Kak Mau tanya dong kak hargo tiket Ancol dong kak,ask_ticket_price
Eh Cara daftar CPNS gimana? dong kak,ask_unrelated
Permisi Ada wifi di Jembatan Ampera?,ask_facilities
Permis Ada wifi di Universal Studio?,ask_facilities
Harga tiket masuk Museum Balaputra Dewa sekarang berapa?,ask_ticket_price
Harga tikt msuk Taman Safari sekarang brp?,ask_ticket_price
Wisata wisata kuliner di Palembang apa aja?,ask_category
Wista wisata kulnr di Palmbang apa aja?,ask_category
Halo Kak ada museum gak di Palembang? dong kak,ask_category
Oi,greet
Permisi Tourist spots along LRT route? deh,ask_lrt_destinations
Eh Cara main saham? ya kak,ask_unrelated
Mau nanya dong Numpang tanya dong ya,greet
Mau nanya dong Numpng tany dong yo,greet
Permisi Thank you very much ya,goodbye
Permisi Thank ya very much yo,goodbye
Mau nanya dong Palembang punya museum apa? nih,ask_category
Mau nanya dong Palembang punya museum apo? nih,ask_category
Halo Wisata tersembunyi di Palembang? deh,ask_hidden_gems
"Bang That's enough, thank you ya kak",goodbye
"Bang That's enough, thank ya yo kak",goodbye
Does Kampung Kapitan have a mosque?,ask_facilities
"Mau nanya dong That's enough, thank you dong",goodbye
"Mau nanya dong That's enough, thank ya dong",goodbye
Underrated tourist spots in Palembang?,ask_hidden_gems
Halo Resep nasi goreng dong,ask_unrelated
Halo Rsep nasi goreng dong,ask_unrelated
Kambang Iwak bisa ditempuh pakai apa?,ask_location_access
Kambang Iwak pacak ditempuh pakai apa?,ask_location_access
Oke cukup kak makasih banyak ya,goodbye
Eh Oke cukup kak makasih banyak ya kak,goodbye
Eh Oke cukup kak makasih banyak yo kak,goodbye
Bang Oke makasih kak sangat membantu deh,goodbye
Bang Oke mkash kak nin membant dh,goodbye
Fasilitas umum di Kampung Kapitan apa aja?,ask_facilities
Fasilitas umum di Kampung Kapitan apo aja?,ask_facilities
Hari ini PIM buka gak ya?,ask_operating_hours
Hari ini PIM buka gak yo?,ask_operating_hours
Numpang tanya dong sih,greet
Describe Monpera,ask_destination_info
"Min That's enough, thank you ya kak",goodbye
"Min That's enough, thank ya yo kak",goodbye
Permisi Museum Balaputra Dewa fasilitasnya apa aja?,ask_facilities
Permisi Malioboro fasilitasnya apo aja?,ask_facilities
Eh Terima kasih infonya nih,goodbye
Kak Jembatan Ampera di mana ya? deh,ask_location_access
Kak Monas di mana yo? deh,ask_location_access
Permisi Wonderful sih,provide_feedback
Permis Wonderful sih,provide_feedback
Good evening,greet
Ada wifi di Jembatan Ampera? ya,ask_facilities
Ada wfi di Maliobor? ya,ask_facilities
Where can I find museums in Palembang?,ask_category
Kak Deskripsi Bukit Siguntang,ask_destination_info
Kak Deskripsi Universal Stdio,ask_destination_info
Permisi Resep nasi goreng dong dong,ask_unrelated
Halo Chatbot nya bagus ya,provide_feedback
Halo Chatbot nya mantap yo,provide_feedback
Kak Kak ada museum gak di Palembang? sih,ask_category
Wassalamualaikum,goodbye
Wssalamualkum,goodbye
Apa itu?,ask_destination_info
Kak Mau tanya dong kak harga tiket Benteng Kuto Besak deh,ask_ticket_price
Kak Mau tanya dong kak hargo tiket Benteng Kuto Besak deh,ask_ticket_price
Halo selamat pagi,greet
oke makasih kak sangat membantu,goodbye
oke makasih kak banget membntu,goodbye
Halo Oke makasih kak sangat membantu deh,goodbye
Halo Oke makasih kak nian membantu deh,goodbye
Maaf mau tanya Cara daftar CPNS gimana? dong kak,ask_unrelated
Maf mau tanya Cra daftr CPNS giman? dong kak,ask_unrelated
Siapa pemenang Liga Champions?,ask_unrelated
Halo Rekomendasi hidden gems dong kak ya,ask_hidden_gems
Bisa naik angkot ke Masjid Cheng Ho?,ask_location_access
Bis naik angkot k Masjid Cheng Ho?,ask_location_access
rekomendasi wisata palembang dong,ask_recommendation
rekomendasi wisat plembang dong,ask_recommendation
Fasilitas Kemaro lengkap gak?,ask_facilities
Eh Permisi kak dong,greet
Eh Permis kk dong,greet
Harga masuk Museum Sultan Mahmud Badaruddin II berapa ya kak?,ask_ticket_price
Harga masuk Museum Sultan Mahmud Badaruddin II berapo yo kak?,ask_ticket_price
Min Best destinations in Palembang? ya kak,ask_recommendation
Min tolong saran wisata dong ya kak,ask_recommendation
Min tolong saran wisata dong yo kak,ask_recommendation
Eh Museum Sultan Mahmud Badaruddin II lokasinya dimana? dong kak,ask_location_access
Eh Museum Sultan Mahmud Badruddin I loksinya dmana? dng kk,ask_location_access
Bye bye makasih,goodbye
When is Punti Kayu Forest open?,ask_operating_hours
When is Menara Eiffel Forest open?,ask_operating_hours
Address of Ampera Bridge,ask_location_access
Recipe for chocolate cake? sih,ask_unrelated
Eh Oke makasih kak sangat membantu,goodbye
Eh Oke makash kk nian mmbantu,goodbye
Maaf mau tanya Benteng Kuto Besak buka jam berapa? deh,ask_operating_hours
Maaf mau tanya Benteng Kuto Besak buka jam berapo? deh,ask_operating_hours
Is it free?,ask_ticket_price
Permisi Any hidden gems to visit? ya kak,ask_hidden_gems
Hey How to move on? thanks,ask_unrelated
Hey How to move n? thanks,ask_unrelated
Kak Rekomendasi hidden gems dong kak ya,ask_hidden_gems
Kk Rekomndasi hdden gms dng kak yo,ask_hidden_gems
Eh Apakah Jakabaring gratis? sih,ask_ticket_price
Museum Balaputra Dewa fasilitasnya apa aja? sih,ask_facilities
Museum Balaputra Dewa fasilitasnya ap aja? sih,ask_facilities
Numpang tanya dong,greet
Gimana Masjid Agung Palembang?,ask_destination_info
Gimana Monas Palembang?,ask_destination_info
Eh Kak ada museum gak di Palembang?,ask_category
Permisi Suka sama jawabannya dong kak,provide_feedback
Cara main saham? deh,ask_unrelated
How to cook fried rice?,ask_unrelated
How to cok fried rice?,ask_unrelated
Is Benteng Kuto Besak worth visiting?,ask_destination_info
Is Tanah Lot worth visiting?,ask_destination_info
Hey What should I visit in Palembang??,ask_recommendation
Hey What should I visit in Palembng??,ask_recommendation
Halo Oke cukup kak makasih banyak ya kak,goodbye
Min Permisi kak dong,greet
Permisi Permisi kak deh,greet
Destinasi kategori alam?,ask_category
Min Jembatan Ampera di mana ya?,ask_location_access
Min Jembatan Universal Studio di mana yo?,ask_location_access
Min Details about Kambang Iwak Park? dong kak,ask_destination_info
Mau nanya dong Tourist spots along LRT route? sih,ask_lrt_destinations
Bye kak deh,goodbye
Kak Bisa naik LRT ke BKB? nih,ask_lrt_destinations
Maaf mau tanya Destinasi yang dekat stasiun LRT? sih,ask_lrt_destinations
Halo Kampung Arab Al-Munawar ada di daerah mana?,ask_location_access
Bang Jam operasionalnya? dong kak,ask_operating_hours
Address of Kemaro Island?,ask_location_access
Addrss of Kemaro Island?,ask_location_access
Halo Hidden gems in Palembang? nih,ask_hidden_gems
Bang BKB itu tempat apa sih?,ask_destination_info
Bang Candi Prambanan itu tempat apo sih?,ask_destination_info
Bang Hidden gems in Palembang? ya kak,ask_hidden_gems
Bang Hidden gems in Palembang? yo kak,ask_hidden_gems
Min PIM ada tempat parkir? dong,ask_facilities
Maaf mau tanya Mau tanya dong kak harga tiket Benteng Kuto Besak dong,ask_ticket_price
Maaf mau tanya Mau tanya dong kak harga tiket Danau Toba dong,ask_ticket_price
Fantasy Island ada tempat istirahat?,ask_facilities
Min Destinasi yang LRT accessible? sih,ask_lrt_destinations
Maaf mau tanya Mau ke tempat bersejarah di Palembang nih,ask_category
Maaf mau tanya Mau k tempat bersejarah di Palembang nih,ask_category
Mau nanya dong Address of Ampera Bridge? sih,ask_location_access
Maaf mau tanya Rekomendasi hidden gems dong kak,ask_hidden_gems
Maaf mau tanya Famous places in Palembang? ya,ask_recommendation
Maaf mau tanya Famous places in Palembang? yo,ask_recommendation
What's special about Kemaro Island?,ask_destination_info
What's specil about Kmaro Island?,ask_destination_info
Mau nanya dong Oke makasih kak sangat membantu deh,goodbye
Mau nanya dong Oke makasih kak nian membantu dh,goodbye
Hai hai,greet
Halo Bisa naik LRT ke BKB? sih,ask_lrt_destinations
Halo Pacak naik LRT k Pantai Kuta? sih,ask_lrt_destinations
Mau ke PIM lewat mana?,ask_location_access
Mau ke PIM lwat mna?,ask_location_access
Halo Details about Kambang Iwak Park? dong,ask_destination_info
Halo Details about Ancol Park? dong,ask_destination_info
Jelaskan tentang Pulau Kemaro,ask_destination_info
Jelaskan tentang Universal Studio,ask_destination_info
Halo Museum Sultan Mahmud Badaruddin II lokasinya dimana? nih,ask_location_access
"Hi, Is Kampung Kapitan open in the morning? please",ask_operating_hours
"Hi, Is ncol opn in the morning? please",ask_operating_hours
Maaf mau tanya Chatbot nya bagus dong kak,provide_feedback
Kak Masjid Cheng Ho ada spot foto gak? dong kak,ask_facilities
Mau ke tempat bersejarah di Palembang deh,ask_category
Permisi Famous places in Palembang? deh,ask_recommendation
Permisi Famous plces in Palembang? deh,ask_recommendation
Terima kasih infonya,goodbye
Kak Cara daftar CPNS gimana? nih,ask_unrelated
Min Naik apa ke Pasar 16 Ilir? sih,ask_location_access
I want to know Does Jakabaring Sport City have a mosque?,ask_facilities
I wanna know Does Jakabaring Sport City have a mosque?,ask_facilities
Please What should I visit in Palembang? please,ask_recommendation
Kak Benteng Kuto Besak buka jam berapa? dong kak,ask_operating_hours
Kak Menara Eiffel buka jam berapo? dong kak,ask_operating_hours
Bang Famous places in Palembang? nih,ask_recommendation
Bang Famos places in Palembang? nih,ask_recommendation
Halo Any hidden gems to visit?,ask_hidden_gems
Halo Any hidden gems to vsit?,ask_hidden_gems
Bang Thank you very much dong,goodbye
Bang Thank ya very much dong,goodbye
Hidden gem Palembang yang recommended?,ask_hidden_gems
Hdden gem Palembang yang recommended?,ask_hidden_gems
What's available at Jakabaring Sport City?,ask_facilities
What's avlabl at Jakabaring Sport Cty?,ask_facilities
Food tourism in Palembang?,ask_category
Mau nanya dong Kak ada museum gak di Palembang? ya kak,ask_category
Kemaro jauh gak dari pusat kota?,ask_location_access
Kemaro jauh gak dar pusat kota?,ask_location_access
Mau nanya dong Thank you very much nih,goodbye
Mau nanya dong Thank ya very much nih,goodbye
Is Sultan Mahmud Badaruddin II Museum open on weekends?,ask_operating_hours
Is Sultan Mahmud Bdaruddin II Museum open n wekends?,ask_operating_hours
"Min That's enough, thank you deh",goodbye
"Mn That's enogh, thank u deh",goodbye
Maaf mau tanya Bye kak,goodbye
Keren banget infonya,provide_feedback
Hey Is Kampung Kapitan open in the morning? please,ask_operating_hours
Hey Is Kmpung Kapitan open in the morning? please,ask_operating_hours
Maaf mau tanya Hai kak masih aktif? deh,greet
Hey Does Jakabaring Sport City have a mosque? thanks,ask_facilities
"Halo That's enough, thank you sih",goodbye
"Halo That's enough, thank ya sih",goodbye
Oke makasih kak sangat membantu?,goodbye
Oke makasih kak nian membantu?,goodbye
Palembang punya wisata kuliner apa?,ask_category
Halo Info lengkap Punti Kayu dong,ask_destination_info
Halo Info lengkap Tanah Lot dong,ask_destination_info
Min Resep nasi goreng dong ya,ask_unrelated
Min Resep nasi goreng dong yo,ask_unrelated
Mau nanya dong Food tourism in Palembang? deh,ask_category
Jam operasionalnya? dong kak,ask_operating_hours
Bang Info jam buka SMB II dong nih,ask_operating_hours
How to reach Monpera?,ask_location_access
How to reach Candi Prambanan?,ask_location_access
How much is the admission to Benteng Kuto Besak?,ask_ticket_price
Mau nanya dong Destinasi yang LRT accessible? ya,ask_lrt_destinations
Min Chatbot nya bagus,provide_feedback
Min Chatbot nya mantap,provide_feedback
Is Kampung Kapitan open in the morning,ask_operating_hours
Is Candi Prambann pen in the mornng,ask_operating_hours
Permisi Chatbot nya bagus dong kak,provide_feedback
Permisi Chatbot nya mantap dong kak,provide_feedback
Jembatan Ampera di mana ya? dong,ask_location_access
Jembatan Candi Borobudur di mana yo? dong,ask_location_access
Min Rekomendasi wisata yang dekat stasiun LRT sih,ask_lrt_destinations
Mau nanya dong Hai kak masih aktif?,greet
Mau nanya dong Ha kk masih aktif?,greet
Permisi PIM gratis gak sih? dong,ask_ticket_price
Permisi PIM gratis gak sih?,ask_ticket_price
Prmsi PIM grats gak sih?,ask_ticket_price
Maaf mau tanya Food tourism in Palembang? dong kak,ask_category
Maaf mau tanya Food tourism n Plembang? dng kak,ask_category
Wisata apa yang recommended di Palembang? dong kak,ask_recommendation
Wisata apa yang recommndd di Palembang? dong kk,ask_recommendation
Harga tiket Pulau Kemaro berapa ya?,ask_ticket_price
Harga tiket Pulau Kemaro brapa yo?,ask_ticket_price
Museum Balaputra Dewa fasilitasnya apa aja,ask_facilities
Gunng Bromo fsilitasnya apo aja,ask_facilities
Permisi Famous places in Palembang?,ask_recommendation
Bang Wisata apa yang recommended di Palembang? dong,ask_recommendation
Jembatan Ampera di mana ya? ya kak,ask_location_access
Jembatan Taman Safari di mana ya? yo kak,ask_location_access
Kak ada wisata alam gak di Palembang?,ask_category
Min LRT friendly tourist destinations? sih,ask_lrt_destinations
Mau nanya dong PIM gratis gak sih? dong,ask_ticket_price
Is Grand Mosque of Palembang open on Sunday?,ask_operating_hours
Min Hidden gems in Palembang? deh,ask_hidden_gems
Min Ada wifi di Jembatan Ampera? deh,ask_facilities
Min Ada wif di Central Park? deh,ask_facilities
Kak Oke makasih kak sangat membantu dong kak,goodbye
Kak Oke makasih kak banget membantu dong kak,goodbye
Mau nanya dong Jembatan Ampera di mana ya?,ask_location_access
Mau nanya dong Jembatan Raja Ampat di mana ya?,ask_location_access
Permisi What time does Kampung Kapitan close? dong kak,ask_operating_hours
Permisi What time does Candi Prambanan close? dong kak,ask_operating_hours
Maaf mau tanya Hidden gems in Palembang? dong kak,ask_hidden_gems
Maaf mau tanya Hidden gems in Plmbang? dong kak,ask_hidden_gems
Maaf mau tanya Tess nih,greet
I want to know How to move on??,ask_unrelated
I wanna know How to move on??,ask_unrelated
Kak Wisata tersembunyi di Palembang? dong,ask_hidden_gems
Kak Wisata Palembang yang aesthetic tapi sepi? nih,ask_hidden_gems
Kak Wisat Palmbang yang aesthtic tp sep? nih,ask_hidden_gems
Eh Oke cukup kak makasih banyak ya,goodbye
Eh Oke cukup kak makasih bnyak ya,goodbye
Maaf mau tanya Museum Balaputra Dewa fasilitasnya apa aja? deh,ask_facilities
Mau nanya dong Mau tanya dong kak harga tiket Benteng Kuto Besak ya,ask_ticket_price
Mau nanya dong Mu tany dong kak harga tiket Candi Prambanan ya,ask_ticket_price
Oke sip mantap,provide_feedback
Halo Ada wifi di Jembatan Ampera? ya kak,ask_facilities
Halo Ada wifi di Taman Safari? yo kak,ask_facilities
Mau nanya dong Hlo,greet
Kak Destinasi yang dekat stasiun LRT? dong,ask_lrt_destinations
Bang Museum Sultan Mahmud Badaruddin II lokasinya dimana? dong,ask_location_access
Bang Museum Sultan Mahmud Badaruddin II lokasinya dmana? dong,ask_location_access
Nice info,provide_feedback
What time does Kampung Kapitan close? deh,ask_operating_hours
What time does Kampung Kaptan close? deh,ask_operating_hours
Info wisata budaya Palembang dong?,ask_category
Bang Rekomendasi hidden gems dong kak dong,ask_hidden_gems
Kak Terima kasih infonya ya,goodbye
Kak Terima kasih infonya yo,goodbye
Mau nanya dong Recipe for chocolate cake? nih,ask_unrelated
Destinasi yang dekat stasiun LRT? dong,ask_lrt_destinations
Destinasi yang dekt stasin LRT? dong,ask_lrt_destinations
Bang BKB itu tempat apa sih? nih,ask_destination_info
Bang Central Park itu tempat apa sih? nih,ask_destination_info
Mau nanya dong Tourist spots along LRT route? ya kak,ask_lrt_destinations
Menarik gak OPI Mall?,ask_destination_info
cara daftar cpns gimana?,ask_unrelated
Min Wonderful dong,provide_feedback
Mn Wnderful dong,provide_feedback
Maaf mau tanya Destinasi yang LRT accessible?,ask_lrt_destinations
I want to know Do I need to pay to enter Monpera??,ask_ticket_price
I wanna know Do I need to pay to enter Monpera??,ask_ticket_price
Mau nanya dong Benteng Kuto Besak buka jam berapa? sih,ask_operating_hours
Mau nanya dong Benteng Kuto Besak buka jam berapo? sih,ask_operating_hours
Mau nanya dong Tess,greet
Mau nanya dng Tess,greet
Bang Info jam buka SMB II dong,ask_operating_hours
Min Cara main saham?,ask_unrelated
Halo Tess ya,greet
Halo Tess yo,greet
Mau nanya dong Tourist spots along LRT route?,ask_lrt_destinations
Kak Min kasih tau hidden gems Palembang,ask_hidden_gems
Masuk Kemaro gratis atau bayar?,ask_ticket_price
Maaf mau tanya Details about Kambang Iwak Park?,ask_destination_info
Kak Excellent information ya,provide_feedback
Kk Excellent information ya,provide_feedback
Permisi Suka sama jawabannya ya kak,provide_feedback
Details about Kambang Iwak Park? ya kak,ask_destination_info
Detils about Raja Ampt Park? ya kak,ask_destination_info
Wisata Arab di Palembang?,ask_category
Maaf mau tanya Food tourism in Palembang? deh,ask_category
Halo Wonderful sih,provide_feedback
Maaf mau tanya Best destinations in Palembang? dong kak,ask_recommendation
Bang Rekomendasi hidden gems dong kak nih,ask_hidden_gems
Bang Tourist spots along LRT route? ya,ask_lrt_destinations
Bang Tourist spots along LRT route? yo,ask_lrt_destinations
Is there WiFi at Monpera?,ask_facilities
Kak Apakah Jakabaring gratis? dong,ask_ticket_price
"Maaf mau tanya That's enough, thank you sih",goodbye
"Maaf mau tanya That's enough, thank u sih",goodbye
Kak Details about Kambang Iwak Park? sih,ask_destination_info
Kak Dtails about Kambang wk Park? sih,ask_destination_info
Assalamualaikum,greet
Eh Address of Ampera Bridge? nih,ask_location_access
Eh Address of Central Park Bridge? nih,ask_location_access
Eh Destinasi wisata sejarah Palembang? sih,ask_category
Bang Rekomendasi wisata Palembang dong nih,ask_recommendation
Deskripsi Bukit Siguntang,ask_destination_info
Naik apa ke PIM?,ask_location_access
Naik apo k PIM?,ask_location_access
What's the ticket price for Kemaro Island?,ask_ticket_price
Kak Thank you very much dong kak,goodbye
Kak Thank u very much dong kak,goodbye
Eh Jam operasionalnya? deh,ask_operating_hours
Eh Jam operasionalnya? dh,ask_operating_hours
Mau nanya dong Details about Kambang Iwak Park?,ask_destination_info
Mau nnya dong Details abot Kmbang Iwak Park?,ask_destination_info
How much is the admission to Sultan Mahmud Badaruddin II Museum?,ask_ticket_price
Halo Tolong kasih tau wisata dekat LRT dong,ask_lrt_destinations
Tiket masuk SMB berapa?,ask_ticket_price
Tket masuk SMB berap?,ask_ticket_price
Min Excellent information nih,provide_feedback
Mau nanya dong Info wisata budaya Palembang dong dong,ask_category
Ma nanya dong Info wisata bdaya Plembng dong dong,ask_category
Halo Destinasi yang LRT accessible? sih,ask_lrt_destinations
Maaf mau tanya Famous places in Palembang? deh,ask_recommendation
Maaf mau tany Famos places in Plembang? deh,ask_recommendation
Min Cara main saham? nih,ask_unrelated
Maaf mau tanya Destinasi wisata sejarah Palembang? ya,ask_category
Maaf mau tnya Destns wisata sjarah Plembang? yo,ask_category
Permisi Museum Balaputra Dewa fasilitasnya apa aja? sih,ask_facilities
Permisi Malioboro fasilitasnya apo aja? sih,ask_facilities
Al-Munawar ada tempat istirahat?,ask_facilities
Mau nanya dong Rekomendasi wisata yang dekat stasiun LRT dong kak,ask_lrt_destinations
"Eh That's enough, thank you ya",goodbye
"Eh That's enough, thank u ya",goodbye
Min Apakah Ampera dekat stasiun LRT? ya kak,ask_lrt_destinations
Permisi Food tourism in Palembang? ya,ask_category
Permisi Food tourism in Palembang? yo,ask_category
Mau tanya fasilitas di Punti Kayu,ask_facilities
Mau tanya fsilitas di Punti Kayu,ask_facilities
Kak Info lengkap Punti Kayu dong ya kak,ask_destination_info
Kak nfo lengkap Ancl dng y kk,ask_destination_info
Eh Recipe for chocolate cake? deh,ask_unrelated
Min Resep nasi goreng dong ya kak,ask_unrelated
Kode pos Palembang berapa?,ask_unrelated
Kde ps Palembang brapa?,ask_unrelated
Tiket masuk ke Museum Sultan Mahmud Badaruddin II sekarang berapa ya?,ask_ticket_price
Tiket masuk k Museum Sultan Mahmud Badaruddin II sekarang brapa yo?,ask_ticket_price
Halo Terima kasih infonya,goodbye
Dari pusat kota ke KI berapa lama?,ask_location_access
Dar pusat kota ke KI brapa lama?,ask_location_access
Kapan PTC buka?,ask_operating_hours
Halo Terima kasih infonya deh,goodbye
Halo Terima kasih nfonya deh,goodbye
Arah ke Kambang Iwak gimana?,ask_location_access
Arah k Pantai Kuta gimana?,ask_location_access
Kak Jadwal kereta api Jakarta?,ask_unrelated
Mau nanya dong Any hidden gems to visit? nih,ask_hidden_gems
Mau nanya dong Recipe for chocolate cake? dong kak,ask_unrelated
Halo LRT friendly tourist destinations?,ask_lrt_destinations
Hlo LRT frendly tourst destintins?,ask_lrt_destinations
Kak Jelas banget penjelasannya deh,provide_feedback
Halo Suka sama jawabannya ya,provide_feedback
Permisi Info wisata budaya Palembang dong ya kak,ask_category
Permisi Info wisata budaya Palembang dong yo kak,ask_category
Halo Hidden gems in Palembang? dong,ask_hidden_gems
Halo Jadwal kereta api Jakarta? ya kak,ask_unrelated
Kak Rekomendasi wisata Palembang dong dong kak,ask_recommendation
Permisi Mau ke tempat bersejarah di Palembang dong kak,ask_category
Min Cara daftar CPNS gimana? ya kak,ask_unrelated
Min Cara daftar CPNS gimana? yo kak,ask_unrelated
Maaf mau tanya Jembatan Ampera di mana ya? dong,ask_location_access
Maf mau tanya Jembatan Ancol di mana y? dong,ask_location_access
Min Terima kasih infonya ya,goodbye
Min Terima kasih infonya yo,goodbye
Kak ada hidden gems gak?,ask_hidden_gems
Does Al-Munawar Arab Village have food stalls?,ask_facilities
Permisi Wisata apa yang recommended di Palembang? dong,ask_recommendation
Facilities?,ask_facilities
Faclties?,ask_facilities
Maaf mau tanya Kamu siapa? sih,ask_unrelated
Maaf mau tanya Kau siapa? sih,ask_unrelated
Masjid Cheng Ho lokasinya dimana?,ask_location_access
Kak Enaknya kemana ya di Palembang? dong,ask_recommendation
I want to know How to move on?,ask_unrelated
I wanna know How to move on?,ask_unrelated
Maaf mau tanya Details about Kambang Iwak Park? sih,ask_destination_info
Maaf mau tnya Details about Kambang Iwak Park? sih,ask_destination_info
Maaf mau tanya Rekomendasi wisata untuk liburan singkat dong,ask_recommendation
Permisi What time does Kampung Kapitan close? ya,ask_operating_hours
Permsi What tme does Danau Toba close? y,ask_operating_hours
Kak Terima kasih infonya deh,goodbye
Masjid Cheng Ho terkenal karena apa?,ask_destination_info
Masjid Cheng Ho terkenal karena apo?,ask_destination_info
Bang Apakah Jakabaring gratis? dong,ask_ticket_price
Lokasi Al Quran Al Akbar dimana kak?,ask_location_access
Lokasi Ancol dimana kak?,ask_location_access
Bang Wonderful deh,provide_feedback
Bang Wonderfl deh,provide_feedback
Tiket masuk Palembang Icon berapa?,ask_ticket_price
Excellent information deh,provide_feedback
Mau nanya dong Oke cukup kak makasih banyak dong kak,goodbye
Kak Bisa naik LRT ke BKB?,ask_lrt_destinations
Kak Bisa naik LRT ke Taman Safari?,ask_lrt_destinations
Kak Numpang tanya dong ya,greet
Kak Numpang tanya dong yo,greet
Min Hidden gems in Palembang?,ask_hidden_gems
Min Hidden gems in Plembng?,ask_hidden_gems
"Hi, Is Kampung Kapitan open in the morning? thanks",ask_operating_hours
"Hi, Is Pantai Kuta open in the morning? thanks",ask_operating_hours
Bang PIM gratis gak sih? ya,ask_ticket_price
Bang Mau tanya dong kak harga tiket Benteng Kuto Besak ya kak,ask_ticket_price
Bang Mau tanya dong kak hargo tiket Benteng Kuto Besak yo kak,ask_ticket_price
Bang Info wisata budaya Palembang dong,ask_category
Hallloo,greet
What amenities does Benteng Kuto Besak offer?,ask_facilities
Min PIM ada tempat parkir? ya kak,ask_facilities
Min PIM ada tempat parkir? yo kak,ask_facilities
Eh Food tourism in Palembang? nih,ask_category
Eh Fod toursm in Plembang? nih,ask_category
Permisi Facilities at Benteng Kuto Besak? dong kak,ask_facilities
Mau nanya dong Cara daftar CPNS gimana? ya kak,ask_unrelated
Mau nanya dong Wisata apa yang recommended di Palembang? ya kak,ask_recommendation
Mu nnya dong Wisata apo yang recommnded di Plmbang? yo kak,ask_recommendation
Bang Tess dong kak,greet
Fantasy Island ada tempat parkir?,ask_facilities
Halo PIM ada tempat parkir?,ask_facilities
Cara main saham? dong kak,ask_unrelated
Min Enaknya kemana ya di Palembang? sih,ask_recommendation
Min Enakny keman ya di Plembng? sih,ask_recommendation
Eh Cara daftar CPNS gimana? ya kak,ask_unrelated
Eh Cara daftar CPNS gimana? yo kak,ask_unrelated
How much is it?,ask_ticket_price
What should I visit in Palembang,ask_recommendation
Permisi Kamu siapa? dong kak,ask_unrelated
Permisi Kau siapa? dong kak,ask_unrelated
Is Kampung Kapitan open on Sunday?,ask_operating_hours
Is Gunung Bromo open on Sunday?,ask_operating_hours
Pulau Kemaro terkenal karena apa?,ask_destination_info
Gunung Bromo terkenal karena apa?,ask_destination_info
Eh Museum Balaputra Dewa fasilitasnya apa aja? ya,ask_facilities
Eh Museum Balaputra Dewa fasilitasnya apo aja? yo,ask_facilities
Kak Tourist spots along LRT route? dong,ask_lrt_destinations
Arah ke Ampera gimana?,ask_location_access
Arah ke Pantai Kuta gimana?,ask_location_access
Bang tiket OPI Mall berapa?,ask_ticket_price
Bang tiket OPI Mall brapa?,ask_ticket_price
Min Tolong kasih tau wisata dekat LRT dong,ask_lrt_destinations
Is admission to Ampera Bridge free?,ask_ticket_price
Is admssion to mpera Bridge free?,ask_ticket_price
Maaf mau tanya Info lengkap Punti Kayu dong nih,ask_destination_info
Does Al-Munawar Arab Village open every day?,ask_operating_hours
Is there an entry fee for Ampera Bridge?,ask_ticket_price
Mau cari wisata sejarah di Palembang,ask_category
Bang Food tourism in Palembang?,ask_category
Bang Fod tourism in Palembang?,ask_category
Kak Best destinations in Palembang? dong,ask_recommendation
Kak Best destnations in Palembang? dong,ask_recommendation
Hey What parks are in Palembang? please,ask_category
Hey What parks r in Palembang? please,ask_category
Halo Help me please deh,greet
Bang Terima kasih infonya,goodbye
Info wisata budaya Palembang dong ya kak,ask_category
Inf wisata budaya Palembang dong yo kak,ask_category
Kak Permisi kak ya,greet
Kak Permisi kak yo,greet
Min Kalo hari Sabtu Kawah Tengkurep buka? ya kak,ask_operating_hours
Mn Kalo hari Sabtu Kawh Tengkrep buka? ya kk,ask_operating_hours
Bang Excellent information,provide_feedback
Halo Any hidden gems to visit? ya,ask_hidden_gems
Halo Any hidden gems to visit? yo,ask_hidden_gems
Al Quran Al Akbar bagus gak?,ask_destination_info
Al Quran Al Akbar mantap gak?,ask_destination_info
Bang Kak ada museum gak di Palembang? deh,ask_category
Bang Excellent information dong,provide_feedback
Bang Oke cukup kak makasih banyak ya kak,goodbye
Bang Oke cukup kk makasih banyak yo kak,goodbye
OPI Mall itu apa?,ask_destination_info
OPI Mall itu apo?,ask_destination_info
Hey What parks are in Palembang??,ask_category
Hey What parks r in Palembang??,ask_category
Eh Jadwal kereta api Jakarta? ya kak,ask_unrelated
Eh Jadwal kereta api Jakarta? yo kak,ask_unrelated
Eh Mau ke tempat bersejarah di Palembang,ask_category
Eh Mau k tempat bersejarah di Palembang,ask_category
Permisi PIM gratis gak sih? ya kak,ask_ticket_price
Tell me more,ask_destination_info
Kak Jembatan Ampera di mana ya? dong,ask_location_access
Kak Raja Ampat di mana yo? dong,ask_location_access
Info lokasi Kemaro dong,ask_location_access
Maaf mau tanya Jembatan Ampera di mana ya? sih,ask_location_access
Maaf mau tany Jmbatn Gunung Bromo di mana yo? sh,ask_location_access
Min Thank you very much deh,goodbye
Min Thnk u vry mch deh,goodbye
Permisi Terima kasih infonya,goodbye
"Thank you, goodbye",goodbye
"Thank u, goodby",goodbye
"Excuse me, What facilities are available at Jakabaring Sport City? please",ask_facilities
"Excuse me, What facilities r available at Jakabaring Sport City? please",ask_facilities
Maaf mau tanya Info jam buka SMB II dong dong kak,ask_operating_hours
Maf mu tanya nfo jam buk SMB II dng dong kak,ask_operating_hours
Kak Makasih ya kak,goodbye
Kak Maksh y kak,goodbye
Info tentang Masjid Cheng Ho,ask_destination_info
Mau nanya dong Help me please deh,greet
Bang Jembatan Ampera di mana ya? ya kak,ask_location_access
Bang Jembatan Taman Safari di mana yo? ya kak,ask_location_access
Do I need to pay to enter Monpera?,ask_ticket_price
Do I need to pay to enter Universal Studio?,ask_ticket_price
Eh BKB itu tempat apa sih? deh,ask_destination_info
Eh Malioboro itu tempat apo sih? deh,ask_destination_info
"Excuse me, Exactly what I needed please",provide_feedback
"Excuse me, Exactly what I needd plase",provide_feedback
Bang LRT friendly tourist destinations? dong,ask_lrt_destinations
Any nature tourism in Palembang?,ask_category
ny natur tourism in Palembang?,ask_category
Bang Excellent information dong kak,provide_feedback
Is there WiFi at Al-Munawar Arab Village?,ask_facilities
Kak Naik apa ke Pasar 16 Ilir? nih,ask_location_access
Kak Naik apo k Pasar 16 Ilir? nih,ask_location_access
Ada wifi di Jembatan Ampera? deh,ask_facilities
Ada wifi di Jembatan Menara Eiffel? deh,ask_facilities
Bang Any hidden gems to visit? sih,ask_hidden_gems
Eh Rekomendasi wisata yang dekat stasiun LRT,ask_lrt_destinations
Destinasi masjid Palembang?,ask_category
Dstnasi masjid Plmbang?,ask_category
Permisi Bisa naik LRT ke BKB? ya kak,ask_lrt_destinations
Permisi Bisa naik LRT ke Malioboro? yo kak,ask_lrt_destinations
Permisi Jelas banget penjelasannya sih,provide_feedback
Jawaban yang memuaskan,provide_feedback
Kak Info lengkap Punti Kayu dong ya,ask_destination_info
Kak Info lengkap Danau Toba dong yo,ask_destination_info
Can you tell me How to move on??,ask_unrelated
Can u tell me How to move on??,ask_unrelated
What are the opening hours of Al-Munawar Arab Village?,ask_operating_hours
What r the opening hours of Al-Munawar Arab Village?,ask_operating_hours
Maaf mau tanya Cara daftar CPNS gimana? ya,ask_unrelated
Heyy,greet
Min Kamu siapa? nih,ask_unrelated
Min Kau siapa? nih,ask_unrelated
Bang PIM ada tempat parkir? ya kak,ask_facilities
Taman Kebon Rojo lokasinya dimana?,ask_location_access
Taman Kebon Rojo lokasinya dimano?,ask_location_access
Taman Kambang Iwak Besak ada toilet gak?,ask_facilities
Enaknya kemana ya di Palembang? dong,ask_recommendation
Yang termasuk masjid apa aja?,ask_category
Yang trmask masjid apo aja?,ask_category
Mau nanya dong Enaknya kemana ya di Palembang? dong kak,ask_recommendation
Mu nnya dong Enknya kmana y di Palembang? dong kak,ask_recommendation
Permisi Tourist spots along LRT route? sih,ask_lrt_destinations
Mau nanya dong Any hidden gems to visit?,ask_hidden_gems
Halo Wisata apa yang recommended di Palembang? deh,ask_recommendation
Halo Wisata apo yang recommendd di Plembang? deh,ask_recommendation
Enaknya kemana ya di Palembang? nih,ask_recommendation
Masuk Monpera gratis atau bayar?,ask_ticket_price
Permisi Address of Ampera Bridge? dong kak,ask_location_access
Min tolong saran wisata dong dong kak,ask_recommendation
Min Min tolong saran wisata dong ya,ask_recommendation
Min Min tolong saran wisata dong yo,ask_recommendation
Wonderful dong,provide_feedback
Maaf mau tanya Makasih ya,goodbye
Oke sip makasih,goodbye
Oke sip makash,goodbye
Famous places in Palembang? nih,ask_recommendation
Permisi Mau ke tempat bersejarah di Palembang deh,ask_category
Permisi Mau k tempat bersejarah di Palembang deh,ask_category
Halo Destinasi yang LRT accessible? ya kak,ask_lrt_destinations
Halo Destinasi yang LRT accessibl? y kk,ask_lrt_destinations
Eh Kak ada museum gak di Palembang? deh,ask_category
Kak Wisata Palembang yang aesthetic tapi sepi? dong kak,ask_hidden_gems
Kak Wisata Palembang yang aesthetic tp sepi? dong kak,ask_hidden_gems
Min Hlo ya,greet
Bang Destinasi yang dekat stasiun LRT?,ask_lrt_destinations
Bang Destinas yang dekat stasiun LRT?,ask_lrt_destinations
I want to know What facilities are available at Jakabaring Sport City?,ask_facilities
I wanna know What faclites r available at Jakabaring Sprt City?,ask_facilities
Yang termasuk museum apa aja?,ask_category
Yang termasuk museum apo aja?,ask_category
Maaf mau tanya KI itu apa? ya,ask_destination_info
Maaf mau tany KI itu apo? ya,ask_destination_info
Min Destinasi yang LRT accessible? nih,ask_lrt_destinations
Permisi Wisata Palembang yang aesthetic tapi sepi? dong,ask_hidden_gems
Permisi Wista Plembang yang asthetic tp sepi? dong,ask_hidden_gems
Maaf mau tanya Bisa naik LRT ke BKB?,ask_lrt_destinations
Maaf mau tanya Pacak naik LRT ke BKB?,ask_lrt_destinations
Tell me about Kampung Kapitan,ask_destination_info
Tell me about Panta Kut,ask_destination_info
Permisi Any hidden gems to visit? deh,ask_hidden_gems
Permisi Facilities at Benteng Kuto Besak?,ask_facilities
Permisi Facilites at Bnteng Kuto Bsak?,ask_facilities
Bang Pagi kak nih,greet
Bang Pagi kk nih,greet
Pasar 16 Ilir ada kantin gak?,ask_facilities
Permisi Museum Balaputra Dewa fasilitasnya apa aja? deh,ask_facilities
Permisi Museum Balaputra Dewa fasilitasnya apo aja? deh,ask_facilities
Permisi Palembang punya museum apa? nih,ask_category
Permisi Palembang punya musum apa? nih,ask_category
Hutan Wisata Punti Kayu berbayar atau gratis?,ask_ticket_price
Htan Wisata Punti Kayu berbayar ata gratis?,ask_ticket_price
Bang Min tolong saran wisata dong ya,ask_recommendation
Bang Min tolong saran wisata dong yo,ask_recommendation
When does Kampung Kapitan close?,ask_operating_hours
Taman Kambang Iwak Besak buka hari apa aja?,ask_operating_hours
Taman Pantai Kuta Besak buka hari apa aja?,ask_operating_hours
Min Jelas banget penjelasannya,provide_feedback
Permisi Famous places in Palembang? nih,ask_recommendation
"That's enough, thank you nih",goodbye
"That's enough, thank u nih",goodbye
Halo Lesser known attractions in Palembang? ya kak,ask_hidden_gems
Eh Rekomendasi wisata untuk liburan singkat sih,ask_recommendation
Eh Rekomndasi wisata ntuk liburan sngkat sih,ask_recommendation
Mau nanya dong Masjid Cheng Ho ada spot foto gak? deh,ask_facilities
Mau nanya dong Numpang tanya dong deh,greet
Ma nanya dng Numpang tanya dong dh,greet
Kak Wisata Palembang yang aesthetic tapi sepi? dong,ask_hidden_gems
What's the capital of France?,ask_unrelated
Min Ada wifi di Jembatan Ampera? ya kak,ask_facilities
Min Ada wifi di Danau Toba? ya kak,ask_facilities
Mau nanya dong PIM gratis gak sih? ya,ask_ticket_price
Mau nanya dong PIM gratis gak sih? yo,ask_ticket_price
Maaf mau tanya Info wisata budaya Palembang dong nih,ask_category
Apa keunikan SMB?,ask_destination_info
What's 2+2?,ask_unrelated
Kak Tess ya,greet
Kak Tess yo,greet
Destinasi yang dekat stasiun LRT? sih,ask_lrt_destinations
Wisata wisata religi di Palembang apa aja?,ask_category
Wisata wisata religi di Palembang apo aja?,ask_category
Masuk SMB II gratis atau bayar?,ask_ticket_price
Maaf mau tanya Suka sama jawabannya dong,provide_feedback
Mau nanya dong LRT friendly tourist destinations? ya,ask_lrt_destinations
Ma nanya dong LRT friendly tourist destntins? ya,ask_lrt_destinations
Maaf mau tanya Apakah Jakabaring gratis? ya,ask_ticket_price
Tempat keren tapi belum terkenal di Palembang?,ask_hidden_gems
Tempat keren tp belom terkenal di Palembang?,ask_hidden_gems
Bang Cara main saham? nih,ask_unrelated
Kak Museum Sultan Mahmud Badaruddin II lokasinya dimana? dong kak,ask_location_access
Kak Museum Sultan Mahmud Badaruddin II lokasinya dimano? dong kak,ask_location_access
Monpera ada spot foto gak?,ask_facilities
Menara Eiffel da spot foto gak?,ask_facilities
Undiscovered places in Palembang?,ask_hidden_gems
Ada wifi di Jembatan Ampera?,ask_facilities
Ad wfi d Jembatan Malioboro?,ask_facilities
Location of Jakabaring Sport City?,ask_location_access
Pagi-pagi Amanzi Waterpark sudah buka belum?,ask_operating_hours
Pagi-pagi Amanzi Waterpark udah buka belom?,ask_operating_hours
Eh Rekomendasi wisata yang dekat stasiun LRT nih,ask_lrt_destinations
Eh Details about Kambang Iwak Park? dong,ask_destination_info
Eh Details about Gunung Bromo Park? dong,ask_destination_info
Permisi Famous places in Palembang? ya,ask_recommendation
Min Kak ada museum gak di Palembang? ya,ask_category
Min Info jam buka SMB II dong dong,ask_operating_hours
Kak Suka sama jawabannya deh,provide_feedback
Wisata baru yang belum terkenal?,ask_hidden_gems
Wisata baru yang belom terkenal?,ask_hidden_gems
Biaya masuknya berapa?,ask_ticket_price
Biaya masuknya berapo?,ask_ticket_price
What's the address of Al-Munawar Arab Village?,ask_location_access
Wht's the address of Al-Munawr Arab Village?,ask_location_access
That's helpful,provide_feedback
Mau nanya dong Apakah Jakabaring gratis? ya kak,ask_ticket_price
Min Kak ada museum gak di Palembang? dong,ask_category
Min Kak ada museum gak di Palembang? dng,ask_category
Tourist recommendations for Palembang?,ask_recommendation
Siapa presiden Indonesia?,ask_unrelated
Siapa presiden Indonesi?,ask_unrelated
Bang Any hidden gems to visit? dong kak,ask_hidden_gems
"Maaf mau tanya That's enough, thank you dong",goodbye
"Maf mau tanya Tht's nough, thank y dong",goodbye
LRT friendly tourist destinations? dong kak,ask_lrt_destinations
LRT friendly tourist destintins? dng kak,ask_lrt_destinations
Permisi Best destinations in Palembang? dong kak,ask_recommendation
Halo Min kasih tau hidden gems Palembang deh,ask_hidden_gems
Min Kampung Arab Al-Munawar ada di daerah mana?,ask_location_access
Min Gunung Bromo Al-Munawar ada di daerah mana?,ask_location_access
Permisi Ada wifi di Jembatan Ampera? ya,ask_facilities
Permisi Ada wifi di Jembatan Menara Eiffel? yo,ask_facilities
Akses ke Masjid Cheng Ho mudah gak?,ask_location_access
Akses ka Masjid Cheng Ho mudah gk?,ask_location_access
Eh Wisata tersembunyi di Palembang? dong,ask_hidden_gems
Permisi Rekomendasi wisata Palembang dong dong,ask_recommendation
Min alamat Kampung Kapitan apa ya?,ask_location_access
Min alamat Kampung Kapitan apo ya?,ask_location_access
Fasilitas PTC lengkap gak?,ask_facilities
Bang Wisata Palembang yang aesthetic tapi sepi? dong,ask_hidden_gems
How to reach Sultan Mahmud Badaruddin II Museum?,ask_location_access
Maaf mau tanya Wisata tersembunyi di Palembang? ya,ask_hidden_gems
Maaf mau tanya Wsata tersmbunyi di Palembng? yo,ask_hidden_gems
Halo Min kasih tau hidden gems Palembang nih,ask_hidden_gems
Jakabaring itu tempat apa sih?,ask_destination_info
Kak Apakah Jakabaring gratis? sih,ask_ticket_price
wisata apa yang recommended di palembang?,ask_recommendation
Eh LRT friendly tourist destinations? sih,ask_lrt_destinations
Permisi BKB itu tempat apa sih? ya,ask_destination_info
Permisi Pantai Kuta itu tempat apa sih? ya,ask_destination_info
Min Jelas banget penjelasannya ya,provide_feedback
Min Jelas banget penjelasannya yo,provide_feedback
Mantul kak,provide_feedback
Mantl kak,provide_feedback
Pagi-pagi Monpera sudah buka belum?,ask_operating_hours
Pagi-pagi Monpra dah bka blom?,ask_operating_hours
Kalo hari Sabtu SMB buka?,ask_operating_hours
"Excuse me, What's the location of Ampera Bridge? please",ask_location_access
Mau nanya dong Taxi online di Palembang? ya,ask_unrelated
Smart bot,provide_feedback
Permisi Chatbot nya bagus,provide_feedback
Permisi Chatbot nya keren,provide_feedback
Min Museum Balaputra Dewa fasilitasnya apa aja? sih,ask_facilities
Eh Benteng Kuto Besak buka jam berapa? deh,ask_operating_hours
Eh Universal Studio buka jam brapa? deh,ask_operating_hours
Mau nanya dong PIM ada tempat parkir? dong kak,ask_facilities
Berapa duit masuk Jakabaring Sport City?,ask_ticket_price
Brapa duit masuk Jakabaring Sport City?,ask_ticket_price
Kak Numpang tanya dong deh,greet
Mau nanya dong Lesser known attractions in Palembang? ya kak,ask_hidden_gems
Kak BKB itu tempat apa sih? dong,ask_destination_info
Kak Benteng Kuto Besak buka jam berapa? ya,ask_operating_hours
Kak Gunung Bromo buka jam berapo? yo,ask_operating_hours
Pulau Kemaro lokasinya dimana?,ask_location_access
Menara Eiffel lokasinya dimana?,ask_location_access
Kak Benteng Kuto Besak buka jam berapa? nih,ask_operating_hours
Kak Ancol buka jam berapa? nih,ask_operating_hours
Kak That's helpful deh,provide_feedback
Update harga tiket Masjid Cheng Ho dong,ask_ticket_price
Update hargo tiket Masjid Cheng Ho dong,ask_ticket_price
Kak Hidden gems in Palembang? ya,ask_hidden_gems
Halo Recipe for chocolate cake? deh,ask_unrelated
How much does it cost?,ask_ticket_price
Min Deskripsi Bukit Siguntang nih,ask_destination_info
Min Deskripsi Tamn Safar nih,ask_destination_info
Permisi Rekomendasi wisata yang dekat stasiun LRT nih,ask_lrt_destinations
Masjid Cheng Ho mulai buka jam berapa?,ask_operating_hours
Masjid Cheng Ho mulai buka jam brapa?,ask_operating_hours
Kak Tourist spots along LRT route?,ask_lrt_destinations
Kak Food tourism in Palembang? ya,ask_category
Sip terima kasih kak,goodbye
Fasilitas umum di Al Quran Al Akbar apa aja?,ask_facilities
Fasilitas umum di Monas apo aj?,ask_facilities
Can you tell me Does Jakabaring Sport City have a mosque?,ask_facilities
Can u tell me Does Jakabaring Sport City have a mosque?,ask_facilities
Min Info jam buka SMB II dong sih,ask_operating_hours
"Hi, first time in Palembang",greet
Is Kemaro Island child-friendly?,ask_facilities
s Kemro Island child-friendly?,ask_facilities
Mau nanya dong Cara main saham?,ask_unrelated
Ma nanya dong Cara min sahm?,ask_unrelated
Permisi Apakah Ampera dekat stasiun LRT?,ask_lrt_destinations
Permisi Apakah Malioboro dekat stasiun LRT?,ask_lrt_destinations
Min Apakah Ampera dekat stasiun LRT? deh,ask_lrt_destinations
Mau nanya dong Oke makasih kak sangat membantu sih,goodbye
Mau nanya dong Oke makasih kak sekali membantu sih,goodbye
Eh Jadwal kereta api Jakarta? nih,ask_unrelated
Bang Address of Ampera Bridge? dong,ask_location_access
Bang ddress f Monas Bridge? dong,ask_location_access
Permisi Oke makasih kak sangat membantu ya kak,goodbye
Permisi Oke makasih kak sekali membantu yo kak,goodbye
Kak That's helpful dong,provide_feedback
Oke cukup kak makasih banyak ya kak,goodbye
Maaf mau tanya Masjid Cheng Ho ada spot foto gak? sih,ask_facilities
Maaf mau tany Msjid Chng Ho ada spot foto gak? sih,ask_facilities
Bang Cara main saham? sih,ask_unrelated
Bang Cara main shm? sih,ask_unrelated
Halo Tolong kasih tau wisata dekat LRT ya kak,ask_lrt_destinations
Halo Tolong kasih tau wisata dekat LRT yo kak,ask_lrt_destinations
Mau nanya dong Tolong kasih tau wisata dekat LRT dong kak,ask_lrt_destinations
Bang Facilities at Benteng Kuto Besak? sih,ask_facilities
Permisi Wonderful dong,provide_feedback
Masuk Masjid Agung Palembang gratis atau bayar?,ask_ticket_price
Kak Oke makasih kak sangat membantu deh,goodbye
Kak Oke makasih kak nian membantu deh,goodbye
"Min That's enough, thank you nih",goodbye
"Min Tht's enough, thank ya nih",goodbye
Eh Oke cukup kak makasih banyak,goodbye
Eh Oke cukup kk mkasih banyak,goodbye
Min Benteng Kuto Besak buka jam berapa? dong kak,ask_operating_hours
Min Tamn Safri buk jam berapa? dong kak,ask_operating_hours
Address of Ampera Bridge? nih,ask_location_access
Eh Ada wifi di Jembatan Ampera? sih,ask_facilities
h Ada wifi d Jembatan Ampera? sh,ask_facilities
Dimana lokasi Al Quran Al Akbar?,ask_location_access
Dmana lokasi Al Quran Al Akbar?,ask_location_access
Halo Alternative tourist spots in Palembang? ya,ask_hidden_gems
Hlo Altrnative tourist spts in Palembang? yo,ask_hidden_gems
Maaf mau tanya Oke makasih kak sangat membantu ya,goodbye
Maaf mau tanya Oke makasih kak banget membantu ya,goodbye
Bang Makasih ya kak,goodbye
How to move on??,ask_unrelated
Dari mana ke Kampung Kapitan?,ask_location_access
Dar mana ke Malioboro?,ask_location_access
Kambang Iwak ramah anak gak?,ask_facilities
Hidden gems in Palembang?,ask_hidden_gems
Hiddn gems in Palembng?,ask_hidden_gems
Permisi Destinasi wisata sejarah Palembang? dong kak,ask_category
Permisi Destinasi wsta sejarah Plembang? dng kak,ask_category
Halo Famous places in Palembang? ya,ask_recommendation
Halo Famous places in Palembang? yo,ask_recommendation
Kak Palembang punya museum apa?,ask_category
Kak Palembang punya museum apo?,ask_category
Ada mushola di BKB?,ask_facilities
Ada mshola di Universal Studo?,ask_facilities
Suka sama jawabannya?,provide_feedback
what time does kampung kapitan close?,ask_operating_hours
Bye,goodbye
Min Wonderful ya kak,provide_feedback
Min Palembang punya museum apa? dong,ask_category
Min Palembang punya museum apo? dong,ask_category
Does Benteng Kuto Besak open every day?,ask_operating_hours
Des Ancol open every day?,ask_operating_hours
Maaf mau tanya Info jam buka SMB II dong dong,ask_operating_hours
Min Rekomendasi wisata Palembang dong sih,ask_recommendation
Min Rekomendasi wisat Palembang dong sih,ask_recommendation
Assalamualaikum bye,goodbye
Ampera ada area bermain anak?,ask_facilities
Ampera ada are bermain ank?,ask_facilities
Halo Min tolong saran wisata dong ya kak,ask_recommendation
Bisa naik LRT ke BKB? deh,ask_lrt_destinations
Bis naik LRT ke Ancol? deh,ask_lrt_destinations
Wisata outdoor Palembang?,ask_category
Harga tiket masuk KI sekarang berapa?,ask_ticket_price
Harga tiket masuk KI sekarang brapa?,ask_ticket_price
Permisi PIM ada tempat parkir? nih,ask_facilities
Masjid Cheng Ho ada spot foto gak?,ask_facilities
Bang Tolong kasih tau wisata dekat LRT dong kak,ask_lrt_destinations
Halo Address of Ampera Bridge? ya kak,ask_location_access
Halo Address of Ampera Bridge? yo kak,ask_location_access
Mau tanya jam operasional Palembang Icon,ask_operating_hours
Eh Details about Kambang Iwak Park?,ask_destination_info
Eh Details about Ancol Park?,ask_destination_info
Maaf mau tanya Jadwal kereta api Jakarta? dong kak,ask_unrelated
Maaf mau tanya Benteng Kuto Besak buka jam berapa? ya kak,ask_operating_hours
Maaf mau tanya Monas buka jam brapa? yo kak,ask_operating_hours
Halo Famous places in Palembang? dong,ask_recommendation
Halo Famous places in Palembng? dng,ask_recommendation
Bang Tess deh,greet
Bisa naik angkot ke BKB?,ask_location_access
Pacak naik angkot ka BKB?,ask_location_access
Kak Hidden gems in Palembang? sih,ask_hidden_gems
Kak Apakah Ampera dekat stasiun LRT? dong kak,ask_lrt_destinations
Kak Apakah Raja Ampat dkat stsin LRT? dong kak,ask_lrt_destinations
Mau nanya dong Wisata apa yang recommended di Palembang?,ask_recommendation
Mau nanya dong Wisata apo yang recommended di Palembang?,ask_recommendation
Suka sama jawabannya dong kak,provide_feedback
Ska sma jawabannya dong kak,provide_feedback
Eh Kampung Arab Al-Munawar ada di daerah mana?,ask_location_access
h Kmpung Arab Al-Mnawar ad di darah mna?,ask_location_access
Thank you,goodbye
Thank u,goodbye
Palembang Icon buka sampai malam gak?,ask_operating_hours
PIM ada tempat parkir,ask_facilities
Bang Oke cukup kak makasih banyak dong,goodbye
Kak Hai kak masih aktif? ya,greet
Kak Hai kak masih aktif? yo,greet
Permisi Jembatan Ampera di mana ya? ya kak,ask_location_access
Permisi Raja Ampat di mana ya? ya kak,ask_location_access
Permisi Destinasi wisata sejarah Palembang?,ask_category
BKB itu tempat apa sih? dong,ask_destination_info
Taman Safari itu tempat apo sih? dong,ask_destination_info
Udah cukup,goodbye
Udah cukp,goodbye
What parks are in Palembang? thanks,ask_category
What parks r in Palembang? thanks,ask_category
Where can I find historical sites in Palembang?,ask_category
Bang Lesser known attractions in Palembang? ya,ask_hidden_gems
Bang Lessr known attractions in Palembang? ya,ask_hidden_gems
Mau nanya dong Mau ke tempat bersejarah di Palembang ya kak,ask_category
Palembang Icon ada tempat istirahat?,ask_facilities
Bagaimana cara ke Ampera?,ask_location_access
Gmana cara k Ampera?,ask_location_access
Destinasi yang LRT accessible? ya,ask_lrt_destinations
Destinasi yang LRT accessible? yo,ask_lrt_destinations
Mau cari wisata alam di Palembang,ask_category
Mau cri wisata alam d Plembng,ask_category
Fasilitasnya gimana?,ask_facilities
Eh Tourist spots along LRT route? dong,ask_lrt_destinations
Jam tutup Kampung Kapitan kapan?,ask_operating_hours
Wisata tersembunyi di Palembang? deh,ask_hidden_gems
Jakabaring berbayar atau gratis?,ask_ticket_price
Halo Chatbot nya bagus ya kak,provide_feedback
Halo Chatbot nya mantap yo kak,provide_feedback
Thanks for the info,goodbye
Halo Suka deh dong,provide_feedback
Min Palembang punya museum apa?,ask_category
Off the beaten path places in Palembang?,ask_hidden_gems
Eh Chatbot nya bagus sih,provide_feedback
Eh Chatbot nya mantap sih,provide_feedback
Kak LRT friendly tourist destinations? sih,ask_lrt_destinations
Permisi PIM gratis gak sih? nih,ask_ticket_price
Mau nanya dong Min kasih tau hidden gems Palembang deh,ask_hidden_gems
Naik apa ke Amanzi?,ask_location_access
Naik po k mnz?,ask_location_access
How much is the ticket to Benteng Kuto Besak?,ask_ticket_price
Mau nanya dong Tess ya kak,greet
Min Min tolong saran wisata dong nih,ask_recommendation
Halo Tourist spots along LRT route? ya,ask_lrt_destinations
Halo Suka deh ya,provide_feedback
I want to know Is Kampung Kapitan open in the morning? thanks,ask_operating_hours
I wanna know Is Universal Studio open in the morning? thanks,ask_operating_hours
Rekomendasi masjid Palembang,ask_category
Permisi Pagi kak ya,greet
Permisi Pag kak ya,greet
Bang Permisi kak,greet
Bang Benteng Kuto Besak buka jam berapa? deh,ask_operating_hours
Bang Benteng Kuto Besak buka jam berapo? deh,ask_operating_hours
Apa keunikan Al Quran Al Akbar?,ask_destination_info
Apo keunikan Al Quran Al Akbar?,ask_destination_info
Eh Tourist spots along LRT route? dong kak,ask_lrt_destinations
Mau cari wisata budaya di Palembang,ask_category
Mau cari wisata budaya di Palmbang,ask_category
Eh PIM gratis gak sih? deh,ask_ticket_price
Apakah Taman Kebon Rojo buka hari Minggu?,ask_operating_hours
Apakah Tman Kebn Rjo bka hari Minggu?,ask_operating_hours
Eh Hlo,greet
Permisi Rekomendasi hidden gems dong kak nih,ask_hidden_gems
Permisi Wisata Palembang yang aesthetic tapi sepi? ya,ask_hidden_gems
Mau nanya dong Tourist spots along LRT route? dong kak,ask_lrt_destinations
Mau nanya dong Tourist spots along LRT rote? dng kk,ask_lrt_destinations
Bang Chatbot nya bagus dong,provide_feedback
Bang Chatbot nya bgus dng,provide_feedback
Mau nanya dong Enaknya kemana ya di Palembang? dong,ask_recommendation
Maaf mau tanya PIM ada tempat parkir? sih,ask_facilities
Kapan kiamat?,ask_unrelated
Okay thanks,goodbye
Biaya tiket Kawah Tengkurep berapa kak?,ask_ticket_price
Biaya tiket Kawah Tengkurep brapa kak?,ask_ticket_price
Maaf mau tanya Recipe for chocolate cake? ya kak,ask_unrelated
Maaf mau tanya Recipe for chocolate cake? yo kak,ask_unrelated
Howdy,greet
Eh Famous places in Palembang? ya,ask_recommendation
Bang Hai kak masih aktif? nih,greet
Ceritain Kemaro dong kak,ask_destination_info
Bang Tolong kasih tau wisata dekat LRT ya,ask_lrt_destinations
Maaf mau tanya Suka deh,provide_feedback
Maaf mau tanya Ska deh,provide_feedback
Tempat makan di sekitar Monpera ada?,ask_facilities
Permisi Masjid Cheng Ho ada spot foto gak?,ask_facilities
Permisi Masjid Cheng H ada spot foto gak?,ask_facilities
Kak Jelas banget penjelasannya nih,provide_feedback
Maaf mau tanya Wisata tersembunyi di Palembang? sih,ask_hidden_gems
Bang Best destinations in Palembang? ya kak,ask_recommendation
Bang Best destnations in Palembang? y kak,ask_recommendation
Mau nanya dong Best destinations in Palembang? ya kak,ask_recommendation
Mau nanya dong Best destinations in Palembang? yo kak,ask_recommendation
"Bye, thanks for everything",goodbye
Ada wisata kuliner di Palembang?,ask_category
Bang That's helpful sih,provide_feedback
Kalo hari Sabtu Kawah Tengkurep buka?,ask_operating_hours
Permisi Kak ada museum gak di Palembang? dong,ask_category
Kak Museum Balaputra Dewa buka jam berapa ya?,ask_operating_hours
Kak Danau Toba buka jam berapa ya?,ask_operating_hours
Maaf mau tanya Tourist spots along LRT route? nih,ask_lrt_destinations
What's Kambang Iwak Park like?,ask_destination_info
Halo Suka sama jawabannya ya kak,provide_feedback
Halo Suka sama jwabannya ya kak,provide_feedback
Museum Sultan Mahmud Badaruddin II lokasinya dimana? deh,ask_location_access
Museum Sultan Mahmud Badaruddin II lokasinya dimano? deh,ask_location_access
Maaf mau tanya Hidden gems in Palembang? nih,ask_hidden_gems
Is Kampung Kapitan child-friendly?,ask_facilities
Is Central Park child-friendly?,ask_facilities
What time does Kampung Kapitan close? ya kak,ask_operating_hours
Bang Address of Ampera Bridge? deh,ask_location_access
Bang Address of Menara Eiffel Bridge? deh,ask_location_access
Jadwal buka Jakabaring Sport City kapan ya?,ask_operating_hours
Jadwal buka Jakabring Sprt City kapan ya?,ask_operating_hours
Halo Recipe for chocolate cake? nih,ask_unrelated
Hlo Recip for chocolat cke? nih,ask_unrelated
Permisi Rekomendasi wisata Palembang dong,ask_recommendation
Bang Recipe for chocolate cake? sih,ask_unrelated
Bang Rcipe for chocolate cake? sih,ask_unrelated
Hidden gems in Palembang? ya,ask_hidden_gems
Hidden gems in Palembang? yo,ask_hidden_gems
Kak Thank you ya,goodbye
Kak Thank u ya,goodbye
Eh Wisata Palembang yang aesthetic tapi sepi? nih,ask_hidden_gems
Eh Wisata Palembang yang aesthetic tp sepi? nih,ask_hidden_gems
Min Oke cukup kak makasih banyak,goodbye
Bang Makasih sih,goodbye
Tiket Taman Kambang Iwak Besak berapa sih?,ask_ticket_price
Tiket Taman Malioboro Besak berapo sih?,ask_ticket_price
Excellent information dong kak,provide_feedback
Excellent informaton dong kk,provide_feedback
Halo Cara main saham? dong,ask_unrelated
Hlo Cara main sham? dong,ask_unrelated
Halo Kak ada museum gak di Palembang?,ask_category
Kak KI itu apa? nih,ask_destination_info
Kak KI tu apa? nh,ask_destination_info
Bismillah mau tanya,greet
Bismllah ma tanya,greet
Maaf mau tanya Jam operasionalnya? nih,ask_operating_hours
Maf mau tanya Jam operasionalnya? nih,ask_operating_hours
Permisi Destinasi yang LRT accessible?,ask_lrt_destinations
Min Cara daftar CPNS gimana? nih,ask_unrelated
"Hello, What parks are in Palembang? please",ask_category
"Hello, What parks r in Palembang? please",ask_category
Rute LRT melewati wisata apa?,ask_lrt_destinations
What's up,greet
Hi chatbot,greet
Hey Does Jakabaring Sport City have a mosque?,ask_facilities
Hey Does Jakabring Sport City have a mosqu?,ask_facilities
Jelas banget penjelasannya sih,provide_feedback
Ada wisata dekat LRT gak?,ask_lrt_destinations
Ada wisata dekt LRT gak?,ask_lrt_destinations
P,greet
Eh Any hidden gems to visit? sih,ask_hidden_gems
Eh Any hdden gems to visit? sih,ask_hidden_gems
Halo Details about Kambang Iwak Park? ya,ask_destination_info
Hal Details abot Mnas Park? ya,ask_destination_info
Bang Min tolong saran wisata dong sih,ask_recommendation
Kenapa Jembatan Ampera terkenal?,ask_destination_info
Knp Candi Borobudur terkenal?,ask_destination_info
Halo Chatbot nya bagus nih,provide_feedback
Halo Chatbot nya kern nih,provide_feedback
Min Rekomendasi wisata untuk liburan singkat dong,ask_recommendation
Mn Rekmendasi wisata untuk liburan singkat dong,ask_recommendation
Bang That's helpful,provide_feedback
Halo Cara main saham? nih,ask_unrelated
Eh Hai kak masih aktif? ya,greet
Eh Hai kak masih aktif? yo,greet
Chatbot nya bagus nih,provide_feedback
Chatbot nya mantap nih,provide_feedback
More information please,ask_destination_info
More nformaton please,ask_destination_info
Halo KI itu apa? ya,ask_destination_info
Halo KI itu apo? yo,ask_destination_info
Mau nanya dong Mau tanya dong kak harga tiket Benteng Kuto Besak ya kak,ask_ticket_price
Mau nanya dong Mau tanya dong kak hargo tikt Universal Studio ya kak,ask_ticket_price
Assalamualaikum min,greet
Assalamualakum min,greet
Mau tanya harga tiket Jakabaring,ask_ticket_price
Halo Info wisata budaya Palembang dong dong kak,ask_category
Maaf mau tanya Numpang tanya dong nih,greet
Is Grand Mosque of Palembang open today?,ask_operating_hours
Is Grand Msque of Plembang open tday?,ask_operating_hours
Kak Famous places in Palembang? deh,ask_recommendation
Kak Fams placs in Palembang? deh,ask_recommendation
Halo Alternative tourist spots in Palembang? ya kak,ask_hidden_gems
Halo Alternative tourist spots in Palembang? yo kak,ask_hidden_gems
"Hi, Does Jakabaring Sport City have a mosque? please",ask_facilities
Halloo,greet
Hallo,greet
Kak Wonderful sih,provide_feedback
Halo Permisi kak,greet
Bagaimana cara memasak telur?,ask_unrelated
Cakmano cara mmasak telur?,ask_unrelated
Permisi Pagi kak,greet
Eh Tess ya kak,greet
Eh Tess yo kak,greet
Min Kamu siapa?,ask_unrelated
Min Kmu siap?,ask_unrelated
Maaf mau tanya Hai kak masih aktif? dong,greet
Permisi Enaknya kemana ya di Palembang? ya,ask_recommendation
Permisi Enaknya kemana yo di Palembang? ya,ask_recommendation
Permisi That's helpful,provide_feedback
Ticket price for Al-Munawar Arab Village?,ask_ticket_price
Halo Details about Kambang Iwak Park? nih,ask_destination_info
Maaf mau tanya Destinasi yang dekat stasiun LRT?,ask_lrt_destinations
Palembang punya museum apa? deh,ask_category
Palembang punya museum apo? deh,ask_category
Kak Thank you very much ya,goodbye
Kak Thank ya very much yo,goodbye
Tiket Palembang Square berapa sih?,ask_ticket_price
Tiket Palembang Squre berapa sih?,ask_ticket_price
Kak Address of Ampera Bridge? nih,ask_location_access
Food tourism in Palembang? dong,ask_category
Update harga tiket Punti Kayu dong,ask_ticket_price
Update harga tiket Ancol dong,ask_ticket_price
Ceritain PTC dong kak,ask_destination_info
Mau nanya dong Details about Kambang Iwak Park? deh,ask_destination_info
Mau nanya dong Details about Ancol Park? deh,ask_destination_info
Mau nanya dong Mau ke tempat bersejarah di Palembang ya,ask_category
Mau nanya dong Mau ka tempat bersejarah di Palembang yo,ask_category
Permisi Enaknya kemana ya di Palembang?,ask_recommendation
I want to know What parks are in Palembang?,ask_category
I wanna know What parks r in Palembang?,ask_category
Halo Details about Kambang Iwak Park? deh,ask_destination_info
Eh Min kasih tau hidden gems Palembang ya kak,ask_hidden_gems
Info jam buka Kampung Kapitan dong,ask_operating_hours
Info jam buka Gunung Bromo dong,ask_operating_hours
Suka sama jawabannya dong,provide_feedback
Info wisata alam Palembang dong,ask_category
Eh Best destinations in Palembang? ya,ask_recommendation
Eh Best destinations in Palembang? yo,ask_recommendation
Kak Tolong kasih tau wisata dekat LRT,ask_lrt_destinations
Mau nanya dong BKB itu tempat apa sih? sih,ask_destination_info
Mau nanya dong BKB itu tempat apo sih? sih,ask_destination_info
Apakah Punti Kayu buka 24 jam?,ask_operating_hours
Min Rekomendasi wisata yang dekat stasiun LRT dong,ask_lrt_destinations
Mau tanya fasilitas di PTC,ask_facilities
Mau tanya fsilitas di PTC,ask_facilities
Museum Sultan Mahmud Badaruddin II tutup jam berapa?,ask_operating_hours
Rute ke Kemaro gimana?,ask_location_access
Rute ka Kemaro gimana?,ask_location_access
Min Apakah Jakabaring gratis? dong kak,ask_ticket_price
Bayar berapa kalo masuk Al-Munawar?,ask_ticket_price
Maaf mau tanya Info jam buka SMB II dong ya kak,ask_operating_hours
Maaf mau tanya Info jam buka SMB II dong yo kak,ask_operating_hours
Please What facilities are available at Jakabaring Sport City? thanks,ask_facilities
Please What facilities r avilable at Jakabaring Sport Cty? thanks,ask_facilities
Palembang punya museum apa? nih,ask_category
Palembang punya museum apo? nih,ask_category
Min Bisa naik LRT ke BKB? deh,ask_lrt_destinations
Min Bis naik LRT k BKB? deh,ask_lrt_destinations
Mau nanya dong Bisa naik LRT ke BKB? deh,ask_lrt_destinations
Mau nanya dong Pacak naik LRT ka BKB? deh,ask_lrt_destinations
Min Wonderful dong kak,provide_feedback
Bang Wisata Palembang yang aesthetic tapi sepi? ya kak,ask_hidden_gems
Bang Wisata Palembang yang aesthetic tp sepi? ya kak,ask_hidden_gems
Selamat datang,greet
Selamat datng,greet
Mau nanya dong Thank you very much ya kak,goodbye
Mau nanya dong Thank ya very much yo kak,goodbye
Eh Mau ke tempat bersejarah di Palembang deh,ask_category
mau tanya dong kak harga tiket benteng kuto besak,ask_ticket_price
mu tanya dong kak harg tiket Pantai Kuta,ask_ticket_price
Permisi Tourist spots along LRT route? ya,ask_lrt_destinations
Permisi Turist spts along LRT route? yo,ask_lrt_destinations
Min Permisi kak ya,greet
Min Permisi kak yo,greet
Can you tell me Does Jakabaring Sport City have a mosque? please,ask_facilities
Can u tell me Does Jakabaring Sport City have a mosque? please,ask_facilities
Naik apa ke Masjid Agung Palembang?,ask_location_access
Naik apa ke Taman Safari Palembang?,ask_location_access
Mau nanya dong Museum Sultan Mahmud Badaruddin II lokasinya dimana? ya kak,ask_location_access
Mau nanya dong Museum Sultan Mahmud Badaruddin II lokasinya dman? yo kak,ask_location_access
Apakah Jakabaring gratis? sih,ask_ticket_price
Directions to Jakabaring Sport City?,ask_location_access
Permisi Hidden gems in Palembang? nih,ask_hidden_gems
Jakabaring bagus gak?,ask_destination_info
Jakabaring keren gak?,ask_destination_info
"Hello, What parks are in Palembang??",ask_category
"Hello, What parks r in Palembang??",ask_category
Permisi Oke cukup kak makasih banyak ya kak,goodbye
Permisi ke cukup kak mkasih banyak y kak,goodbye
Apa yang menarik dari PIM?,ask_destination_info
Apo yang menarik dari PIM?,ask_destination_info
Halo BKB itu tempat apa sih? nih,ask_destination_info
Halo BKB itu tempat apo sih? nih,ask_destination_info
Bang Info lengkap Punti Kayu dong ya kak,ask_destination_info
Bang Info lengkap Candi Borobudur dong ya kak,ask_destination_info
Address of Ampera Bridge? dong,ask_location_access
Address of Pantai Kuta Bridge? dong,ask_location_access
Halo That's helpful ya,provide_feedback
Halo That's helpful yo,provide_feedback
Min Cara main saham? ya kak,ask_unrelated
Min Cara main saham? yo kak,ask_unrelated
Eh Address of Ampera Bridge? deh,ask_location_access
Min Best destinations in Palembang? ya,ask_recommendation
Min Best destnations in Palembang? ya,ask_recommendation
Kak Destinasi yang LRT accessible? deh,ask_lrt_destinations
Info tentang OPI Mall,ask_destination_info
Fasilitas Punti Kayu lengkap gak?,ask_facilities
Fasilitas Tanah Lot lengkap gak?,ask_facilities
Min Jam operasionalnya? deh,ask_operating_hours
Min Jm perasionlnya? dh,ask_operating_hours
Where is Sultan Mahmud Badaruddin II Museum located?,ask_location_access
wheres Sultan Mahmud Badaruddin II Museum located?,ask_location_access
Min Tolong kasih tau wisata dekat LRT dong kak,ask_lrt_destinations
Mau nanya dong Alternative tourist spots in Palembang? dong,ask_hidden_gems
Mau nanya dong Alternatve tourist spots in Palembang? dong,ask_hidden_gems
Jakabaring Sport City ramah anak gak?,ask_facilities
Kak PIM gratis gak sih? deh,ask_ticket_price
Kak PIM gratis gak sh? deh,ask_ticket_price
Permisi Rekomendasi hidden gems dong kak dong kak,ask_hidden_gems
Mau jalan-jalan di Palembang kemana ya?,ask_recommendation
Ma jalan-jalan di Palembang kemna ya?,ask_recommendation
Min Kak ada museum gak di Palembang? sih,ask_category
Kak Kambang Iwak buka jam berapa ya?,ask_operating_hours
Kak Kambang Iwak buka jam brapa yo?,ask_operating_hours
Cerita sejarah Kambang Iwak dong,ask_destination_info
Crita sejarah Gunung Bromo dong,ask_destination_info
Min Recipe for chocolate cake? deh,ask_unrelated
Min Recipe for choclate cake? deh,ask_unrelated
Halo Destinasi wisata sejarah Palembang? dong kak,ask_category
Halo Destnasi wisata sejarah Palembang? dong kk,ask_category
Eh Rekomendasi hidden gems dong kak nih,ask_hidden_gems
Mau ke tempat bersejarah di Palembang ya kak,ask_category
Mau ka tempat bersejarah di Palembang yo kak,ask_category
Berapa biaya masuk ke Taman Kambang Iwak Besak?,ask_ticket_price
Berapo biaya masuk k Taman Kambang Iwak Besak?,ask_ticket_price
PIM gratis gak sih? dong kak,ask_ticket_price
Yo,greet
Alamat Monpera dimana?,ask_location_access
Alamat Monpera dmana?,ask_location_access
Dimana lokasi Taman Kambang Iwak Besak?,ask_location_access
Dmano lokasi Taman Kmbang Iwak Besk?,ask_location_access
Maaf mau tanya PIM gratis gak sih? dong,ask_ticket_price
Maaf ma tanya PIM gratis gak sih? dong,ask_ticket_price
SMB terkenal karena apa?,ask_destination_info
Halo Mau tanya dong kak harga tiket Benteng Kuto Besak dong kak,ask_ticket_price
Mau nanya dong Recipe for chocolate cake? ya kak,ask_unrelated
Mau nanya dong Recipe for chocolate cake? yo kak,ask_unrelated
Mau nanya dong Rekomendasi wisata untuk liburan singkat ya,ask_recommendation
Mau nanya dong Rekomendasi wisata untuk liburan singkat yo,ask_recommendation
What parks are in Palembang??,ask_category
What parks r in Palembang??,ask_category
Min LRT friendly tourist destinations? dong,ask_lrt_destinations
Min LRT frindly tourist destinations? dong,ask_lrt_destinations
Maaf mau tanya Min kasih tau hidden gems Palembang dong kak,ask_hidden_gems
Kira-kira harga tiket PIM berapa?,ask_ticket_price
Kira-kira hargo tiket PIM brapa?,ask_ticket_price
Min Pagi kak dong kak,greet
Mn Pagi kak dong kk,greet
Permisi Hlo deh,greet
Suggest tourist spots in Palembang,ask_recommendation
Suggest places for sightseeing in Palembang,ask_recommendation
Rekomendasi wisata untuk liburan singkat dong kak,ask_recommendation
Rekomends wisata untuk liburan sngkat dong kak,ask_recommendation
Tempat makan di sekitar Kampung Kapitan ada?,ask_facilities
Tempat maman di sekitar Kampung Kapitan ada?,ask_facilities
Kak Benteng Kuto Besak buka jam berapa? ya kak,ask_operating_hours
Kk Bentng Kuto Besak buka jam berapo? yo kak,ask_operating_hours
Eh Permisi kak ya,greet
Harga tiket Siguntang berapa ya?,ask_ticket_price
Hargo tiket Sguntang brpa yo?,ask_ticket_price
What parks are in Palembang,ask_category
What parks r in Palembang,ask_category
Bang Destinasi yang LRT accessible? deh,ask_lrt_destinations
Mau nanya dong Oke makasih kak sangat membantu ya,goodbye
Mau nanya dong Oke makasih kak nian membantu ya,goodbye
Mau nanya dong Museum Sultan Mahmud Badaruddin II lokasinya dimana? nih,ask_location_access
Mau nanya dong Museum Sultan Mahmud Badaruddin II lokasinya dmana? nih,ask_location_access
Eh Jadwal kereta api Jakarta?,ask_unrelated
Jawaban yang sangat membantu,provide_feedback
Jawaban yang sekali membantu,provide_feedback
Enaknya kemana ya di Palembang? ya kak,ask_recommendation
Enaknya kemana ya d Palembang? yo kak,ask_recommendation
Maaf mau tanya Alternative tourist spots in Palembang?,ask_hidden_gems
Apakah Jakabaring gratis? deh,ask_ticket_price
Info jam buka Hutan Wisata Punti Kayu dong,ask_operating_hours
Info jam buka Hutan Wisata Pantai Kuta dong,ask_operating_hours
What are the operating hours of Kambang Iwak Park?,ask_operating_hours
What r the operating hours of Danau Toba Park?,ask_operating_hours
PIM ramah anak gak?,ask_facilities
"Permisi That's enough, thank you ya kak",goodbye
"Permisi That's enough, thank u yo kk",goodbye
SMB dekat stasiun LRT mana?,ask_lrt_destinations
Mau nanya dong Tolong kasih tau wisata dekat LRT deh,ask_lrt_destinations
Mau nnya dong Tolng ksih t wisata dekat LRT deh,ask_lrt_destinations
Bang Chatbot nya bagus,provide_feedback
"Hi, Does Jakabaring Sport City have a mosque??",ask_facilities
"Hi, Does Jakabaring Sport City have a msque??",ask_facilities
Permisi Tourist spots along LRT route?,ask_lrt_destinations
Wisata tersembunyi di Palembang? sih,ask_hidden_gems
Ceritakan tentang Taman Kebon Rojo,ask_destination_info
Halo Thank you very much nih,goodbye
Halo Thank u very much nih,goodbye
Permisi Jadwal kereta api Jakarta? deh,ask_unrelated
What's the location of Ampera Bridge?,ask_location_access
What's the location of Ancol Bridge?,ask_location_access
Benteng Kuto Besak buka jam berapa?,ask_operating_hours
Benteng Kuto Besak buka jam berapo?,ask_operating_hours
Info jam buka Pulau Kemaro dong,ask_operating_hours
Inf jam buka Cndi Brobudur dng,ask_operating_hours
History of Benteng Kuto Besak?,ask_destination_info
Maaf mau tanya Destinasi yang LRT accessible? ya kak,ask_lrt_destinations
Halo Cara daftar CPNS gimana? nih,ask_unrelated
Ticket price for Ampera Bridge?,ask_ticket_price
Tckt price fr Central Park Bridg?,ask_ticket_price
Bukit Siguntang ramah anak gak?,ask_facilities
Kak Kalo hari Sabtu Kawah Tengkurep buka? deh,ask_operating_hours
Kak Kalo har Sabtu Kwah Tengkurep buk? deh,ask_operating_hours
Kak Thank you dong kak,goodbye
Kk Thnk ya dong kak,goodbye
Mau nanya dong Masjid Cheng Ho ada spot foto gak?,ask_facilities
Mau nnya dong Masjid Cheng Ho ada spot foto gk?,ask_facilities
"Hi, What facilities are available at Jakabaring Sport City?",ask_facilities
"Hi, What facilties r available at Jakabaring Sport City?",ask_facilities
Bang Kak ada museum gak di Palembang? dong kak,ask_category
Dari mana ke Kawah Tengkurep?,ask_location_access
Dar mana k Kawah Tengkurep?,ask_location_access
Maaf mau tanya Deskripsi Bukit Siguntang ya,ask_destination_info
Maaf mau tanya Deskripsi Central Park ya,ask_destination_info
Does Kambang Iwak Park have parking?,ask_facilities
Does Central Park Park have parking?,ask_facilities
Mau nanya dong Rekomendasi wisata untuk liburan singkat,ask_recommendation
Mau nanya dong Rekmendas wista untk liburn singkat,ask_recommendation
Halo Enaknya kemana ya di Palembang? sih,ask_recommendation
Halo naknya kemana yo d Palembang? sih,ask_recommendation
Min Jembatan Ampera di mana ya? sih,ask_location_access
Min Jembatan Central Park di mana ya? sih,ask_location_access
Bang Permisi kak dong,greet
Permisi BKB itu tempat apa sih?,ask_destination_info
Maaf mau tanya Tolong kasih tau wisata dekat LRT dong,ask_lrt_destinations
Museum Balaputra Dewa fasilitasnya apa aja? ya,ask_facilities
Danau Toba fasilitasnya apo aja? ya,ask_facilities
Info taman Palembang dong,ask_category
Hey What should I visit in Palembang? thanks,ask_recommendation
Min Alternative tourist spots in Palembang? ya,ask_hidden_gems
Cara main saham?,ask_unrelated
Maaf mau tanya LRT friendly tourist destinations? dong kak,ask_lrt_destinations
Bang Resep nasi goreng dong,ask_unrelated
Eh Hai kak masih aktif? nih,greet
Eh Benteng Kuto Besak buka jam berapa? ya,ask_operating_hours
Eh Candi Borobudur buka jam berapo? yo,ask_operating_hours
Jembatan Ampera di mana ya?,ask_location_access
Candi Borobudur di mana ya?,ask_location_access
Please Does Jakabaring Sport City have a mosque? thanks,ask_facilities
Mau tanya dong kak harga tiket Benteng Kuto Besak sih,ask_ticket_price
Mau tanya dong kak hargo tiket Gunung Bromo sih,ask_ticket_price
Min Deskripsi Bukit Siguntang deh,ask_destination_info
Min Deskripsi Bkit Siguntang deh,ask_destination_info
Maaf mau tanya Suka deh ya kak,provide_feedback
Cara main saham? sih,ask_unrelated
Cara min saham? sih,ask_unrelated
BKB di mana ya?,ask_location_access
BKB di mana yo?,ask_location_access
Pagi-pagi Bukit Siguntang sudah buka belum?,ask_operating_hours
Pagi-pagi Taman Safari sudah buka blom?,ask_operating_hours
Min alamat Pulau Kemaro apa ya?,ask_location_access
Min lamat Cand Prmbanan po ya?,ask_location_access
Halo Wonderful ya kak,provide_feedback
Halo Wndrful ya kak,provide_feedback
Eh Lesser known attractions in Palembang? dong kak,ask_hidden_gems
Bang Apakah Ampera dekat stasiun LRT? deh,ask_lrt_destinations
Kak Bisa naik LRT ke BKB? ya,ask_lrt_destinations
Kak Bisa naik LRT k Universal Studio? ya,ask_lrt_destinations
How to go to Monpera?,ask_location_access
Hw t go t Central Prk?,ask_location_access
Eh Rekomendasi wisata yang dekat stasiun LRT deh,ask_lrt_destinations
Eh Food tourism in Palembang?,ask_category
When does it close?,ask_operating_hours
Jam operasionalnya? dong,ask_operating_hours
Bang KI itu apa? ya kak,ask_destination_info
Bang KI itu apo? ya kak,ask_destination_info
Kak Thank you very much ya kak,goodbye
Kak Thank u very much ya kak,goodbye
Permisi Hai kak masih aktif?,greet
Bang Hidden gems in Palembang?,ask_hidden_gems
Unexplored attractions in Palembang?,ask_hidden_gems
Unexplord attractions in Palembang?,ask_hidden_gems
Halo Mau tanya dong kak harga tiket Benteng Kuto Besak sih,ask_ticket_price
Hal Mu tnya dong kak hargo tkt Tamn Safri sih,ask_ticket_price
Min Recipe for chocolate cake? dong,ask_unrelated
Weekday Fantasy Island buka jam berapa?,ask_operating_hours
Min Ada wifi di Jembatan Ampera? sih,ask_facilities
Min Ada wifi di Candi Borobudur? sih,ask_facilities
Ada mushola di PIM?,ask_facilities
Ad mshola d PIM?,ask_facilities
Hlo deh,greet
Eh Mau ke tempat bersejarah di Palembang ya,ask_category
Eh Mau k tempat bersejarah di Palembang yo,ask_category
Museum Balaputra Dewa buka dari jam berapa sampai jam berapa?,ask_operating_hours
Tanah Lot buka dar jam berapo sampai jam brapa?,ask_operating_hours
Maaf mau tanya Wonderful ya,provide_feedback
Kak Info wisata budaya Palembang dong dong kak,ask_category
Kak Info wisata budya Palembang dong dong kak,ask_category
Mau nanya dong Rekomendasi wisata untuk liburan singkat sih,ask_recommendation
Min Jadwal kereta api Jakarta? deh,ask_unrelated
Min Jdwl keret api Jakarta? deh,ask_unrelated
Kak Facilities at Benteng Kuto Besak? dong,ask_facilities
Eh Tess,greet
Eh LRT friendly tourist destinations? deh,ask_lrt_destinations
Maaf mau tanya Oke cukup kak makasih banyak nih,goodbye
Maaf mau tanya Numpang tanya dong,greet
Bang PIM gratis gak sih? dong kak,ask_ticket_price
Jam operasional Masjid Agung Palembang?,ask_operating_hours
Jam opersional Pantai Kuta Palembang?,ask_operating_hours
Test,greet
Kak Lesser known attractions in Palembang? deh,ask_hidden_gems
Eh Wisata apa yang recommended di Palembang? ya,ask_recommendation
Eh Wisata apo yang recommended di Palembang? ya,ask_recommendation
What facilities are available at Jakabaring Sport City,ask_facilities
What facilities r available at Jakabaring Sport City,ask_facilities
Permisi Min tolong saran wisata dong sih,ask_recommendation
Maaf mau tanya Tess dong kak,greet
makasih,goodbye
Kak Lesser known attractions in Palembang? ya kak,ask_hidden_gems
Kak Lesser known attractions in Palembang? yo kak,ask_hidden_gems
Kak Food tourism in Palembang? dong,ask_category
Kak Food tourism in Palmbang? dng,ask_category
Masuk Kambang Iwak gratis atau bayar?,ask_ticket_price
Masuk Candi Borobudur gratis atau bayar?,ask_ticket_price
Eh Benteng Kuto Besak buka jam berapa? nih,ask_operating_hours
Eh Benteng Kuto Besak buka jam brpa? nih,ask_operating_hours
Min harga masuk Monpera berapa?,ask_ticket_price
Min hrgo mask Cndi Prmbanan berpa?,ask_ticket_price
Permisi Jembatan Ampera di mana ya? dong kak,ask_location_access
Permisi Tanah Lot di mana yo? dong kak,ask_location_access
Mau tau tentang Palembang Icon,ask_destination_info
Mau tau tentang Plembang Icon,ask_destination_info
Halo Rekomendasi hidden gems dong kak nih,ask_hidden_gems
Jadwal buka Kambang Iwak kapan ya?,ask_operating_hours
Jadwal buka Monas kapan ya?,ask_operating_hours
Kambang Iwak ada tempat parkir?,ask_facilities
Danau Toba ada tempat parkir?,ask_facilities
Wisata yang aksesnya lewat LRT apa aja?,ask_lrt_destinations
Halo Museum Balaputra Dewa fasilitasnya apa aja? deh,ask_facilities
Bang Destinasi yang dekat stasiun LRT? deh,ask_lrt_destinations
Eh Palembang punya museum apa? dong kak,ask_category
Eh Palembang punya museum apo? dong kak,ask_category
Rekomendasi wisata untuk liburan singkat dong,ask_recommendation
Describe it,ask_destination_info
Describe t,ask_destination_info
Wisata Palembang yang aesthetic tapi sepi? deh,ask_hidden_gems
Wsata Plembng yang aesthetc tp sepi? deh,ask_hidden_gems
Maaf mau tanya Help me please,greet
Wisata yang belum viral di Palembang?,ask_hidden_gems
Wisata yang blom viral di Palembang?,ask_hidden_gems
Halo bang,greet
"Hi, Do I need to pay to enter Monpera? thanks",ask_ticket_price
Permisi Food tourism in Palembang? ya kak,ask_category
Permsi Food tourism in Palembang? ya kak,ask_category
Maaf mau tanya Bye kak dong kak,goodbye
Maaf ma tanya Bye kak dong kak,goodbye
Wisata apa aja yang dekat jalur LRT?,ask_lrt_destinations
Wisata apo aja yang dekat jalur LRT?,ask_lrt_destinations
Halo Chatbot nya bagus sih,provide_feedback
Halo Destinasi yang LRT accessible? nih,ask_lrt_destinations
Berapa duit masuk Fantasy Island?,ask_ticket_price
Brapa duit masuk Fantasy Island?,ask_ticket_price
Maaf mau tanya Terima kasih infonya nih,goodbye
Maaf mu tanya Trima ksih nfonya nih,goodbye
Maaf mau tanya Jembatan Ampera di mana ya? ya,ask_location_access
Maaf mau tanya Jembatan Pantai Kuta di mana yo? ya,ask_location_access
Mau nanya dong Best destinations in Palembang?,ask_recommendation
"Bang That's enough, thank you ya",goodbye
"Bang Tht's enough, thank ya ya",goodbye
Mau nanya dong Destinasi yang LRT accessible? nih,ask_lrt_destinations
Maaf mau tanya Min tolong saran wisata dong dong,ask_recommendation
Rekomendasi wisata alam Palembang,ask_category
Rekmendasi wisata alam Palembang,ask_category
Makasih kak nanti saya tanya lagi,goodbye
Mkash kak nanti saya tanya lagi,goodbye
What facilities are available at Jakabaring Sport City?,ask_facilities
What fcilities r available at Jakabring Sport City?,ask_facilities
What facilities are available at Kampung Kapitan?,ask_facilities
What facilities r available at Candi Borobudur?,ask_facilities
Anime yang bagus apa?,ask_unrelated
Anime yang bagus apo?,ask_unrelated
Jakabaring ramah anak gak?,ask_facilities
Min Naik apa ke Pasar 16 Ilir?,ask_location_access
Min Naik apa k Pasar 16 Ilir?,ask_location_access
Min Museum Balaputra Dewa fasilitasnya apa aja?,ask_facilities
Bang Alternative tourist spots in Palembang? dong kak,ask_hidden_gems
Bang Alterntive tourst spots in Palembang? dong kak,ask_hidden_gems
Halo Food tourism in Palembang? sih,ask_category
Halo Food toursm in Palembang? sih,ask_category
Bang Enaknya kemana ya di Palembang? deh,ask_recommendation
Bang Enaknya kemana yo di Palembang? deh,ask_recommendation
Kak Lesser known attractions in Palembang? nih,ask_hidden_gems
"Halo That's enough, thank you nih",goodbye
"Halo That's enough, thank ya nih",goodbye
Permisi Lesser known attractions in Palembang? deh,ask_hidden_gems
Permisi Lsser known attractions in Palembang? deh,ask_hidden_gems
Bang tiket Al-Munawar berapa?,ask_ticket_price
Mau nanya dong Masjid Cheng Ho ada spot foto gak? nih,ask_facilities
Kak Cara daftar CPNS gimana?,ask_unrelated
Maaf mau tanya Tess,greet
Maaf mu tanya Tess,greet
Deskripsi Kambang Iwak,ask_destination_info
Mau nanya dong Numpang tanya dong sih,greet
Mau nanya dong Hai kak masih aktif? deh,greet
Destinasi yang LRT accessible? sih,ask_lrt_destinations
Min Numpang tanya dong dong,greet
Min Nmpng tanya dong dong,greet
Mau nanya dong Kak ada museum gak di Palembang? nih,ask_category
Ma nanya dong Kk ada museum gak di Palmbang? nih,ask_category
Maaf mau tanya Jelas banget penjelasannya dong kak,provide_feedback
Maaf mau tanya Jelas bnget penjelasannya dong kak,provide_feedback
Halo Museum Balaputra Dewa fasilitasnya apa aja? dong,ask_facilities
Halo Museum Balptr Dw faslitasny po aja? dong,ask_facilities
Mau nanya dong Chatbot nya bagus deh,provide_feedback
Min Pagi kak sih,greet
Min Bisa naik LRT ke BKB?,ask_lrt_destinations
Min Bs naik LRT ke BKB?,ask_lrt_destinations
Maaf mau tanya Mau tanya dong kak harga tiket Benteng Kuto Besak dong kak,ask_ticket_price
Kak Kamu siapa? dong,ask_unrelated
Kak Kau siapa? dong,ask_unrelated
Hai saya pertama kali ke Palembang,greet
Hai saya pertama kali ka Palembang,greet
Monpera buka sampai malam gak?,ask_operating_hours
Candi Prambanan buka sampai malam gak?,ask_operating_hours
Parkiran Pulau Kemaro luas gak?,ask_facilities
Halo Help me please,greet
Can you tell me What parks are in Palembang? thanks,ask_category
Can ya tell me What parks r in Palembang? thanks,ask_category
SMB II deket stasiun LRT mana?,ask_location_access
Eh Rekomendasi wisata untuk liburan singkat dong kak,ask_recommendation
Benteng Kuto Besak itu apa?,ask_destination_info
Benteng Kuto Besak itu po?,ask_destination_info
Mau nanya dong Kamu siapa? sih,ask_unrelated
Halo Hai kak masih aktif? ya kak,greet
Halo Hai kak masih aktif? yo kak,greet
Halo Tourist spots along LRT route? dong kak,ask_lrt_destinations
Halo Tourist spts long LRT route? dong kk,ask_lrt_destinations
Info tentang Taman Kambang Iwak Besak,ask_destination_info
Hey What facilities are available at Jakabaring Sport City? please,ask_facilities
Hey What facilities r available at Jakabaring Sport City? please,ask_facilities
Bang Info lengkap Punti Kayu dong sih,ask_destination_info
Bang Info lengkap Malioboro dong sih,ask_destination_info
"Min That's enough, thank you",goodbye
"Min That's enough, thank u",goodbye
Jelaskan tentang Amanzi,ask_destination_info
Jelaskan tentang Amnzi,ask_destination_info
Bang Hai kak masih aktif? ya,greet
Bang Hai kak masih aktif? yo,greet
Ada wifi di Jembatan Ampera? nih,ask_facilities
Ada wifi di Jembatan Gunung Bromo? nih,ask_facilities
ki itu apa?,ask_destination_info
Halo Oke makasih kak sangat membantu dong kak,goodbye
Halo Ok makasih kak banget membntu dong kak,goodbye
Maaf mau tanya Details about Kambang Iwak Park? ya,ask_destination_info
Maaf mau tanya Details about Tanah Lot Park? yo,ask_destination_info
Mau nanya dong Bisa naik LRT ke BKB?,ask_lrt_destinations
Mau nanya dong Pacak nk LRT ka Raja Ampt?,ask_lrt_destinations
Maaf mau tanya Palembang punya museum apa? ya kak,ask_category
Maf mau tanya Palembang punya musem apo? y kk,ask_category
Min PIM gratis gak sih? sih,ask_ticket_price
Wisata alam di Palembang ada apa aja?,ask_category
Permisi Terima kasih infonya ya kak,goodbye
Permisi Terim kasih infonya y kak,goodbye
Halo Ada wifi di Jembatan Ampera? sih,ask_facilities
Halo Ada wfi di Jmbatan Central Park? sih,ask_facilities
Kak Deskripsi Bukit Siguntang deh,ask_destination_info
Kamu siapa? dong kak,ask_unrelated
Kau siapa? dong kak,ask_unrelated
Kak berapa harga tiket Ampera?,ask_ticket_price
Kak brapa hargo tiket Central Park?,ask_ticket_price
Min Thank you ya,goodbye
Min Thank u yo,goodbye
Permisi Wonderful deh,provide_feedback
Halo Rekomendasi wisata yang dekat stasiun LRT dong,ask_lrt_destinations
Eh Apakah Jakabaring gratis? nih,ask_ticket_price
Eh Apakah Jkabaring gratis? nih,ask_ticket_price
Maaf mau tanya Wonderful deh,provide_feedback
Mau nanya dong Destinasi yang dekat stasiun LRT? ya,ask_lrt_destinations
Mau nanya dong Destinasi yang dekat stasiun LRT? yo,ask_lrt_destinations
Hai kak masih aktif? dong kak,greet
Hai kak masih aktif? dng kak,greet
Makasih dong,goodbye
Halo Tourist spots along LRT route? sih,ask_lrt_destinations
Hlo Turst spts along LRT route? sih,ask_lrt_destinations
Sampai nanti kak,goodbye
"Hi, What's the location of Ampera Bridge? thanks",ask_location_access
"Hi, What's the location of Taman Safari Bridge? thanks",ask_location_access
Min Info wisata budaya Palembang dong,ask_category
Apakah Ampera dekat LRT?,ask_lrt_destinations
Apakah Pantai Kuta dekat LRT?,ask_lrt_destinations
Min Wisata Palembang yang aesthetic tapi sepi? deh,ask_hidden_gems
Clear explanation,provide_feedback
Appreciate it,goodbye
Halo Any hidden gems to visit? dong kak,ask_hidden_gems
Kak Apakah Ampera dekat stasiun LRT? nih,ask_lrt_destinations
Mau ke tempat yang unik dan sepi,ask_hidden_gems
Mau k tempat yang unik dan sepi,ask_hidden_gems
Kak Wonderful ya,provide_feedback
Kak Wondrful y,provide_feedback
Weekend BKB buka?,ask_operating_hours
Maaf mau tanya Min kasih tau hidden gems Palembang sih,ask_hidden_gems
Mau nanya dong Mau tanya dong kak harga tiket Benteng Kuto Besak,ask_ticket_price
Mau nanya dong Mau tanya dong kak hargo tiket Benteng Kuto Besak,ask_ticket_price
Eh Min tolong saran wisata dong sih,ask_recommendation
Min Rekomendasi hidden gems dong kak ya,ask_hidden_gems
Min Rekomendasi hidden gems dong kak yo,ask_hidden_gems
Halo Destinasi yang LRT accessible? deh,ask_lrt_destinations
Min Min kasih tau hidden gems Palembang ya,ask_hidden_gems
Why is Kambang Iwak Park famous?,ask_destination_info
Why is Candi Prmbanan Prk famous?,ask_destination_info
Eh Destinasi yang dekat stasiun LRT? sih,ask_lrt_destinations
Kak ada museum gak di Palembang? dong,ask_category
Kak ada museum gak di Palembang? dng,ask_category
"Excuse me, What facilities are available at Jakabaring Sport City?",ask_facilities
"Excuse me, What facilities r available at Jakabaring Sport City?",ask_facilities
Kak Naik apa ke Pasar 16 Ilir? ya,ask_location_access
Kak Naik apa ka Pasar 16 Ilr? yo,ask_location_access
Recommend tourist places in Palembang,ask_recommendation
Recommend tourist places in Plembang,ask_recommendation
Maaf mau tanya Destinasi wisata sejarah Palembang? dong,ask_category
Kayak apa sih Al-Munawar?,ask_destination_info
Kawah Tengkurep bayar berapa?,ask_ticket_price
Kawah Tengkurep bayar brapa?,ask_ticket_price
Mau tau tentang Al Quran Al Akbar,ask_destination_info
Mau tau tentang Al Quran Al kbar,ask_destination_info
"Bang That's enough, thank you sih",goodbye
"Bang That's enough, thank ya sih",goodbye
Mau nanya dong Mau tanya dong kak harga tiket Benteng Kuto Besak sih,ask_ticket_price
Mau nanya dong Mau tanya dong kak hargo tiket Benteng Kuto Besak sih,ask_ticket_price
Mau tanya dong kak harga tiket Benteng Kuto Besak nih,ask_ticket_price
Mau tanya dong kak hargo tiket Benteng Kuto Besak nih,ask_ticket_price
Mau nanya dong Wisata apa yang recommended di Palembang? deh,ask_recommendation
Mau nnya dong Wisata apo yang recmmnded di Palembng? deh,ask_recommendation
Permisi Museum Sultan Mahmud Badaruddin II lokasinya dimana?,ask_location_access
Permsi Msem Sultan Mahmud Badrddin II lokasinya dmana?,ask_location_access
Maaf mau tanya Wisata Palembang yang aesthetic tapi sepi?,ask_hidden_gems
Maaf ma tanya Wista Palmbang yng asthetic tp sepi?,ask_hidden_gems
Halo Wisata Palembang yang aesthetic tapi sepi? ya,ask_hidden_gems
Halo Wisata Palembang yang aesthetic tapi sepi? yo,ask_hidden_gems
Halo Terima kasih infonya dong,goodbye
Eh Suka deh dong kak,provide_feedback
h Suka deh dong kak,provide_feedback
Lokasi Kambang Iwak dimana kak?,ask_location_access
Lokasi Kambang Iwak dimano kak?,ask_location_access
Halo Lesser known attractions in Palembang? sih,ask_hidden_gems
Kak Info wisata budaya Palembang dong sih,ask_category
Kak KI itu apa? deh,ask_destination_info
Kak KI itu apo? deh,ask_destination_info
Tempat wisata kuliner di Palembang?,ask_category
Halo Wisata Palembang yang aesthetic tapi sepi?,ask_hidden_gems
Wonderful ya kak,provide_feedback
Wonderful yo kak,provide_feedback
Ampera bisa ditempuh pakai apa?,ask_location_access
Ampera pacak ditempuh pakai apa?,ask_location_access
Sejarah Taman Kebon Rojo apa ya?,ask_destination_info
Sejarah Taman Kebon Rojo apo yo?,ask_destination_info
Maaf mau tanya Terima kasih infonya ya kak,goodbye
Maaf mau tanya Terima kasih infonya yo kak,goodbye
Permisi That's helpful nih,provide_feedback
Hai kak masih aktif? deh,greet
Hai kak mash aktif? deh,greet
Mau nanya dong Cara daftar CPNS gimana? sih,ask_unrelated
Taxi online di Palembang? dong,ask_unrelated
Address of Ampera Bridge? ya kak,ask_location_access
Address of Panti Kuta Bridge? yo kk,ask_location_access
Mau nanya dong Best destinations in Palembang? ya,ask_recommendation
Mau nany dong Best destintions in Palmbang? ya,ask_recommendation
Bang What time does Kampung Kapitan close? ya kak,ask_operating_hours
Bang What time does Kampung Kapitan close? yo kak,ask_operating_hours
Mau nanya dong kak,greet
Halo Rekomendasi wisata yang dekat stasiun LRT nih,ask_lrt_destinations
Please What parks are in Palembang? thanks,ask_category
Please What parks r in Palembang? thanks,ask_category
Maaf mau tanya Bisa naik LRT ke BKB? ya kak,ask_lrt_destinations
Info lokasi KI dong,ask_location_access
Min Jadwal kereta api Jakarta?,ask_unrelated
Eh What time does Kampung Kapitan close? deh,ask_operating_hours
Eh What time does Central Park close? deh,ask_operating_hours
Tempat wisata yang jarang dikunjungi di Palembang?,ask_hidden_gems
Tempat wisata yang jarang dkunjngi di Palembang?,ask_hidden_gems
Kak Facilities at Benteng Kuto Besak? nih,ask_facilities
Kak Fcilitis at Candi Prambnn? nih,ask_facilities
Apakah SMB buka hari Minggu?,ask_operating_hours
Parkiran Kampung Kapitan luas gak?,ask_facilities
Min What time does Kampung Kapitan close? dong kak,ask_operating_hours
Min What time does Kampung Kapitan close? dong kk,ask_operating_hours
Asalamualaikum,greet
What time does Jakabaring Sport City close?,ask_operating_hours
Where is Monpera?,ask_location_access
wheres Monpera?,ask_location_access
Permisi Alternative tourist spots in Palembang? dong,ask_hidden_gems
Prmisi lternative trist spots in Palembang? dong,ask_hidden_gems
Kak Thank you very much sih,goodbye
Kak Thank u very much sh,goodbye
HTM Taman Kebon Rojo berapa?,ask_ticket_price
HTM Tamn Kebon Roj brapa?,ask_ticket_price
Kak Oke cukup kak makasih banyak,goodbye
Permisi Rekomendasi wisata untuk liburan singkat deh,ask_recommendation
Permisi Rkomendasi wsata untuk liburan singkat deh,ask_recommendation
Cara main saham? dong,ask_unrelated
Kak Oke makasih kak sangat membantu ya kak,goodbye
Kak Ok maksih kk nian mmbantu y kak,goodbye
Maaf mau tanya Chatbot nya bagus ya kak,provide_feedback
Maaf mau tanya Chatbot nya keren ya kak,provide_feedback
Nyanyiin lagu dong,ask_unrelated
Museum Balaputra Dewa fasilitasnya apa aja? nih,ask_facilities
Monas fasilitasnya apa aja? nih,ask_facilities
Permisi Masjid Cheng Ho ada spot foto gak? ya,ask_facilities
Permisi Masjid Chng Ho ada spot foto gak? ya,ask_facilities
Kak Enaknya kemana ya di Palembang?,ask_recommendation
Permisi Wisata apa yang recommended di Palembang?,ask_recommendation
Permisi Wisata apa yang recommendd di Palmbang?,ask_recommendation
Biaya tiket Al-Munawar berapa kak?,ask_ticket_price
Biaya tiket Al-Munawar brapa kak?,ask_ticket_price
Can you tell me How much is the ticket to Kampung Kapitan?,ask_ticket_price
Can ya tell me How mch is th tcket to Monas?,ask_ticket_price
Min Min kasih tau hidden gems Palembang,ask_hidden_gems
Min Min kash tau hidden gems Palembang,ask_hidden_gems
Kak Tempat wisata murah di Palembang?,ask_recommendation
Tourist spots along LRT route? nih,ask_lrt_destinations
Maaf mau tanya Info jam buka SMB II dong,ask_operating_hours
Maaf mau tany Info jam buka SMB II dong,ask_operating_hours
Eh Any hidden gems to visit? deh,ask_hidden_gems
Permisi Kampung Arab Al-Munawar ada di daerah mana? dong,ask_location_access
Permisi Mau ke tempat bersejarah di Palembang ya,ask_category
Permisi Mau ke tempat bersejarah di Palembang yo,ask_category
Halo bot,greet
Biaya tiket Kampung Arab Al-Munawar berapa kak?,ask_ticket_price
Biaya tiket Raja Ampat Al-Munawar berapo kak?,ask_ticket_price
Aku lagi sedih nih,ask_unrelated
Ambo lagi sedih nih,ask_unrelated
Kapan Al Quran Al Akbar buka?,ask_operating_hours
Kapan Danau Toba buka?,ask_operating_hours
Kak Best destinations in Palembang? nih,ask_recommendation
Apa yang menarik dari Kambang Iwak?,ask_destination_info
Apa yang menarik dar Menara Eiffel?,ask_destination_info
Mau nanya dong Food tourism in Palembang? nih,ask_category
Mau nanya dong Fod tourism in Palmbang? nih,ask_category
Halo Chatbot nya bagus deh,provide_feedback
Kak dimana ya Hutan Wisata Punti Kayu?,ask_location_access
Kak dmano ya Htan Wisata Pantai Kuta?,ask_location_access
Makasih sih,goodbye
Rekomendasi hidden gems dong kak ya kak,ask_hidden_gems
Rekomendasi hidden gems dng kk ya kak,ask_hidden_gems
Please How much is the ticket to Kampung Kapitan? please,ask_ticket_price
Halo Benteng Kuto Besak buka jam berapa? sih,ask_operating_hours
Halo Benteng Kuto Besak buka jam brapa? sih,ask_operating_hours
Menarik gak Benteng Kuto Besak?,ask_destination_info
Menrik gk Benteng Kut Besk?,ask_destination_info
Min Wonderful,provide_feedback
"Permisi That's enough, thank you dong",goodbye
"Permisi That's enough, thank ya dong",goodbye
Min BKB itu tempat apa sih? ya kak,ask_destination_info
Min BKB itu tempat apa sih? yo kak,ask_destination_info
Maaf mau tanya Deskripsi Bukit Siguntang,ask_destination_info
Maaf mau tanya Deskripsi Bukit Siguntng,ask_destination_info
Min Destinasi yang dekat stasiun LRT? nih,ask_lrt_destinations
Bang Enaknya kemana ya di Palembang? nih,ask_recommendation
Details about Al-Munawar Arab Village?,ask_destination_info
Details about Al-Munawar Arb Village?,ask_destination_info
Permisi Jam operasionalnya? dong kak,ask_operating_hours
Min Kampung Arab Al-Munawar ada di daerah mana? ya kak,ask_location_access
Min Ancol Al-Munwr ada di daerah mana? ya kk,ask_location_access
Permisi Makasih ya,goodbye
Recipe for chocolate cake? deh,ask_unrelated
Tourist spots along LRT route? sih,ask_lrt_destinations
Info jam buka SMB II dong nih,ask_operating_hours
Info jm buka SMB II dong nih,ask_operating_hours
Malam kak,greet
Min Hlo sih,greet
Permisi Kamu siapa? sih,ask_unrelated
Mau nanya dong Destinasi wisata sejarah Palembang? nih,ask_category
Ma nanya dong Destinasi wisata sejarah Palembang? nih,ask_category
Berapa biaya masuk ke Benteng Kuto Besak?,ask_ticket_price
Berap biaya masuk k Gunung Bromo?,ask_ticket_price
Bang BKB itu tempat apa sih? sih,ask_destination_info
Maaf mau tanya Any hidden gems to visit?,ask_hidden_gems
Mau nanya dong Kamu siapa?,ask_unrelated
Mau nanya dong Kau siapa?,ask_unrelated
Kak Hlo nih,greet
Tiket masuk ke Kambang Iwak sekarang berapa ya?,ask_ticket_price
Tiket masuk k Kambang Iwak sekarang berapo yo?,ask_ticket_price
Can you tell me What facilities are available at Jakabaring Sport City? please,ask_facilities
Can ya tell me What facilities r available at Jakabaring Sport City? please,ask_facilities
Eh Suka deh nih,provide_feedback
Min Hlo nih,greet
Can you tell me What parks are in Palembang?,ask_category
Can u tell me What parks r in Palembang?,ask_category
Maaf mau tanya Mau ke tempat bersejarah di Palembang ya kak,ask_category
Maaf ma tanya Mau ke tmpat bersejarah di Palembng ya kk,ask_category
Bang Destinasi yang LRT accessible? dong,ask_lrt_destinations
Is Monpera open today?,ask_operating_hours
Permisi Resep nasi goreng dong dong kak,ask_unrelated
Halo Best destinations in Palembang? sih,ask_recommendation
Permisi Oke makasih kak sangat membantu,goodbye
Permisi Oke makasih kak nian membantu,goodbye
Permisi Lesser known attractions in Palembang? nih,ask_hidden_gems
Maaf mau tanya Hai kak masih aktif? sih,greet
Eh Enaknya kemana ya di Palembang? dong,ask_recommendation
Eh Enaknya kmana y di Palmbang? dng,ask_recommendation
Halo Jam operasionalnya? dong,ask_operating_hours
Eh Excellent information nih,provide_feedback
Mau nanya dong Jam operasionalnya? ya kak,ask_operating_hours
Mau nanya dong Jam operasionalnya? yo kak,ask_operating_hours
Wisata yang belum banyak orang tau di Palembang?,ask_hidden_gems
Wisata yang belom banyk orng tau di Palembang?,ask_hidden_gems
Halo Apakah Jakabaring gratis? sih,ask_ticket_price
Halo Apakah Jakabarng grts? sih,ask_ticket_price
Permisi Best destinations in Palembang?,ask_recommendation
Tell me about Jakabaring Sport City,ask_destination_info
Mau nanya dong Jadwal kereta api Jakarta?,ask_unrelated
Maaf mau tanya Best destinations in Palembang? dong,ask_recommendation
Halo Masjid Cheng Ho ada spot foto gak? nih,ask_facilities
Harga tiket masuk Taman Kambang Iwak Besak sekarang berapa?,ask_ticket_price
Hargo tket masuk Tman Kambang Iwak Besak sekrang berapa?,ask_ticket_price
destinasi yang dekat stasiun lrt?,ask_lrt_destinations
Test bot,greet
Bang Recipe for chocolate cake? dong kak,ask_unrelated
Bang Rcipe for chocolate cake? dong kak,ask_unrelated
Maaf mau tanya Lesser known attractions in Palembang? sih,ask_hidden_gems
Ada museum di Palembang?,ask_category
Ada museum d Palembang?,ask_category
Maaf mau tanya Oke cukup kak makasih banyak ya kak,goodbye
Mau tau tentang Kambang Iwak,ask_destination_info
Maaf mau tanya Palembang punya museum apa? sih,ask_category
Maaf mau tanya Palembang punya museum apo? sih,ask_category
Cara menuju Siguntang gimana?,ask_location_access
Cara menuju Siguntang gimna?,ask_location_access
Please Does Jakabaring Sport City have a mosque?,ask_facilities
Plese Dos Jakabaring Sport City have a mosque?,ask_facilities
Halo Oke cukup kak makasih banyak deh,goodbye
Maaf mau tanya Cara main saham? ya,ask_unrelated
Maaf mau tanya Cara main saham? yo,ask_unrelated
What are the opening hours of Kemaro Island?,ask_operating_hours
What r the opening hours of Kemaro Island?,ask_operating_hours
Famous places in Palembang? dong kak,ask_recommendation
Jam operasionalnya?,ask_operating_hours
Which tourist spots are near LRT stations?,ask_lrt_destinations
Which tourist spots r near LRT statins?,ask_lrt_destinations
Halo Rekomendasi wisata untuk liburan singkat dong kak,ask_recommendation
Halo Rkomndasi wisata untuk liburan singkat dong kak,ask_recommendation
Mau nanya dong Permisi kak ya kak,greet
Mau nanya dong Permisi kak yo kk,greet
Fantasy Island hari libur buka gak?,ask_operating_hours
Kapan sih Taman Kebon Rojo buka?,ask_operating_hours
Kak LRT friendly tourist destinations? nih,ask_lrt_destinations
Kak LRT friendly tourist dstinations? nih,ask_lrt_destinations
Eh Mau ke tempat bersejarah di Palembang dong kak,ask_category
Eh Mau k tempat bersejarah di Palembang dong kak,ask_category
Eh Wisata apa yang recommended di Palembang? deh,ask_recommendation
Maaf mau tanya Makasih,goodbye
kamu siapa?,ask_unrelated
Permisi Benteng Kuto Besak buka jam berapa? dong kak,ask_operating_hours
Permis Candi Brbudur buk jam berapa? dong kak,ask_operating_hours
Bang Kak ada museum gak di Palembang? dong,ask_category
Bang Kak ada museum gak di Palembng? dong,ask_category
Bang Tourist spots along LRT route? nih,ask_lrt_destinations
Permisi Benteng Kuto Besak buka jam berapa?,ask_operating_hours
Mau nanya dong Destinasi yang LRT accessible?,ask_lrt_destinations
Eh Apakah Jakabaring gratis? dong kak,ask_ticket_price
Eh Apakh Jkabaring gratis? dng kak,ask_ticket_price
Min Mau tanya dong kak harga tiket Benteng Kuto Besak dong,ask_ticket_price
Min Mau tanya dong kak hargo tiket Benteng Kuto Besak dong,ask_ticket_price
Kampung Arab Al-Munawar bagus gak?,ask_destination_info
What's love?,ask_unrelated
Masjid Agung Palembang hari libur buka gak?,ask_operating_hours
Best destinations in Palembang? nih,ask_recommendation
Maaf mau tanya Ada wifi di Jembatan Ampera? ya kak,ask_facilities
Maf mau tanya da wifi di Tanah Lot? ya kak,ask_facilities
Permisi Jembatan Ampera di mana ya? sih,ask_location_access
"That's all, thanks",goodbye
"That's all, thnks",goodbye
Bang Palembang punya museum apa? dong kak,ask_category
Mau nanya dong Jam operasionalnya? nih,ask_operating_hours
Mau nanya dong Hlo dong kak,greet
Kak Info jam buka SMB II dong dong,ask_operating_hours
Mau nanya dong Cara daftar CPNS gimana? dong kak,ask_unrelated
Mu nanya dong Cara daftar CPNS gimana? dong kak,ask_unrelated
Permisi Rekomendasi hidden gems dong kak deh,ask_hidden_gems
Lesser known attractions in Palembang? ya,ask_hidden_gems
Lesser known attractions in Palembang? yo,ask_hidden_gems
Bang Cara main saham? dong kak,ask_unrelated
Bang Resep nasi goreng dong nih,ask_unrelated
Parkiran Kemaro luas gak?,ask_facilities
Kampung Arab Al-Munawar ada spot foto gak?,ask_facilities
Candi Prambanan Al-Munawar ada spot foto gak?,ask_facilities
Min Destinasi yang dekat stasiun LRT? dong kak,ask_lrt_destinations
Min Destinas yang dekt stasin LRT? dong kak,ask_lrt_destinations
Tempat masjid di Palembang?,ask_category
Halo Kamu siapa? dong,ask_unrelated
Hal Kamu sapa? dong,ask_unrelated
Akar kuadrat dari 144?,ask_unrelated
Mau nanya dong Jam operasionalnya? sih,ask_operating_hours
Mau nanya dong Jam oprasionalnya? sih,ask_operating_hours
Maaf mau tanya Benteng Kuto Besak buka jam berapa? dong,ask_operating_hours
Maaf mau tanya Danau Toba buka jam berapa? dong,ask_operating_hours
Mau nanya dong Cara main saham? ya,ask_unrelated
Mau nanya dong Cara main saham? yo,ask_unrelated
Permisi Wisata tersembunyi di Palembang? dong kak,ask_hidden_gems
Min Tourist spots along LRT route?,ask_lrt_destinations
Mau nanya dong Jembatan Ampera di mana ya? ya kak,ask_location_access
Ma nanya dong Jmbtan mpera di mn yo? ya kak,ask_location_access
Info lengkap SMB dong,ask_destination_info
Mau nanya dong Jelas banget penjelasannya dong,provide_feedback
Maaf mau tanya Details about Kambang Iwak Park? ya kak,ask_destination_info
Maaf mau tanya Details about Kambang Iwak Park? yo kak,ask_destination_info
Bang Info wisata budaya Palembang dong ya kak,ask_category
Bang Info wisata budaya Palembng dong ya kak,ask_category
Any museums in Palembang?,ask_category
Any museums in Palmbang?,ask_category
Very informative,provide_feedback
Bang Info wisata budaya Palembang dong ya,ask_category
Bang Info wisata budaya Palembang dong yo,ask_category
Jam operasionalnya? ya,ask_operating_hours
Jam operasinalnya? ya,ask_operating_hours
Mau nanya dong Lesser known attractions in Palembang? ya,ask_hidden_gems
Mau nanya dong Lesser known attractions in Palembang? yo,ask_hidden_gems
Eh Info jam buka SMB II dong sih,ask_operating_hours
Do I need to pay to enter Monpera? please,ask_ticket_price
Do I need to pay to enter Taman Safari? please,ask_ticket_price
Info jam buka SMB II dong sih,ask_operating_hours
Eh Tolong kasih tau wisata dekat LRT nih,ask_lrt_destinations
"Hello, Is Kampung Kapitan open in the morning??",ask_operating_hours
"Hello, Is Raja Ampat open in the morning??",ask_operating_hours
When does Al-Munawar Arab Village close?,ask_operating_hours
"Hello, How much is the ticket to Kampung Kapitan? please",ask_ticket_price
Permisi Suka sama jawabannya ya,provide_feedback
Permisi Suka sama jawabannya yo,provide_feedback
Bang Wisata apa yang recommended di Palembang? ya,ask_recommendation
Bng Wisat apo yang recommendd di Palembang? ya,ask_recommendation
Maaf mau tanya What time does Kampung Kapitan close? ya,ask_operating_hours
Maaf mau tanya What time does Monas close? yo,ask_operating_hours
religious tourism places in Palembang?,ask_category
Jelas banget penjelasannya deh,provide_feedback
Halo Enaknya kemana ya di Palembang? nih,ask_recommendation
Please Exactly what I needed thanks,provide_feedback
Hey What parks are in Palembang? thanks,ask_category
Hey What parks r in Palembang? thanks,ask_category
Eh Lesser known attractions in Palembang?,ask_hidden_gems
h Lesser known ttractins in Plembang?,ask_hidden_gems
Info wisata budaya Palembang dong,ask_category
Bang Address of Ampera Bridge? sih,ask_location_access
Bang Address of Central Park Bridge? sih,ask_location_access
Halo Destinasi yang dekat stasiun LRT? sih,ask_lrt_destinations
Kampung Arab Al-Munawar ada di daerah mana? deh,ask_location_access
Kak Destinasi yang LRT accessible? dong,ask_lrt_destinations
Info lengkap Kampung Kapitan dong,ask_destination_info
Apakah Palembang Icon gratis?,ask_ticket_price
Is Punti Kayu Forest far from the city center?,ask_location_access
Is Tanah Lot Forest far from the city center?,ask_location_access
taxi online di palembang?,ask_unrelated
Mau nanya dong Deskripsi Bukit Siguntang ya,ask_destination_info
Mau nanya dong Deskripsi Tanah Lot yo,ask_destination_info
Info tentang Kambang Iwak,ask_destination_info
Eh Recipe for chocolate cake? ya,ask_unrelated
Eh Recipe for chocolte cake? y,ask_unrelated
Min alamat Kambang Iwak apa ya?,ask_location_access
Min Tourist spots along LRT route? dong,ask_lrt_destinations
Permisi PIM gratis gak sih? sih,ask_ticket_price
Info lengkap Punti Kayu dong dong kak,ask_destination_info
"Eh That's enough, thank you dong",goodbye
"Eh That's enough, thank ya dong",goodbye
Permisi Info wisata budaya Palembang dong,ask_category
Prmisi Inf wsata budaya Palmbang dong,ask_category
Hai kak masih aktif,greet
Eh Cara daftar CPNS gimana? dong,ask_unrelated
Bang Mau ke tempat bersejarah di Palembang ya kak,ask_category
Bang Mau ka tempat bersejarah di Palembang ya kak,ask_category
Apa yang menarik dari Kawah Tengkurep?,ask_destination_info
Permisi Wisata apa yang recommended di Palembang? nih,ask_recommendation
Permisi Wisata apo yang recommended di Palembang? nih,ask_recommendation
Mau nanya dong That's helpful dong kak,provide_feedback
Kak KI itu apa? ya,ask_destination_info
Kak KI itu apo? yo,ask_destination_info
Masjid Cheng Ho ada spot foto gak? ya kak,ask_facilities
Masjid Cheng Ho da spot foto gak? ya kak,ask_facilities
Kak PIM gratis gak sih? ya kak,ask_ticket_price
Destinasi wisata budaya Palembang?,ask_category
Destinsi wisata budaya Plembng?,ask_category
"Hello, Does Jakabaring Sport City have a mosque? please",ask_facilities
Apakah Kambang Iwak gratis?,ask_ticket_price
Apakah Candi Borobudur gratis?,ask_ticket_price
What facilities are available at Jakabaring Sport City? please,ask_facilities
What fclities r available at Jakabaring Sport City? pleas,ask_facilities
Where is it?,ask_location_access
wheres it?,ask_location_access
Permisi Ada wifi di Jembatan Ampera? deh,ask_facilities
Permisi Ada wifi di Jembatan Danau Toba? deh,ask_facilities
What's the meaning of life?,ask_unrelated
Hey How much is the ticket to Kampung Kapitan?,ask_ticket_price
Hey How much is the ticket to Gunung Bromo?,ask_ticket_price
Maaf mau tanya Makasih sih,goodbye
Mau nanya dong Kak ada museum gak di Palembang? sih,ask_category
Mau nnya dong Kak ada mseum gk di Plembang? sih,ask_category
Halo Rekomendasi wisata yang dekat stasiun LRT ya kak,ask_lrt_destinations
Halo Rekomendasi wisata yang dekat stasiun LRT yo kak,ask_lrt_destinations
Halo Tess deh,greet
Apakah Taman Kambang Iwak Besak buka hari Minggu?,ask_operating_hours
Apakah Taman Candi Prambanan Besak buka hari Minggu?,ask_operating_hours
Info museum Palembang dong,ask_category
Permisi Alternative tourist spots in Palembang? ya,ask_hidden_gems
Thank you very much ya kak,goodbye
Thank ya very much yo kak,goodbye
Eh Kamu siapa? dong,ask_unrelated
h Ku siapa? dong,ask_unrelated
Kak Hidden gems in Palembang? dong kak,ask_hidden_gems
Bang Rekomendasi wisata Palembang dong deh,ask_recommendation
Bang Rekomends wisat Palembng dong deh,ask_recommendation
Eh Wonderful nih,provide_feedback
I want to know What should I visit in Palembang? thanks,ask_recommendation
I wann know What should I vsit in Palembang? thanks,ask_recommendation
Halo Deskripsi Bukit Siguntang deh,ask_destination_info
Mau ke Kambang Iwak bayar berapa?,ask_ticket_price
Mau ke Danau Toba bayar berapo?,ask_ticket_price
Cerita sejarah Pasar 16 Ilir dong,ask_destination_info
Mau nanya dong Bisa naik LRT ke BKB? dong,ask_lrt_destinations
Mau nany dng Bisa nak LRT ke BKB? dong,ask_lrt_destinations
Mau nanya dong Permisi kak deh,greet
"Excuse me, What parks are in Palembang? thanks",ask_category
"Excuse me, What parks r in Palembang? thanks",ask_category
Siguntang buka dari jam berapa sampai jam berapa?,ask_operating_hours
Siguntang buka dar jam berap smpa jam brapa?,ask_operating_hours
Kak Bisa naik LRT ke BKB? ya kak,ask_lrt_destinations
Kak Bisa naik LRT ka Danau Toba? ya kak,ask_lrt_destinations
Min Bisa naik LRT ke BKB? ya,ask_lrt_destinations
Min Bisa naik LRT k Central Park? ya,ask_lrt_destinations
Mau nanya dong Suka deh,provide_feedback
Hidden gems in Palembang,ask_hidden_gems
Best destinations in Palembang? ya kak,ask_recommendation
Mau nanya dong What time does Kampung Kapitan close? dong,ask_operating_hours
Ceritain BKB dong kak,ask_destination_info
Ceritain Tanah Lot dong kak,ask_destination_info
Min Apakah Ampera dekat stasiun LRT? sih,ask_lrt_destinations
Min Apakah Raja Ampat dekat stasiun LRT? sih,ask_lrt_destinations
Please How to move on? thanks,ask_unrelated
Please How to move n? thanks,ask_unrelated
What should I visit in Palembang? please,ask_recommendation
Recommend parks in Palembang,ask_category
Kak Food tourism in Palembang? nih,ask_category
Maaf mau tanya Wisata tersembunyi di Palembang?,ask_hidden_gems
Jauh gak dari sini?,ask_location_access
Jauh gk dar sini?,ask_location_access
Mau nanya dong Bisa naik LRT ke BKB? dong kak,ask_lrt_destinations
Mau nanya dong Bis naik LRT k Candi Borobudur? dong kak,ask_lrt_destinations
Mau nanya dong Suka sama jawabannya ya,provide_feedback
Mau nanya dong Suk sma jawabannya y,provide_feedback
Maaf mau tanya Makasih dong,goodbye
Rekomendasi wisata untuk liburan singkat nih,ask_recommendation
Rekomndasi wisata ntuk librn singkt nih,ask_recommendation
What's the address?,ask_location_access
Permisi Museum Sultan Mahmud Badaruddin II lokasinya dimana? deh,ask_location_access
Permisi Musem Sultan Mahmud Bdaruddin II lokasinya dmano? deh,ask_location_access
Sup,greet
Mau nanya dong Wisata Palembang yang aesthetic tapi sepi? ya,ask_hidden_gems
Kasih tau dong tentang Museum Balaputra Dewa,ask_destination_info
Ksih tu dong tentang Mseum Balaputra Dw,ask_destination_info
Kak Kalo hari Sabtu Kawah Tengkurep buka? sih,ask_operating_hours
Permisi Tourist spots along LRT route? dong kak,ask_lrt_destinations
Mau nanya dong Info wisata budaya Palembang dong,ask_category
Mau nanya dong nfo wisata bdaya Palembang dong,ask_category
Mau nanya dong Details about Kambang Iwak Park? ya,ask_destination_info
Mau nanya dong Details about Central Park Park? yo,ask_destination_info
Wisata accessible by LRT?,ask_lrt_destinations
KI itu apa? dong,ask_destination_info
KI itu apo? dong,ask_destination_info
Lengkap banget infonya,provide_feedback
Maaf mau tanya KI itu apa? sih,ask_destination_info
Maaf mau tnya KI itu apo? sih,ask_destination_info
Bang Kampung Arab Al-Munawar ada di daerah mana? nih,ask_location_access
Bang Tanah Lot Al-Munawar ada di daerah mana? nih,ask_location_access
Eh LRT friendly tourist destinations? nih,ask_lrt_destinations
Kak Kalo hari Sabtu Kawah Tengkurep buka? ya kak,ask_operating_hours
Suka sama jawabannya ya kak,provide_feedback
Suka sama jawabannya yo kak,provide_feedback
Maaf mau tanya Mau ke tempat bersejarah di Palembang deh,ask_category
Maaf mau tanya Mau ke tempat bersejarah d Plembang dh,ask_category
Wisata apa yang recommended di Palembang? deh,ask_recommendation
Wisata apo yang recommended di Palmbang? deh,ask_recommendation
Kemaro ada spot foto gak?,ask_facilities
Harga masuk Pasar 16 Ilir berapa ya kak?,ask_ticket_price
Harga masuk Pasar 16 Ilir berapa yo kak?,ask_ticket_price
Posisi Kampung Arab Al-Munawar dimana ya?,ask_location_access
Posisi Tanah Lot Al-Munawar dmana ya?,ask_location_access
Maaf mau tanya Wisata apa yang recommended di Palembang? ya kak,ask_recommendation
Maaf mau tanya Wisata apo yang recommended di Palembang? ya kak,ask_recommendation
Eh Excellent information ya kak,provide_feedback
Kak Thank you very much,goodbye
Kak Thank u very much,goodbye
Maaf mau tanya Info lengkap Punti Kayu dong ya,ask_destination_info
Wisata yang cocok untuk keluarga?,ask_recommendation
Wsata yang cocok untuk klurga?,ask_recommendation
Kak Thank you ya kak,goodbye
Kk Thank u yo kak,goodbye
Mau tau sejarah Masjid Cheng Ho,ask_destination_info
Info lengkap Punti Kayu dong?,ask_destination_info
Jakabaring Sport City itu apa?,ask_destination_info
Permisi Rekomendasi hidden gems dong kak ya kak,ask_hidden_gems
Permisi Rekomendasi hidden gems dong kak yo kak,ask_hidden_gems
Kak Kamu siapa?,ask_unrelated
Kak Kau siap?,ask_unrelated
Min Palembang punya museum apa? deh,ask_category
Min Palembang punya museum ap? deh,ask_category
"Mau nanya dong That's enough, thank you ya kak",goodbye
"Mau nanya dong That's enough, thank u yo kak",goodbye
Permisi Hlo ya kak,greet
Permisi Hlo yo kak,greet
Kak Permisi kak sih,greet
Halo Hlo nih,greet
Eh BKB itu tempat apa sih? dong kak,ask_destination_info
Eh BKB itu tempat apo sih? dong kak,ask_destination_info
SMB ada area bermain anak?,ask_facilities
Eh KI itu apa? nih,ask_destination_info
Eh KI itu ap? nih,ask_destination_info
Excellent information dong,provide_feedback
Halo Apakah Jakabaring gratis? dong,ask_ticket_price
Halo Thank you very much dong kak,goodbye
Halo Thank ya very much dong kak,goodbye
Bang Cara main saham? deh,ask_unrelated
Min Museum Sultan Mahmud Badaruddin II lokasinya dimana? ya,ask_location_access
Min Museum Sultan Mahmud Badaruddin II lokasinya dimana? yo,ask_location_access
Eh Tolong kasih tau wisata dekat LRT dong,ask_lrt_destinations
Eh Tolong kasih tu wisata dekat LRT dong,ask_lrt_destinations
Min Suka deh,provide_feedback
Permisi Wisata tersembunyi di Palembang?,ask_hidden_gems
Permisi Wisata trsembunyi d Plembang?,ask_hidden_gems
museum sultan mahmud badaruddin ii lokasinya dimana?,ask_location_access
mseum sultan mahmud badruddin ii lokasinya dmano?,ask_location_access
Are there toilets at Kampung Kapitan?,ask_facilities
R there toilets at Monas?,ask_facilities
Min Oke cukup kak makasih banyak dong,goodbye
Mau nanya dong Bye kak deh,goodbye
Mau nany dong Bye kak dh,goodbye
Maaf mau tanya Terima kasih infonya deh,goodbye
Permisi Wisata apa yang recommended di Palembang? ya,ask_recommendation
Permisi Wisata apa yng recommendd di Palembang? y,ask_recommendation
Rekomendasi museum Palembang,ask_category
Rkomendasi museum Palembang,ask_category
Mau nanya dong Rekomendasi wisata Palembang dong dong kak,ask_recommendation
Eh Suka sama jawabannya sih,provide_feedback
Can you tell me Is Kampung Kapitan open in the morning? please,ask_operating_hours
Can u tell m s Pantai Kuta open in the morning? pleas,ask_operating_hours
Destinasi yang dekat stasiun LRT? dong kak,ask_lrt_destinations
Min kasih tau hidden gems Palembang dong,ask_hidden_gems
Mn kasih ta hidden gems Plembang dong,ask_hidden_gems
Halo Facilities at Benteng Kuto Besak? dong,ask_facilities
Halo Facilties at Ancol? dng,ask_facilities
Bang KI itu apa? nih,ask_destination_info
Bang KI it apa? nih,ask_destination_info
Lengkap gak fasilitasnya?,ask_facilities
Bang Pagi kak ya kak,greet
Bang Pgi kak yo kak,greet
Eh Jam operasionalnya? nih,ask_operating_hours
Bang Tolong kasih tau wisata dekat LRT sih,ask_lrt_destinations
Please What's the location of Ampera Bridge?,ask_location_access
Please What's the location of Taman Safari Bridge?,ask_location_access
How much is the ticket to Kampung Kapitan,ask_ticket_price
How much is the ticket to Menara Eiffel,ask_ticket_price
Bang Tourist spots along LRT route? dong,ask_lrt_destinations
Min Rekomendasi wisata yang dekat stasiun LRT deh,ask_lrt_destinations
Mau nanya dong Permisi kak sih,greet
Fasilitas apa saja di Kemaro?,ask_facilities
Fasilitas apo bae di Kemaro?,ask_facilities
Kak Permisi kak nih,greet
Kak Prmsi kak nih,greet
Min Museum Sultan Mahmud Badaruddin II lokasinya dimana? dong,ask_location_access
Min Museum Sultan Mahmud Badaruddin II lokasinya dimano? dong,ask_location_access
Kak Masjid Cheng Ho ada spot foto gak? deh,ask_facilities
Kak Masjid Cheng H ada spot fto gak? deh,ask_facilities
Eh Min kasih tau hidden gems Palembang sih,ask_hidden_gems
Min Museum Sultan Mahmud Badaruddin II lokasinya dimana? ya kak,ask_location_access
Min Museum Sultan Mhmud Bdruddin  lokasinya dimana? yo kak,ask_location_access
Bang Food tourism in Palembang? deh,ask_category
Maaf mau tanya What time does Kampung Kapitan close? ya kak,ask_operating_hours
"Permisi That's enough, thank you ya",goodbye
"Permisi That's enough, thank u ya",goodbye
Bang PIM ada tempat parkir? sih,ask_facilities
Permisi Makasih ya kak,goodbye
Permsi Makasih ya kak,goodbye
Halo Resep nasi goreng dong nih,ask_unrelated
"Hi, I'm visiting Palembang",greet
"Hi, I'm vsting Palembang",greet
Halo Destinasi yang LRT accessible?,ask_lrt_destinations
Halo Jam operasionalnya? nih,ask_operating_hours
Ceritain Hutan Wisata Punti Kayu dong kak,ask_destination_info
Ceritain Hutan Wisata Raja Ampat dong kak,ask_destination_info
Eh Rekomendasi wisata untuk liburan singkat ya kak,ask_recommendation
Eh Rekomendasi wisata ntk liburan singkat yo kak,ask_recommendation
Mau nanya dong Best destinations in Palembang? sih,ask_recommendation
Permisi Chatbot nya bagus dong,provide_feedback
Permisi Chatbot nya mantap dong,provide_feedback
Bang Apakah Ampera dekat stasiun LRT? dong,ask_lrt_destinations
Bang BKB itu tempat apa sih? ya kak,ask_destination_info
Bang Danau Toba itu tempat apa sih? ya kak,ask_destination_info
Kak Jam operasionalnya? ya,ask_operating_hours
Kak Jam operasionalnya? yo,ask_operating_hours
wonderful,provide_feedback
Halo Permisi kak ya,greet
Bagaimana cara move on?,ask_unrelated
Cakmano cara move on?,ask_unrelated
Mau nanya dong Bisa naik LRT ke BKB? ya,ask_lrt_destinations
Mau nanya dong Bisa naik LRT ke BKB? y,ask_lrt_destinations
Eh Cara main saham? ya,ask_unrelated
Kemaro buka dari jam berapa sampai jam berapa?,ask_operating_hours
Kemaro buka dari jam brapa sampai jam berapo?,ask_operating_hours
Apa yang menarik dari Masjid Agung Palembang?,ask_destination_info
Permisi KI itu apa? deh,ask_destination_info
Ada fasilitas apa di Palembang Trade Center?,ask_facilities
da fsilitas apa di Palembang Trad Center?,ask_facilities
Permisi Oke makasih kak sangat membantu nih,goodbye
Permisi Oke makasih kak sekali membantu nih,goodbye
Maaf mau tanya Help me please dong,greet
Kamu siapa? ya,ask_unrelated
Kamu siapa? yo,ask_unrelated
Rute ke Jembatan Ampera gimana?,ask_location_access
Rute ke Jembatan Ancol gimana?,ask_location_access
Mau nanya dong BKB itu tempat apa sih? ya,ask_destination_info
Mau nanya dong BKB itu tmpat p sih? yo,ask_destination_info
Information about Al-Munawar Arab Village,ask_destination_info
Halo Info lengkap Punti Kayu dong ya kak,ask_destination_info
Halo Info lengkap Central Park dong yo kak,ask_destination_info
Maaf mau tanya BKB itu tempat apa sih? nih,ask_destination_info
Maaf mau tanya BKB itu tempat apo sih? nih,ask_destination_info
Berapa harga tiket masuk Jembatan Ampera?,ask_ticket_price
Berapo harga tiket masuk Jembatan Candi Prambanan?,ask_ticket_price
Kak Excellent information,provide_feedback
Kak xcellent infrmation,provide_feedback
Harga tiket masuk Punti Kayu sekarang berapa?,ask_ticket_price
Harga tiket masuk Gunung Bromo sekarang berapa?,ask_ticket_price
Tolong kasih tau alamat Ampera,ask_location_access
Tolong kasih tau alamat Candi Borobudur,ask_location_access
Eh Taxi online di Palembang? dong kak,ask_unrelated
h Tax online d Palembang? dong kak,ask_unrelated
Kak Bisa naik LRT ke BKB? dong,ask_lrt_destinations
Kak Pacak naik LRT ka BKB? dong,ask_lrt_destinations
What's the location of Kampung Kapitan?,ask_location_access
Eh Suka deh deh,provide_feedback
Kira-kira harga tiket Kambang Iwak berapa?,ask_ticket_price
Kira-kira harga tiket Menara Eiffel brapa?,ask_ticket_price
Kak Amanzi Waterpark buka jam berapa ya?,ask_operating_hours
Kak Amnzi Waterpark bka jam brapa yo?,ask_operating_hours
Can you tell me What facilities are available at Jakabaring Sport City??,ask_facilities
Can ya tll me What facilitis r available t Jakabaring Sport City??,ask_facilities
Eh Wisata apa yang recommended di Palembang? nih,ask_recommendation
Eh Wisata apo yng recommended di Palembang? nih,ask_recommendation
Fasilitas pendukung OPI Mall?,ask_facilities
Kak Info jam buka SMB II dong ya,ask_operating_hours
Mau nanya dong Permisi kak ya,greet
Mu nanya dong Permisi kk ya,greet
Min Oke cukup kak makasih banyak dong kak,goodbye
Min Thank you very much ya,goodbye
Min Thank u very much yo,goodbye
Kambang Iwak mulai buka jam berapa?,ask_operating_hours
Kambang Iwak mulai bka jm berapa?,ask_operating_hours
Permisi Facilities at Benteng Kuto Besak? nih,ask_facilities
Permisi Facilities at Ancol? nih,ask_facilities
What time does Kampung Kapitan close? dong kak,ask_operating_hours
Kak Bye kak dong kak,goodbye
Ceritakan tentang Hutan Wisata Punti Kayu,ask_destination_info
Ceritakan tentang Hutan Wisata Danau Toba,ask_destination_info
SMB II tutup jam berapa?,ask_operating_hours
Bagaimana cara ke Pulau Kemaro?,ask_location_access
Cakmano cara k Pulau Kemaro?,ask_location_access
Min Makasih deh,goodbye
Mn Mksih deh,goodbye
Mau nanya dong That's helpful deh,provide_feedback
Halo Info lengkap Punti Kayu dong dong kak,ask_destination_info
Halo Inf lengkap Malioboro dong dong kak,ask_destination_info
Mau nanya dong Museum Sultan Mahmud Badaruddin II lokasinya dimana? ya,ask_location_access
Mau nanya dong Museum Sultan Mahmud Badaruddin II lokasinya dmana? yo,ask_location_access
Halo Min kasih tau hidden gems Palembang dong kak,ask_hidden_gems
Bye kak?,goodbye
Fasilitas Palembang Trade Center lengkap gak?,ask_facilities
Bang Jembatan Ampera di mana ya? sih,ask_location_access
Bang Gunung Bromo di mana yo? sih,ask_location_access
Kak Mau ke tempat bersejarah di Palembang nih,ask_category
Kak Ma k tempat bersejarah di Palembng nih,ask_category
Dari mana ke Siguntang?,ask_location_access
Dari mana ka Siguntang?,ask_location_access
Mau nanya dong Palembang punya museum apa? sih,ask_category
Palembang Square bisa ditempuh pakai apa?,ask_location_access
Palembang Squre bisa ditmpuh pakai apo?,ask_location_access
Translate bahasa Inggris dong,ask_unrelated
Where to go in Palembang?,ask_recommendation
Mau nanya dong Kampung Arab Al-Munawar ada di daerah mana? dong kak,ask_location_access
Mau nanya dong Danau Toba Al-Munawar ada di daerah mana? dong kak,ask_location_access
Kak PIM gratis gak sih? dong,ask_ticket_price
Kak PM gratis gak sih? dong,ask_ticket_price
Menarik gak Taman Kebon Rojo?,ask_destination_info
Kak Details about Kambang Iwak Park? dong,ask_destination_info
Hey What facilities are available at Jakabaring Sport City? thanks,ask_facilities
Hey What facilities r available at Jakabrng Sport City? thanks,ask_facilities
Bang Ada wifi di Jembatan Ampera? dong kak,ask_facilities
Tiket masuk Kambang Iwak berapa?,ask_ticket_price
Mau nanya dong Hai kak masih aktif? dong kak,greet
Ma nanya dong Hai kk msih ktif? dng kak,greet
Yang termasuk wisata alam apa aja?,ask_category
Yang termasuk wisata alam apo aja?,ask_category
Min Pagi kak nih,greet
Min Pgi kak nih,greet
Kayak apa sih Amanzi Waterpark?,ask_destination_info
Kayak apo sih Amanzi Waterpark?,ask_destination_info
Eh Info jam buka SMB II dong dong kak,ask_operating_hours
Eh nfo jam buka SMB II dong dong kak,ask_operating_hours
Permisi Masjid Cheng Ho ada spot foto gak? sih,ask_facilities
Permisi Masjid Cheng Ho ada spot fot gk? sih,ask_facilities
Wisata wisata budaya di Palembang apa aja?,ask_category
Wisata wisata budaya di Palembang apo aja?,ask_category
Mau nanya dong Rekomendasi hidden gems dong kak nih,ask_hidden_gems
Halo Rekomendasi hidden gems dong kak,ask_hidden_gems
Monpera hari libur buka gak?,ask_operating_hours
Kayak apa sih Kampung Kapitan?,ask_destination_info
Kayk apo sih Menara Eiffel?,ask_destination_info
How do I get to Sultan Mahmud Badaruddin II Museum?,ask_location_access
Permisi Enaknya kemana ya di Palembang? ya kak,ask_recommendation
Permisi Enaknya kemana yo di Palembang? ya kak,ask_recommendation
Jam operasionalnya? sih,ask_operating_hours
Halo Destinasi yang dekat stasiun LRT?,ask_lrt_destinations
"Hi, What should I visit in Palembang??",ask_recommendation
Maaf mau tanya BKB itu tempat apa sih? dong,ask_destination_info
Permisi Tess nih,greet
Who is the president of Indonesia?,ask_unrelated
Bang Kamu siapa? sih,ask_unrelated
Bang Kau siapa? sih,ask_unrelated
Apotek 24 jam di Palembang?,ask_unrelated
potk 24 jam di Palembang?,ask_unrelated
Permisi Rekomendasi wisata yang dekat stasiun LRT sih,ask_lrt_destinations
Min Lesser known attractions in Palembang? sih,ask_hidden_gems
Eh PIM gratis gak sih? ya kak,ask_ticket_price
Eh PIM gratis gak sih? yo kak,ask_ticket_price
Permisi Best destinations in Palembang? nih,ask_recommendation
Maaf mau tanya What time does Kampung Kapitan close? dong kak,ask_operating_hours
Maaf mau tanya What time does Gunung Bromo close? dong kak,ask_operating_hours
Rekomendasi wisata yang dekat stasiun LRT nih,ask_lrt_destinations
Taxi online di Palembang? ya kak,ask_unrelated
Taxi online di Palembang? yo kak,ask_unrelated
Bang Enaknya kemana ya di Palembang? sih,ask_recommendation
Bang Enaknya kemana yo di Palembang? sih,ask_recommendation
Min Cara main saham? ya,ask_unrelated
Min Cara main saham? yo,ask_unrelated
Sampai jumpa lagi,goodbye
Min Tess nih,greet
Mau nanya dong Suka sama jawabannya nih,provide_feedback
Mau nanya dong Alternative tourist spots in Palembang? sih,ask_hidden_gems
Maaf mau tanya Hlo nih,greet
Halo Tourist spots along LRT route? ya kak,ask_lrt_destinations
Permisi Chatbot nya bagus ya,provide_feedback
Permisi Chatbot nya keren ya,provide_feedback
Permisi Kampung Arab Al-Munawar ada di daerah mana? deh,ask_location_access
Permisi Kmpung Arab Al-Munawar ada di drah mana? deh,ask_location_access
Wisata sore hari di Palembang?,ask_recommendation
Wista sore hari di Plembang?,ask_recommendation
Hey What parks are in Palembang?,ask_category
Hey What parks r in Palembang?,ask_category
Eh Rekomendasi wisata Palembang dong sih,ask_recommendation
Bang Min tolong saran wisata dong ya kak,ask_recommendation
Bang Min tolong saran wisata dong yo kak,ask_recommendation
Mau ke Kampung Arab Al-Munawar bayar berapa?,ask_ticket_price
Mau ka Kampung Arab Al-Munawar bayar brapa?,ask_ticket_price
Taxi online di Palembang? deh,ask_unrelated
Permisi Bisa naik LRT ke BKB? dong,ask_lrt_destinations
Permisi Pacak nak LRT ke BKB? dong,ask_lrt_destinations
Maaf mau tanya LRT friendly tourist destinations? sih,ask_lrt_destinations
Harga masuk Palembang Icon berapa ya kak?,ask_ticket_price
Harga masuk Palembang Icon berapa yo kak?,ask_ticket_price
Bang Enaknya kemana ya di Palembang? ya kak,ask_recommendation
Min KI itu apa?,ask_destination_info
Halo Recipe for chocolate cake? dong kak,ask_unrelated
Kak Destinasi yang LRT accessible? sih,ask_lrt_destinations
Mau nanya dong Wisata apa yang recommended di Palembang? nih,ask_recommendation
Mau nanya dong Wisata apo yang recommended di Palembang? nih,ask_recommendation
Min Cara daftar CPNS gimana? deh,ask_unrelated
Rekomendasi wisata Palembang dong dong kak,ask_recommendation
Permisi Bye kak ya kak,goodbye
Permisi Bye kak yo kak,goodbye
Mau nanya dong Benteng Kuto Besak buka jam berapa? dong,ask_operating_hours
Mau nanya dong Raja Ampat buka jam berapa? dong,ask_operating_hours
Kak Tolong kasih tau wisata dekat LRT ya kak,ask_lrt_destinations
Kak Tlng kasih tau wista dekat LRT yo kak,ask_lrt_destinations
Maaf mau tanya Famous places in Palembang? dong,ask_recommendation
Min Apakah Jakabaring gratis? nih,ask_ticket_price
Jam buka Museum Sultan Mahmud Badaruddin II kapan?,ask_operating_hours
Excellent information nih,provide_feedback
Kak Taxi online di Palembang? deh,ask_unrelated
Kk Tax online di Palembang? deh,ask_unrelated
Bang Jam operasionalnya? deh,ask_operating_hours
Info lengkap Punti Kayu dong nih,ask_destination_info
Info lengkap Raja Ampat dong nih,ask_destination_info
Permisi Jembatan Ampera di mana ya? dong,ask_location_access
Permisi Jembatan Raja Ampat di mana ya? dong,ask_location_access
Is Kampung Kapitan open in the morning?,ask_operating_hours
Is Malioboro open in the morning?,ask_operating_hours
Mau nanya dong Info wisata budaya Palembang dong nih,ask_category
Info lokasi Bukit Siguntang dong,ask_location_access
Jakabaring bayar berapa?,ask_ticket_price
Jakabaring bayar berapo?,ask_ticket_price
Ke BKB bayar berapa ya?,ask_ticket_price
Ke Gunung Bromo bayar berapo yo?,ask_ticket_price
Min alamat Benteng Kuto Besak apa ya?,ask_location_access
Min alamat Benteng Kuto Besak apa yo?,ask_location_access
Mau tanya harga tiket Masjid Agung Palembang,ask_ticket_price
Eh Info lengkap Punti Kayu dong sih,ask_destination_info
h Info lengkap Punt Kayu dong sh,ask_destination_info
Bang Bye kak ya kak,goodbye
Bang Bye kak yo kak,goodbye
Taxi online di Palembang? dong kak,ask_unrelated
Min Hai kak masih aktif? deh,greet
Bang Jelas banget penjelasannya,provide_feedback
Bang Jelas banget penjlasannya,provide_feedback
Permisi Taxi online di Palembang? ya kak,ask_unrelated
Permisi Taxi online di Palembang? yo kak,ask_unrelated
Halo PIM ada tempat parkir? dong kak,ask_facilities
Halo PIM da tempat parkir? dong kak,ask_facilities
Eh Bye kak ya kak,goodbye
Bang Lesser known attractions in Palembang? nih,ask_hidden_gems
Biaya tiket Amanzi Waterpark berapa kak?,ask_ticket_price
Bay tket Amnzi Waterpark berapa kak?,ask_ticket_price
Min LRT friendly tourist destinations? nih,ask_lrt_destinations
Min Enaknya kemana ya di Palembang? ya,ask_recommendation
Kak Tolong kasih tau wisata dekat LRT sih,ask_lrt_destinations
Mau nanya dong Hidden gems in Palembang? ya kak,ask_hidden_gems
Perfect,provide_feedback
Mau nanya dong Bye kak dong kak,goodbye
Min Jembatan Ampera di mana ya? deh,ask_location_access
Min Jembatan Malioboro di man ya? deh,ask_location_access
Eh Info lengkap Punti Kayu dong,ask_destination_info
Info wisata religi Palembang dong,ask_category
Describe Punti Kayu Forest,ask_destination_info
Descrbe Tanah Lot Forest,ask_destination_info
Halo Facilities at Benteng Kuto Besak?,ask_facilities
Halo Facilities at Dnau Toba?,ask_facilities
Kak Cara main saham? ya,ask_unrelated
Kak Cara main saham? yo,ask_unrelated
Permisi Enaknya kemana ya di Palembang? sih,ask_recommendation
Permisi Enknya kemna y di Palembang? sih,ask_recommendation
Lokasi PIM dimana kak?,ask_location_access
Lokasi PIM dimno kak?,ask_location_access
Permisi Bye kak dong,goodbye
Permis Bye kak dong,goodbye
Bang Pagi kak dong kak,greet
Mau nanya dong Rekomendasi wisata yang dekat stasiun LRT nih,ask_lrt_destinations
Halo Alternative tourist spots in Palembang? sih,ask_hidden_gems
Eh Masjid Cheng Ho ada spot foto gak? ya kak,ask_facilities
Halo Lesser known attractions in Palembang?,ask_hidden_gems
Eh Taxi online di Palembang? ya,ask_unrelated
Destinasi yang dekat stasiun LRT?,ask_lrt_destinations
Deskripsi Pasar 16 Ilir,ask_destination_info
Deskripsi Pasr 16 Ilir,ask_destination_info
Eh Palembang punya museum apa? ya kak,ask_category
Eh Palembang punya musem apo? ya kak,ask_category
Maaf mau tanya Palembang punya museum apa? dong,ask_category
Maaf mau tanya Palembang punya museum apo? dong,ask_category
Mau tanya fasilitas di Al-Munawar,ask_facilities
Directions?,ask_location_access
Permisi Numpang tanya dong dong,greet
Permis Numpng tanya dong dong,greet
Oke makasih,goodbye
Oke mkasih,goodbye
Halo Wisata apa yang recommended di Palembang? ya,ask_recommendation
Bye kak ya,goodbye
Bye kak yo,goodbye
Min Tolong kasih tau wisata dekat LRT ya,ask_lrt_destinations
Min Tolong kasih tau wisata dekat LRT yo,ask_lrt_destinations
Bang Rekomendasi hidden gems dong kak deh,ask_hidden_gems
Gimana Kambang Iwak?,ask_destination_info
Gmana Kambang Iwak?,ask_destination_info
Halo Museum Sultan Mahmud Badaruddin II lokasinya dimana? dong kak,ask_location_access
Halo Museum Sultan Mahmud Badaruddin II lokasinya dmana? dong kak,ask_location_access
Halo Rekomendasi wisata yang dekat stasiun LRT,ask_lrt_destinations
Permisi Tolong kasih tau wisata dekat LRT dong kak,ask_lrt_destinations
Permisi Tolong ksih tau wisata dkat LRT dong kak,ask_lrt_destinations
Hey What's the location of Ampera Bridge??,ask_location_access
Hey What's the loction of Ampera Bridge??,ask_location_access
Min Resep nasi goreng dong deh,ask_unrelated
Halo Cara daftar CPNS gimana? deh,ask_unrelated
Eh Any hidden gems to visit? dong kak,ask_hidden_gems
Eh Any hidden gems to vsit? dong kak,ask_hidden_gems
Jam operasional Al Quran Al Akbar?,ask_operating_hours
Jam operasional Universal Studio?,ask_operating_hours
"That's enough, thank you ya kak",goodbye
"That's enough, thank ya ya kak",goodbye
Kak Wisata tersembunyi di Palembang? ya,ask_hidden_gems
Kak Wisata tersembunyi di Palembang? yo,ask_hidden_gems
Mau nanya dong Apakah Jakabaring gratis? dong,ask_ticket_price
Terima kasih infonya nih,goodbye
Can you tell me Do I need to pay to enter Monpera? thanks,ask_ticket_price
Cn ya tell me Do  need t py to entr Tanah Lot? thnks,ask_ticket_price
Eh KI itu apa? ya kak,ask_destination_info
"Hi, What's the location of Ampera Bridge?",ask_location_access
"Hi, What's the location of Danau Toba Bridge?",ask_location_access
Min Wisata tersembunyi di Palembang? sih,ask_hidden_gems
Is admission to Benteng Kuto Besak free?,ask_ticket_price
Is admission to Raja Ampat free?,ask_ticket_price
Famous places in Palembang? ya kak,ask_recommendation
Famous places in Palembang? yo kak,ask_recommendation
Mau nanya dong Kak ada museum gak di Palembang? dong kak,ask_category
Permisi That's helpful dong,provide_feedback
Kak Palembang punya museum apa? ya,ask_category
Kak Palembang punya museum apo? ya,ask_category
Mau tanya dong kak harga tiket Siguntang,ask_ticket_price
Mau tanya dong kak harga tikt Siguntang,ask_ticket_price
Permisi Wonderful,provide_feedback
Min Kalo hari Sabtu Kawah Tengkurep buka?,ask_operating_hours
Min Kal hri Sbtu Kawh Tengkurep buka?,ask_operating_hours
Kak Info jam buka SMB II dong ya kak,ask_operating_hours
Kak Destinasi yang dekat stasiun LRT? dong kak,ask_lrt_destinations
Destinasi yang dekat stasiun LRT? nih,ask_lrt_destinations
Destinasi yang dekt stasun LRT? nih,ask_lrt_destinations
Bang Numpang tanya dong dong kak,greet
Halo Kamu siapa? ya,ask_unrelated
Halo Kau siapa? ya,ask_unrelated
Halo Jembatan Ampera di mana ya? deh,ask_location_access
Halo Jembatan Danau Toba di mana ya? deh,ask_location_access
Bang Rekomendasi wisata untuk liburan singkat dong,ask_recommendation
How do I get to Punti Kayu Forest?,ask_location_access
How do I get to Malioboro Forest?,ask_location_access
Mau nanya dong Chatbot nya bagus ya,provide_feedback
Mau nany dng Chatbot nya mantp yo,provide_feedback
What cultural tourism are in Palembang?,ask_category
What cultural tourism r in Palembang?,ask_category
Kak Wisata Palembang yang aesthetic tapi sepi? sih,ask_hidden_gems
Min Oke makasih kak sangat membantu dong,goodbye
Min Oke makasih kak nian membantu dong,goodbye
Ada wifi di Jembatan Ampera? ya kak,ask_facilities
Ada wifi di Jembatan Danau Toba? yo kak,ask_facilities
Min Palembang punya museum apa? nih,ask_category
Mn Palembang punya museum p? nih,ask_category
Tiket masuk ke Masjid Agung Palembang sekarang berapa ya?,ask_ticket_price
Tiket masuk ka Masjid Agung Palembang sekrang berp yo?,ask_ticket_price
Review tentang Taman Kebon Rojo,ask_destination_info
Rview tentang Taman Kebon Rojo,ask_destination_info
Bang Pagi kak sih,greet
Bang Pag kak sih,greet
Halo Wonderful dong kak,provide_feedback
"Halo That's enough, thank you deh",goodbye
"Hal Tht's enough, thnk u dh",goodbye
Kak Bye kak nih,goodbye
Maaf mau tanya Apakah Jakabaring gratis? dong kak,ask_ticket_price
Maaf mau tanya Apkah Jakbarng gratis? dong kak,ask_ticket_price
Eh Details about Kambang Iwak Park? dong kak,ask_destination_info
Kak Kak ada museum gak di Palembang? ya,ask_category
Halo Jam operasionalnya? dong kak,ask_operating_hours
Halo Wisata apa yang recommended di Palembang?,ask_recommendation
Bang Mau tanya dong kak harga tiket Benteng Kuto Besak,ask_ticket_price
Bang Mau tanya dong kak harga tiket Danau Toba,ask_ticket_price
Kak Facilities at Benteng Kuto Besak? ya,ask_facilities
Min Info wisata budaya Palembang dong ya kak,ask_category
Min Info wisata budaya Palembang dong yo kak,ask_category
Min What time does Kampung Kapitan close?,ask_operating_hours
Kak Hidden gems in Palembang? deh,ask_hidden_gems
Bang What time does Kampung Kapitan close? dong kak,ask_operating_hours
Bang What time does Candi Borobudur close? dong kak,ask_operating_hours
Halo Terima kasih infonya sih,goodbye
Bang Tourist spots along LRT route? ya kak,ask_lrt_destinations
Bang Tourist spots along LRT route? yo kak,ask_lrt_destinations
Fasilitas SMB II lengkap gak?,ask_facilities
Eh Info lengkap Punti Kayu dong dong,ask_destination_info
Eh Info lengkap Ancol dong dong,ask_destination_info
Mau nanya dong BKB itu tempat apa sih? dong kak,ask_destination_info
Mau nanya dong Monas itu tempat apo sih? dong kak,ask_destination_info
Museum Balaputra Dewa bayar berapa?,ask_ticket_price
Tanah Lot bayar berapo?,ask_ticket_price
Bang Mau ke tempat bersejarah di Palembang ya,ask_category
Bang Mu k tmpat bersejarah di Palembang y,ask_category
Help me please dong,greet
Kak Terima kasih infonya dong,goodbye
Kapan sih BKB buka?,ask_operating_hours
Kapan sih Gunung Bromo buka?,ask_operating_hours
"Hello, Is Kampung Kapitan open in the morning? please",ask_operating_hours
"Hello, Is Raja Ampat open in the morning? please",ask_operating_hours
Bang Best destinations in Palembang?,ask_recommendation
Bang Bst destinatins in Palembng?,ask_recommendation
Akses ke PIM mudah gak?,ask_location_access
Kemaro ada kantin gak?,ask_facilities
Kemro ada kantin gak?,ask_facilities
Bang Museum Sultan Mahmud Badaruddin II lokasinya dimana? dong kak,ask_location_access
Can I take LRT to visit tourist places?,ask_lrt_destinations
Tiket pesawat ke Bali berapa?,ask_unrelated
Tiket pesawat k Bali berapa?,ask_unrelated
Maaf mau tanya Rekomendasi wisata yang dekat stasiun LRT nih,ask_lrt_destinations
Maaf mau tanya Rekomendsi wisata yng dekat stasiun LRT nih,ask_lrt_destinations
Thanks for the help,goodbye
Kak Taxi online di Palembang? ya,ask_unrelated
Mau nanya dong Excellent information,provide_feedback
Eh Museum Sultan Mahmud Badaruddin II lokasinya dimana? nih,ask_location_access
Mau nanya dong Museum Sultan Mahmud Badaruddin II lokasinya dimana? dong kak,ask_location_access
Mau nanya dong Museum Sultan Mahmud Badaruddin II lokasinya dmana? dong kak,ask_location_access
Permisi Facilities at Benteng Kuto Besak? deh,ask_facilities
Tempat wisata budaya Palembang?,ask_category
Masuk Kampung Arab Al-Munawar gratis atau bayar?,ask_ticket_price
Maaf mau tanya Cara main saham? sih,ask_unrelated
Maaf mau tanya Tess sih,greet
Eh Tourist spots along LRT route? deh,ask_lrt_destinations
Mau tanya fasilitas di Amanzi Waterpark,ask_facilities
Mau tanya fasilitas di Amanz Wterpark,ask_facilities
"Hello, What's the location of Ampera Bridge? please",ask_location_access
"Hello, Wht's the lcation of Ancol Bridge? plase",ask_location_access
Min Museum Sultan Mahmud Badaruddin II lokasinya dimana? sih,ask_location_access
Min Museum Sultan Mahmud Badaruddin II lokasinya dmana? sih,ask_location_access
Mau nanya dong Enaknya kemana ya di Palembang? nih,ask_recommendation
Halo Hidden gems in Palembang? dong kak,ask_hidden_gems
Kapan sih Hutan Wisata Punti Kayu buka?,ask_operating_hours
Kapan sih Hutan Wisata Central Park buka?,ask_operating_hours
Halo Numpang tanya dong deh,greet
Halo Numpng tnya dong deh,greet
Halo Bye kak dong,goodbye
Tess dong,greet
Min Ada wifi di Jembatan Ampera?,ask_facilities
Min Ada wfi di Jembatan Danau Toba?,ask_facilities
Eh Hidden gems in Palembang? dong,ask_hidden_gems
Mau cari wisata religi di Palembang,ask_category
Mau cari wisata relgi di Palmbang,ask_category
Top tourist attractions in Palembang?,ask_recommendation
Kak Wonderful ya kak,provide_feedback
Kak Wonderful yo kak,provide_feedback
Permisi Thank you very much,goodbye
Permisi Thank u very much,goodbye
Halo Tess dong kak,greet
Tiket OPI Mall berapa sih?,ask_ticket_price
Tiket OPI Mall brapa sih?,ask_ticket_price
Yang termasuk wisata kuliner apa aja?,ask_category
Eh Destinasi wisata sejarah Palembang? nih,ask_category
Kak Rekomendasi hidden gems dong kak ya kak,ask_hidden_gems
Bang Info lengkap Punti Kayu dong nih,ask_destination_info
Can you tell me What's the location of Ampera Bridge??,ask_location_access
Can u tell me What's the location of Ampera Bridge??,ask_location_access
Permisi Masjid Cheng Ho ada spot foto gak? deh,ask_facilities
Eh Famous places in Palembang? deh,ask_recommendation
Eh Famous placs in Palembng? deh,ask_recommendation
Maaf mau tanya Rekomendasi wisata untuk liburan singkat deh,ask_recommendation
Permisi Pagi kak sih,greet
Permisi Hai kak masih aktif? deh,greet
Any hidden gems to visit? sih,ask_hidden_gems
Kak Enaknya kemana ya di Palembang? sih,ask_recommendation
Mau nanya dong Benteng Kuto Besak buka jam berapa? dong kak,ask_operating_hours
Mau nanya dong Monas buka jam brapa? dong kak,ask_operating_hours
Mau nanya dong PIM ada tempat parkir? deh,ask_facilities
Mau nanya dong PM da tempt prkir? deh,ask_facilities
Apa itu AI?,ask_unrelated
Apo itu AI?,ask_unrelated
Min Address of Ampera Bridge?,ask_location_access
Min Address of Monas Bridge?,ask_location_access
Permisi Jelas banget penjelasannya deh,provide_feedback
Permsi Jelas banget penjlsannya deh,provide_feedback
Bang Food tourism in Palembang? ya kak,ask_category
Bang Fod tourism in Palembng? yo kak,ask_category
Maaf mau tanya Kamu siapa? nih,ask_unrelated
Maaf mau tnya Kau sipa? nih,ask_unrelated
Min Facilities at Benteng Kuto Besak?,ask_facilities
Min Facilities at Pantai Kuta?,ask_facilities
Jembatan Ampera di mana ya,ask_location_access
Jembatan Monas di mana yo,ask_location_access
Mau nanya dong Ada wifi di Jembatan Ampera? deh,ask_facilities
Wisata masjid di Palembang apa aja?,ask_category
Berapa biaya masuk ke PTC?,ask_ticket_price
Brapa biaya masuk k PTC?,ask_ticket_price
Mau nanya dong Museum Balaputra Dewa fasilitasnya apa aja? deh,ask_facilities
Mau nanya dong Pantai Kuta fasilitasnya apo aja? deh,ask_facilities
Mau nanya dong Palembang punya museum apa? ya,ask_category
Mau nanya dong Palembang punya museum apo? ya,ask_category
What to see in Palembang?,ask_recommendation
ada wifi di jembatan ampera?,ask_facilities
ada wifi di Gunung Bromo?,ask_facilities
Dari pusat kota ke Al Quran Al Akbar berapa lama?,ask_location_access
Dari pusat kota ke Al Quran Al Akbar berapo lama?,ask_location_access
Maaf mau tanya Info jam buka SMB II dong nih,ask_operating_hours
Maaf mau tanya Info jm buka SMB I dong nih,ask_operating_hours
Halo Min tolong saran wisata dong dong kak,ask_recommendation
Halo Min tolong saran wisat dong dong kak,ask_recommendation
Dari mana ke Hutan Wisata Punti Kayu?,ask_location_access
Dari mana ke Hutan Wisata Malioboro?,ask_location_access
Oke kak sampai jumpa,goodbye
Min Taxi online di Palembang? ya,ask_unrelated
Min Taxi online di Plembang? yo,ask_unrelated
Bagaimana cara ke OPI Mall?,ask_location_access
Gimana cara k OPI Mall?,ask_location_access
Permisi Info jam buka SMB II dong sih,ask_operating_hours
Permisi Destinasi yang dekat stasiun LRT? deh,ask_lrt_destinations
What does it cost to visit Kambang Iwak Park?,ask_ticket_price
Permisi Alternative tourist spots in Palembang? sih,ask_hidden_gems
Permisi Alternative torist spots in Palembang? sih,ask_hidden_gems
Destinasi favorit di Palembang?,ask_recommendation
Destinasi favorit di Palembng?,ask_recommendation
Eh Kamu siapa? sih,ask_unrelated
Bye bye,goodbye
Maaf mau tanya Museum Balaputra Dewa fasilitasnya apa aja? ya kak,ask_facilities
Maaf mau tanya Ancol fasilitasnya apo aja? yo kak,ask_facilities
Bang Food tourism in Palembang? dong kak,ask_category
Cukup dulu ya,goodbye
Cukup dulu yo,goodbye
Bang Taxi online di Palembang? dong kak,ask_unrelated
Eh What time does Kampung Kapitan close? dong kak,ask_operating_hours
info lengkap punti kayu dong,ask_destination_info
Maaf mau tanya Wisata tersembunyi di Palembang? dong kak,ask_hidden_gems
Bang Museum Sultan Mahmud Badaruddin II lokasinya dimana? deh,ask_location_access
Bang Museum Sultan Mahmud Badaruddin I lkasinya dmana? dh,ask_location_access
Halo BKB itu tempat apa sih? deh,ask_destination_info
Halo Taman Safari itu tempat apo sih? deh,ask_destination_info
Where can I find nature tourism in Palembang?,ask_category
Permisi BKB itu tempat apa sih? dong kak,ask_destination_info
Permisi Candi Borobudur itu tempat apo sih? dong kak,ask_destination_info
Berapa harga tiket masuk Taman Kebon Rojo?,ask_ticket_price
Berapo harga tiket masuk Taman Kebon Rojo?,ask_ticket_price
Maaf mau tanya Kampung Arab Al-Munawar ada di daerah mana? dong,ask_location_access
Maaf mau tanya Kampung Arab l-Munawr ada di daerah mana? dong,ask_location_access
Does Al-Munawar Arab Village have parking?,ask_facilities
Bang Cara daftar CPNS gimana? dong kak,ask_unrelated
Kak Destinasi wisata sejarah Palembang? deh,ask_category
Are there toilets at Ampera Bridge?,ask_facilities
R there toilets t Ancol Bridge?,ask_facilities
Maaf mau tanya Excellent information dong kak,provide_feedback
pim ada tempat parkir?,ask_facilities
Permisi Museum Sultan Mahmud Badaruddin II lokasinya dimana? dong kak,ask_location_access
Permisi Museum Sultan Mahmud Badaruddin II lokasinya dimano? dong kak,ask_location_access
Eh Wisata tersembunyi di Palembang? nih,ask_hidden_gems
Bang Bye kak dong kak,goodbye
Kak Resep nasi goreng dong sih,ask_unrelated
Cara menuju Ampera gimana?,ask_location_access
Cara menuju Danau Toba gimana?,ask_location_access
Best destinations in Palembang? dong,ask_recommendation
Suka sama jawabannya sih,provide_feedback
Cuaca hari ini gimana?,ask_unrelated
Mau nanya dong Hidden gems in Palembang? deh,ask_hidden_gems
Halo Kamu siapa? deh,ask_unrelated
Hal Kam siapa? deh,ask_unrelated
Maaf mau tanya Address of Ampera Bridge? dong kak,ask_location_access
Maaf mau tany Address f Pantai Kta Bridge? dong kak,ask_location_access
Maaf mau tanya Jam operasionalnya?,ask_operating_hours
Hey How much is the ticket to Kampung Kapitan??,ask_ticket_price
Enaknya kemana ya di Palembang? dong kak,ask_recommendation
Hidden gems di Palembang apa?,ask_hidden_gems
Hidden gems di Palembang apo?,ask_hidden_gems
Kak Hlo deh,greet
Hari ini buka?,ask_operating_hours
Why is Sultan Mahmud Badaruddin II Museum famous?,ask_destination_info
Why is Sultan Mahmud Bdruddin II Museum famus?,ask_destination_info
Min Destinasi yang dekat stasiun LRT? dong,ask_lrt_destinations
Maaf mau tanya Wisata Palembang yang aesthetic tapi sepi? sih,ask_hidden_gems
Maaf mau tanya Wisata Palembang yang aesthetic tp sepi? sih,ask_hidden_gems
Parkiran Fantasy Island luas gak?,ask_facilities
Parkiran Fntasy Island las gak?,ask_facilities
Maaf mau tanya Info lengkap Punti Kayu dong,ask_destination_info
Bagaimana cara ke Jakabaring Sport City?,ask_location_access
Ckmano cara ka Jakbaring Sprt City?,ask_location_access
Dimana lokasi BKB?,ask_location_access
Dimano lokasi BKB?,ask_location_access
Mau nanya dong Hlo dong,greet
Min Excellent information sih,provide_feedback
Halo Apakah Jakabaring gratis? deh,ask_ticket_price
Hl Apkah Jakabring gratis? dh,ask_ticket_price
Any hidden gems to visit? dong,ask_hidden_gems
Any hidden gems to visit? dng,ask_hidden_gems
Hlo dong,greet
Eh Apakah Jakabaring gratis?,ask_ticket_price
Permisi Info jam buka SMB II dong dong,ask_operating_hours
Min Hlo ya kak,greet
Min Hlo yo kak,greet
Al-Munawar itu apa?,ask_destination_info
Apa arti cinta?,ask_unrelated
Halo Palembang punya museum apa? dong,ask_category
Hl Plembang punya museum apo? dong,ask_category
Kak Numpang tanya dong nih,greet
"Halo That's enough, thank you",goodbye
"Hlo That's enogh, thank u",goodbye
Min Wisata Palembang yang aesthetic tapi sepi? sih,ask_hidden_gems
Min Wisata Palembang yang aesthetic tp sepi? sih,ask_hidden_gems
Is there an entry fee for Kambang Iwak Park?,ask_ticket_price
Is there an entry fee for Universal Studio Park?,ask_ticket_price
Bang Famous places in Palembang?,ask_recommendation
Bng Famous places in Palembng?,ask_recommendation
Bukit Siguntang itu apa?,ask_destination_info
Bukit Siguntang itu apo?,ask_destination_info
Min Kak ada museum gak di Palembang? dong kak,ask_category
Information about Jakabaring Sport City,ask_destination_info
Palembang punya taman apa?,ask_category
Palembang pnya taman apa?,ask_category
Cara daftar CPNS gimana,ask_unrelated
Informatif banget,provide_feedback
Informtif banget,provide_feedback
Update harga tiket Kambang Iwak dong,ask_ticket_price
Updat hargo tikt Kambng Iwak dng,ask_ticket_price
Halo Enaknya kemana ya di Palembang? ya,ask_recommendation
Halo Enaknya kemana yo di Palembang? ya,ask_recommendation
Permisi Wisata Palembang yang aesthetic tapi sepi? deh,ask_hidden_gems
Halo Kampung Arab Al-Munawar ada di daerah mana? deh,ask_location_access
Halo Destinasi yang dekat stasiun LRT? dong,ask_lrt_destinations
Kak Address of Ampera Bridge? sih,ask_location_access
Kak Addrss of Pantai Kta Bridge? sih,ask_location_access
hlo,greet
"Bang That's enough, thank you dong kak",goodbye
"Bang That's enough, thank u dong kak",goodbye
What's the location of Benteng Kuto Besak?,ask_location_access
What's the location of Gunung Bromo?,ask_location_access
Kak Min kasih tau hidden gems Palembang dong,ask_hidden_gems
Kak Mn kasih tau hidden gems Palembang dong,ask_hidden_gems
Min Mau ke tempat bersejarah di Palembang nih,ask_category
Min Mau ke tempat bersejarah di Plembang nih,ask_category
Halo Bisa naik LRT ke BKB? nih,ask_lrt_destinations
Halo Pcak naik LRT k BKB? nih,ask_lrt_destinations
Mau nanya dong Lesser known attractions in Palembang? dong kak,ask_hidden_gems
Oke cukup kak makasih banyak nih,goodbye
Can you tell me What should I visit in Palembang?,ask_recommendation
Can u tell me What should I visit in Palembang?,ask_recommendation
Kak Min tolong saran wisata dong dong kak,ask_recommendation
Food tourism in Palembang? nih,ask_category
Kapan Taman Kambang Iwak Besak buka?,ask_operating_hours
Kapan Taman Universal Studi Bsak buka?,ask_operating_hours
Bang Jembatan Ampera di mana ya? ya,ask_location_access
Bang Jembatan Candi Borobdr di mana yo? y,ask_location_access
Maaf mau tanya Numpang tanya dong ya kak,greet
Maaf mau tanya Numpang tanya dong yo kak,greet
Maaf mau tanya Any hidden gems to visit? nih,ask_hidden_gems
Maaf mau tanya Address of Ampera Bridge? nih,ask_location_access
Maaf mau tanya Address of Danau Toba Bridge? nih,ask_location_access
Good afternoon,greet
Maaf mau tanya Destinasi wisata sejarah Palembang?,ask_category
Maf mau tanya Destinasi wisata sejarah Palembng?,ask_category
Kalo hari Sabtu Palembang Icon buka?,ask_operating_hours
Kalo hari Sabt Palmbang Icon buka?,ask_operating_hours
Museum Sultan Mahmud Badaruddin II lokasinya dimana,ask_location_access
Museum Sultan Mahmud Badaruddin II lokasinya dimano,ask_location_access
Kak fasilitas SMB apa aja ya?,ask_facilities
Kak fasiltas SMB apo aj yo?,ask_facilities
Mau nanya dong Famous places in Palembang?,ask_recommendation
Hlo ya,greet
Hlo yo,greet
Information about Monpera,ask_destination_info
Information but Central Park,ask_destination_info
Eh Jelas banget penjelasannya ya kak,provide_feedback
Kak fasilitas Benteng Kuto Besak apa aja ya?,ask_facilities
Kak fasilitas Benteng Kuto Besak apa aja yo?,ask_facilities
Bang Help me please dong kak,greet
Permisi Tolong kasih tau wisata dekat LRT nih,ask_lrt_destinations
Permisi Tolng kasih tau wisata dekat LRT nh,ask_lrt_destinations
Min Recipe for chocolate cake? nih,ask_unrelated
Permisi Any hidden gems to visit? dong kak,ask_hidden_gems
Min Cara daftar CPNS gimana? ya,ask_unrelated
Bang Destinasi yang dekat stasiun LRT? dong kak,ask_lrt_destinations
Rekomendasi wisata yang dekat stasiun LRT,ask_lrt_destinations
Rekomendasi wisata yng dekat stasiun LRT,ask_lrt_destinations
Maaf mau tanya Numpang tanya dong dong,greet
Maaf m tany Numpang tany dong dong,greet
Hey What's the location of Ampera Bridge? please,ask_location_access
Hey What's the location of Amper Bridge? pleas,ask_location_access
Halo Deskripsi Bukit Siguntang ya,ask_destination_info
Hal Dskripsi Tanh Lt yo,ask_destination_info
Thanks for your help,goodbye
Bang Rekomendasi wisata untuk liburan singkat deh,ask_recommendation
Min tolong saran wisata dong ya,ask_recommendation
Min tolong saran wisata dong yo,ask_recommendation
Kira-kira harga tiket Al Quran Al Akbar berapa?,ask_ticket_price
Kira-kira harga tiket Gunung Bromo berapo?,ask_ticket_price
"Hi, What facilities are available at Jakabaring Sport City? thanks",ask_facilities
"Hi, What faclities r available at Jakabaring Sport City? thnks",ask_facilities
Bang Rekomendasi wisata yang dekat stasiun LRT ya kak,ask_lrt_destinations
Apakah Jembatan Ampera buka hari Minggu?,ask_operating_hours
Apakah Jembatan Gunung Bromo buka hari Minggu?,ask_operating_hours
Min Address of Ampera Bridge? ya kak,ask_location_access
Min Address of Monas Bridge? yo kak,ask_location_access
Eh Wisata apa yang recommended di Palembang?,ask_recommendation
Eh Wisata apo yang recommended di Palembang?,ask_recommendation
Haai,greet
Halo Kamu siapa? dong kak,ask_unrelated
Hal Kamu sapa? dong kk,ask_unrelated
Min Info jam buka SMB II dong ya kak,ask_operating_hours
Min Info jm buka SMB I dong yo kak,ask_operating_hours
Permisi Thank you very much deh,goodbye
Permisi Thank u vry much deh,goodbye
Eh Palembang punya museum apa?,ask_category
Masjid Agung Palembang buka sampai malam gak?,ask_operating_hours
Danau Toba Palembang buka sampai malam gak?,ask_operating_hours
Mau nanya dong Rekomendasi wisata yang dekat stasiun LRT sih,ask_lrt_destinations
Halo Info lengkap Punti Kayu dong deh,ask_destination_info
Hal Info lengkap Pnt Kyu dong dh,ask_destination_info
Bang Famous places in Palembang? ya,ask_recommendation
Greetings,greet
Permisi Destinasi yang LRT accessible? dong,ask_lrt_destinations
Min Apakah Ampera dekat stasiun LRT? nih,ask_lrt_destinations
Min Apakah Pantai Kuta dekat stasiun LRT? nih,ask_lrt_destinations
Eh BKB itu tempat apa sih? ya kak,ask_destination_info
Siapa penemu lampu?,ask_unrelated
Siapa penmu lampu?,ask_unrelated
"Hi, Exactly what I needed please",provide_feedback
"Hi, Exactly what I needed plese",provide_feedback
Bang Cara main saham? ya kak,ask_unrelated
Kak Numpang tanya dong dong,greet
What is Ampera Bridge?,ask_destination_info
whats Pantai Kuta Bridge?,ask_destination_info
Mau nanya dong Rekomendasi wisata Palembang dong ya,ask_recommendation
Bang Wisata tersembunyi di Palembang?,ask_hidden_gems
Kak Enaknya kemana ya di Palembang? ya kak,ask_recommendation
Kak Enaknya kemana yo di Palembang? ya kak,ask_recommendation
Mau nanya dong Cara main saham? deh,ask_unrelated
Jakabaring Sport City mulai buka jam berapa?,ask_operating_hours
Jakabaring Sport City mulai buka jam brapa?,ask_operating_hours
Permisi Permisi kak ya kak,greet
Permisi Permis kak yo kak,greet
Terima kasih infonya?,goodbye
Arah ke Punti Kayu gimana?,ask_location_access
Arah ka Punti Kayu gimana?,ask_location_access
Hari ini Taman Kebon Rojo buka gak ya?,ask_operating_hours
Hari ini Taman Kbon Rojo buka gak yo?,ask_operating_hours
Eh Jam operasionalnya? ya,ask_operating_hours
Eh Jam operasionalnya? yo,ask_operating_hours
Eh Cara daftar CPNS gimana? sih,ask_unrelated
Eh Makasih,goodbye
Halo Museum Balaputra Dewa fasilitasnya apa aja?,ask_facilities
"Mau naik LRT, wisata apa yang dekat?",ask_lrt_destinations
"Mau nak LRT, wista apa yang dekat?",ask_lrt_destinations
Kak Wisata apa yang recommended di Palembang? deh,ask_recommendation
Bang Food tourism in Palembang? nih,ask_category
Bang Food tursm in Palembang? nih,ask_category
Eh Destinasi yang dekat stasiun LRT? ya kak,ask_lrt_destinations
Eh Destnasi yang dekat stasiun LRT? yo kak,ask_lrt_destinations
Kak Thank you sih,goodbye
Kak Thank ya sih,goodbye
Mantap,provide_feedback
Permisi Mau tanya dong kak harga tiket Benteng Kuto Besak ya,ask_ticket_price
Prmisi Mau tanya dong kak hargo tiket Benteng Kuto Besak yo,ask_ticket_price
Mau nanya dong Cara daftar CPNS gimana? dong,ask_unrelated
Min Help me please ya,greet
Min Help me please yo,greet
Makasih ya,goodbye
Makasih yo,goodbye
Bagaimana cara diet?,ask_unrelated
Gimana cara diet?,ask_unrelated
Hai saya wisatawan,greet
Eh Wisata apa yang recommended di Palembang? dong kak,ask_recommendation
Eh Wisata apo yang recmmnded di Palembang? dng kk,ask_recommendation
Bang Facilities at Benteng Kuto Besak? dong kak,ask_facilities
Bang Facilities at Universal Studio? dong kak,ask_facilities
Halo Taxi online di Palembang? deh,ask_unrelated
Bang Info wisata budaya Palembang dong sih,ask_category
Bang Info wista buday Palembang dong sih,ask_category
Bang Min kasih tau hidden gems Palembang nih,ask_hidden_gems
Bang Min kasih tau hidden gems Palembng nih,ask_hidden_gems
"That's enough, thank you ya",goodbye
"That's enogh, thank ya yo",goodbye
Aplikasinya keren,provide_feedback
Bang Kak ada museum gak di Palembang? ya kak,ask_category
Bang Kak ada museum gak di Palembang? yo kak,ask_category
Why is Jakabaring Sport City famous?,ask_destination_info
Penjelasannya bagus kak,provide_feedback
Penjelasannya mantap kak,provide_feedback
Maaf mau tanya Jam operasionalnya? deh,ask_operating_hours
Bang Hlo nih,greet
"Mau nanya dong That's enough, thank you deh",goodbye
"Mau nanya dong That's enough, thank u deh",goodbye
Mau nanya dong Thank you very much dong,goodbye
Mau nanya dong Thank u very much dong,goodbye
Any hidden gems to visit? nih,ask_hidden_gems
Min Kampung Arab Al-Munawar ada di daerah mana? dong kak,ask_location_access
Min Kampung Arab Al-Munawar da di daerah mana? dong kk,ask_location_access
Bang Best destinations in Palembang? dong,ask_recommendation
Permisi Palembang punya museum apa?,ask_category
Permisi Palmbng punya museum ap?,ask_category
Exactly what I needed thanks,provide_feedback
Permisi Oke cukup kak makasih banyak sih,goodbye
Dari mana ke Jembatan Ampera?,ask_location_access
Dari mana ke Jmbatan Ancol?,ask_location_access
Min Tess dong,greet
I want to know Do I need to pay to enter Monpera? please,ask_ticket_price
I wanna know Do I need to pay to enter Monpera? please,ask_ticket_price
Min Naik apa ke Pasar 16 Ilir? dong kak,ask_location_access
Halo Cara main saham? ya kak,ask_unrelated
Hlo Cara main saham? ya kak,ask_unrelated
Fasilitas pendukung Kawah Tengkurep?,ask_facilities
Kapan Pulau Kemaro buka?,ask_operating_hours
Kapan Central Park buka?,ask_operating_hours
Kak Naik apa ke Pasar 16 Ilir? dong kak,ask_location_access
Kak Naik apo k Pasar 16 lir? dong kak,ask_location_access
Kak KI itu apa? dong,ask_destination_info
Kak KI itu apo? dong,ask_destination_info
Is there WiFi at Sultan Mahmud Badaruddin II Museum?,ask_facilities
permisi kak,greet
prmisi kak,greet
Does Jakabaring Sport City have a mosque? thanks,ask_facilities
Help me please?,greet
Eh Jembatan Ampera di mana ya?,ask_location_access
Eh Jembatan Gunung Bromo di mana y?,ask_location_access
Kak Excellent information dong kak,provide_feedback
Jelaskan tentang Kampung Kapitan,ask_destination_info
Jelaskan tentang Monas,ask_destination_info
Eh Wisata Palembang yang aesthetic tapi sepi? ya,ask_hidden_gems
Eh Wisata Palembang yang aesthetic tp sepi? ya,ask_hidden_gems
"Excuse me, Do I need to pay to enter Monpera?",ask_ticket_price
Apa obat sakit kepala?,ask_unrelated
Apo obat sakit kepala?,ask_unrelated
Eh Cara main saham? dong kak,ask_unrelated
h Car main sahm? dong kk,ask_unrelated
Kak Ada wifi di Jembatan Ampera? ya kak,ask_facilities
Kak Ada wifi di Jembatan Taman Safari? ya kak,ask_facilities
Good answer,provide_feedback
Eh Thank you very much sih,goodbye
Eh Thank ya very much sih,goodbye
Bang Info lengkap Punti Kayu dong deh,ask_destination_info
Bang Inf lngkap Pnt Kayu dong deh,ask_destination_info
Kamu pintar ya,ask_unrelated
Ka pntar yo,ask_unrelated
Permisi Facilities at Benteng Kuto Besak? ya kak,ask_facilities
Permsi Facilities at Candi Borobudur? ya kak,ask_facilities
Halo Benteng Kuto Besak buka jam berapa? nih,ask_operating_hours
Mau tanya dong kak harga tiket Pulau Kemaro,ask_ticket_price
Mau tanya dong kak hargo tiket Monas,ask_ticket_price
Eh Min kasih tau hidden gems Palembang,ask_hidden_gems
Thanks a lot,goodbye
Thnks a lot,goodbye
Halo Jam operasionalnya?,ask_operating_hours
Halo Jam perasionlnya?,ask_operating_hours
Bang Bye kak sih,goodbye
Bang Wonderful sih,provide_feedback
Maaf mau tanya Info lengkap Punti Kayu dong dong kak,ask_destination_info
Maaf mau tanya Info lengkap Universal Studio dong dong kak,ask_destination_info
Mau nanya dong Chatbot nya bagus dong kak,provide_feedback
Mau nanya dong Chatbot nya keren dong kak,provide_feedback
Info wisata budaya Palembang dong deh,ask_category
Eh Oke cukup kak makasih banyak dong,goodbye
Eh ke cukup kak makasih banyak dong,goodbye
Halo Tolong kasih tau wisata dekat LRT,ask_lrt_destinations
Mau nanya dong Museum Sultan Mahmud Badaruddin II lokasinya dimana? sih,ask_location_access
Mau nanya dong Museum Sultan Mhmd Badaruddin I lokasinya dimana? sh,ask_location_access
Jelas banget penjelasannya ya,provide_feedback
Tell me about Al-Munawar Arab Village,ask_destination_info
Bang Enaknya kemana ya di Palembang? dong kak,ask_recommendation
Bng Enaknya kmana yo di Palembang? dong kak,ask_recommendation
Eh Permisi kak sih,greet
h Prmsi kak sih,greet
Is Sultan Mahmud Badaruddin II Museum open today?,ask_operating_hours
Mau nanya dong Jelas banget penjelasannya deh,provide_feedback
"Eh That's enough, thank you nih",goodbye
"Eh That's enough, thank ya nih",goodbye
Wisata paling bagus di Palembang?,ask_recommendation
Wisata paling mantap di Palembang?,ask_recommendation
Kak Rekomendasi hidden gems dong kak dong,ask_hidden_gems
Kak Rekomends hidden gems dng kak dong,ask_hidden_gems
Maaf mau tanya Apakah Jakabaring gratis?,ask_ticket_price
Eh Wisata Palembang yang aesthetic tapi sepi? ya kak,ask_hidden_gems
HTM Kemaro berapa?,ask_ticket_price
HTM Kemaro berapo?,ask_ticket_price
I want to know What facilities are available at Jakabaring Sport City??,ask_facilities
I wanna know What facilities r available at Jakabaring Sport City??,ask_facilities
Kak wisata yang bisa naik LRT apa aja?,ask_lrt_destinations
Kak wisata yang bisa naik LRT apo aja?,ask_lrt_destinations
Min KI itu apa? ya kak,ask_destination_info
Ada fasilitas apa di Al-Munawar?,ask_facilities
Halo Hidden gems in Palembang? ya,ask_hidden_gems
Halo Hidden gems in Palembang? yo,ask_hidden_gems
Kak Jam operasionalnya? nih,ask_operating_hours
Kak Jam oprasionalnya? nih,ask_operating_hours
Halo Lesser known attractions in Palembang? dong,ask_hidden_gems
Kak Cara daftar CPNS gimana? sih,ask_unrelated
Permisi Ada wifi di Jembatan Ampera? dong kak,ask_facilities
Permisi Ada wifi di Jembatan Central Park? dong kak,ask_facilities
Bang Rekomendasi wisata yang dekat stasiun LRT,ask_lrt_destinations
Bang Rekomends wista yang dekat stasin LRT,ask_lrt_destinations
nature tourism places in Palembang?,ask_category
Permisi Museum Sultan Mahmud Badaruddin II lokasinya dimana? dong,ask_location_access
Permisi Museum Sultan Mahmud Badaruddin II lokasinya dmana? dong,ask_location_access
I want to know How much is the ticket to Kampung Kapitan??,ask_ticket_price
I wanna know How much is the ticket to Kampung Kapitan??,ask_ticket_price
Min Recipe for chocolate cake? ya kak,ask_unrelated
Kasih pantun dong,ask_unrelated
Amanzi bagus gak?,ask_destination_info
Min Any hidden gems to visit? dong,ask_hidden_gems
Min ny hidden gems t vsit? dng,ask_hidden_gems
Rekomendasi hidden gems dong kak ya,ask_hidden_gems
Rkomendasi hidden gems dng kk y,ask_hidden_gems
Mau ke Al Quran Al Akbar lewat mana?,ask_location_access
Mau k Monas lewat mn?,ask_location_access
Weekday Kampung Kapitan buka jam berapa?,ask_operating_hours
Weekdy Gunung Brmo buka jam berpa?,ask_operating_hours
Min Destinasi yang LRT accessible? ya kak,ask_lrt_destinations
Min Destinasi yang LRT accessible? yo kak,ask_lrt_destinations
When does Punti Kayu Forest close?,ask_operating_hours
Whn does Central Park Forst close?,ask_operating_hours
Halo Cara daftar CPNS gimana? ya,ask_unrelated
Kak Any hidden gems to visit? sih,ask_hidden_gems
Mau nanya dong Destinasi wisata sejarah Palembang? ya kak,ask_category
Mau nanya dong Destinasi wisata sejarah Palembang? yo kak,ask_category
Unique places to visit in Palembang?,ask_hidden_gems
Permisi Jam operasionalnya? deh,ask_operating_hours
Bang Wisata apa yang recommended di Palembang? nih,ask_recommendation
Bang Wisata apo yang recommended di Palembang? nih,ask_recommendation
Eh Ada wifi di Jembatan Ampera? ya,ask_facilities
Eh Ada wifi di Candi Borobudur? yo,ask_facilities
Siguntang hari libur buka gak?,ask_operating_hours
Palembang punya museum apa? ya,ask_category
Mau ke tempat bersejarah di Palembang,ask_category
Mau k tempat bersejarah di Palembang,ask_category
what's the location of ampera bridge?,ask_location_access
what's the location of Mlioboro bridge?,ask_location_access
Masjid Cheng Ho ada spot foto gak? sih,ask_facilities
Hlo ya kak,greet
Hlo yo kak,greet
Kak Ada wifi di Jembatan Ampera? dong kak,ask_facilities
Kak Ada wifi di Jembatn Cand Brobudur? dong kak,ask_facilities
"Excuse me, What parks are in Palembang?",ask_category
"Excuse me, What parks r in Palembang?",ask_category
Mau ke Kampung Kapitan bayar berapa?,ask_ticket_price
Mau ka Menara Eiffel bayar berapo?,ask_ticket_price
Cara daftar kuliah?,ask_unrelated
Rekomendasi hidden gems dong kak dong kak,ask_hidden_gems
Rekomendasi wisata Palembang dong ya,ask_recommendation
Mau nanya dong Lesser known attractions in Palembang?,ask_hidden_gems
Mu nanya dong Lesser knwn attractions n Palembang?,ask_hidden_gems
Rekomendasi taman Palembang,ask_category
Rekomendasi tamn Palembng,ask_category
Oke kak noted,provide_feedback
How much is the ticket to Ampera Bridge?,ask_ticket_price
How much is the ticket to Danau Toba Bridge?,ask_ticket_price
Harga tiket Palembang Square berapa ya?,ask_ticket_price
Hargo tiket Palembang Square berapo ya?,ask_ticket_price
Price to enter Punti Kayu Forest?,ask_ticket_price
Price to enter Raja Ampat Forest?,ask_ticket_price
Punti Kayu ada kantin gak?,ask_facilities
Bang Apakah Ampera dekat stasiun LRT? ya,ask_lrt_destinations
Bang Apakah Ampera dekat stasiun LRT? yo,ask_lrt_destinations
"Kak That's enough, thank you ya",goodbye
"Kak That's enough, thank ya ya",goodbye
Min Rekomendasi wisata Palembang dong ya,ask_recommendation
Min Rekomendas wista Palmbang dong yo,ask_recommendation
Min Lesser known attractions in Palembang? ya,ask_hidden_gems
Min Lesser knwn attractions in Palembang? yo,ask_hidden_gems
Min That's helpful ya kak,provide_feedback
Permisi Kampung Arab Al-Munawar ada di daerah mana?,ask_location_access
Prmisi Kampung Arab Al-Munawar ada di darah mana?,ask_location_access
Permisi Cara main saham? deh,ask_unrelated
Bang Hlo ya,greet
LRT accessible tourist spots in Palembang?,ask_lrt_destinations
That's helpful deh,provide_feedback
Maaf mau tanya Mau ke tempat bersejarah di Palembang ya,ask_category
Maaf mau tanya Mau k tempat bersejarah di Palembang ya,ask_category
Informasinya membantu,provide_feedback
Informasinya membant,provide_feedback
Eh Destinasi yang LRT accessible? ya,ask_lrt_destinations
Eh Destinasi yang LRT accessible? yo,ask_lrt_destinations
Maaf mau tanya Lesser known attractions in Palembang? deh,ask_hidden_gems
Mau nanya dong KI itu apa? ya,ask_destination_info
Mau nanya dong KI itu apo? ya,ask_destination_info
Maaf mau tanya Oke cukup kak makasih banyak deh,goodbye
Maaf mau tanya Any hidden gems to visit? ya kak,ask_hidden_gems
Maaf mau tanya Chatbot nya bagus,provide_feedback
Maaf mau tanya Info jam buka SMB II dong deh,ask_operating_hours
Maaf mu tanya Info jam bk SMB I dong deh,ask_operating_hours
Oke deh kak sampai jumpa,goodbye
Berapa ya tiket Kambang Iwak?,ask_ticket_price
Berapa y tikt Central Park?,ask_ticket_price
"Mau nanya dong That's enough, thank you sih",goodbye
"Mau nanya dong That's enough, thank  sih",goodbye
Is Kambang Iwak Park open today?,ask_operating_hours
Is Central Park Park open today?,ask_operating_hours
"Hi, How much is the ticket to Kampung Kapitan? thanks",ask_ticket_price
"Hi, How much is the ticket to Maloboro? thanks",ask_ticket_price
Bang Details about Kambang Iwak Park? dong kak,ask_destination_info
Min Lesser known attractions in Palembang?,ask_hidden_gems
Kampung Arab Al-Munawar ada di daerah mana? ya kak,ask_location_access
Kampung Arb Al-Munawar ada di derah man? yo kk,ask_location_access
Min Mau tanya dong kak harga tiket Benteng Kuto Besak nih,ask_ticket_price
Min Mau tanya dong kak hargo tiket Benteng Kuto Besak nih,ask_ticket_price
Berapa biaya masuk ke Amanzi Waterpark?,ask_ticket_price
Berp biaya masuk ke Amanzi Waterpark?,ask_ticket_price
Posisi Masjid Agung Palembang dimana ya?,ask_location_access
Posisi Dana Toba Plmbang dimna yo?,ask_location_access
Please What's the location of Ampera Bridge? please,ask_location_access
Please What's the location of Ancol Bridge? please,ask_location_access
Kak Help me please dong,greet
Bang Kamu siapa? ya,ask_unrelated
Bang Kau siapa? ya,ask_unrelated
Eh KI itu apa?,ask_destination_info
Eh K itu apo?,ask_destination_info
Halo Museum Balaputra Dewa fasilitasnya apa aja? ya,ask_facilities
Halo Museum Blaputra Dew fasilitasny ap aja? y,ask_facilities
Maaf mau tanya Rekomendasi wisata untuk liburan singkat ya,ask_recommendation
Maaf mau tanya Rekomendasi wisata untuk liburan singkat yo,ask_recommendation
Eh Enaknya kemana ya di Palembang? dong kak,ask_recommendation
Eh Oke makasih kak sangat membantu ya,goodbye
Eh Oke makasih kak skali membant ya,goodbye
Apakah Ampera dekat stasiun LRT?,ask_lrt_destinations
Rumus pythagoras?,ask_unrelated
Kak ada masjid gak di Palembang?,ask_category
Maaf mau tanya Mau ke tempat bersejarah di Palembang dong,ask_category
Maaf mau tanya Mau ka tempat bersejarah di Palembang dong,ask_category
Oke mantul,provide_feedback
Kak Info wisata budaya Palembang dong,ask_category
Halo Rekomendasi wisata untuk liburan singkat sih,ask_recommendation
Maaf mau tanya Bye kak deh,goodbye
Permisi Wisata Palembang yang aesthetic tapi sepi? dong kak,ask_hidden_gems
Address of Benteng Kuto Besak?,ask_location_access
Address of Pantai Kuta?,ask_location_access
any hidden gems to visit?,ask_hidden_gems
Halo Enaknya kemana ya di Palembang? deh,ask_recommendation
Halo Enaknya kmana ya di Palembang? deh,ask_recommendation
Does Sultan Mahmud Badaruddin II Museum have a mosque?,ask_facilities
Does Sultan Mahmud Bdaruddin II Museum hve a mosque?,ask_facilities
Tolong kasih tau wisata dekat LRT nih,ask_lrt_destinations
Tolong ksih tau wsata dkat LRT nh,ask_lrt_destinations
Mau ke PTC lewat mana?,ask_location_access
Mau ka PTC lewat mana?,ask_location_access
"Great, thanks",goodbye
Mau nanya dong Info wisata budaya Palembang dong ya,ask_category
Mau nanya dong Info wisata budaya Palembang dng yo,ask_category
LRT friendly tourist destinations,ask_lrt_destinations
Eh Bye kak ya,goodbye
Info fasilitas Kambang Iwak dong,ask_facilities
nfo fasilitas Kambang Iwak dong,ask_facilities
Maaf mau tanya Min tolong saran wisata dong sih,ask_recommendation
Halo Kak ada museum gak di Palembang? nih,ask_category
Halo Kak ada musum gak di Palembang? nih,ask_category
Best destinations in Palembang? sih,ask_recommendation
Kak Kamu siapa? dong kak,ask_unrelated
Kak Kau siapa? dong kak,ask_unrelated
Eh Jembatan Ampera di mana ya? ya kak,ask_location_access
Eh Jembatan Taman Safari di mana yo? yo kak,ask_location_access
I want to know How to move on? please,ask_unrelated
I wanna know How to move on? please,ask_unrelated
Min Thank you very much nih,goodbye
Min Thank ya very much nih,goodbye
Eh Min tolong saran wisata dong ya kak,ask_recommendation
Maaf mau tanya Bisa naik LRT ke BKB? dong kak,ask_lrt_destinations
Maaf mau tanya Bisa naik LRT ka Danau Toba? dong kak,ask_lrt_destinations
OK that's all I needed,goodbye
Address of Punti Kayu Forest?,ask_location_access
Address of Central Park Forest?,ask_location_access
Apakah Jakabaring gratis?,ask_ticket_price
Apkah Jakbaring grats?,ask_ticket_price
Eh Jelas banget penjelasannya ya,provide_feedback
Eh Jelas banget penjelasannya yo,provide_feedback
Kasih rekomendasi wisata dong kak,ask_recommendation
Kasih rekomendasi wisata dong kk,ask_recommendation
Resep pempek palembang,ask_unrelated
Kak Min tolong saran wisata dong,ask_recommendation
Permisi Wonderful ya kak,provide_feedback
Permisi Wonderful yo kak,provide_feedback
I want to know What parks are in Palembang? please,ask_category
 wanna know What parks r in Palmbang? please,ask_category
When is Monpera open?,ask_operating_hours
When is Pantai Kuta open?,ask_operating_hours
Permisi Jam operasionalnya?,ask_operating_hours
Taman Kebon Rojo ada area bermain anak?,ask_facilities
Taman Kbon Rojo ada area berman nak?,ask_facilities
Mau cari masjid di Palembang,ask_category
Eh Tolong kasih tau wisata dekat LRT dong kak,ask_lrt_destinations
Oke makasih kak sangat membantu dong,goodbye
Oke makasih kak nian membantu dong,goodbye
What's the address of Kampung Kapitan?,ask_location_access
Permisi Numpang tanya dong dong kak,greet
Kak Kampung Arab Al-Munawar ada di daerah mana? deh,ask_location_access
Kak Raja Ampat l-Munawar ada di daerah mana? deh,ask_location_access
Enaknya kemana ya di Palembang? deh,ask_recommendation
Enaknya kemana yo di Palembang? deh,ask_recommendation
Min Famous places in Palembang? ya,ask_recommendation
Min Famous places in Palembang? yo,ask_recommendation
Mau nanya dong Any hidden gems to visit? dong,ask_hidden_gems
Eh Permisi kak deh,greet
h Permsi kak deh,greet
Bang Apakah Ampera dekat stasiun LRT? sih,ask_lrt_destinations
Any culinary tourism in Palembang?,ask_category
Halo Kampung Arab Al-Munawar ada di daerah mana? nih,ask_location_access
Halo Taman Safari Al-Munawar ada di daerah mana? nih,ask_location_access
Kak Hidden gems in Palembang? dong,ask_hidden_gems
Mau nanya dong Masjid Cheng Ho ada spot foto gak? dong kak,ask_facilities
Kak fasilitas Museum Sultan Mahmud Badaruddin II apa aja ya?,ask_facilities
Kak fasilitas Museum Sultan Mahmud Badaruddin II apa aja yo?,ask_facilities
Min Jam operasionalnya? sih,ask_operating_hours
Kak Taxi online di Palembang? ya kak,ask_unrelated
Kak Taxi onlin di Palmbang? y kak,ask_unrelated
Museum Sultan Mahmud Badaruddin II lokasinya dimana? nih,ask_location_access
What's the location of Ampera Bridge? please,ask_location_access
Wht's the locatin of Tanah Lot Brdge? please,ask_location_access
What's the entry fee for Kemaro Island?,ask_ticket_price
Min Wisata apa yang recommended di Palembang? deh,ask_recommendation
Permisi Deskripsi Bukit Siguntang dong,ask_destination_info
Halo Deskripsi Bukit Siguntang sih,ask_destination_info
Bang Ada wifi di Jembatan Ampera? ya kak,ask_facilities
Bang Ada wifi di Monas? ya kak,ask_facilities
Kak Ada wifi di Jembatan Ampera? nih,ask_facilities
Kak Ada wifi d Jembatan Ampera? nih,ask_facilities
Halo Info wisata budaya Palembang dong deh,ask_category
Taman Kebon Rojo buka hari apa aja?,ask_operating_hours
Tman Kebon Rojo buka hari apa aja?,ask_operating_hours
Permisi Hlo dong kak,greet
Benteng Kuto Besak berbayar atau gratis?,ask_ticket_price
Cntral Park berbayar atau grats?,ask_ticket_price
Eh Enaknya kemana ya di Palembang? nih,ask_recommendation
Permisi KI itu apa?,ask_destination_info
Permsi KI itu apa?,ask_destination_info
Oke segitu dulu,goodbye
Bang Palembang punya museum apa? nih,ask_category
Bang Palembang puny museum apa? nih,ask_category
Kak Jembatan Ampera di mana ya? sih,ask_location_access
Kak Ancol di mana ya? sih,ask_location_access
"Hello, Exactly what I needed thanks",provide_feedback
Mau nanya dong Suka deh ya kak,provide_feedback
Min Wisata Palembang yang aesthetic tapi sepi? ya kak,ask_hidden_gems
Min Wisata Palembang yang aesthetic tp sepi? ya kak,ask_hidden_gems
Oke cukup kak makasih banyak dong,goodbye
Details about Kambang Iwak Park?,ask_destination_info
Hai kak masih aktif? nih,greet
Hai kak masih aktif? nh,greet
Bang tiket Taman Kebon Rojo berapa?,ask_ticket_price
Bang tiket Taman Kebon Roj brapa?,ask_ticket_price
bkb itu tempat apa sih?,ask_destination_info
bkb itu tempat apo sih?,ask_destination_info
History of Ampera Bridge?,ask_destination_info
Mau minta saran wisata Palembang,ask_recommendation
What's the address of Punti Kayu Forest?,ask_location_access
What's the ddress f Central Park Forst?,ask_location_access
Harga tiket SMB II berapa ya?,ask_ticket_price
Halo Best destinations in Palembang? ya kak,ask_recommendation
Halo Bst destintions n Palembang? yo kak,ask_recommendation
Permisi Rekomendasi wisata yang dekat stasiun LRT dong,ask_lrt_destinations
Kak Wisata Palembang yang aesthetic tapi sepi? ya,ask_hidden_gems
Kak Wisata Palembang yang aesthetic tp sepi? ya,ask_hidden_gems
Tell me a story,ask_unrelated
Permisi Facilities at Benteng Kuto Besak? sih,ask_facilities
Permisi Facilities at Candi Prambanan? sih,ask_facilities
Maaf mau tanya Hlo dong kak,greet
Permisi Suka deh,provide_feedback
Maaf mau tanya Mau ke tempat bersejarah di Palembang dong kak,ask_category
Maaf mau tanya Mau k tempat bersejarah di Palembang dong kak,ask_category
Any hidden gems to visit,ask_hidden_gems
Permisi Tolong kasih tau wisata dekat LRT sih,ask_lrt_destinations
Permisi Bisa naik LRT ke BKB? ya,ask_lrt_destinations
Permisi Bis naik LRT ka Universal Studio? yo,ask_lrt_destinations
What makes Ampera Bridge unique?,ask_destination_info
What makes Ampra Bridge uniq?,ask_destination_info
Info fasilitas Amanzi Waterpark dong,ask_facilities
Maaf mau tanya KI itu apa? dong kak,ask_destination_info
LRT friendly tourist destinations? ya,ask_lrt_destinations
LRT friendly tourist destinations? yo,ask_lrt_destinations
Eh Wisata apa yang recommended di Palembang? ya kak,ask_recommendation
Eh Wisata apo yang recommended di Palembang? ya kak,ask_recommendation
Permisi Oke makasih kak sangat membantu deh,goodbye
Permisi Oke makasih kak banget membnt dh,goodbye
Eh Wonderful,provide_feedback
Permisi Cara daftar CPNS gimana?,ask_unrelated
Prmisi Cara daftar CPNS gimana?,ask_unrelated
Mau nanya dong Enaknya kemana ya di Palembang? ya,ask_recommendation
Mau nanya dong Enaknya kemana ya di Palembang? yo,ask_recommendation
"Thanks, see you next time",goodbye
"Thanks, see ya next time",goodbye
Mau nanya dong Jam operasionalnya?,ask_operating_hours
Mau nanya dong Jm opersionalny?,ask_operating_hours
Got it,provide_feedback
Halo Museum Sultan Mahmud Badaruddin II lokasinya dimana? ya kak,ask_location_access
Halo Museum Sultan Mahmud Badaruddin I lkasinya dmana? ya kak,ask_location_access
Permisi Hai kak masih aktif? dong kak,greet
Bang Hlo,greet
Jelaskan tentang PTC,ask_destination_info
Apa itu Al Quran Al Akbar?,ask_destination_info
Apa itu Menara Eiffel?,ask_destination_info
Is Sultan Mahmud Badaruddin II Museum far from the city center?,ask_location_access
Bang Pagi kak deh,greet
Bng Pagi kak deh,greet
Maaf mau tanya KI itu apa? deh,ask_destination_info
Kak Address of Ampera Bridge? dong,ask_location_access
Kk Address f Amper Bridge? dong,ask_location_access
Bang Hai kak masih aktif? sih,greet
Bang Hai kak masih ktif? sih,greet
Maaf mau tanya LRT friendly tourist destinations? ya kak,ask_lrt_destinations
Mau nanya dong Benteng Kuto Besak buka jam berapa? nih,ask_operating_hours
Mau nanya dong Gunung Bromo buka jam berapo? nih,ask_operating_hours
Halo Wisata tersembunyi di Palembang? dong kak,ask_hidden_gems
Halo Wisata tersembuny di Palembang? dong kak,ask_hidden_gems
Lokasi Museum Balaputra Dewa dimana kak?,ask_location_access
Lokasi Malioboro dimana kak?,ask_location_access
Min Famous places in Palembang? nih,ask_recommendation
Min Famos places in Palembang? nih,ask_recommendation
Maaf mau tanya Ada wifi di Jembatan Ampera? ya,ask_facilities
Maaf mau tanya Ada wifi di Jembatan Monas? ya,ask_facilities
Kenapa Fantasy Island terkenal?,ask_destination_info
Knp Fantasy Island terkenal?,ask_destination_info
Mau nanya dong Numpang tanya dong,greet
Bang Ada wifi di Jembatan Ampera? nih,ask_facilities
Bang Ada wifi di Jembatan Monas? nih,ask_facilities
HTM nya berapa?,ask_ticket_price
HTM nya brapa?,ask_ticket_price
Where is Al-Munawar Arab Village located?,ask_location_access
wheres Al-Munawar Arab Village located?,ask_location_access
"Hello, What should I visit in Palembang?",ask_recommendation
Eh Suka sama jawabannya,provide_feedback
Bisa naik angkot ke Kambang Iwak?,ask_location_access
Pacak naik angkot k Gunung Bromo?,ask_location_access
Eh Rekomendasi wisata Palembang dong deh,ask_recommendation
Maaf mau tanya Famous places in Palembang? nih,ask_recommendation
Halo Enaknya kemana ya di Palembang? dong,ask_recommendation
Halo Enaknya kemana yo di Palembang? dong,ask_recommendation
Maaf mau tanya Tourist spots along LRT route? ya,ask_lrt_destinations
Maaf mau tanya Tourist spots long LRT route? yo,ask_lrt_destinations
Eh That's helpful,provide_feedback
Mau nanya dong Taxi online di Palembang? nih,ask_unrelated
Wisata taman di Palembang apa aja?,ask_category
Bang Facilities at Benteng Kuto Besak? deh,ask_facilities
Bang Bisa naik LRT ke BKB? ya kak,ask_lrt_destinations
Bang Bis naik LRT ka Universal Studio? yo kak,ask_lrt_destinations
Permisi Min kasih tau hidden gems Palembang nih,ask_hidden_gems
Halo Tourist spots along LRT route? dong,ask_lrt_destinations
Halo Cara main saham? sih,ask_unrelated
Halo Cara man saham? sih,ask_unrelated
What is Al-Munawar Arab Village?,ask_destination_info
whats Al-Munawar Arab Village?,ask_destination_info
Min BKB itu tempat apa sih? dong,ask_destination_info
Please What should I visit in Palembang? thanks,ask_recommendation
Eh Lesser known attractions in Palembang? deh,ask_hidden_gems
Berapa harga tiket masuk Masjid Agung Palembang?,ask_ticket_price
Berapo harga tiket masuk Masjid Agung Palembang?,ask_ticket_price
Makasih,goodbye
Makash,goodbye
Best destinations in Palembang? ya,ask_recommendation
Bst destintions in Palembang? yo,ask_recommendation
Bang Min kasih tau hidden gems Palembang deh,ask_hidden_gems
Bang Mn kasih tu hidden gems Palembang deh,ask_hidden_gems
Halo Min kasih tau hidden gems Palembang,ask_hidden_gems
Apakah Benteng Kuto Besak gratis?,ask_ticket_price
Apakah Maliboro grtis?,ask_ticket_price
Kak rekomendasiin dong wisata di Palembang,ask_recommendation
Kambang Iwak gratis gak sih?,ask_ticket_price
Bang Apakah Jakabaring gratis? nih,ask_ticket_price
When does Jakabaring Sport City close?,ask_operating_hours
Mau nanya dong Thank you very much sih,goodbye
Mu nanya dong Thnk u very much sh,goodbye
Eh Oke cukup kak makasih banyak nih,goodbye
Kampung Kapitan buka jam berapa?,ask_operating_hours
Central Park buka jam berapa?,ask_operating_hours
Thank you very much ya,goodbye
Thank u very much ya,goodbye
Maaf mau tanya Wisata Palembang yang aesthetic tapi sepi? dong,ask_hidden_gems
Maaf mau tanya Wisata Palembang yang aesthetic tp sepi? dong,ask_hidden_gems
Mau nanya dong Enaknya kemana ya di Palembang? deh,ask_recommendation
Ma nanya dong Enknya kemana yo di Palembang? deh,ask_recommendation
Kak Alternative tourist spots in Palembang? ya kak,ask_hidden_gems
Kak Alternative tourist spots in Palembang? yo kak,ask_hidden_gems
Bang Food tourism in Palembang? sih,ask_category
Jembatan Ampera di mana ya? sih,ask_location_access
Jembatan Ampera di mana yo? sih,ask_location_access
Mau nanya dong Jembatan Ampera di mana ya? deh,ask_location_access
Ma nany dong Pantai Kut d mna yo? deh,ask_location_access
Bang Hidden gems in Palembang? ya,ask_hidden_gems
Bng Hidden gms in Palembang? y,ask_hidden_gems
Prediksi cuaca besok?,ask_unrelated
I want to know How much is the ticket to Kampung Kapitan? thanks,ask_ticket_price
 wann know How much is th ticket to Kampung Kaptan? thanks,ask_ticket_price
KI itu apa? nih,ask_destination_info
KI itu apo? nih,ask_destination_info
"Mau keliling Palembang naik LRT, kemana aja?",ask_lrt_destinations
Min Terima kasih infonya,goodbye
Mn Terima kasih infnya,goodbye
Permisi Famous places in Palembang? dong kak,ask_recommendation
Permisi Famous plces in Plembang? dong kak,ask_recommendation
KI itu apa,ask_destination_info
KI itu apo,ask_destination_info
Goodbye,goodbye
What's the entrance fee at Kampung Kapitan?,ask_ticket_price
What's the entrance fee at Malioboro?,ask_ticket_price
Maaf mau tanya Hidden gems in Palembang? ya,ask_hidden_gems
Maaf mau tanya Hidden gems in Palembang? yo,ask_hidden_gems
Dari mana ke Taman Kambang Iwak Besak?,ask_location_access
Dar mana k Taman Kambng Iwk Besak?,ask_location_access
Hey Do I need to pay to enter Monpera? please,ask_ticket_price
Hey Do I need to pay to enter Universal Studio? please,ask_ticket_price
Maaf mau tanya Kampung Arab Al-Munawar ada di daerah mana? deh,ask_location_access
Permisi Destinasi wisata sejarah Palembang? dong,ask_category
Posisi BKB dimana ya?,ask_location_access
Possi BKB dmana y?,ask_location_access
Halo Jelas banget penjelasannya dong,provide_feedback
Bukit Siguntang ada spot foto gak?,ask_facilities
"Got it, thanks",goodbye
"Gt it, thnks",goodbye
Halo Deskripsi Bukit Siguntang nih,ask_destination_info
What's available at Grand Mosque of Palembang?,ask_facilities
Bang LRT friendly tourist destinations? sih,ask_lrt_destinations
Eh PIM ada tempat parkir? nih,ask_facilities
Pulau Kemaro buka sampai malam gak?,ask_operating_hours
Pulau Kemar bka sampa malam gak?,ask_operating_hours
Min Makasih nih,goodbye
Maaf mau tanya Chatbot nya bagus ya,provide_feedback
Maaf mau tanya Chatbot nya keren yo,provide_feedback
PIM ada tempat parkir? sih,ask_facilities
Min Oke makasih kak sangat membantu nih,goodbye
Min Oke makasih kak nian membantu nih,goodbye
"Hi, What's the location of Ampera Bridge??",ask_location_access
Bang Taxi online di Palembang? ya,ask_unrelated
Wisata air di Palembang ada?,ask_category
Infonya akurat,provide_feedback
Cerita sejarah SMB dong,ask_destination_info
Min Rekomendasi wisata Palembang dong ya kak,ask_recommendation
Min Rekomendasi wisata Palembang dong yo kak,ask_recommendation
Permisi Cara daftar CPNS gimana? ya kak,ask_unrelated
Permisi Cara daftar CPNS gimana? yo kak,ask_unrelated
Kak Rekomendasi hidden gems dong kak dong kak,ask_hidden_gems
Apa Fantasy Island bayar?,ask_ticket_price
Apo Fantasy Island bayar?,ask_ticket_price
SMB II ada di daerah mana?,ask_location_access
SMB II da di darh mana?,ask_location_access
Permisi Help me please,greet
Bang Masjid Cheng Ho ada spot foto gak? sih,ask_facilities
Bang Terima kasih infonya ya,goodbye
Kamu siapa? nih,ask_unrelated
Ku siapa? nih,ask_unrelated
Please What facilities are available at Jakabaring Sport City??,ask_facilities
Please What faclities r avilable at Jkabaring Sprt City??,ask_facilities
Min Enaknya kemana ya di Palembang? dong kak,ask_recommendation
Mn nakny kemana yo di Palembang? dong kak,ask_recommendation
Mau nanya dong Info wisata budaya Palembang dong deh,ask_category
Bang Masjid Cheng Ho ada spot foto gak? ya,ask_facilities
Maaf mau tanya Rekomendasi wisata yang dekat stasiun LRT ya,ask_lrt_destinations
Min PIM ada tempat parkir?,ask_facilities
Min PIM ada tmpat parkir?,ask_facilities
Eh Rekomendasi wisata yang dekat stasiun LRT dong kak,ask_lrt_destinations
Arah ke PIM gimana?,ask_location_access
Arah k PIM gimana?,ask_location_access
Halo Suka sama jawabannya deh,provide_feedback
Dadah kak,goodbye
Permisi Taxi online di Palembang? nih,ask_unrelated
Ceritain SMB II dong kak,ask_destination_info
Ceritain SMB I dong kak,ask_destination_info
Kak Help me please deh,greet
PIM ada tempat parkir? ya kak,ask_facilities
PIM ada tempat parkir? yo kak,ask_facilities
Mau nanya dong Hlo sih,greet
Mau ke tempat bersejarah di Palembang sih,ask_category
Mau ka tempat bersejarah di Palembang sih,ask_category
Halo Suka sama jawabannya dong kak,provide_feedback
What facilities are available at Sultan Mahmud Badaruddin II Museum?,ask_facilities
What facilits r available at Sultan Mahmd Badaruddin II Museum?,ask_facilities
Kak Pagi kak sih,greet
Bang Address of Ampera Bridge? nih,ask_location_access
Maaf mau tanya Rekomendasi hidden gems dong kak dong kak,ask_hidden_gems
Maaf mau tnya Rekmendasi hidden gems dong kk dong kak,ask_hidden_gems
Bang Rekomendasi wisata untuk liburan singkat nih,ask_recommendation
Sip lanjut kak,provide_feedback
Tolong kasih tau wisata dekat LRT dong kak,ask_lrt_destinations
Eh BKB itu tempat apa sih? sih,ask_destination_info
Eh Universal Studio itu tempat apo sih? sih,ask_destination_info
Apakah SMB II buka 24 jam?,ask_operating_hours
Kak Info wisata budaya Palembang dong deh,ask_category
Ada gak wisata yang bisa ditempuh LRT?,ask_lrt_destinations
da gk wisata yang pacak ditempuh LRT?,ask_lrt_destinations
Ada parkiran?,ask_facilities
Eh Bye kak dong,goodbye
Is Kampung Kapitan free?,ask_ticket_price
Is Monas free?,ask_ticket_price
Bang PIM ada tempat parkir? dong,ask_facilities
Halo Destinasi wisata sejarah Palembang? nih,ask_category
Halo BKB itu tempat apa sih? sih,ask_destination_info
Halo Taman Safari itu tempat apo sih? sih,ask_destination_info
Tanya dong,greet
Eh Terima kasih infonya,goodbye
Eh Trma kasih infony,goodbye
Mau ke Kawah Tengkurep lewat mana?,ask_location_access
Mau ka Kawah Tengkurep lewat mana?,ask_location_access
Jam operasionalnya? nih,ask_operating_hours
Info jam buka Museum Balaputra Dewa dong,ask_operating_hours
Min kasih tau hidden gems Palembang ya kak,ask_hidden_gems
Min kasih tau hidden gems Palembang yo kak,ask_hidden_gems
"Mau nanya dong That's enough, thank you dong kak",goodbye
"Mau nanya dong That's enough, thank u dong kk",goodbye
Bang Resep nasi goreng dong sih,ask_unrelated
Bng Resep nasi gorng dong sih,ask_unrelated
Eh PIM gratis gak sih? sih,ask_ticket_price
Min Cara daftar CPNS gimana?,ask_unrelated
Info lokasi Jakabaring dong,ask_location_access
Kak PIM gratis gak sih? sih,ask_ticket_price
Kak PIM gratis gk sh? sih,ask_ticket_price
Halo permisi,greet
Min Hai kak masih aktif? ya kak,greet
Min Hai kak msih aktf? yo kak,greet
Halo Apakah Ampera dekat stasiun LRT? ya kak,ask_lrt_destinations
Halo Apakah Ancol dekat stasiun LRT? ya kak,ask_lrt_destinations
Facilities at Jakabaring Sport City?,ask_facilities
Mau tanya dong kak harga tiket Benteng Kuto Besak ya kak,ask_ticket_price
Mau tanya dong kak harga tiket Benteng Kuto Besak yo kak,ask_ticket_price
Kak Permisi kak deh,greet
Kampung Kapitan ada di daerah mana?,ask_location_access
Kampung Kapitan ada di daerah mna?,ask_location_access
Min Rekomendasi wisata untuk liburan singkat sih,ask_recommendation
Min Rekomendasi wisat untuk liburan singkat sih,ask_recommendation
Stasiun LRT dekat tempat wisata?,ask_lrt_destinations
Bang Details about Kambang Iwak Park? deh,ask_destination_info
Eh LRT friendly tourist destinations?,ask_lrt_destinations
Wisata religi Palembang apa aja?,ask_category
Wista rligi Palembang apo aja?,ask_category
Destinasi taman Palembang?,ask_category
Bang Jam operasionalnya? ya,ask_operating_hours
Bang Jam operasinalnya? ya,ask_operating_hours
Mau nanya dong Makasih sih,goodbye
Min PIM ada tempat parkir? nih,ask_facilities
Bang Jembatan Ampera di mana ya? dong kak,ask_location_access
Bang Jmbatan Central Park di mn yo? dong kak,ask_location_access
Kak Terima kasih infonya sih,goodbye
Min Info lengkap Punti Kayu dong deh,ask_destination_info
Min Info lengkap Raja Ampat dong deh,ask_destination_info
Wisata anti mainstream Palembang?,ask_hidden_gems
Permisi Mau tanya dong kak harga tiket Benteng Kuto Besak,ask_ticket_price
Permisi Mau tanya dng kak hargo tikt Rja Ampat,ask_ticket_price
Maaf mau tanya Benteng Kuto Besak buka jam berapa?,ask_operating_hours
Maaf mau tanya Benteng Kuto Besak buka jam berapo?,ask_operating_hours
Can you tell me Does Jakabaring Sport City have a mosque??,ask_facilities
Can u tell me Does Jakabaring Sport City have a mosque??,ask_facilities
Maaf mau tanya Ada wifi di Jembatan Ampera?,ask_facilities
Maaf ma tanya Ada wifi di Jembatan Candi Borobudur?,ask_facilities
Tempat wisata ikonik Palembang?,ask_recommendation
Min Details about Kambang Iwak Park? deh,ask_destination_info
Min Dtails about Candi Prambanan Park? deh,ask_destination_info
Halo Museum Balaputra Dewa fasilitasnya apa aja? sih,ask_facilities
Halo Raja Ampat fasilitasnya apo aja? sih,ask_facilities
Maaf mau tanya Min tolong saran wisata dong dong kak,ask_recommendation
Maf mau tany Min tolong saran wisata dong dng kak,ask_recommendation
Mau nanya dong Ada wifi di Jembatan Ampera?,ask_facilities
M nanya dong Ada wifi di Jembatan Danau Toba?,ask_facilities
Halo Benteng Kuto Besak buka jam berapa?,ask_operating_hours
Halo Menara Eiffel buka jam brapa?,ask_operating_hours
Dadah,goodbye
Rekomendasi wisata untuk liburan singkat deh,ask_recommendation
Rekomendasi wist untuk librn sngkat dh,ask_recommendation
Maaf mau tanya Permisi kak ya kak,greet
Min Rekomendasi wisata Palembang dong,ask_recommendation
Ada tempat wisata baru di Palembang?,ask_hidden_gems
Mau nanya dong Cara main saham? dong kak,ask_unrelated
Mau nanya dong Cara main sham? dong kak,ask_unrelated
How much is the ticket?,ask_ticket_price
Permisi kak ya kak,greet
Permisi kak yo kak,greet
That's helpful dong kak,provide_feedback
That's helpfl dong kak,provide_feedback
Thanks so much,goodbye
Min Apakah Ampera dekat stasiun LRT? ya,ask_lrt_destinations
Tourist spots along LRT route? dong,ask_lrt_destinations
Mau nanya dong Jadwal kereta api Jakarta? ya,ask_unrelated
Bang Hidden gems in Palembang? sih,ask_hidden_gems
Arah ke Jakabaring gimana?,ask_location_access
Arh k Jakabaring gimana?,ask_location_access
"Hi, What parks are in Palembang?",ask_category
"Hi, What parks r in Palembang?",ask_category
Bagaimana cara ke Kambang Iwak?,ask_location_access
Gimana car ka Kambang wak?,ask_location_access
Maaf mau tanya Museum Sultan Mahmud Badaruddin II lokasinya dimana? nih,ask_location_access
Harga tiket Kampung Kapitan berapa ya?,ask_ticket_price
Hargo tket Taman Sfari brap y?,ask_ticket_price
Eh Kampung Arab Al-Munawar ada di daerah mana? ya kak,ask_location_access
Eh Universal Studio Al-Munawar ada di daerah mana? ya kak,ask_location_access
Deskripsi SMB,ask_destination_info
Kak Museum Balaputra Dewa fasilitasnya apa aja? dong kak,ask_facilities
Kak Candi Borobudur fasilitasnya apo aja? dong kak,ask_facilities
Facilities at Benteng Kuto Besak?,ask_facilities
Bang Mau tanya dong kak harga tiket Benteng Kuto Besak nih,ask_ticket_price
Bang Mau tanya dong kak harga tiket Ancol nih,ask_ticket_price
What destinations are accessible by LRT?,ask_lrt_destinations
What destinatons r accssibl by LRT?,ask_lrt_destinations
Permisi Destinasi wisata sejarah Palembang? sih,ask_category
Maaf mau tanya Oke makasih kak sangat membantu dong,goodbye
Maaf ma tanya Oke maksih kak banget mmbntu dng,goodbye
Halo Tess,greet
Permisi Famous places in Palembang? dong,ask_recommendation
Eh Mau ke tempat bersejarah di Palembang nih,ask_category
Eh Mau k tempat bersejarah di Palembang nih,ask_category
Bang Thank you very much ya,goodbye
Bang Thank u very much yo,goodbye
Eh Numpang tanya dong dong,greet
Ada fasilitas apa di Jembatan Ampera?,ask_facilities
Ada fsilitas apo di Jembatan Maliobor?,ask_facilities
Kak Min tolong saran wisata dong sih,ask_recommendation
Eh Tourist spots along LRT route?,ask_lrt_destinations
Permisi Thank you very much dong kak,goodbye
Permisi Thank u very much dong kak,goodbye
Permisi Jelas banget penjelasannya nih,provide_feedback
Kak berapa harga tiket Monpera?,ask_ticket_price
Kak berapa harga tiket Universal Studio?,ask_ticket_price
"Hey, can I ask a question?",greet
"Hey, cn I ask a qestin?",greet
Jembatan Ampera di mana ya? nih,ask_location_access
Mau nanya dong Kampung Arab Al-Munawar ada di daerah mana? ya,ask_location_access
Mau nanya dong Mns Al-Munawar da di daerah man? yo,ask_location_access
Halo Taxi online di Palembang?,ask_unrelated
Hl Taxi nline d Palmbang?,ask_unrelated
Where is Ampera Bridge located?,ask_location_access
wheres Mlioboro Brdge locted?,ask_location_access
Mau nanya dong Min kasih tau hidden gems Palembang ya kak,ask_hidden_gems
Kak ada museum gak di Palembang,ask_category
Kak da museum gak di Palembang,ask_category
Maaf mau tanya Benteng Kuto Besak buka jam berapa? ya,ask_operating_hours
Maaf mau tanya Benteng Kuto Besak buka jam brapa? yo,ask_operating_hours
Permisi mau tanya harga tiket Palembang Icon,ask_ticket_price
Permisi mau tanya hargo tiket Palembang Icon,ask_ticket_price
Bang Tess ya kak,greet
Bang Tess yo kak,greet
What time does Kampung Kapitan close? dong,ask_operating_hours
What time does Raja Ampat close? dong,ask_operating_hours
Ada taman kota di Palembang?,ask_category
Siap kak,provide_feedback
Min Min tolong saran wisata dong ya kak,ask_recommendation
Min Min tolong saran wisata dong yo kak,ask_recommendation
Bang Recipe for chocolate cake? nih,ask_unrelated
Min Wisata apa yang recommended di Palembang?,ask_recommendation
Min Wisat apo yang recommended di Palembng?,ask_recommendation
Help me please sih,greet
Mau nanya dong Tolong kasih tau wisata dekat LRT ya kak,ask_lrt_destinations
Mau nanya dong Tolong kasih tau wsata dekat LRT yo kak,ask_lrt_destinations
Halo Enaknya kemana ya di Palembang?,ask_recommendation
Halo Enaknya kemana yo di Palembang?,ask_recommendation
Kak Tempat wisata murah di Palembang? nih,ask_recommendation
Maaf mau tanya Wisata apa yang recommended di Palembang? sih,ask_recommendation
Maaf mau tanya Rekomendasi wisata Palembang dong,ask_recommendation
wisata palembang yang aesthetic tapi sepi?,ask_hidden_gems
wisata palembang yang aesthetic tp sepi?,ask_hidden_gems
Bang Lesser known attractions in Palembang? ya kak,ask_hidden_gems
Min Tourist spots along LRT route? dong kak,ask_lrt_destinations
Maaf mau tanya Chatbot nya bagus sih,provide_feedback
Maaf mu tany Chatbot ny mantap sih,provide_feedback
Kak PIM ada tempat parkir? deh,ask_facilities
Mau nanya dong Rekomendasi hidden gems dong kak dong kak,ask_hidden_gems
Jam buka Bukit Siguntang kapan?,ask_operating_hours
Jam bka Ancol kapan?,ask_operating_hours
Maaf mau tanya Rekomendasi wisata yang dekat stasiun LRT deh,ask_lrt_destinations
"Hello, Is Kampung Kapitan open in the morning?",ask_operating_hours
"Hello, Is Candi Borobudur open in the morning?",ask_operating_hours
Mau nanya dong Min kasih tau hidden gems Palembang dong kak,ask_hidden_gems
Min Terima kasih infonya deh,goodbye
Permisi Museum Sultan Mahmud Badaruddin II lokasinya dimana? ya,ask_location_access
Permisi Musum Sultan Mahmud Badaruddin II lokasnya dimano? yo,ask_location_access
Maaf mau tanya Tolong kasih tau wisata dekat LRT sih,ask_lrt_destinations
Mau nanya dong Chatbot nya bagus,provide_feedback
Mau nanya dong Chatbot nya mantap,provide_feedback
Eh Jembatan Ampera di mana ya? nih,ask_location_access
h Jembtan Unversal Studio di mana ya? nih,ask_location_access
Halo Makasih,goodbye
Eh Chatbot nya bagus deh,provide_feedback
Eh Chatbot nya mantap deh,provide_feedback
Can you tell me Do I need to pay to enter Monpera??,ask_ticket_price
Can ya tell me Do I need to pay to enter Danau Toba??,ask_ticket_price
Kasih info Jakabaring ya kak,ask_destination_info
Kasih info Jakabaring yo kak,ask_destination_info
