text,label
Halo,greet
Hai,greet
Selamat pagi,greet
Pagi selamat,greet
Selamat,greet
Selamat siang,greet
Siang selamat,greet
Selamat sore,greet
Sore selamat,greet
Selamat malam,greet
Malam selamat,greet
Ping,greet
P,greet
Assalamualaikum,greet
Halo bot,greet
Bot halo,greet
Hai chatbot,greet
Chatbot hai,greet
Chatbot,greet
Permisi,greet
Test,greet
Hai Jelajahi,greet
Jelajahi hai,greet
Jelajahi,greet
Halo admin,greet
Admin halo,greet
Admin,greet
Ada orang?,greet
Orang ada?,greet
Ada?,greet
Bot,greet
Hi,greet
Pagi,greet
Siang,greet
Sore,greet
Malam,greet
Halo aplikasi,greet
Aplikasi halo,greet
Hai teman,greet
Teman hai,greet
Teman,greet
Salam kenal,greet
Kenal salam,greet
Salam,greet
Bisa bantu saya?,greet
Bantu?,greet
Halo ada yang bisa dibantu?,greet
Halo ada dibantu yang bisa?,greet
Ada yang bisa?,greet
Test bot,greet
Bot test,greet
Cek,greet
Hai aplikasi Jelajahi,greet
Aplikasi hai Jelajahi,greet
Aplikasi Jelajahi,greet
Haii,greet
Halooo,greet
Selamat datang,greet
Datang selamat,greet
Bot pariwisata,greet
Pariwisata bot,greet
Hai admin,greet
Admin hai,greet
Woy,greet
Halo Palembang,greet
Palembang halo,greet
Palembang,greet
Hai bot Palembang,greet
Hai Palembang bot,greet
Hai bot,greet
Assalamualaikum admin,greet
Admin assalamualaikum,greet
Syalom,greet
Om swastiastu,greet
Swastiastu om,greet
Om,greet
Namo buddhaya,greet
Buddhaya namo,greet
Namo,greet
Halo sistem,greet
Sistem halo,greet
Sistem,greet
Bot aktif?,greet
Aktif bot?,greet
Bot?,greet
Halo aplikasi wisata,greet
Halo wisata aplikasi,greet
Halo wisata,greet
Selamat pagi bot,greet
Pagi selamat bot,greet
Selamat bot,greet
Selamat siang admin,greet
Selamat admin siang,greet
Selamat admin,greet
Hai program,greet
Program hai,greet
Halo AI,greet
AI halo,greet
Rekomendasikan tempat wisata di Palembang,ask_recommendation
Rekomendasikan di tempat wisata Palembang,ask_recommendation
Tempat wisata Palembang,ask_recommendation
Tempat yang wajib dikunjungi apa saja?,ask_recommendation
Tempat wajib apa yang dikunjungi saja?,ask_recommendation
Yang apa saja?,ask_recommendation
Ada rekomendasi destinasi buat keluarga?,ask_recommendation
Ada rekomendasi destinasi? buat keluarga,ask_recommendation
Ada rekomendasi buat?,ask_recommendation
Kasih rekomendasi tempat jalan-jalan yang bagus dong,ask_recommendation
Rekomendasi jalan kasih tempat - jalan yang bagus dong,ask_recommendation
Rekomendasi tempat jalan - jalan bagus,ask_recommendation
Ke mana ya enaknya akhir pekan ini?,ask_recommendation
Ke mana akhir ya pekan enaknya ini?,ask_recommendation
Ke mana enaknya pekan?,ask_recommendation
Rekomendasi liburan di Palembang,ask_recommendation
Liburan rekomendasi Palembang di,ask_recommendation
Rekomendasi liburan,ask_recommendation
Tempat wisata paling hits di Palembang,ask_recommendation
Tempat paling wisata hits Palembang di,ask_recommendation
Tempat wisata di Palembang,ask_recommendation
Tujuan wisata yang lagi viral sekarang,ask_recommendation
Tujuan wisata yang sekarang lagi viral,ask_recommendation
Wisata yang lagi viral sekarang,ask_recommendation
Beri saya saran tempat wisata,ask_recommendation
Beri saya wisata saran tempat,ask_recommendation
Beri saran tempat,ask_recommendation
Rekomendasi dong,ask_recommendation
Dong rekomendasi,ask_recommendation
Rekomendasi,ask_recommendation
Kasih tau tempat wisata terbaik,ask_recommendation
Kasih tau terbaik tempat wisata,ask_recommendation
Tau tempat wisata terbaik,ask_recommendation
Kalau baru pertama ke Palembang bagusnya ke mana?,ask_recommendation
Baru kalau ke pertama Palembang ke bagusnya mana?,ask_recommendation
Baru pertama ke bagusnya ke mana?,ask_recommendation
Rekomendasi tempat foto yang instagramable,ask_recommendation
Rekomendasi foto yang tempat instagramable,ask_recommendation
Rekomendasi tempat instagramable,ask_recommendation
Spot wisata yang paling populer,ask_recommendation
Wisata spot yang populer paling,ask_recommendation
Spot paling populer,ask_recommendation
Tempat jalan-jalan sore yang asik,ask_recommendation
Jalan tempat jalan - yang sore asik,ask_recommendation
Jalan - jalan yang,ask_recommendation
Rekomendasi destinasi dong bot,ask_recommendation
Destinasi rekomendasi bot dong,ask_recommendation
Destinasi dong bot,ask_recommendation
Bagusnya liburan ke mana ya di Palembang?,ask_recommendation
Bagusnya ke liburan mana di ya? Palembang,ask_recommendation
Bagusnya liburan ke ya?,ask_recommendation
Tolong sarankan tempat wisata,ask_recommendation
Tolong sarankan,ask_recommendation
Rekomendasi wisata Palembang terbaru,ask_recommendation
Wisata terbaru,ask_recommendation
Tempat wisata yang lagi rame apa ya?,ask_recommendation
Tempat wisata lagi rame yang ya apa?,ask_recommendation
Tempat yang lagi rame?,ask_recommendation
Cari tempat wisata buat akhir pekan,ask_recommendation
Cari tempat wisata akhir pekan buat,ask_recommendation
Cari tempat wisata buat,ask_recommendation
Ada saran tempat liburan?,ask_recommendation
Tempat ada saran liburan?,ask_recommendation
Saran tempat?,ask_recommendation
Boleh minta rekomendasi wisata?,ask_recommendation
Rekomendasi boleh minta wisata?,ask_recommendation
Boleh minta?,ask_recommendation
Tempat paling ikonik di Palembang selain Ampera,ask_recommendation
Paling tempat ikonik di Palembang selain Ampera,ask_recommendation
Tempat ikonik Palembang selain,ask_recommendation
Rekomendasi tempat santai di Palembang,ask_recommendation
Tempat rekomendasi santai Palembang di,ask_recommendation
Rekomendasi tempat Palembang,ask_recommendation
Kasih ide liburan dong,ask_recommendation
Ide kasih dong liburan,ask_recommendation
Ide liburan,ask_recommendation
Bingung mau ke mana ada saran?,ask_recommendation
Bingung mau ke mana ada? saran,ask_recommendation
Bingung mau mana?,ask_recommendation
Rekomendasi tempat rekreasi,ask_recommendation
Tempat rekomendasi rekreasi,ask_recommendation
Rekomendasi tempat,ask_recommendation
Destinasi wisata unggulan Kota Palembang,ask_recommendation
Destinasi Kota wisata unggulan Palembang,ask_recommendation
Wisata unggulan Palembang,ask_recommendation
Tempat yang cocok buat healing,ask_recommendation
Tempat cocok yang healing buat,ask_recommendation
Tempat cocok healing,ask_recommendation
Cari tempat wisata yang sejuk,ask_recommendation
Cari wisata yang tempat sejuk,ask_recommendation
Tempat wisata yang,ask_recommendation
Rekomendasi tempat nongkrong yang asik,ask_recommendation
Tempat rekomendasi nongkrong asik yang,ask_recommendation
Tempat yang asik,ask_recommendation
Wisata apa yang bagus di sini?,ask_recommendation
Apa wisata di yang bagus sini?,ask_recommendation
Apa bagus di sini?,ask_recommendation
Ada tempat yang menarik untuk dikunjungi?,ask_recommendation
Tempat ada menarik untuk yang dikunjungi?,ask_recommendation
Ada tempat untuk?,ask_recommendation
Rekomendasi wisata bareng anak-anak,ask_recommendation
Rekomendasi bareng wisata anak anak -,ask_recommendation
Wisata bareng anak -,ask_recommendation
Tempat yang seru buat main bareng teman,ask_recommendation
Tempat buat yang seru main teman bareng,ask_recommendation
Yang buat main teman,ask_recommendation
Kasih daftar tempat wisata terbaik dong,ask_recommendation
Daftar kasih tempat wisata dong terbaik,ask_recommendation
Kasih daftar terbaik dong,ask_recommendation
Rekomendasi top 5 wisata Palembang,ask_recommendation
Top rekomendasi wisata 5 Palembang,ask_recommendation
Rekomendasi 5 wisata,ask_recommendation
Tempat yang wajib didatengin turis,ask_recommendation
Tempat wajib yang turis didatengin,ask_recommendation
Tempat wajib turis,ask_recommendation
Tujuan liburan favorit di Palembang,ask_recommendation
Tujuan liburan di Palembang favorit,ask_recommendation
Tujuan di Palembang,ask_recommendation
Rekomendasi tempat wisata menarik,ask_recommendation
Wisata rekomendasi tempat menarik,ask_recommendation
Tempat menarik,ask_recommendation
Saran destinasi untuk besok,ask_recommendation
Saran untuk besok destinasi,ask_recommendation
Destinasi untuk besok,ask_recommendation
Tempat wisata paling top,ask_recommendation
Tempat top,ask_recommendation
Beri rekomendasi destinasi yang keren,ask_recommendation
Beri rekomendasi yang keren destinasi,ask_recommendation
Beri rekomendasi destinasi,ask_recommendation
Rekomendasi dong tempat yang bagus,ask_recommendation
Rekomendasi tempat bagus,ask_recommendation
Cari tempat jalan-jalan di kota Palembang,ask_recommendation
Cari tempat jalan - jalan di Palembang kota,ask_recommendation
Cari tempat - di Palembang,ask_recommendation
Ada rekomendasi tempat ngedate?,ask_recommendation
Ada ngedate rekomendasi tempat?,ask_recommendation
Rekomendasi ngedate?,ask_recommendation
Tempat wisata yang cocok buat anak muda,ask_recommendation
Tempat yang wisata cocok buat anak muda,ask_recommendation
Tempat buat anak muda,ask_recommendation
Saran tempat wisata yang ngga ngebosenin,ask_recommendation
Saran wisata yang tempat ngga ngebosenin,ask_recommendation
Saran tempat wisata ngebosenin,ask_recommendation
Rekomendasi liburan singkat di Palembang,ask_recommendation
Rekomendasi liburan di Palembang singkat,ask_recommendation
Rekomendasi liburan di,ask_recommendation
Apa saja wisata sejarah di Palembang?,ask_category
Apa wisata sejarah di saja Palembang?,ask_category
Saja wisata di?,ask_category
Cari tempat makan kuliner khas Palembang,ask_category
Cari tempat makan khas Palembang kuliner,ask_category
Tempat kuliner khas Palembang,ask_category
Di mana lokasi cabang RM Pagi Sore di Palembang?,ask_category
Mana lokasi di cabang Pagi RM Sore di Palembang?,ask_category
Di cabang RM Pagi Sore Palembang?,ask_category
Rekomendasi wisata religi dong,ask_category
Rekomendasi dong wisata religi,ask_category
Wisata religi dong,ask_category
Tampilkan destinasi wisata alam,ask_category
Tampilkan wisata alam destinasi,ask_category
Tampilkan destinasi,ask_category
Ada wisata olahraga selain Jakabaring?,ask_category
Wisata ada selain olahraga Jakabaring?,ask_category
Ada wisata Jakabaring?,ask_category
Cari tempat makan nasi goreng nusantara yang enak,ask_category
Cari tempat makan goreng nasi enak nusantara yang,ask_category
Tempat makan nasi goreng enak,ask_category
Daftar tempat wisata sejarah,ask_category
Daftar wisata sejarah tempat,ask_category
Tempat wisata,ask_category
Wisata kuliner pempek di mana yang enak?,ask_category
Wisata pempek kuliner mana di enak yang?,ask_category
Kuliner mana yang enak?,ask_category
Tolong cari wisata alam yang sejuk,ask_category
Cari tolong wisata alam sejuk yang,ask_category
Tolong wisata alam sejuk,ask_category
Rekomendasi kedai kopi susu lokal yang asik,ask_category
Rekomendasi kopi susu kedai lokal asik yang,ask_category
Kedai kopi lokal yang asik,ask_category
Bioskop PIM Palembang XXI ada di sebelah mana?,ask_category
Bioskop Palembang PIM ada XXI di sebelah? mana,ask_category
PIM Palembang XXI sebelah mana?,ask_category
Cari tempat wisata religi umat Buddha,ask_category
Tempat cari religi wisata umat Buddha,ask_category
Cari wisata umat Buddha,ask_category
Tempat makan bakso rudal yang terkenal di mana?,ask_category
Tempat makan rudal yang bakso terkenal di? mana,ask_category
Makan yang terkenal di mana?,ask_category
Ada wisata edukasi buat anak-anak?,ask_category
Edukasi ada wisata buat anak -? anak,ask_category
Ada wisata anak -?,ask_category
Tampilkan semua wisata sejarah,ask_category
Wisata tampilkan semua sejarah,ask_category
Tampilkan wisata,ask_category
Daftar wisata kuliner Palembang,ask_category
Wisata daftar Palembang kuliner,ask_category
Wisata kuliner,ask_category
Cari taman hiburan di Palembang,ask_category
Taman cari hiburan Palembang di,ask_category
Cari taman Palembang,ask_category
Wisata budaya di Palembang apa aja?,ask_category
Budaya wisata Palembang di aja apa?,ask_category
Wisata apa aja?,ask_category
Tempat wisata yang masuk kategori alam,ask_category
Wisata tempat yang kategori masuk alam,ask_category
Wisata yang kategori alam,ask_category
Kasih lihat daftar wisata religi,ask_category
Kasih daftar lihat religi wisata,ask_category
Kasih lihat wisata,ask_category
Wisata olahraga di Palembang,ask_category
Olahraga di wisata Palembang,ask_category
Olahraga di Palembang,ask_category
Rekomendasi tempat ngopi yang enak,ask_category
Tempat rekomendasi yang ngopi enak,ask_category
Rekomendasi ngopi yang,ask_category
Cari museum bersejarah,ask_category
Cari bersejarah museum,ask_category
Cari museum,ask_category
Tempat makan siang yang enak,ask_category
Makan siang yang enak,ask_category
Wisata alam terbuka di Palembang,ask_category
Wisata terbuka di,ask_category
Tempat ziarah atau wisata religi,ask_category
Tempat ziarah wisata religi atau,ask_category
Tempat wisata religi,ask_category
Daftar restoran padang yang legendaris,ask_category
Restoran padang daftar yang legendaris,ask_category
Restoran padang yang,ask_category
Cari tempat nonton bioskop yang nyaman,ask_category
Tempat cari nonton yang bioskop nyaman,ask_category
Cari tempat yang nyaman,ask_category
Wisata air atau sungai di Palembang,ask_category
Wisata air sungai atau Palembang di,ask_category
Wisata air di Palembang,ask_category
Tempat wisata sejarah Kerajaan Sriwijaya,ask_category
Wisata sejarah tempat Kerajaan Sriwijaya,ask_category
Wisata sejarah Kerajaan,ask_category
Rekomendasi tempat kulineran malam,ask_category
Kulineran rekomendasi tempat malam,ask_category
Tempat kulineran,ask_category
Wisata alam yang banyak pohonnya,ask_category
Alam yang wisata banyak pohonnya,ask_category
Alam banyak pohonnya,ask_category
Tempat wisata untuk olahraga pagi,ask_category
Wisata tempat untuk pagi olahraga,ask_category
Wisata untuk pagi,ask_category
Kategori wisata sejarah,ask_category
Wisata kategori sejarah,ask_category
Kategori sejarah,ask_category
Tolong filter wisata kuliner saja,ask_category
Tolong wisata filter saja kuliner,ask_category
Filter wisata saja,ask_category
Hanya tampilkan wisata alam,ask_category
Hanya alam tampilkan wisata,ask_category
Hanya tampilkan,ask_category
Cari destinasi wisata budaya lokal,ask_category
Destinasi wisata budaya lokal,ask_category
Rekomendasi tempat makan mie ayam,ask_category
Rekomendasi makan tempat ayam mie,ask_category
Tempat makan ayam,ask_category
Wisata taman kota di Palembang,ask_category
Taman wisata kota Palembang di,ask_category
Wisata taman kota,ask_category
Daftar tempat ibadah bersejarah,ask_category
Daftar ibadah bersejarah tempat,ask_category
Daftar ibadah,ask_category
Cari wisata kuliner legendaris,ask_category
Cari legendaris,ask_category
Wisata sejarah peninggalan Belanda,ask_category
Sejarah wisata Belanda peninggalan,ask_category
Sejarah peninggalan Belanda,ask_category
Tempat beli oleh-oleh kuliner,ask_category
Tempat beli oleh kuliner - oleh,ask_category
Tempat beli - oleh,ask_category
Wisata alam yang bisa buat piknik,ask_category
Wisata yang alam bisa piknik buat,ask_category
Wisata alam bisa buat,ask_category
Cari tempat ngopi bernuansa alam,ask_category
Cari tempat bernuansa,ask_category
Daftar tempat wisata olahraga dan atletik,ask_category
Daftar wisata tempat olahraga atletik dan,ask_category
Daftar olahraga dan atletik,ask_category
Wisata religi untuk umat Islam,ask_category
Religi wisata umat untuk Islam,ask_category
Wisata religi Islam,ask_category
Cari tempat makan yang jual ayam cabe ijo,ask_category
Tempat cari makan yang jual ayam cabe ijo,ask_category
Tempat yang jual ayam ijo,ask_category
Tampilkan kategori wisata edukasi,ask_category
Tampilkan edukasi kategori wisata,ask_category
Tampilkan kategori,ask_category
Jam berapa Jembatan Ampera buka?,ask_operating_hours
Jam Jembatan buka?,ask_operating_hours
Jadwal buka Museum SMB II,ask_operating_hours
Buka Museum jadwal SMB II,ask_operating_hours
Jadwal Museum SMB,ask_operating_hours
Apakah Punti Kayu buka hari Minggu?,ask_operating_hours
Apakah Punti Kayu buka hari? Minggu,ask_operating_hours
Punti buka hari?,ask_operating_hours
Jam operasional Pulau Kemaro,ask_operating_hours
Operasional Pulau jam Kemaro,ask_operating_hours
Operasional Pulau Kemaro,ask_operating_hours
Benteng Kuto Besak tutup jam berapa?,ask_operating_hours
Besak benteng Kuto tutup jam? berapa,ask_operating_hours
Benteng tutup jam?,ask_operating_hours
Waktu buka Jakabaring Sport City,ask_operating_hours
Buka waktu Jakabaring City Sport,ask_operating_hours
Buka Sport City,ask_operating_hours
Masjid Agung Palembang buka 24 jam nggak?,ask_operating_hours
Masjid Agung Palembang buka 24 nggak jam?,ask_operating_hours
Masjid Palembang buka nggak?,ask_operating_hours
Info jam buka Al-Qur'an Al-Akbar,ask_operating_hours
Info buka jam Al - Qur Al ' an Akbar -,ask_operating_hours
Jam buka Al - Qur ' -,ask_operating_hours
Kambang Iwak buka dari jam berapa sampai jam berapa?,ask_operating_hours
Iwak kambang buka jam dari sampai berapa jam berapa?,ask_operating_hours
Kambang buka dari jam berapa sampai?,ask_operating_hours
Jam operasional museum Balaputra Dewa,ask_operating_hours
Operasional museum Balaputra Dewa,ask_operating_hours
Hari libur nasional Punti Kayu tetep buka?,ask_operating_hours
Nasional hari Punti libur Kayu tetep buka?,ask_operating_hours
Libur nasional Punti tetep buka?,ask_operating_hours
Bukit Siguntang tutupnya jam berapa?,ask_operating_hours
Bukit tutupnya Siguntang berapa jam?,ask_operating_hours
Bukit Siguntang berapa?,ask_operating_hours
Jadwal operasional LRT Palembang,ask_operating_hours
Operasional jadwal Palembang LRT,ask_operating_hours
Jadwal operasional,ask_operating_hours
Jam buka Monpera Palembang,ask_operating_hours
Buka jam Palembang Monpera,ask_operating_hours
Buka Monpera Palembang,ask_operating_hours
Museum Sriwijaya buka hari apa aja?,ask_operating_hours
Buka Sriwijaya museum hari apa aja?,ask_operating_hours
Museum hari aja?,ask_operating_hours
Kawasan 7 Ulu buka jam berapa enaknya didatengin?,ask_operating_hours
Kawasan Ulu buka 7 jam berapa didatengin enaknya?,ask_operating_hours
7 Ulu buka enaknya didatengin?,ask_operating_hours
Jam operasional Kampung Kapitan,ask_operating_hours
Operasional Kapitan,ask_operating_hours
Waktu operasional tempat wisata ini,ask_operating_hours
Operasional tempat waktu wisata ini,ask_operating_hours
Waktu tempat wisata,ask_operating_hours
Buka jam berapa hari ini?,ask_operating_hours
Jam buka hari berapa ini?,ask_operating_hours
Jam berapa hari ini?,ask_operating_hours
Tutup jam berapa malam ini?,ask_operating_hours
Berapa tutup jam malam ini?,ask_operating_hours
Jam berapa ini?,ask_operating_hours
Jam buka Jembatan Ampera untuk pejalan kaki,ask_operating_hours
Jam Jembatan buka untuk Ampera kaki pejalan,ask_operating_hours
Jam buka Jembatan kaki,ask_operating_hours
Info jam tutup Pulau Kemaro,ask_operating_hours
Jam info tutup Kemaro Pulau,ask_operating_hours
Info tutup Kemaro,ask_operating_hours
Apakah Museum SMB II buka besok?,ask_operating_hours
Apakah Museum SMB II buka? besok,ask_operating_hours
Apakah SMB II?,ask_operating_hours
Jadwal buka tutup Punti Kayu,ask_operating_hours
Buka jadwal tutup Kayu Punti,ask_operating_hours
Buka Punti Kayu,ask_operating_hours
Jam operasional BKB Palembang,ask_operating_hours
Operasional jam Palembang BKB,ask_operating_hours
Operasional Palembang,ask_operating_hours
Waktu operasional Masjid Cheng Ho,ask_operating_hours
Operasional waktu Masjid Ho Cheng,ask_operating_hours
Operasional Masjid Ho,ask_operating_hours
Kambang iwak kalau pagi buka jam berapa?,ask_operating_hours
Iwak kambang pagi buka kalau jam berapa?,ask_operating_hours
Iwak buka jam berapa?,ask_operating_hours
Jam buka wisata sejarah,ask_operating_hours
Jam sejarah buka wisata,ask_operating_hours
Jam buka,ask_operating_hours
Apakah tempat ini buka setiap hari?,ask_operating_hours
Tempat apakah ini buka setiap hari?,ask_operating_hours
Apakah buka setiap?,ask_operating_hours
Jam kerja pengelola wisata,ask_operating_hours
Kerja jam wisata pengelola,ask_operating_hours
Kerja pengelola wisata,ask_operating_hours
Info jadwal buka museum,ask_operating_hours
Jadwal buka museum,ask_operating_hours
Jam berapa buka tiketnya?,ask_operating_hours
Berapa buka jam tiketnya?,ask_operating_hours
Berapa buka?,ask_operating_hours
Waktu tutup lokasi wisata,ask_operating_hours
Tutup waktu wisata lokasi,ask_operating_hours
Waktu lokasi,ask_operating_hours
Batas waktu kunjungan sampai jam berapa?,ask_operating_hours
Waktu batas sampai kunjungan berapa jam?,ask_operating_hours
Batas kunjungan jam?,ask_operating_hours
Jam operasional normalnya gimana?,ask_operating_hours
Operasional jam gimana normalnya?,ask_operating_hours
Operasional normalnya?,ask_operating_hours
Buka jam berapa pas weekend?,ask_operating_hours
Jam buka berapa pas? weekend,ask_operating_hours
Buka jam weekend?,ask_operating_hours
Tutup jam berapa hari minggu?,ask_operating_hours
Tutup jam minggu?,ask_operating_hours
Jadwal buka selama libur lebaran,ask_operating_hours
Buka jadwal selama lebaran libur,ask_operating_hours
Jadwal selama libur,ask_operating_hours
Info jam operasional lengkap,ask_operating_hours
Jam operasional,ask_operating_hours
Kapan tempat ini mulai buka?,ask_operating_hours
Kapan ini mulai tempat buka?,ask_operating_hours
Tempat ini mulai?,ask_operating_hours
Bisa dikunjungi jam berapa saja?,ask_operating_hours
Bisa jam berapa dikunjungi saja?,ask_operating_hours
Bisa jam saja?,ask_operating_hours
Apakah malam hari masih buka?,ask_operating_hours
Apakah masih malam hari buka?,ask_operating_hours
Malam hari masih?,ask_operating_hours
Jam operasional paling pagi jam berapa?,ask_operating_hours
Operasional paling jam jam pagi berapa?,ask_operating_hours
Jam operasional berapa?,ask_operating_hours
Jadwal tutup loket jam berapa?,ask_operating_hours
Jadwal jam tutup loket berapa?,ask_operating_hours
Jadwal tutup berapa?,ask_operating_hours
Buka nggak hari Senin?,ask_operating_hours
Buka Senin?,ask_operating_hours
Jam operasional wisata alam,ask_operating_hours
Wisata jam operasional alam,ask_operating_hours
Operasional wisata alam,ask_operating_hours
Berapa lama tempat ini buka setiap harinya?,ask_operating_hours
Lama tempat berapa ini setiap buka harinya?,ask_operating_hours
Berapa ini buka harinya?,ask_operating_hours
Info waktu operasional destinasi,ask_operating_hours
Info operasional destinasi waktu,ask_operating_hours
Info destinasi,ask_operating_hours
Batas jam kunjungan terakhir,ask_operating_hours
Jam kunjungan,ask_operating_hours
Jadwal operasional tempat rekreasi,ask_operating_hours
Jadwal tempat rekreasi operasional,ask_operating_hours
Operasional tempat rekreasi,ask_operating_hours
Berapa harga tiket masuk Punti Kayu?,ask_ticket_price
Harga berapa masuk Punti tiket Kayu?,ask_ticket_price
Harga Punti Kayu?,ask_ticket_price
Bayar berapa masuk Pulau Kemaro?,ask_ticket_price
Bayar berapa Pulau masuk? Kemaro,ask_ticket_price
Bayar berapa Kemaro?,ask_ticket_price
HTM Museum SMB II berapa ya?,ask_ticket_price
Museum HTM SMB berapa ya II?,ask_ticket_price
Museum SMB berapa ya?,ask_ticket_price
Tiket masuk Jakabaring Sport City,ask_ticket_price
Masuk tiket Jakabaring City Sport,ask_ticket_price
Masuk Jakabaring Sport,ask_ticket_price
Ke Jembatan Ampera gratis atau bayar?,ask_ticket_price
Ke Jembatan gratis atau Ampera? bayar,ask_ticket_price
Jembatan Ampera gratis atau?,ask_ticket_price
Biaya masuk Bukit Siguntang,ask_ticket_price
Bukit biaya masuk Siguntang,ask_ticket_price
Biaya masuk,ask_ticket_price
Harga tiket Al-Qur'an Al-Akbar,ask_ticket_price
Tiket Al harga - Qur ' Al an - Akbar,ask_ticket_price
Harga tiket Al - ' Al -,ask_ticket_price
Berapa HTM ke Monpera?,ask_ticket_price
HTM berapa ke? Monpera,ask_ticket_price
HTM ke?,ask_ticket_price
Tiket masuk Museum Balaputra Dewa,ask_ticket_price
Tiket Museum masuk Dewa Balaputra,ask_ticket_price
Tiket masuk Museum,ask_ticket_price
Info harga tiket wisata sejarah,ask_ticket_price
Info harga wisata,ask_ticket_price
Masuk BKB bayar nggak?,ask_ticket_price
BKB masuk bayar? nggak,ask_ticket_price
BKB bayar nggak?,ask_ticket_price
Kambang Iwak ada tiket masuknya?,ask_ticket_price
Kambang ada Iwak tiket? masuknya,ask_ticket_price
Iwak ada masuknya?,ask_ticket_price
Berapa biaya masuk ke Kampung Kapitan?,ask_ticket_price
Biaya berapa ke masuk Kapitan Kampung?,ask_ticket_price
Berapa ke Kapitan?,ask_ticket_price
Harga tiket LRT Palembang,ask_ticket_price
Harga tiket,ask_ticket_price
HTM tempat wisata alam,ask_ticket_price
tempat wisata HTM alam,ask_ticket_price
HTM tempat,ask_ticket_price
Tiket masuk untuk anak-anak berapa?,ask_ticket_price
Masuk untuk tiket anak - berapa anak?,ask_ticket_price
Tiket masuk untuk -?,ask_ticket_price
Ada diskon tiket masuk pelajar?,ask_ticket_price
Ada tiket diskon masuk? pelajar,ask_ticket_price
Diskon tiket masuk?,ask_ticket_price
Biaya parkir dan tiket masuk,ask_ticket_price
Biaya dan masuk,ask_ticket_price
Harga tiket masuk weekend sama hari biasa beda nggak?,ask_ticket_price
Harga tiket weekend masuk hari biasa sama beda nggak?,ask_ticket_price
Harga weekend hari biasa beda nggak?,ask_ticket_price
Rincian biaya masuk wisata,ask_ticket_price
Rincian masuk wisata biaya,ask_ticket_price
Biaya masuk wisata,ask_ticket_price
Butuh budget berapa untuk tiketnya?,ask_ticket_price
Butuh budget berapa?,ask_ticket_price
Harga tiket paling murah,ask_ticket_price
Tiket paling harga murah,ask_ticket_price
Tarif masuk lokasi wisata,ask_ticket_price
Masuk wisata,ask_ticket_price
Info HTM terbaru,ask_ticket_price
HTM info terbaru,ask_ticket_price
HTM terbaru,ask_ticket_price
Berapa rupiah tiket masuknya?,ask_ticket_price
Berapa rupiah?,ask_ticket_price
Tiket masuknya mahal nggak?,ask_ticket_price
Tiket mahal?,ask_ticket_price
Biaya retribusi masuk wisata,ask_ticket_price
Retribusi biaya wisata masuk,ask_ticket_price
Biaya retribusi,ask_ticket_price
Harga tiket masuk rombongan,ask_ticket_price
Tiket masuk rombongan,ask_ticket_price
HTM libur nasional,ask_ticket_price
HTM nasional libur,ask_ticket_price
HTM libur,ask_ticket_price
Daftar harga tiket wisata Palembang,ask_ticket_price
Daftar wisata harga tiket Palembang,ask_ticket_price
Harga tiket wisata,ask_ticket_price
Masuk ke sana bayar tiket berapa?,ask_ticket_price
Masuk sana ke tiket bayar? berapa,ask_ticket_price
Ke sana tiket berapa?,ask_ticket_price
Tarif masuk untuk turis asing,ask_ticket_price
Masuk tarif untuk asing turis,ask_ticket_price
Tarif untuk asing,ask_ticket_price
Berapa harga karcis masuk?,ask_ticket_price
Harga berapa karcis? masuk,ask_ticket_price
Harga masuk?,ask_ticket_price
Info biaya tiket dan fasilitas,ask_ticket_price
Biaya tiket info dan fasilitas,ask_ticket_price
Info biaya fasilitas,ask_ticket_price
Harga tiket masuk wisata religi,ask_ticket_price
Tiket harga wisata masuk religi,ask_ticket_price
Tiket masuk wisata religi,ask_ticket_price
Biaya masuk tempat bersejarah,ask_ticket_price
Masuk tempat biaya bersejarah,ask_ticket_price
Masuk tempat,ask_ticket_price
Berapa htm ke tempat ini?,ask_ticket_price
Berapa tempat htm ke ini?,ask_ticket_price
Berapa tempat ini?,ask_ticket_price
Cek harga tiket masuk dong,ask_ticket_price
Cek tiket harga dong masuk,ask_ticket_price
Harga tiket masuk,ask_ticket_price
Tolong info tarif masuk,ask_ticket_price
Info tolong masuk tarif,ask_ticket_price
Info tarif,ask_ticket_price
Masuk gratis apa bayar?,ask_ticket_price
Gratis apa?,ask_ticket_price
Biaya akses masuk,ask_ticket_price
Akses biaya masuk,ask_ticket_price
Harga tiket pas akhir pekan,ask_ticket_price
Harga pas tiket pekan akhir,ask_ticket_price
Harga tiket akhir,ask_ticket_price
Berapa duit buat beli tiket?,ask_ticket_price
Berapa buat duit tiket beli?,ask_ticket_price
Berapa buat tiket?,ask_ticket_price
HTM tempat wisata keluarga,ask_ticket_price
tempat HTM keluarga wisata,ask_ticket_price
tempat keluarga,ask_ticket_price
Harga tiket masuk Punti Kayu terbaru,ask_ticket_price
Tiket harga masuk Punti terbaru Kayu,ask_ticket_price
Harga Punti Kayu terbaru,ask_ticket_price
Berapa harga tiket masuknya?,ask_ticket_price
Berapa harga masuknya? tiket,ask_ticket_price
Berapa harga?,ask_ticket_price
Info harga tiket dong,ask_ticket_price
Tiket info harga dong,ask_ticket_price
Info dong,ask_ticket_price
Biaya masuk per orang berapa?,ask_ticket_price
Biaya per masuk berapa orang?,ask_ticket_price
Biaya per berapa?,ask_ticket_price
Tarif tiket masuk dewasa,ask_ticket_price
Tiket masuk dewasa,ask_ticket_price
Berapa HTM destinasi ini?,ask_ticket_price
HTM destinasi berapa ini?,ask_ticket_price
Berapa HTM?,ask_ticket_price
Bagaimana cara ke Jembatan Ampera?,ask_location_access
Cara bagaimana ke Ampera Jembatan?,ask_location_access
Bagaimana cara Ampera?,ask_location_access
Rute menuju Pulau Kemaro dari bandara,ask_location_access
Rute menuju Kemaro dari Pulau bandara,ask_location_access
Rute Pulau Kemaro bandara,ask_location_access
Alamat lengkap Museum SMB II,ask_location_access
Lengkap alamat Museum II SMB,ask_location_access
Alamat lengkap II,ask_location_access
Cara pergi ke Punti Kayu naik angkot,ask_location_access
Cara ke pergi Punti Kayu naik angkot,ask_location_access
Cara pergi Punti Kayu,ask_location_access
Lokasi Jakabaring Sport City di mana?,ask_location_access
Jakabaring Sport lokasi City di? mana,ask_location_access
Jakabaring Sport di mana?,ask_location_access
Akses jalan ke Bukit Siguntang,ask_location_access
Akses ke Bukit jalan Siguntang,ask_location_access
Jalan Bukit Siguntang,ask_location_access
Tolong kasih rute ke Al-Qur'an Al-Akbar,ask_location_access
Tolong kasih rute ke Al - Qur ' Al - an Akbar,ask_location_access
Tolong kasih rute Al - Qur ' -,ask_location_access
Petunjuk arah ke Benteng Kuto Besak,ask_location_access
Petunjuk Benteng Kuto Besak,ask_location_access
Gimana cara ke Monpera?,ask_location_access
Cara gimana Monpera ke?,ask_location_access
Gimana cara?,ask_location_access
Alamat Museum Balaputra Dewa dong,ask_location_access
Museum alamat Balaputra dong Dewa,ask_location_access
Museum Dewa dong,ask_location_access
Rute tercepat ke Kambang Iwak,ask_location_access
Tercepat rute ke Iwak Kambang,ask_location_access
Tercepat ke Iwak,ask_location_access
Lokasi Masjid Agung Palembang,ask_location_access
Lokasi Agung Palembang Masjid,ask_location_access
Masjid Agung,ask_location_access
Cara menyeberang ke Kampung Kapitan,ask_location_access
Menyeberang cara ke Kapitan Kampung,ask_location_access
Cara menyeberang ke,ask_location_access
Akses menuju lokasi wisata,ask_location_access
Lokasi akses menuju wisata,ask_location_access
Akses menuju,ask_location_access
Naik transportasi apa ke sana?,ask_location_access
Transportasi naik ke apa sana?,ask_location_access
Naik ke sana?,ask_location_access
Letaknya di daerah mana ya?,ask_location_access
Daerah letaknya di mana ya?,ask_location_access
Di daerah mana ya?,ask_location_access
Alamat detailnya tolong,ask_location_access
Detailnya alamat tolong,ask_location_access
Detailnya tolong,ask_location_access
Rute jalan ke tempat wisata,ask_location_access
Jalan ke rute tempat wisata,ask_location_access
Jalan ke tempat wisata,ask_location_access
Panduan arah ke lokasi,ask_location_access
Panduan ke,ask_location_access
Cara akses ke destinasi ini,ask_location_access
Cara ke akses ini destinasi,ask_location_access
Akses ke ini,ask_location_access
Lokasinya dekat dari mana?,ask_location_access
Lokasinya mana?,ask_location_access
Patokan jalannya apa?,ask_location_access
Jalannya apa patokan?,ask_location_access
Jalannya apa?,ask_location_access
Arah ke tempat wisata,ask_location_access
Ke tempat arah wisata,ask_location_access
Arah ke,ask_location_access
Gimana caranya sampai ke sana?,ask_location_access
Gimana ke sana?,ask_location_access
Tolong share rute lokasi,ask_location_access
Share rute tolong lokasi,ask_location_access
Tolong rute,ask_location_access
Akses jalannya bagus nggak?,ask_location_access
Akses bagus jalannya? nggak,ask_location_access
Akses jalannya?,ask_location_access
Bisa dilewatin mobil nggak jalannya?,ask_location_access
Dilewatin bisa nggak mobil jalannya?,ask_location_access
Bisa mobil jalannya?,ask_location_access
Transportasi umum ke sana ada?,ask_location_access
Umum transportasi ke ada sana?,ask_location_access
Umum sana ada?,ask_location_access
Letak persisnya di sebelah mana?,ask_location_access
Persisnya letak di mana sebelah?,ask_location_access
Letak di sebelah?,ask_location_access
Rute dari stasiun kereta,ask_location_access
Rute stasiun,ask_location_access
Cara ke sana dari pusat kota,ask_location_access
Ke sana cara dari pusat kota,ask_location_access
Cara ke sana dari,ask_location_access
Alamat lokasinya dong,ask_location_access
Alamat dong lokasinya,ask_location_access
Lokasinya dong,ask_location_access
Titik lokasinya di mana?,ask_location_access
Lokasinya titik di? mana,ask_location_access
Titik mana?,ask_location_access
Panduan rute untuk motor,ask_location_access
Panduan motor rute untuk,ask_location_access
Rute untuk,ask_location_access
Cara gampang ke sana,ask_location_access
Ke cara gampang sana,ask_location_access
Gampang sana,ask_location_access
Akses kendaraan ke tempat wisata,ask_location_access
Kendaraan akses tempat ke wisata,ask_location_access
Akses ke tempat,ask_location_access
Rute alternatif ke lokasi,ask_location_access
Alternatif rute lokasi ke,ask_location_access
Rute alternatif,ask_location_access
Jaraknya jauh nggak dari Ampera?,ask_location_access
Jauh nggak jaraknya dari Ampera?,ask_location_access
Jaraknya jauh nggak?,ask_location_access
Alamat tempat wisata sejarah,ask_location_access
Alamat sejarah tempat wisata,ask_location_access
Tempat sejarah,ask_location_access
Cara menjangkau lokasi,ask_location_access
Menjangkau cara lokasi,ask_location_access
Cara lokasi,ask_location_access
Petunjuk jalan pakai Google Maps,ask_location_access
Pakai petunjuk jalan Google Maps,ask_location_access
Jalan Google Maps,ask_location_access
Naik ojek online bisa ke sana?,ask_location_access
Naik ojek online ke bisa sana?,ask_location_access
Naik ojek bisa?,ask_location_access
Lokasi tepatnya di mana?,ask_location_access
Tepatnya lokasi mana di?,ask_location_access
Lokasi tepatnya?,ask_location_access
Akses masuk ke tempat wisata,ask_location_access
Masuk akses ke wisata tempat,ask_location_access
Masuk ke tempat,ask_location_access
Rute perjalanan ke destinasi,ask_location_access
Rute ke destinasi perjalanan,ask_location_access
Rute ke,ask_location_access
Cara menuju lokasi liburan,ask_location_access
Menuju cara liburan lokasi,ask_location_access
Menuju liburan,ask_location_access
Alamat tempat rekreasi,ask_location_access
Tempat alamat rekreasi,ask_location_access
Tempat rekreasi,ask_location_access
Panduan transportasi ke sana,ask_location_access
Transportasi panduan sana ke,ask_location_access
Transportasi ke sana,ask_location_access
Info rute dan alamat,ask_location_access
Info alamat rute dan,ask_location_access
Info dan,ask_location_access
Cara sampai ke tujuan,ask_location_access
Cara tujuan sampai ke,ask_location_access
Cara tujuan,ask_location_access
Letak destinasi wisata,ask_location_access
Letak wisata destinasi,ask_location_access
Letak wisata,ask_location_access
Akses jalan menuju tempat wisata,ask_location_access
Jalan akses menuju wisata tempat,ask_location_access
Akses jalan tempat,ask_location_access
Apakah di Punti Kayu ada toilet umum?,ask_facilities
Di apakah Punti Kayu ada toilet umum?,ask_facilities
Di Punti ada toilet?,ask_facilities
Fasilitas yang ada di Pulau Kemaro apa aja?,ask_facilities
Fasilitas ada di yang Pulau Kemaro apa? aja,ask_facilities
Yang di Pulau Kemaro apa?,ask_facilities
Di Museum SMB II ada mushola nggak?,ask_facilities
Di II Museum SMB ada mushola? nggak,ask_facilities
Museum SMB mushola nggak?,ask_facilities
Tempat parkir di Jakabaring luas gak?,ask_facilities
Tempat di parkir luas gak Jakabaring?,ask_facilities
Parkir di Jakabaring?,ask_facilities
Ada tempat makan di sekitar Benteng Kuto Besak?,ask_facilities
Ada tempat makan sekitar di Besak Benteng Kuto?,ask_facilities
Ada makan di sekitar Besak?,ask_facilities
Fasilitas di Jembatan Ampera,ask_facilities
Fasilitas di,ask_facilities
Apakah ada kursi roda untuk lansia di museum?,ask_facilities
Ada roda apakah kursi untuk lansia di museum?,ask_facilities
Apakah ada kursi untuk di?,ask_facilities
Fasilitas ibadah di lokasi wisata,ask_facilities
Ibadah fasilitas lokasi di wisata,ask_facilities
Ibadah lokasi wisata,ask_facilities
Di sana ada pusat informasi nggak?,ask_facilities
Sana di pusat ada nggak informasi?,ask_facilities
Di sana informasi?,ask_facilities
Ada penyewaan sepeda di Kambang Iwak?,ask_facilities
Di ada penyewaan sepeda Kambang Iwak?,ask_facilities
Ada di Kambang?,ask_facilities
Fasilitas umum di Al-Qur'an Al-Akbar,ask_facilities
Di fasilitas umum - Al Qur ' an - Al Akbar,ask_facilities
Umum Al - ' an Al - Akbar,ask_facilities
Tersedia loker penitipan barang?,ask_facilities
Penitipan tersedia loker barang?,ask_facilities
Loker penitipan?,ask_facilities
Fasilitas wisata di Bukit Siguntang,ask_facilities
Fasilitas di wisata Siguntang Bukit,ask_facilities
Fasilitas wisata di,ask_facilities
Ada gazebo buat istirahat?,ask_facilities
Buat ada gazebo istirahat?,ask_facilities
Ada buat?,ask_facilities
Fasilitas kesehatan atau P3K ada?,ask_facilities
Kesehatan atau fasilitas P3K ada?,ask_facilities
Kesehatan atau P3K ada?,ask_facilities
Kamar mandinya bersih nggak?,ask_facilities
Mandinya bersih kamar nggak?,ask_facilities
Mandinya bersih?,ask_facilities
Fasilitas parkir mobil aman?,ask_facilities
Parkir fasilitas aman mobil?,ask_facilities
Fasilitas parkir?,ask_facilities
Ada wifi gratis nggak di sana?,ask_facilities
Gratis ada wifi nggak sana di?,ask_facilities
Ada gratis di?,ask_facilities
Fasilitas pendukung di tempat wisata,ask_facilities
Pendukung fasilitas tempat di wisata,ask_facilities
Pendukung di tempat wisata,ask_facilities
Apakah ada tempat ganti baju?,ask_facilities
Apakah ada tempat?,ask_facilities
Fasilitas untuk anak-anak ada?,ask_facilities
Untuk anak fasilitas - anak? ada,ask_facilities
Untuk anak -?,ask_facilities
Di dalam ada warung jajan?,ask_facilities
Dalam di warung ada jajan?,ask_facilities
Di dalam ada?,ask_facilities
Tersedia ATM terdekat?,ask_facilities
ATM tersedia? terdekat,ask_facilities
ATM?,ask_facilities
Fasilitas kebersihan di lokasi,ask_facilities
Di fasilitas kebersihan lokasi,ask_facilities
Fasilitas kebersihan,ask_facilities
Info fasilitas lengkap dong,ask_facilities
Fasilitas info dong lengkap,ask_facilities
Fasilitas lengkap,ask_facilities
Ada tempat penitipan helm?,ask_facilities
Tempat ada penitipan? helm,ask_facilities
Ada penitipan?,ask_facilities
Fasilitas di area wisata alam,ask_facilities
Area fasilitas di wisata alam,ask_facilities
Fasilitas di alam,ask_facilities
Tersedia spot foto khusus?,ask_facilities
Tersedia spot khusus? foto,ask_facilities
Tersedia foto?,ask_facilities
Ada pemandu wisatanya (tour guide)?,ask_facilities
Ada wisatanya pemandu (tour guide )?,ask_facilities
Pemandu wisatanya (guide )?,ask_facilities
Fasilitas untuk difabel,ask_facilities
Untuk fasilitas difabel,ask_facilities
Fasilitas untuk,ask_facilities
Info ketersediaan toilet,ask_facilities
Ketersediaan info toilet,ask_facilities
Info ketersediaan,ask_facilities
Fasilitas mushola dan tempat wudhu,ask_facilities
Mushola fasilitas dan wudhu tempat,ask_facilities
Fasilitas dan wudhu,ask_facilities
Ada ruang menyusui (nursery room)?,ask_facilities
Ada ruang menyusui nursery (room )?,ask_facilities
Ruang (nursery room )?,ask_facilities
Fasilitas parkir bus pariwisata,ask_facilities
Fasilitas pariwisata parkir bus,ask_facilities
Fasilitas bus,ask_facilities
Di sana ada tempat duduk santai?,ask_facilities
Di ada sana duduk tempat? santai,ask_facilities
Sana ada tempat santai?,ask_facilities
Fasilitas tempat sampah cukup banyak?,ask_facilities
Tempat fasilitas sampah banyak cukup?,ask_facilities
Fasilitas tempat banyak?,ask_facilities
Ada toko souvenir di dalam?,ask_facilities
Toko ada di souvenir dalam?,ask_facilities
Toko di dalam?,ask_facilities
Fasilitas keamanan di tempat wisata,ask_facilities
Keamanan fasilitas di wisata tempat,ask_facilities
Keamanan di tempat,ask_facilities
Tersedia colokan listrik buat ngecas?,ask_facilities
Colokan tersedia buat listrik ngecas?,ask_facilities
Colokan listrik ngecas?,ask_facilities
Fasilitas air bersih ada?,ask_facilities
Fasilitas air?,ask_facilities
Info fasilitas publik di sana,ask_facilities
Info fasilitas di sana publik,ask_facilities
Fasilitas di sana,ask_facilities
Ada penjaga pantainya nggak?,ask_facilities
Penjaga ada pantainya? nggak,ask_facilities
Penjaga pantainya nggak?,ask_facilities
Fasilitas sewa tikar ada?,ask_facilities
Sewa tikar ada?,ask_facilities
Kelengkapan fasilitas wisata,ask_facilities
Fasilitas kelengkapan wisata,ask_facilities
Fasilitas wisata,ask_facilities
Apakah fasilitasnya terawat?,ask_facilities
Fasilitasnya apakah? terawat,ask_facilities
Fasilitasnya?,ask_facilities
Fasilitas pendukung rekreasi,ask_facilities
Fasilitas rekreasi pendukung,ask_facilities
Fasilitas pendukung,ask_facilities
Ada pusat informasi turis?,ask_facilities
Ada informasi?,ask_facilities
Info fasilitas parkir motor,ask_facilities
Fasilitas info motor parkir,ask_facilities
Fasilitas motor,ask_facilities
Fasilitas mushola bersih?,ask_facilities
Mushola bersih fasilitas?,ask_facilities
Mushola bersih?,ask_facilities
Ketersediaan fasilitas umum,ask_facilities
Fasilitas ketersediaan umum,ask_facilities
Ketersediaan fasilitas,ask_facilities
Ada hidden gems di Palembang nggak?,ask_hidden_gems
Ada hidden di gems Palembang nggak?,ask_hidden_gems
Ada hidden nggak?,ask_hidden_gems
Rekomendasi tempat wisata tersembunyi dong,ask_hidden_gems
Tempat rekomendasi tersembunyi wisata dong,ask_hidden_gems
Rekomendasi tempat dong,ask_hidden_gems
Tempat wisata yang belum banyak orang tahu,ask_hidden_gems
Yang tempat wisata banyak belum orang tahu,ask_hidden_gems
Tempat banyak orang tahu,ask_hidden_gems
Hidden gem wisata alam di Palembang,ask_hidden_gems
Hidden gem wisata di Palembang alam,ask_hidden_gems
Hidden alam di Palembang,ask_hidden_gems
Cari tempat sepi buat healing di Palembang,ask_hidden_gems
Cari tempat buat sepi healing di Palembang,ask_hidden_gems
Cari tempat di Palembang,ask_hidden_gems
Wisata anti mainstream di Palembang,ask_hidden_gems
Anti wisata mainstream Palembang di,ask_hidden_gems
Anti mainstream di,ask_hidden_gems
Tempat rahasia yang bagus buat foto,ask_hidden_gems
Tempat rahasia bagus foto,ask_hidden_gems
Rekomendasi hidden gems kuliner,ask_hidden_gems
Hidden rekomendasi kuliner gems,ask_hidden_gems
Rekomendasi gems,ask_hidden_gems
Destinasi wisata yang jarang dikunjungi turis,ask_hidden_gems
Yang destinasi wisata jarang dikunjungi turis,ask_hidden_gems
Wisata yang jarang turis,ask_hidden_gems
Tempat wisata unik yang belum viral,ask_hidden_gems
Tempat wisata yang unik viral belum,ask_hidden_gems
Tempat unik yang viral,ask_hidden_gems
Ada spot wisata rahasia?,ask_hidden_gems
Spot ada rahasia wisata?,ask_hidden_gems
Ada spot?,ask_hidden_gems
Cari tempat hidden gem,ask_hidden_gems
Tempat hidden cari gem,ask_hidden_gems
Tempat hidden gem,ask_hidden_gems
Wisata yang sepi pengunjung tapi bagus,ask_hidden_gems
Wisata sepi yang tapi pengunjung bagus,ask_hidden_gems
Yang pengunjung tapi bagus,ask_hidden_gems
Rekomendasi tempat wisata lokal yang autentik,ask_hidden_gems
Rekomendasi tempat lokal wisata autentik yang,ask_hidden_gems
Rekomendasi tempat lokal yang,ask_hidden_gems
Hidden gem Palembang yang wajib dikunjungi,ask_hidden_gems
Hidden Palembang gem wajib yang dikunjungi,ask_hidden_gems
Gem Palembang yang dikunjungi,ask_hidden_gems
Tempat wisata tersembunyi untuk akhir pekan,ask_hidden_gems
Tempat wisata tersembunyi akhir pekan untuk,ask_hidden_gems
Wisata tersembunyi untuk akhir pekan,ask_hidden_gems
Wisata alam yang masih asri dan sepi,ask_hidden_gems
Wisata alam masih asri dan yang sepi,ask_hidden_gems
Wisata yang asri sepi,ask_hidden_gems
Ada rekomendasi tempat anti mainstream?,ask_hidden_gems
Ada rekomendasi anti tempat? mainstream,ask_hidden_gems
Ada rekomendasi mainstream?,ask_hidden_gems
Tempat yang cocok buat menyendiri,ask_hidden_gems
Yang tempat cocok menyendiri buat,ask_hidden_gems
Tempat yang buat,ask_hidden_gems
Hidden gem di tengah kota Palembang,ask_hidden_gems
Gem hidden di tengah Palembang kota,ask_hidden_gems
Hidden gem tengah kota,ask_hidden_gems
Destinasi wisata rahasia Palembang,ask_hidden_gems
Wisata rahasia destinasi Palembang,ask_hidden_gems
Wisata rahasia Palembang,ask_hidden_gems
Tempat estetik yang belum banyak tau,ask_hidden_gems
Tempat yang estetik banyak belum tau,ask_hidden_gems
Tempat yang belum tau,ask_hidden_gems
Cari lokasi hidden gem,ask_hidden_gems
Lokasi cari gem hidden,ask_hidden_gems
Lokasi gem,ask_hidden_gems
Wisata hidden gems yang aksesnya gampang,ask_hidden_gems
Hidden wisata gems aksesnya yang gampang,ask_hidden_gems
Wisata hidden gems gampang,ask_hidden_gems
Tempat wisata yang masih perawan,ask_hidden_gems
Tempat yang wisata perawan masih,ask_hidden_gems
Tempat yang perawan,ask_hidden_gems
Ada spot foto hidden gem?,ask_hidden_gems
Ada spot gem?,ask_hidden_gems
Rekomendasi wisata rahasia dong,ask_hidden_gems
Rekomendasi rahasia,ask_hidden_gems
Tempat yang belum masuk buku panduan wisata,ask_hidden_gems
Yang belum tempat masuk panduan buku wisata,ask_hidden_gems
Tempat yang masuk buku,ask_hidden_gems
Hidden gem yang deket dari kota,ask_hidden_gems
Hidden yang deket gem dari kota,ask_hidden_gems
Hidden gem dari kota,ask_hidden_gems
Cari wisata tersembunyi yang bagus,ask_hidden_gems
Wisata tersembunyi cari yang bagus,ask_hidden_gems
Wisata yang bagus,ask_hidden_gems
Tempat liburan yang ngga terlalu rame,ask_hidden_gems
Tempat yang liburan terlalu ngga rame,ask_hidden_gems
Tempat liburan yang ngga,ask_hidden_gems
Destinasi anti mainstream Palembang,ask_hidden_gems
Destinasi mainstream Palembang anti,ask_hidden_gems
Destinasi Palembang,ask_hidden_gems
Hidden gem buat nongkrong,ask_hidden_gems
Gem hidden nongkrong buat,ask_hidden_gems
Hidden nongkrong,ask_hidden_gems
Wisata sejarah yang jarang dilirik,ask_hidden_gems
Sejarah yang jarang,ask_hidden_gems
Tempat tersembunyi yang pemandangannya indah,ask_hidden_gems
Tersembunyi tempat pemandangannya yang indah,ask_hidden_gems
Tersembunyi yang pemandangannya,ask_hidden_gems
Rekomendasi spot rahasia di Palembang,ask_hidden_gems
Spot rekomendasi rahasia Palembang di,ask_hidden_gems
Spot rahasia Palembang,ask_hidden_gems
Cari tempat yang ngga banyak turisnya,ask_hidden_gems
Tempat cari yang ngga turisnya banyak,ask_hidden_gems
Cari tempat yang ngga,ask_hidden_gems
Wisata hidden gem untuk keluarga,ask_hidden_gems
Wisata gem untuk hidden keluarga,ask_hidden_gems
Wisata hidden gem,ask_hidden_gems
Ada destinasi tersembunyi nggak?,ask_hidden_gems
Ada tersembunyi destinasi? nggak,ask_hidden_gems
Destinasi tersembunyi nggak?,ask_hidden_gems
Tempat yang masih jarang terekspos,ask_hidden_gems
Yang tempat masih terekspos jarang,ask_hidden_gems
Yang masih jarang terekspos,ask_hidden_gems
Rekomendasi tempat tersembunyi yang murah,ask_hidden_gems
Tempat rekomendasi yang tersembunyi murah,ask_hidden_gems
Rekomendasi tempat tersembunyi,ask_hidden_gems
Hidden gem di pinggiran Palembang,ask_hidden_gems
Hidden gem pinggiran Palembang di,ask_hidden_gems
Gem pinggiran Palembang,ask_hidden_gems
Cari wisata yang tenang,ask_hidden_gems
Wisata cari tenang yang,ask_hidden_gems
Wisata yang tenang,ask_hidden_gems
Tempat jalan-jalan yang belum populer,ask_hidden_gems
Tempat jalan - jalan yang populer belum,ask_hidden_gems
Jalan - yang belum,ask_hidden_gems
Wisata hidden gem yang wajib didatangi,ask_hidden_gems
Gem wisata hidden yang wajib didatangi,ask_hidden_gems
Wisata hidden gem didatangi,ask_hidden_gems
Ada tempat wisata rahasia yang seru?,ask_hidden_gems
Tempat ada wisata rahasia yang seru?,ask_hidden_gems
Ada tempat seru?,ask_hidden_gems
Rekomendasi spot tersembunyi,ask_hidden_gems
Spot rekomendasi tersembunyi,ask_hidden_gems
Spot tersembunyi,ask_hidden_gems
Destinasi yang masih sepi,ask_hidden_gems
Yang destinasi sepi masih,ask_hidden_gems
Destinasi masih,ask_hidden_gems
Tempat bagus yang ngga pasaran,ask_hidden_gems
Bagus ngga pasaran,ask_hidden_gems
Cari hidden gem terdekat,ask_hidden_gems
Hidden cari terdekat gem,ask_hidden_gems
Hidden gem,ask_hidden_gems
Aplikasinya ngebantu banget buat jalan-jalan,provide_feedback
Ngebantu aplikasinya jalan banget buat - jalan,provide_feedback
Aplikasinya buat jalan -,provide_feedback
UI aplikasinya rapi banget persis desain Figma saya,provide_feedback
UI rapi aplikasinya persis banget Figma desain saya,provide_feedback
UI aplikasinya banget desain saya,provide_feedback
Chatbotnya pinter banget ngasih rekomendasi,provide_feedback
Chatbotnya ngasih pinter banget rekomendasi,provide_feedback
Chatbotnya banget ngasih,provide_feedback
Fitur itinerary builder-nya sangat berguna,provide_feedback
Fitur itinerary - nya builder berguna sangat,provide_feedback
Itinerary builder - nya,provide_feedback
Bagus aplikasinya informasinya lengkap,provide_feedback
Bagus lengkap aplikasinya informasinya,provide_feedback
Bagus informasinya,provide_feedback
App ini sangat memudahkan cari tempat wisata,provide_feedback
Ini sangat app cari memudahkan tempat wisata,provide_feedback
App ini sangat tempat,provide_feedback
Keren aplikasinya UI/UX nya mulus,provide_feedback
Keren aplikasinya UI / mulus nya UX,provide_feedback
Keren / UX nya,provide_feedback
Loading chatbotnya agak lambat ya,provide_feedback
Chatbotnya loading lambat agak ya,provide_feedback
Loading chatbotnya lambat,provide_feedback
Tolong tambahin lebih banyak hidden gems,provide_feedback
Tambahin tolong lebih hidden banyak gems,provide_feedback
Tolong tambahin lebih banyak,provide_feedback
Suka banget sama fitur dark mode-nya,provide_feedback
Banget suka sama dark fitur mode nya -,provide_feedback
Banget sama dark mode -,provide_feedback
Aplikasi Jelajahi ini mantap banget,provide_feedback
Aplikasi ini mantap Jelajahi banget,provide_feedback
Jelajahi ini mantap,provide_feedback
Sangat terbantu dengan info dari chatbot,provide_feedback
Terbantu dengan info dari chatbot,provide_feedback
Aplikasi yang bagus untuk turis,provide_feedback
Yang bagus aplikasi untuk turis,provide_feedback
Aplikasi yang untuk,provide_feedback
Cukup informatif aplikasinya,provide_feedback
Cukup aplikasinya informatif,provide_feedback
Cukup informatif,provide_feedback
Respons chatbotnya sangat cepat,provide_feedback
Respons sangat,provide_feedback
Desain card destinasinya menarik,provide_feedback
Card desain menarik destinasinya,provide_feedback
Card destinasinya menarik,provide_feedback
Fitur peta interaktifnya akurat,provide_feedback
Peta fitur akurat interaktifnya,provide_feedback
Fitur akurat,provide_feedback
Sangat suka dengan aplikasi ini,provide_feedback
Sangat dengan aplikasi suka ini,provide_feedback
Sangat dengan ini,provide_feedback
Membantu banget pas liburan ke Palembang,provide_feedback
Banget membantu pas liburan Palembang ke,provide_feedback
Banget pas liburan ke,provide_feedback
Informasi harga tiketnya sangat akurat,provide_feedback
Informasi tiketnya harga akurat sangat,provide_feedback
Informasi tiketnya sangat,provide_feedback
Terima kasih aplikasinya berguna,provide_feedback
Aplikasinya terima kasih berguna,provide_feedback
Kasih aplikasinya berguna,provide_feedback
Saran aja fotonya dibikin lebih HD,provide_feedback
Saran aja dibikin lebih fotonya HD,provide_feedback
Saran aja fotonya HD,provide_feedback
Aplikasi pariwisata terbaik sejauh ini,provide_feedback
Aplikasi terbaik pariwisata ini sejauh,provide_feedback
Aplikasi pariwisata ini,provide_feedback
"Bagus, tapi kadang chatbotnya salah jawab",provide_feedback
", bagus tapi kadang chatbotnya salah jawab",provide_feedback
", tapi chatbotnya salah",provide_feedback
Aplikasi ini wajib di-download buat yang ke Palembang,provide_feedback
Aplikasi ini wajib - di download buat yang ke Palembang,provide_feedback
Aplikasi wajib - download buat yang ke,provide_feedback
UI nya simpel dan gampang dipake,provide_feedback
nya UI simpel dan dipake gampang,provide_feedback
UI nya dan dipake,provide_feedback
Fitur ulasannya ngebantu milih destinasi,provide_feedback
Ulasannya ngebantu milih,provide_feedback
Keren bisa ngenalin bahasa gaul juga,provide_feedback
Bisa keren ngenalin bahasa juga gaul,provide_feedback
Keren bisa ngenalin juga,provide_feedback
Sangat puas menggunakan aplikasi ini,provide_feedback
Sangat menggunakan puas ini aplikasi,provide_feedback
Sangat menggunakan ini,provide_feedback
Informasi jam bukanya sangat pas,provide_feedback
Informasi jam pas bukanya sangat,provide_feedback
Jam bukanya sangat pas,provide_feedback
Aplikasi ini recommended banget,provide_feedback
Aplikasi banget ini recommended,provide_feedback
Ini banget,provide_feedback
Chatbotnya ramah dan solutif,provide_feedback
Ramah dan chatbotnya solutif,provide_feedback
Ramah dan,provide_feedback
Bagus banget buat cari info wisata,provide_feedback
Banget bagus buat cari wisata info,provide_feedback
Bagus banget info wisata,provide_feedback
Membantu saya merencanakan liburan,provide_feedback
Merencanakan membantu saya liburan,provide_feedback
Saya liburan,provide_feedback
Aplikasi yang sangat inovatif,provide_feedback
Aplikasi inovatif,provide_feedback
Suka dengan fitur terjemahan bahasanya,provide_feedback
Suka dengan bahasanya fitur terjemahan,provide_feedback
Suka dengan fitur,provide_feedback
Aplikasi pariwisata yang sangat lengkap,provide_feedback
Aplikasi yang lengkap,provide_feedback
Sangat memudahkan backpacker,provide_feedback
Memudahkan sangat backpacker,provide_feedback
Sangat backpacker,provide_feedback
UI/UX aplikasinya juara,provide_feedback
UI / juara UX aplikasinya,provide_feedback
/ UX aplikasinya,provide_feedback
Informasi destinasinya sangat up to date,provide_feedback
Informasi destinasinya sangat to,provide_feedback
Sangat terkesan dengan chatbot AI ini,provide_feedback
Terkesan sangat dengan chatbot ini AI,provide_feedback
Sangat dengan AI ini,provide_feedback
Aplikasi yang sangat bermanfaat,provide_feedback
Yang sangat aplikasi bermanfaat,provide_feedback
Yang sangat bermanfaat,provide_feedback
Fitur pencariannya cepat dan tepat,provide_feedback
Fitur pencariannya dan tepat cepat,provide_feedback
Pencariannya dan tepat,provide_feedback
Sangat membantu keliling Palembang,provide_feedback
Keliling sangat membantu Palembang,provide_feedback
Sangat membantu,provide_feedback
Aplikasinya ringan dan ngga lemot,provide_feedback
Aplikasinya dan ringan lemot ngga,provide_feedback
Aplikasinya dan ngga,provide_feedback
Bagus sekali inovasinya,provide_feedback
Sekali bagus inovasinya,provide_feedback
Bagus sekali,provide_feedback
Membantu turis lokal maupun asing,provide_feedback
Membantu lokal turis asing maupun,provide_feedback
Turis lokal maupun,provide_feedback
Aplikasi ini sangat user-friendly,provide_feedback
Aplikasi sangat ini user friendly -,provide_feedback
Ini sangat user -,provide_feedback
Pengalaman pakai aplikasinya menyenangkan,provide_feedback
Pengalaman menyenangkan pakai aplikasinya,provide_feedback
Pengalaman aplikasinya,provide_feedback
Aplikasi yang sangat direkomendasikan,provide_feedback
Yang sangat aplikasi direkomendasikan,provide_feedback
Yang sangat direkomendasikan,provide_feedback
Terima kasih infonya,goodbye
Terima infonya kasih,goodbye
Kasih infonya,goodbye
Makasih banyak bot,goodbye
Makasih bot banyak,goodbye
Makasih bot,goodbye
"Oke, terima kasih",goodbye
"Oke terima kasih,",goodbye
", kasih",goodbye
Makasih,goodbye
"Sip, makasih ya",goodbye
", sip ya makasih",goodbye
", ya",goodbye
Thanks,goodbye
Thank you bot,goodbye
Thank bot you,goodbye
You bot,goodbye
Makasih chatbot,goodbye
Chatbot makasih,goodbye
Sampai jumpa,goodbye
Jumpa sampai,goodbye
Sampai,goodbye
Bye,goodbye
Dadah,goodbye
Oke deh makasih,goodbye
Deh oke makasih,goodbye
Oke deh,goodbye
Terima kasih bantuannya,goodbye
Terima bantuannya kasih,goodbye
Kasih bantuannya,goodbye
Sangat membantu terima kasih,goodbye
Membantu sangat kasih terima,goodbye
Membantu terima,goodbye
"Baik, terima kasih infonya",goodbye
", baik terima infonya kasih",goodbye
", terima kasih",goodbye
Yaudah makasih,goodbye
Makasih yaudah,goodbye
Yaudah,goodbye
Makasih banyak ya,goodbye
Makasih ya banyak,goodbye
Banyak ya,goodbye
Terima kasih admin,goodbye
Kasih terima admin,goodbye
Terima kasih,goodbye
Oke thanks info nya,goodbye
Thanks info,goodbye
Tq,goodbye
Thx,goodbye
Makasih infonya berguna banget,goodbye
Infonya makasih banget berguna,goodbye
Makasih banget,goodbye
Oke bye,goodbye
Bye oke,goodbye
Sampai ketemu lagi,goodbye
Sampai lagi ketemu,goodbye
Ketemu lagi,goodbye
"Terima kasih, selamat siang",goodbye
"Kasih terima, siang selamat",goodbye
"Terima, selamat",goodbye
Makasih ya bot yang pintar,goodbye
Makasih bot ya pintar yang,goodbye
Ya yang pintar,goodbye
"Sip infonya lengkap, makasih",goodbye
"Infonya lengkap sip, makasih",goodbye
"Infonya lengkap, makasih",goodbye
Terima kasih atas sarannya,goodbye
Kasih terima sarannya atas,goodbye
Kasih atas,goodbye
Oke makasih rekomendasi nya,goodbye
Makasih nya,goodbye
Makasih banyak admin bot,goodbye
Banyak makasih bot admin,goodbye
Banyak admin bot,goodbye
Terima kasih Jelajahi,goodbye
Terima Jelajahi kasih,goodbye
Kasih Jelajahi,goodbye
Oke saya pamit dulu,goodbye
Pamit oke saya dulu,goodbye
Saya pamit,goodbye
Makasih ya informasinya,goodbye
Ya makasih informasinya,goodbye
Ya informasinya,goodbye
Terima kasih sudah menjawab,goodbye
Terima sudah menjawab kasih,goodbye
Kasih menjawab,goodbye
"Terima kasih, sangat informatif",goodbye
"Kasih terima sangat, informatif",goodbye
"Kasih, informatif",goodbye
"Makasih bot, sampai jumpa",goodbye
"Bot, makasih sampai jumpa",goodbye
"Makasih, sampai",goodbye
Baiklah terima kasih,goodbye
Baiklah kasih terima,goodbye
Terima kasih panduannya,goodbye
Terima panduannya kasih,goodbye
Kasih panduannya,goodbye
Makasih banyak atas bantuannya,goodbye
Banyak makasih bantuannya atas,goodbye
Makasih bantuannya,goodbye
"Oke cukup, terima kasih",goodbye
"Oke cukup kasih, terima",goodbye
"Cukup, kasih",goodbye
Terima kasih dan sampai jumpa,goodbye
Terima kasih sampai jumpa dan,goodbye
Terima kasih dan,goodbye
Makasih yaaa,goodbye
Yaaa makasih,goodbye
Yaaa,goodbye
Thanks a lot,goodbye
A thanks lot,goodbye
Thanks a,goodbye
Matur nuwun,goodbye
Nuwun matur,goodbye
Nuwun,goodbye
Terima kasih banyak,goodbye
Kasih terima banyak,goodbye
Terima banyak,goodbye
Oke sip terima kasih,goodbye
Sip terima oke kasih,goodbye
Sip terima kasih,goodbye
Terima kasih infonya bot,goodbye
Kasih terima bot infonya,goodbye
Kasih infonya bot,goodbye
Makasih banyak yaa,goodbye
Banyak makasih yaa,goodbye
Banyak yaa,goodbye
Terima kasih selamat malam,goodbye
Kasih selamat terima malam,goodbye
Makasih atas waktunya,goodbye
Atas makasih waktunya,goodbye
Makasih waktunya,goodbye
Tolong jelaskan sejarah Benteng Kuto Besak,ask_destination_info
Jelaskan sejarah Benteng Kuto,ask_destination_info
Beri tahu saya informasi tentang Pulau Kemaro,ask_destination_info
Beri tahu informasi tentang saya Kemaro Pulau,ask_destination_info
Tahu saya tentang Pulau,ask_destination_info
Apa saja yang ada di Museum SMB II?,ask_destination_info
Apa yang saja ada Museum di SMB? II,ask_destination_info
Apa yang di Museum SMB?,ask_destination_info
Bisa ceritakan tentang Masjid Agung Palembang?,ask_destination_info
Ceritakan tentang bisa Agung Masjid Palembang?,ask_destination_info
Ceritakan tentang Masjid?,ask_destination_info
Saya butuh detail tentang Taman Punti Kayu,ask_destination_info
Saya butuh detail tentang Punti Taman Kayu,ask_destination_info
Saya detail Taman Kayu,ask_destination_info
Info lengkap kawasan Jakabaring dong,ask_destination_info
Lengkap info Jakabaring kawasan dong,ask_destination_info
Lengkap kawasan dong,ask_destination_info
Ada apa saja di sekitar Monpera?,ask_destination_info
Apa ada saja di? sekitar Monpera,ask_destination_info
Apa sekitar Monpera?,ask_destination_info
Tolong deskripsikan Jembatan Ampera,ask_destination_info
Deskripsikan tolong Ampera Jembatan,ask_destination_info
Deskripsikan Ampera,ask_destination_info
Jelaskan latar belakang Al-Qur'an raksasa Al-Akbar,ask_destination_info
Latar jelaskan Al belakang - Qur ' raksasa an Al Akbar -,ask_destination_info
Jelaskan latar belakang - Qur ' Al -,ask_destination_info
Berikan ulasan tentang Kampung Kapitan,ask_destination_info
Berikan tentang ulasan Kapitan Kampung,ask_destination_info
Berikan tentang Kampung,ask_destination_info
Kasih info soal sejarah Jembatan Ampera dong,ask_destination_info
Info kasih soal sejarah Ampera dong Jembatan,ask_destination_info
Info soal Ampera dong,ask_destination_info
Pulau Kemaro itu tempat apa sih?,ask_destination_info
Itu pulau Kemaro apa tempat sih?,ask_destination_info
Pulau itu apa?,ask_destination_info
Di Benteng Kuto Besak bisa ngapain aja?,ask_destination_info
Benteng di Kuto bisa ngapain Besak aja?,ask_destination_info
Benteng Besak bisa ngapain aja?,ask_destination_info
Museum Balaputra Dewa isinya apa aja ya?,ask_destination_info
Museum dewa Balaputra isinya apa aja ya?,ask_destination_info
Museum apa aja ya?,ask_destination_info
Taman Punti Kayu itu wisata alam ya?,ask_destination_info
Taman Kayu Punti itu wisata ya? alam,ask_destination_info
Punti Kayu wisata alam ya?,ask_destination_info
Ceritain dikit soal Masjid Cheng Ho Palembang,ask_destination_info
Ceritain dikit soal Ho Masjid Palembang Cheng,ask_destination_info
Dikit soal Masjid Ho Palembang,ask_destination_info
Jakabaring Sport City itu isinya apa aja?,ask_destination_info
Sport jakabaring itu City isinya aja apa?,ask_destination_info
Jakabaring City isinya apa?,ask_destination_info
Ada info soal Taman Kambang Iwak?,ask_destination_info
Info soal Taman ada Kambang Iwak?,ask_destination_info
Info Taman Kambang?,ask_destination_info
Kasih tau saya tentang Bukit Siguntang,ask_destination_info
Kasih tau tentang saya Siguntang Bukit,ask_destination_info
Tau saya tentang Siguntang,ask_destination_info
Museum Sriwijaya itu gimana tempatnya?,ask_destination_info
Sriwijaya itu museum gimana tempatnya?,ask_destination_info
Sriwijaya itu tempatnya?,ask_destination_info
Apa yang menarik dari Pulau Kemaro?,ask_destination_info
Yang apa dari Pulau menarik Kemaro?,ask_destination_info
Apa dari Pulau?,ask_destination_info
Daya tarik utama Benteng Kuto Besak apa ya?,ask_destination_info
Tarik daya Benteng utama Kuto Besak apa? ya,ask_destination_info
Daya tarik utama Benteng Kuto?,ask_destination_info
Kenapa orang sering ke Jembatan Ampera?,ask_destination_info
Kenapa sering ke orang Ampera Jembatan?,ask_destination_info
Orang sering ke Ampera?,ask_destination_info
Hal seru apa yang bisa dilakukan di Punti Kayu?,ask_destination_info
Hal apa seru bisa yang dilakukan di Punti? Kayu,ask_destination_info
Hal yang bisa dilakukan Punti Kayu?,ask_destination_info
Fakta menarik tentang Masjid Agung dong,ask_destination_info
Fakta tentang menarik Agung Masjid dong,ask_destination_info
Fakta menarik tentang Masjid,ask_destination_info
Apa istimewanya Al-Qur'an Al-Akbar?,ask_destination_info
Istimewanya apa Al Qur - an ' - Al Akbar?,ask_destination_info
Apa Al - ' an -?,ask_destination_info
Bisa jelasin keunikan Kampung Arab Al-Munawar?,ask_destination_info
Bisa keunikan Kampung jelasin Arab Al -? Munawar,ask_destination_info
Bisa Kampung Arab - Munawar?,ask_destination_info
Apa saja koleksi di Museum SMB II?,ask_destination_info
Saja apa di koleksi SMB Museum II?,ask_destination_info
Saja koleksi di Museum II?,ask_destination_info
Kenapa harus mampir ke Kambang Iwak?,ask_destination_info
Mampir kenapa harus ke Kambang? Iwak,ask_destination_info
Harus ke Kambang Iwak?,ask_destination_info
Kegiatan apa yang bisa dilakukan di Jakabaring?,ask_destination_info
Kegiatan apa yang bisa di dilakukan Jakabaring?,ask_destination_info
Kegiatan yang bisa dilakukan?,ask_destination_info
Info Pulau Kemaro.,ask_destination_info
Kemaro info Pulau.,ask_destination_info
Info.,ask_destination_info
Detail Jembatan Ampera.,ask_destination_info
Jembatan Ampera detail.,ask_destination_info
Jembatan Ampera.,ask_destination_info
Sejarah Benteng Kuto Besak.,ask_destination_info
Benteng sejarah Kuto. Besak,ask_destination_info
Benteng Kuto Besak.,ask_destination_info
Tentang Museum SMB II.,ask_destination_info
Museum SMB II.,ask_destination_info
Deskripsi Punti Kayu.,ask_destination_info
Punti Kayu deskripsi.,ask_destination_info
Punti Kayu.,ask_destination_info
Penjelasan Masjid Agung Palembang.,ask_destination_info
Penjelasan Masjid. Agung Palembang,ask_destination_info
Masjid Agung Palembang.,ask_destination_info
Info wisata Bukit Siguntang.,ask_destination_info
Wisata Bukit info Siguntang.,ask_destination_info
Info Bukit.,ask_destination_info
Detail Kampung Kapitan.,ask_destination_info
Kampung Kapitan detail.,ask_destination_info
Kampung.,ask_destination_info
Sejarah Monpera.,ask_destination_info
Monpera sejarah.,ask_destination_info
Sejarah.,ask_destination_info
Tentang Al-Qur'an Raksasa.,ask_destination_info
Al tentang Qur - ' Raksasa an.,ask_destination_info
Tentang - Qur '.,ask_destination_info
Eh ada apa aja sih di Pulau Kemaro?,ask_destination_info
Ada eh apa aja di sih Kemaro Pulau?,ask_destination_info
Eh apa aja sih Kemaro?,ask_destination_info
Kalo ke Ampera bagusnya ngapain ya?,ask_destination_info
Kalo ke bagusnya Ampera ngapain ya?,ask_destination_info
Ke ngapain ya?,ask_destination_info
BKB itu tempat nongkrong bukan sih?,ask_destination_info
itu tempat BKB bukan nongkrong sih?,ask_destination_info
itu nongkrong bukan?,ask_destination_info
Punti kayu itu kayak hutan pinus gitu ya?,ask_destination_info
Punti itu kayu kayak hutan pinus gitu ya?,ask_destination_info
Punti itu hutan pinus ya?,ask_destination_info
Di Jakabaring ada wisata apa aja emang?,ask_destination_info
Jakabaring di ada wisata aja emang apa?,ask_destination_info
Jakabaring wisata apa emang?,ask_destination_info
Mau tau banget soal sejarah Masjid Agung.,ask_destination_info
Tau mau soal banget sejarah Masjid. Agung,ask_destination_info
Mau banget sejarah Masjid.,ask_destination_info
Penasaran sama isi Museum Sultan Mahmud Badaruddin.,ask_destination_info
Sama penasaran Sultan isi Museum Mahmud Badaruddin.,ask_destination_info
Sama isi Museum Badaruddin.,ask_destination_info
Spill info tentang wisata Kambang Iwak dong.,ask_destination_info
Info tentang spill Kambang wisata Iwak dong.,ask_destination_info
Info wisata Kambang dong.,ask_destination_info
Ceritain dong asal usul Pulau Kemaro.,ask_destination_info
Dong ceritain usul asal Kemaro Pulau.,ask_destination_info
Ceritain usul Kemaro.,ask_destination_info
Kasih ringkasan soal Monumen Perjuangan Rakyat.,ask_destination_info
Kasih ringkasan soal Perjuangan Monumen Rakyat.,ask_destination_info
Ringkasan soal Monumen.,ask_destination_info
Wisata yang deket stasiun LRT mana aja?,ask_lrt_destinations
Wisata yang deket mana stasiun aja LRT?,ask_lrt_destinations
Wisata deket LRT aja?,ask_lrt_destinations
Bisa kasih tau tempat wisata yang dilewatin LRT?,ask_lrt_destinations
Kasih bisa tau tempat wisata LRT yang dilewatin?,ask_lrt_destinations
Kasih tempat wisata yang LRT?,ask_lrt_destinations
Destinasi wisata Palembang yang bisa naik LRT,ask_lrt_destinations
Destinasi Palembang wisata yang bisa naik LRT,ask_lrt_destinations
Destinasi Palembang yang naik,ask_lrt_destinations
Kalau mau jalan-jalan naik LRT turun di mana aja?,ask_lrt_destinations
Mau kalau jalan - jalan naik turun LRT di mana aja?,ask_lrt_destinations
Kalau - naik LRT turun di mana?,ask_lrt_destinations
Stasiun LRT yang dekat tempat wisata,ask_lrt_destinations
Stasiun LRT dekat yang wisata tempat,ask_lrt_destinations
LRT dekat tempat wisata,ask_lrt_destinations
Rekomendasi tempat liburan yang bisa diakses LRT,ask_lrt_destinations
Tempat rekomendasi liburan bisa diakses yang LRT,ask_lrt_destinations
Tempat liburan bisa diakses,ask_lrt_destinations
Ada wisata sejarah yang deket jalur LRT nggak?,ask_lrt_destinations
Wisata ada yang sejarah deket jalur nggak LRT?,ask_lrt_destinations
Ada deket jalur LRT nggak?,ask_lrt_destinations
Mau keliling Palembang naik LRT tujuannya apa aja?,ask_lrt_destinations
Mau keliling Palembang LRT naik tujuannya apa aja?,ask_lrt_destinations
Keliling Palembang naik tujuannya aja?,ask_lrt_destinations
Wisata keluarga yang deket stasiun LRT,ask_lrt_destinations
Keluarga wisata deket yang stasiun LRT,ask_lrt_destinations
Wisata keluarga yang stasiun,ask_lrt_destinations
Daftar destinasi wisata LRT Palembang,ask_lrt_destinations
Wisata daftar destinasi LRT Palembang,ask_lrt_destinations
Daftar wisata LRT,ask_lrt_destinations
Cara ke tempat wisata pakai LRT,ask_lrt_destinations
Cara ke pakai tempat wisata LRT,ask_lrt_destinations
Cara ke tempat LRT,ask_lrt_destinations
Turun di stasiun mana kalau mau ke Ampera?,ask_lrt_destinations
Di turun stasiun mana kalau mau Ampera? ke,ask_lrt_destinations
Di stasiun kalau mau Ampera?,ask_lrt_destinations
Stasiun LRT terdekat dari Jakabaring,ask_lrt_destinations
LRT stasiun terdekat Jakabaring dari,ask_lrt_destinations
Stasiun LRT Jakabaring,ask_lrt_destinations
Wisata kuliner yang bisa dicapai dengan LRT,ask_lrt_destinations
Kuliner yang bisa wisata dicapai dengan LRT,ask_lrt_destinations
Wisata kuliner dicapai LRT,ask_lrt_destinations
Tempat nongkrong deket stasiun LRT,ask_lrt_destinations
Nongkrong deket tempat stasiun LRT,ask_lrt_destinations
Nongkrong deket stasiun LRT,ask_lrt_destinations
Naik LRT ke Benteng Kuto Besak turun dimana?,ask_lrt_destinations
LRT ke naik Benteng Besak Kuto turun dimana?,ask_lrt_destinations
Naik ke Benteng Besak turun?,ask_lrt_destinations
Akses LRT ke Punti Kayu,ask_lrt_destinations
Akses ke LRT Kayu Punti,ask_lrt_destinations
LRT ke Kayu,ask_lrt_destinations
Wisata Palembang rute LRT,ask_lrt_destinations
Palembang LRT,ask_lrt_destinations
Jalan-jalan murah naik LRT ke mana enaknya?,ask_lrt_destinations
- jalan murah jalan naik LRT ke mana? enaknya,ask_lrt_destinations
Jalan - murah LRT ke enaknya?,ask_lrt_destinations
Info wisata sekitar stasiun LRT,ask_lrt_destinations
Wisata sekitar info stasiun LRT,ask_lrt_destinations
Wisata sekitar LRT,ask_lrt_destinations
Ada nggak wisata alam yang deket LRT?,ask_lrt_destinations
Nggak ada wisata deket alam yang LRT?,ask_lrt_destinations
Nggak wisata alam yang deket?,ask_lrt_destinations
Destinasi yang gampang dijangkau LRT,ask_lrt_destinations
Destinasi gampang LRT,ask_lrt_destinations
Tempat hits Palembang deket LRT,ask_lrt_destinations
Tempat Palembang LRT,ask_lrt_destinations
Panduan wisata naik LRT Palembang,ask_lrt_destinations
Panduan wisata Palembang naik LRT,ask_lrt_destinations
Panduan wisata LRT,ask_lrt_destinations
LRT Palembang lewat tempat wisata apa aja?,ask_lrt_destinations
Palembang lewat LRT wisata tempat apa aja?,ask_lrt_destinations
LRT tempat wisata apa?,ask_lrt_destinations
Stasiun bumi sriwijaya dekat wisata apa?,ask_lrt_destinations
Bumi stasiun dekat sriwijaya wisata? apa,ask_lrt_destinations
Stasiun bumi dekat?,ask_lrt_destinations
Rute LRT yang melewati tempat bersejarah,ask_lrt_destinations
LRT rute yang melewati bersejarah tempat,ask_lrt_destinations
Rute LRT tempat bersejarah,ask_lrt_destinations
Kemana saja naik LRT di Palembang,ask_lrt_destinations
Saja kemana naik LRT Palembang di,ask_lrt_destinations
Saja naik LRT di Palembang,ask_lrt_destinations
Wisata belanja yang deket stasiun LRT,ask_lrt_destinations
Wisata belanja deket yang LRT stasiun,ask_lrt_destinations
Belanja yang deket LRT,ask_lrt_destinations
Naik LRT ke Museum SMB II,ask_lrt_destinations
LRT naik Museum ke SMB II,ask_lrt_destinations
LRT ke Museum SMB II,ask_lrt_destinations
Akses transportasi LRT ke tempat wisata,ask_lrt_destinations
Transportasi akses ke LRT tempat wisata,ask_lrt_destinations
Akses LRT ke wisata,ask_lrt_destinations
Daftar halte LRT dan tempat wisata terdekat,ask_lrt_destinations
Daftar halte LRT dan tempat terdekat wisata,ask_lrt_destinations
Daftar dan tempat wisata,ask_lrt_destinations
Keliling kota naik LRT mampir kemana ya?,ask_lrt_destinations
Kota keliling naik LRT mampir kemana ya?,ask_lrt_destinations
Keliling kota naik LRT?,ask_lrt_destinations
Wisata religi yang deket jalur LRT,ask_lrt_destinations
Wisata religi deket yang LRT jalur,ask_lrt_destinations
Wisata yang jalur LRT,ask_lrt_destinations
Dari stasiun LRT bandara bisa ke wisata mana?,ask_lrt_destinations
Stasiun dari LRT bisa bandara ke mana wisata?,ask_lrt_destinations
Dari stasiun bandara bisa ke?,ask_lrt_destinations
Destinasi favorit pengguna LRT,ask_lrt_destinations
Favorit destinasi LRT pengguna,ask_lrt_destinations
Favorit pengguna,ask_lrt_destinations
Tempat wisata ramah anak deket LRT,ask_lrt_destinations
Wisata tempat ramah deket anak LRT,ask_lrt_destinations
Tempat anak deket LRT,ask_lrt_destinations
Jadwal LRT dan lokasi wisata,ask_lrt_destinations
Jadwal lokasi LRT dan wisata,ask_lrt_destinations
Jadwal dan wisata,ask_lrt_destinations
Turun stasiun ampera bisa ke mana aja?,ask_lrt_destinations
Turun ampera stasiun bisa mana ke? aja,ask_lrt_destinations
Stasiun ampera bisa mana?,ask_lrt_destinations
Lokasi wisata palembang via LRT,ask_lrt_destinations
Wisata lokasi via palembang LRT,ask_lrt_destinations
Wisata via LRT,ask_lrt_destinations
Naik kereta LRT ke tempat wisata,ask_lrt_destinations
Kereta naik LRT tempat ke wisata,ask_lrt_destinations
Naik LRT ke wisata,ask_lrt_destinations
Wisata tersembunyi dekat stasiun LRT,ask_lrt_destinations
Tersembunyi wisata dekat LRT stasiun,ask_lrt_destinations
Wisata tersembunyi stasiun,ask_lrt_destinations
Rekomendasi jalan-jalan sore naik LRT,ask_lrt_destinations
Rekomendasi - jalan jalan sore naik LRT,ask_lrt_destinations
Rekomendasi - naik LRT,ask_lrt_destinations
Spot foto bagus deket jalur LRT,ask_lrt_destinations
Spot foto deket bagus LRT jalur,ask_lrt_destinations
Foto bagus deket jalur LRT,ask_lrt_destinations
Transportasi LRT untuk wisatawan,ask_lrt_destinations
LRT untuk transportasi wisatawan,ask_lrt_destinations
LRT untuk wisatawan,ask_lrt_destinations
Wisata kuliner pempek dekat stasiun LRT,ask_lrt_destinations
Wisata pempek kuliner stasiun dekat LRT,ask_lrt_destinations
Kuliner pempek dekat stasiun LRT,ask_lrt_destinations
Jangkauan LRT ke tempat rekreasi,ask_lrt_destinations
Jangkauan ke LRT rekreasi tempat,ask_lrt_destinations
Jangkauan ke tempat,ask_lrt_destinations
Stasiun DJKA dekat dengan wisata apa?,ask_lrt_destinations
DJKA stasiun dengan wisata dekat apa?,ask_lrt_destinations
Stasiun dengan apa?,ask_lrt_destinations
Akses mudah wisata Palembang dengan LRT,ask_lrt_destinations
Akses Palembang mudah wisata dengan LRT,ask_lrt_destinations
Mudah wisata dengan LRT,ask_lrt_destinations
Tempat wisata yang wajib dikunjungi via LRT,ask_lrt_destinations
Wisata tempat dikunjungi yang wajib via LRT,ask_lrt_destinations
Wisata wajib dikunjungi via LRT,ask_lrt_destinations
Hello,greet
Hey,greet
Good morning,greet
Morning good,greet
Good,greet
Good afternoon,greet
Afternoon good,greet
Good evening,greet
Evening good,greet
Evening,greet
Hi there,greet
There hi,greet
Hello bot,greet
Bot hello,greet
Greetings,greet
Hey chatbot,greet
Chatbot hey,greet
Hi admin,greet
Admin hi,greet
Hello Jelajahi,greet
Jelajahi hello,greet
Is anyone there?,greet
Is?,greet
Testing,greet
Yo,greet
Hi Palembang,greet
Palembang hi,greet
Hello tourism bot,greet
Hello bot tourism,greet
Tourism bot,greet
Good day,greet
Day good,greet
Day,greet
Morning,greet
Afternoon,greet
Hi app,greet
App hi,greet
Hello friend,greet
Friend hello,greet
Friend,greet
Nice to meet you,greet
Nice you to meet,greet
Nice to,greet
Can you help me?,greet
Help can you me?,greet
You me?,greet
Hello anyone here,greet
Anyone hello here,greet
Hello anyone,greet
Check,greet
Hi Jelajahi app,greet
Hi app Jelajahi,greet
Hiii,greet
Hellooo,greet
Welcome,greet
Bot tourism,greet
Hey admin,greet
Admin hey,greet
What's up,greet
' what up s,greet
What ',greet
Hello Palembang city,greet
Palembang hello city,greet
Palembang city,greet
Hi Palembang bot,greet
Hi bot Palembang,greet
Hi bot,greet
Greetings admin,greet
Admin greetings,greet
Salutations,greet
Aloha,greet
Hola,greet
Howdy,greet
Hello system,greet
System hello,greet
Bot active?,greet
Active bot?,greet
Hello tourism app,greet
Tourism hello app,greet
Hello app,greet
Good morning bot,greet
Good bot morning,greet
Good bot,greet
Good afternoon admin,greet
Afternoon good admin,greet
Afternoon admin,greet
Hi program,greet
Program hi,greet
Program,greet
Hello AI,greet
AI hello,greet
AI,greet
Recommend places to visit in Palembang,ask_recommendation
Recommend places to in,ask_recommendation
What are the must-visit places?,ask_recommendation
What are must the places - visit?,ask_recommendation
Are must - visit places?,ask_recommendation
Any recommendations for family destinations?,ask_recommendation
Any recommendations family for? destinations,ask_recommendation
Recommendations family destinations?,ask_recommendation
Give me some good places to hang out,ask_recommendation
Give me some good places to out hang,ask_recommendation
Me good places to hang out,ask_recommendation
Where should I go this weekend?,ask_recommendation
Should where I weekend go this?,ask_recommendation
Where should I?,ask_recommendation
Palembang holiday recommendations,ask_recommendation
Holiday palembang recommendations,ask_recommendation
Palembang recommendations,ask_recommendation
Most popular tourist spots in Palembang,ask_recommendation
Most popular in Palembang,ask_recommendation
Trending tourist destinations right now,ask_recommendation
Tourist trending destinations now right,ask_recommendation
Trending tourist right,ask_recommendation
Give me some tourist spot suggestions,ask_recommendation
Me give some tourist suggestions spot,ask_recommendation
Give me some suggestions,ask_recommendation
Recommendations please,ask_recommendation
Please recommendations,ask_recommendation
Recommendations,ask_recommendation
Tell me the best tourist attractions,ask_recommendation
Me tell best the tourist attractions,ask_recommendation
Tell me the tourist,ask_recommendation
Where should a first-timer go in Palembang?,ask_recommendation
Where a should - first go timer in Palembang?,ask_recommendation
Where should first - timer in?,ask_recommendation
Recommend instagrammable photo spots,ask_recommendation
Instagrammable recommend spots photo,ask_recommendation
Instagrammable spots,ask_recommendation
The most popular tourist spots,ask_recommendation
The popular tourist most spots,ask_recommendation
The most tourist,ask_recommendation
Nice places for an afternoon walk,ask_recommendation
Places nice an for afternoon walk,ask_recommendation
Nice places an walk,ask_recommendation
Destination recommendations bot,ask_recommendation
Destination bot recommendations,ask_recommendation
Destination bot,ask_recommendation
Where is the best place for a vacation in Palembang?,ask_recommendation
Where is best place the for a vacation in Palembang?,ask_recommendation
Is place for a in Palembang?,ask_recommendation
Please suggest a tourist spot,ask_recommendation
Please suggest spot a tourist,ask_recommendation
Suggest a spot,ask_recommendation
Latest Palembang tourism recommendations,ask_recommendation
Palembang tourism latest recommendations,ask_recommendation
Palembang tourism,ask_recommendation
What places are crowded right now?,ask_recommendation
What are places right now crowded?,ask_recommendation
What crowded right?,ask_recommendation
Looking for weekend getaway spots,ask_recommendation
Looking getaway for weekend spots,ask_recommendation
Looking for weekend,ask_recommendation
Any holiday suggestions?,ask_recommendation
Holiday suggestions any?,ask_recommendation
Holiday suggestions?,ask_recommendation
Can I get some tourism recommendations?,ask_recommendation
Can I get tourism some recommendations?,ask_recommendation
I some tourism?,ask_recommendation
Most iconic places in Palembang besides Ampera,ask_recommendation
Most places in iconic Palembang Ampera besides,ask_recommendation
Iconic places in Palembang besides,ask_recommendation
Recommend relaxing places in Palembang,ask_recommendation
Relaxing recommend in places Palembang,ask_recommendation
Recommend relaxing places,ask_recommendation
Give me some holiday ideas,ask_recommendation
Give some me ideas holiday,ask_recommendation
Give some ideas,ask_recommendation
Confused about where to go any suggestions?,ask_recommendation
About confused where go to suggestions any?,ask_recommendation
Confused where to go?,ask_recommendation
Recreation place recommendations,ask_recommendation
Recreation recommendations place,ask_recommendation
Recreation place,ask_recommendation
Top tourist destinations in Palembang city,ask_recommendation
Top tourist destinations city in Palembang,ask_recommendation
Top tourist destinations Palembang,ask_recommendation
Places suitable for healing,ask_recommendation
Suitable for healing,ask_recommendation
Looking for cool and breezy tourist spots,ask_recommendation
For looking cool breezy and spots tourist,ask_recommendation
Looking for cool breezy,ask_recommendation
Recommend a fun place to hang out,ask_recommendation
A recommend place fun to out hang,ask_recommendation
Recommend place to hang,ask_recommendation
What tourism is good here?,ask_recommendation
Tourism is good?,ask_recommendation
Any interesting places to visit?,ask_recommendation
Interesting any places to? visit,ask_recommendation
Any to visit?,ask_recommendation
Recommend places to visit with kids,ask_recommendation
Recommend places visit to kids with,ask_recommendation
Places visit with kids,ask_recommendation
Fun places to hang out with friends,ask_recommendation
Places fun to out hang friends with,ask_recommendation
Fun places hang out,ask_recommendation
Give me a list of the best tourist spots,ask_recommendation
Me give list a of the best spots tourist,ask_recommendation
Give me a best tourist spots,ask_recommendation
Top 5 Palembang tourism recommendations,ask_recommendation
5 top tourism Palembang recommendations,ask_recommendation
Top 5 Palembang,ask_recommendation
Must-visit places for tourists,ask_recommendation
Must visit - for places tourists,ask_recommendation
- visit places tourists,ask_recommendation
Favorite holiday destinations in Palembang,ask_recommendation
Favorite in Palembang,ask_recommendation
Recommend interesting tourist attractions,ask_recommendation
Recommend tourist,ask_recommendation
Suggestions for tomorrow's destination,ask_recommendation
Suggestions for tomorrow destination ' s,ask_recommendation
Suggestions ' s destination,ask_recommendation
Top tier tourist spots,ask_recommendation
Tier tourist top spots,ask_recommendation
Top tourist,ask_recommendation
Give me cool destination recommendations,ask_recommendation
Give me recommendations cool destination,ask_recommendation
Give destination recommendations,ask_recommendation
Recommend me a nice place,ask_recommendation
Me recommend a place nice,ask_recommendation
Recommend a place,ask_recommendation
Looking for places to stroll around Palembang city,ask_recommendation
Looking for places to stroll around city Palembang,ask_recommendation
For places stroll Palembang city,ask_recommendation
Any date spot recommendations?,ask_recommendation
Date any spot? recommendations,ask_recommendation
Date recommendations?,ask_recommendation
Tourist spots suitable for young people,ask_recommendation
Tourist suitable spots for people young,ask_recommendation
Spots suitable for people,ask_recommendation
Suggestions for places that aren't boring,ask_recommendation
That suggestions for places aren ' t boring,ask_recommendation
For places that aren ' boring,ask_recommendation
Recommendations for a short getaway in Palembang,ask_recommendation
For recommendations a getaway short Palembang in,ask_recommendation
Recommendations a getaway Palembang,ask_recommendation
Please explain the history of Benteng Kuto Besak,ask_destination_info
Please the explain history Kuto of Benteng Besak,ask_destination_info
Explain the of Benteng Kuto,ask_destination_info
Tell me information about Kemaro Island,ask_destination_info
Me tell information about Island Kemaro,ask_destination_info
Tell information about Kemaro,ask_destination_info
What is inside the SMB II Museum?,ask_destination_info
Inside what is the SMB II? Museum,ask_destination_info
Is inside SMB Museum?,ask_destination_info
Can you tell me about the Palembang Grand Mosque?,ask_destination_info
Can you tell about me the Palembang Mosque? Grand,ask_destination_info
Can you tell about Grand Mosque?,ask_destination_info
I need details about Punti Kayu Park,ask_destination_info
I need Punti details Kayu about Park,ask_destination_info
Need details about Kayu Park,ask_destination_info
Give me full info on the Jakabaring area,ask_destination_info
Give me full info the on Jakabaring area,ask_destination_info
Me info on Jakabaring area,ask_destination_info
What is around Monpera?,ask_destination_info
What around?,ask_destination_info
Please describe the Ampera Bridge,ask_destination_info
Describe please the Bridge Ampera,ask_destination_info
Please describe Bridge,ask_destination_info
Explain the background of the Al-Akbar Giant Quran,ask_destination_info
Explain the of background the Al - Giant Quran Akbar,ask_destination_info
The background the Al - Akbar Giant,ask_destination_info
Give me a review of Kampung Kapitan,ask_destination_info
Me give review a of Kapitan Kampung,ask_destination_info
Give me a of,ask_destination_info
Give me info about the history of Ampera Bridge,ask_destination_info
Me give info the about of history Ampera Bridge,ask_destination_info
Me info about the history of Ampera,ask_destination_info
What kind of place is Kemaro Island?,ask_destination_info
Of what kind is place Kemaro Island?,ask_destination_info
What kind of is?,ask_destination_info
What can I do at Benteng Kuto Besak?,ask_destination_info
What can I do at Benteng Kuto? Besak,ask_destination_info
What I at Benteng Besak?,ask_destination_info
What's inside the Balaputra Dewa Museum?,ask_destination_info
What ' inside s the Dewa Museum Balaputra?,ask_destination_info
What ' s inside Museum?,ask_destination_info
Is Punti Kayu a nature tourism spot?,ask_destination_info
Is Kayu Punti nature a spot tourism?,ask_destination_info
Punti Kayu nature tourism spot?,ask_destination_info
Tell me a bit about the Cheng Ho Mosque Palembang,ask_destination_info
Tell me a bit about the Ho Cheng Mosque Palembang,ask_destination_info
Tell me a the Cheng Ho Palembang,ask_destination_info
What is inside Jakabaring Sport City?,ask_destination_info
Is inside what Sport Jakabaring City?,ask_destination_info
Is inside Sport?,ask_destination_info
Any info about Kambang Iwak Park?,ask_destination_info
Any info Kambang about Iwak Park?,ask_destination_info
Info Iwak Park?,ask_destination_info
Tell me about Siguntang Hill,ask_destination_info
Me about Siguntang,ask_destination_info
What is the Sriwijaya Museum like?,ask_destination_info
What is the Sriwijaya Museum? like,ask_destination_info
Is Museum like?,ask_destination_info
What's interesting about Kemaro Island?,ask_destination_info
What ' s interesting about Island Kemaro?,ask_destination_info
What ' s Island?,ask_destination_info
What is the main attraction of Benteng Kuto Besak?,ask_destination_info
What main is the of attraction Benteng Kuto Besak?,ask_destination_info
Is the attraction of Benteng Besak?,ask_destination_info
Why do people often visit Ampera Bridge?,ask_destination_info
Why do people visit often Bridge? Ampera,ask_destination_info
Do people Ampera Bridge?,ask_destination_info
What fun things can be done at Punti Kayu?,ask_destination_info
Fun can what things be done at Punti Kayu?,ask_destination_info
What fun things can be done?,ask_destination_info
Give me interesting facts about the Grand Mosque,ask_destination_info
Me give facts interesting the about Grand Mosque,ask_destination_info
Give interesting facts about Mosque,ask_destination_info
What is special about the Al-Akbar Quran?,ask_destination_info
What special is the about Al Akbar - Quran?,ask_destination_info
What about Al - Akbar Quran?,ask_destination_info
Can you explain the uniqueness of Al-Munawar Arab Village?,ask_destination_info
Can you explain uniqueness the Al of Munawar - Arab? Village,ask_destination_info
Can you of - Munawar Arab Village?,ask_destination_info
What are the collections in the SMB II Museum?,ask_destination_info
Are what the in collections the SMB Museum II?,ask_destination_info
What collections in the SMB II?,ask_destination_info
Why should I visit Kambang Iwak?,ask_destination_info
Should why I visit Kambang Iwak?,ask_destination_info
Should visit Kambang?,ask_destination_info
What activities can be done in Jakabaring?,ask_destination_info
Activities what be can done Jakabaring in?,ask_destination_info
What be done in?,ask_destination_info
Kemaro Island info.,ask_destination_info
Island kemaro. info,ask_destination_info
Island.,ask_destination_info
Ampera Bridge details.,ask_destination_info
Bridge details ampera.,ask_destination_info
Ampera.,ask_destination_info
History of Benteng Kuto Besak.,ask_destination_info
Of history Kuto Benteng Besak.,ask_destination_info
History of Benteng.,ask_destination_info
About the SMB II Museum.,ask_destination_info
About the Museum SMB II.,ask_destination_info
The SMB Museum.,ask_destination_info
Description of Punti Kayu.,ask_destination_info
Description Punti Kayu of.,ask_destination_info
Description of.,ask_destination_info
Explanation of Palembang Grand Mosque.,ask_destination_info
Explanation Palembang Grand of Mosque.,ask_destination_info
Explanation of Palembang.,ask_destination_info
Siguntang Hill tourism info.,ask_destination_info
Hill tourism siguntang info.,ask_destination_info
Hill info.,ask_destination_info
Kampung Kapitan details.,ask_destination_info
Details kampung Kapitan.,ask_destination_info
Kapitan details.,ask_destination_info
History of Monpera.,ask_destination_info
Of Monpera history.,ask_destination_info
Of Monpera.,ask_destination_info
About the Giant Quran.,ask_destination_info
The about Quran Giant.,ask_destination_info
The Giant.,ask_destination_info
What exactly is on Kemaro Island?,ask_destination_info
Exactly what is Kemaro on? Island,ask_destination_info
Exactly Kemaro Island?,ask_destination_info
What's good to do when visiting Ampera?,ask_destination_info
What ' to s good when do visiting Ampera?,ask_destination_info
' good do when visiting Ampera?,ask_destination_info
Is BKB a hangout spot?,ask_destination_info
Is a BKB hangout? spot,ask_destination_info
Is hangout spot?,ask_destination_info
Is Punti Kayu like a pine forest?,ask_destination_info
Punti is Kayu like a pine forest?,ask_destination_info
Is Punti a pine?,ask_destination_info
What tourist attractions are in Jakabaring?,ask_destination_info
What attractions tourist Jakabaring are in?,ask_destination_info
What tourist are?,ask_destination_info
I really want to know the history of the Grand Mosque.,ask_destination_info
I want to really know history the the of Grand Mosque.,ask_destination_info
Really want to know of the Grand.,ask_destination_info
Curious about the contents of the Sultan Mahmud Badaruddin Museum.,ask_destination_info
About curious contents the of the Sultan Badaruddin Museum Mahmud.,ask_destination_info
Curious the contents of the Sultan.,ask_destination_info
Spill info about Kambang Iwak tourism please.,ask_destination_info
Spill about info Iwak tourism Kambang please.,ask_destination_info
Spill Iwak tourism please.,ask_destination_info
Tell me the origin of Kemaro Island.,ask_destination_info
Me the tell origin of Island Kemaro.,ask_destination_info
Tell me the Kemaro.,ask_destination_info
Give me a summary of the People's Struggle Monument.,ask_destination_info
Give me a of summary the People s ' Struggle Monument.,ask_destination_info
Me a summary of the People ' Monument.,ask_destination_info
What are the historical tourism spots in Palembang?,ask_category
Are what the tourism historical spots in? Palembang,ask_category
Are the spots in Palembang?,ask_category
Looking for authentic Palembang culinary spots,ask_category
Looking for Palembang authentic spots culinary,ask_category
For authentic Palembang culinary,ask_category
Where is the branch of RM Pagi Sore in Palembang?,ask_category
Is where the branch of RM Pagi Sore in? Palembang,ask_category
Where the of Sore in Palembang?,ask_category
Recommend some religious tourism places,ask_category
Some recommend tourism religious places,ask_category
Recommend religious places,ask_category
Show me nature tourism destinations,ask_category
Show nature me destinations tourism,ask_category
Me nature tourism,ask_category
Are there sports tourism places besides Jakabaring?,ask_category
Sports are there tourism places Jakabaring besides?,ask_category
There tourism places besides Jakabaring?,ask_category
Looking for a place that sells good nusantara fried rice,ask_category
Looking for a sells place good that nusantara fried rice,ask_category
Looking a place sells good nusantara fried,ask_category
List of historical tourist attractions,ask_category
Of list historical attractions tourist,ask_category
List tourist attractions,ask_category
Where can I find delicious pempek culinary spots?,ask_category
Where I delicious can find pempek culinary spots?,ask_category
Where can I find pempek?,ask_category
Please find a cool nature tourism spot,ask_category
Find please cool a tourism nature spot,ask_category
Find a cool nature,ask_category
Recommend a nice local iced coffee shop,ask_category
Recommend a local nice coffee shop iced,ask_category
A nice coffee shop,ask_category
Where is the PIM Palembang XXI cinema located?,ask_category
Where is PIM the XXI Palembang located cinema?,ask_category
Where the Palembang XXI located?,ask_category
Looking for Buddhist religious tourist spots,ask_category
Looking for Buddhist spots religious tourist,ask_category
Looking Buddhist religious spots,ask_category
Where is the famous meatball place?,ask_category
Where is the famous place meatball?,ask_category
Is famous meatball place?,ask_category
Are there educational tours for kids?,ask_category
Are educational for there tours kids?,ask_category
Are tours kids?,ask_category
Show all historical tourism places,ask_category
Show historical all places tourism,ask_category
Show all places,ask_category
List of Palembang culinary tourism,ask_category
Of list Palembang tourism culinary,ask_category
List Palembang culinary,ask_category
Looking for amusement parks in Palembang,ask_category
For looking parks amusement in Palembang,ask_category
For amusement parks in,ask_category
What are the cultural tours in Palembang?,ask_category
Are what the cultural tours in Palembang?,ask_category
Are the cultural tours in?,ask_category
Tourist spots categorized as nature,ask_category
Spots tourist as categorized nature,ask_category
Spots categorized nature,ask_category
Show me the list of religious tourism,ask_category
Me list show the of religious tourism,ask_category
Show list of religious,ask_category
Sports tourism in Palembang,ask_category
Sports in Palembang tourism,ask_category
Tourism Palembang,ask_category
Recommend a good coffee shop,ask_category
A recommend coffee good shop,ask_category
A good coffee shop,ask_category
Look for historical museums,ask_category
For historical look museums,ask_category
For historical museums,ask_category
Good places for lunch,ask_category
Places good lunch for,ask_category
Places for,ask_category
Outdoor nature tourism in Palembang,ask_category
Outdoor in Palembang,ask_category
Pilgrimage or religious tourism places,ask_category
Or pilgrimage religious places tourism,ask_category
Or religious tourism places,ask_category
List of legendary Padang restaurants,ask_category
Of list legendary restaurants Padang,ask_category
List Padang restaurants,ask_category
Looking for a comfortable cinema,ask_category
Looking a for cinema comfortable,ask_category
For comfortable cinema,ask_category
Water or river tourism in Palembang,ask_category
Water river or in tourism Palembang,ask_category
Water river tourism in,ask_category
Historical tourist spots of the Sriwijaya Kingdom,ask_category
Tourist spots historical of Sriwijaya the Kingdom,ask_category
Historical of the Sriwijaya,ask_category
Recommendations for late-night culinary spots,ask_category
Recommendations - for late culinary night spots,ask_category
Recommendations late - culinary,ask_category
Nature tourism with lots of trees,ask_category
Nature lots of trees,ask_category
Tourist places for morning sports,ask_category
Places tourist for sports morning,ask_category
Places for sports,ask_category
Historical tourism category,ask_category
Historical category tourism,ask_category
Tourism category,ask_category
Please filter by culinary tourism only,ask_category
Please by filter culinary only tourism,ask_category
Please filter by only,ask_category
Show only nature tourism,ask_category
Only nature show tourism,ask_category
Only tourism,ask_category
Looking for local cultural tourism destinations,ask_category
Looking for cultural local destinations tourism,ask_category
Looking for tourism destinations,ask_category
Recommendations for chicken noodle places,ask_category
Recommendations for noodle places chicken,ask_category
Recommendations chicken noodle,ask_category
City park tourism in Palembang,ask_category
Park city tourism Palembang in,ask_category
Park tourism Palembang,ask_category
List of historical places of worship,ask_category
Of list places historical of worship,ask_category
Of historical places of,ask_category
Looking for legendary culinary tourism,ask_category
For legendary tourism,ask_category
Dutch colonial historical tourism,ask_category
Colonial dutch tourism historical,ask_category
Dutch colonial,ask_category
Places to buy culinary souvenirs,ask_category
Places buy to souvenirs culinary,ask_category
To culinary souvenirs,ask_category
Nature tourism suitable for picnics,ask_category
Tourism suitable for,ask_category
Looking for a coffee shop with a nature vibe,ask_category
For looking a coffee shop a with vibe nature,ask_category
For coffee shop with a nature,ask_category
List of sports and athletic tourist spots,ask_category
List of athletic sports and spots tourist,ask_category
List of and athletic,ask_category
Religious tourism for Muslims,ask_category
Tourism religious Muslims for,ask_category
Tourism Muslims,ask_category
Looking for a place that sells green chili fried chicken,ask_category
For looking place a that sells green chili chicken fried,ask_category
For a that sells green fried chicken,ask_category
Show the educational tourism category,ask_category
Show the category educational tourism,ask_category
Show educational tourism,ask_category
What time does Ampera Bridge open?,ask_operating_hours
What time Ampera does Bridge open?,ask_operating_hours
Time does open?,ask_operating_hours
Opening schedule of SMB II Museum,ask_operating_hours
Schedule of SMB II Museum,ask_operating_hours
Is Punti Kayu open on Sundays?,ask_operating_hours
Punti is Kayu on open? Sundays,ask_operating_hours
Punti open on Sundays?,ask_operating_hours
Operating hours of Kemaro Island,ask_operating_hours
Operating of hours Island Kemaro,ask_operating_hours
Operating hours Island,ask_operating_hours
What time does Benteng Kuto Besak close?,ask_operating_hours
Does what Benteng time Kuto Besak close?,ask_operating_hours
What does Kuto close?,ask_operating_hours
Opening hours of Jakabaring Sport City,ask_operating_hours
Opening of hours Sport Jakabaring City,ask_operating_hours
Hours of Sport City,ask_operating_hours
Is the Palembang Grand Mosque open 24 hours?,ask_operating_hours
Is the Palembang Grand open Mosque 24 hours?,ask_operating_hours
Is the Grand Mosque 24?,ask_operating_hours
Info on opening hours of Al-Akbar Quran,ask_operating_hours
On info opening hours of Al - Akbar Quran,ask_operating_hours
On opening hours of - Akbar,ask_operating_hours
From what time to what time is Kambang Iwak open?,ask_operating_hours
From what time to what is time Iwak Kambang open?,ask_operating_hours
What time to what time is open?,ask_operating_hours
Operating hours of Balaputra Dewa Museum,ask_operating_hours
Hours operating Balaputra of Dewa Museum,ask_operating_hours
Hours of Balaputra Dewa,ask_operating_hours
Is Punti Kayu still open on national holidays?,ask_operating_hours
Punti is still Kayu on open national holidays?,ask_operating_hours
Is Punti Kayu still holidays?,ask_operating_hours
What time does Siguntang Hill close?,ask_operating_hours
Time what Hill does Siguntang close?,ask_operating_hours
What time close?,ask_operating_hours
Operating schedule of Palembang LRT,ask_operating_hours
Schedule operating of LRT Palembang,ask_operating_hours
Operating of Palembang,ask_operating_hours
Opening hours of Monpera Palembang,ask_operating_hours
Hours opening of Palembang Monpera,ask_operating_hours
Hours of Monpera,ask_operating_hours
What days is the Sriwijaya Museum open?,ask_operating_hours
What days the is Sriwijaya Museum open?,ask_operating_hours
Days is the Sriwijaya open?,ask_operating_hours
What time is best to visit the 7 Ulu area?,ask_operating_hours
What is time visit best to the Ulu 7 area?,ask_operating_hours
What time best to visit 7?,ask_operating_hours
Operating hours of Kampung Kapitan,ask_operating_hours
Hours operating of Kapitan Kampung,ask_operating_hours
Operating hours of,ask_operating_hours
Operational time of this tourist spot,ask_operating_hours
Time operational of this spot tourist,ask_operating_hours
Time this tourist spot,ask_operating_hours
What time does it open today?,ask_operating_hours
Time does what it open? today,ask_operating_hours
Time does today?,ask_operating_hours
What time does it close tonight?,ask_operating_hours
Time what it close does tonight?,ask_operating_hours
Opening hours of Ampera Bridge for pedestrians,ask_operating_hours
Opening of hours for Ampera Bridge pedestrians,ask_operating_hours
Opening Bridge for pedestrians,ask_operating_hours
Info on closing time of Kemaro Island,ask_operating_hours
Closing info on time Kemaro of Island,ask_operating_hours
Info on closing Kemaro,ask_operating_hours
Is the SMB II Museum open tomorrow?,ask_operating_hours
Is the II SMB open Museum? tomorrow,ask_operating_hours
Is II open tomorrow?,ask_operating_hours
Opening and closing schedule of Punti Kayu,ask_operating_hours
Opening and closing of Kayu schedule Punti,ask_operating_hours
Opening closing Punti Kayu,ask_operating_hours
Operating hours of BKB Palembang,ask_operating_hours
Hours operating BKB of Palembang,ask_operating_hours
Operational time of Cheng Ho Mosque,ask_operating_hours
Operational of time Cheng Mosque Ho,ask_operating_hours
Time of Cheng Mosque,ask_operating_hours
What time does Kambang Iwak open in the morning?,ask_operating_hours
What does time Iwak open Kambang in the morning?,ask_operating_hours
What does Kambang Iwak open the?,ask_operating_hours
Opening hours of historical tourism,ask_operating_hours
Hours opening of tourism historical,ask_operating_hours
Opening historical tourism,ask_operating_hours
Is this place open every day?,ask_operating_hours
This is place every day open?,ask_operating_hours
This open every?,ask_operating_hours
Working hours of tourism management,ask_operating_hours
Hours of working tourism management,ask_operating_hours
Hours of tourism,ask_operating_hours
Info on museum opening schedule,ask_operating_hours
Info on schedule museum opening,ask_operating_hours
Info opening schedule,ask_operating_hours
What time does the ticket booth open?,ask_operating_hours
What time does the ticket booth? open,ask_operating_hours
What time does the?,ask_operating_hours
Closing time of the tourist location,ask_operating_hours
Closing of time tourist the location,ask_operating_hours
Time of the location,ask_operating_hours
What is the visiting time limit?,ask_operating_hours
The what is visiting limit time?,ask_operating_hours
Is visiting limit?,ask_operating_hours
What are the normal operating hours?,ask_operating_hours
Are what normal operating the hours?,ask_operating_hours
What operating hours?,ask_operating_hours
What time does it open on weekends?,ask_operating_hours
Time what it does on open weekends?,ask_operating_hours
What does open weekends?,ask_operating_hours
What time does it close on Sunday?,ask_operating_hours
What time does it close Sunday on?,ask_operating_hours
What time close Sunday?,ask_operating_hours
Opening schedule during Eid holidays,ask_operating_hours
Opening schedule Eid holidays during,ask_operating_hours
Opening schedule Eid,ask_operating_hours
Complete operating hours info,ask_operating_hours
Hours complete operating info,ask_operating_hours
Complete operating,ask_operating_hours
When does this place start opening?,ask_operating_hours
This when does place start? opening,ask_operating_hours
When start opening?,ask_operating_hours
What time can I visit?,ask_operating_hours
What can time visit I?,ask_operating_hours
Time can I?,ask_operating_hours
Is it still open at night?,ask_operating_hours
It still is at open night?,ask_operating_hours
It still night?,ask_operating_hours
What is the earliest operating hour?,ask_operating_hours
What the is hour earliest operating?,ask_operating_hours
Is the earliest?,ask_operating_hours
What time does the ticket counter close?,ask_operating_hours
Time what does counter the ticket close?,ask_operating_hours
What ticket counter close?,ask_operating_hours
Is it open on Mondays?,ask_operating_hours
It is open Mondays on?,ask_operating_hours
Is open Mondays?,ask_operating_hours
Operating hours of nature tourism,ask_operating_hours
Operating hours tourism,ask_operating_hours
How long is this place open every day?,ask_operating_hours
Long how is this place every day open?,ask_operating_hours
Long this place every day?,ask_operating_hours
Info on operational time of the destination,ask_operating_hours
Info on time of operational destination the,ask_operating_hours
Info on of the,ask_operating_hours
Last visiting hour limit,ask_operating_hours
Visiting hour,ask_operating_hours
Operational schedule of the recreation place,ask_operating_hours
Operational of schedule the place recreation,ask_operating_hours
Schedule of the recreation,ask_operating_hours
How much is the entrance ticket for Punti Kayu?,ask_ticket_price
Much how is the entrance for ticket Kayu Punti?,ask_ticket_price
Much the ticket for Punti Kayu?,ask_ticket_price
How much to enter Kemaro Island?,ask_ticket_price
To how much enter Kemaro? Island,ask_ticket_price
How Kemaro Island?,ask_ticket_price
What is the entrance fee for the SMB II Museum?,ask_ticket_price
Is the entrance fee SMB II?,ask_ticket_price
Entrance ticket for Jakabaring Sport City,ask_ticket_price
Entrance ticket for Sport City Jakabaring,ask_ticket_price
Entrance for Jakabaring Sport,ask_ticket_price
Is Ampera Bridge free or paid?,ask_ticket_price
Ampera is Bridge free paid? or,ask_ticket_price
Is Bridge paid?,ask_ticket_price
Entrance fee for Siguntang Hill,ask_ticket_price
Fee entrance Siguntang for Hill,ask_ticket_price
Entrance fee Hill,ask_ticket_price
Ticket price for Al-Akbar Giant Quran,ask_ticket_price
Price ticket Al for - Giant Akbar Quran,ask_ticket_price
Price for - Akbar Quran,ask_ticket_price
How much is the entrance fee to Monpera?,ask_ticket_price
How much is the entrance fee Monpera to?,ask_ticket_price
How is entrance fee Monpera?,ask_ticket_price
Entrance ticket to Balaputra Dewa Museum,ask_ticket_price
Entrance to ticket Dewa Balaputra Museum,ask_ticket_price
Entrance ticket Balaputra Museum,ask_ticket_price
Price info for historical tourism tickets,ask_ticket_price
Info price for tourism historical tickets,ask_ticket_price
Price for tourism tickets,ask_ticket_price
Do I have to pay to enter BKB?,ask_ticket_price
Do I have to to enter pay? BKB,ask_ticket_price
I have to pay to BKB?,ask_ticket_price
Does Kambang Iwak have an entrance ticket?,ask_ticket_price
Does Kambang Iwak an have entrance ticket?,ask_ticket_price
Kambang Iwak have an?,ask_ticket_price
How much does it cost to enter Kampung Kapitan?,ask_ticket_price
How much does cost to it enter Kapitan Kampung?,ask_ticket_price
How much does cost to enter?,ask_ticket_price
Palembang LRT ticket price,ask_ticket_price
LRT palembang price ticket,ask_ticket_price
LRT price,ask_ticket_price
Entrance fee for nature tourist spots,ask_ticket_price
Entrance fee nature for spots tourist,ask_ticket_price
Entrance for nature spots,ask_ticket_price
How much is the ticket for children?,ask_ticket_price
How is the much ticket for? children,ask_ticket_price
How much is children?,ask_ticket_price
Is there a student discount for the entrance ticket?,ask_ticket_price
Is a there student discount for entrance the? ticket,ask_ticket_price
There a discount for the entrance ticket?,ask_ticket_price
Parking fee and entrance ticket,ask_ticket_price
Parking and fee ticket entrance,ask_ticket_price
Parking fee and,ask_ticket_price
Is the weekend ticket price different from weekdays?,ask_ticket_price
Is the weekend ticket price different weekdays from?,ask_ticket_price
The weekend ticket different from?,ask_ticket_price
Details of tourism entrance fees,ask_ticket_price
Details of entrance fees tourism,ask_ticket_price
Details tourism entrance,ask_ticket_price
What budget is needed for the ticket?,ask_ticket_price
Budget what is needed for the ticket?,ask_ticket_price
Budget is needed the ticket?,ask_ticket_price
Cheapest ticket price,ask_ticket_price
Ticket cheapest price,ask_ticket_price
Cheapest price,ask_ticket_price
Admission tariff for tourist locations,ask_ticket_price
Tariff admission tourist for locations,ask_ticket_price
Tariff for tourist,ask_ticket_price
Latest entrance fee info,ask_ticket_price
Entrance latest info fee,ask_ticket_price
Entrance fee info,ask_ticket_price
How many rupiahs is the entrance ticket?,ask_ticket_price
How many rupiahs is entrance the ticket?,ask_ticket_price
How many rupiahs is?,ask_ticket_price
Is the entrance ticket expensive?,ask_ticket_price
The is ticket entrance expensive?,ask_ticket_price
The entrance ticket?,ask_ticket_price
Retribution fee to enter the tourism spot,ask_ticket_price
Retribution enter fee to the spot tourism,ask_ticket_price
Retribution fee to the,ask_ticket_price
Group entrance ticket price,ask_ticket_price
Entrance ticket,ask_ticket_price
Entrance fee on national holidays,ask_ticket_price
Entrance on fee holidays national,ask_ticket_price
Entrance fee on,ask_ticket_price
List of Palembang tourism ticket prices,ask_ticket_price
List Palembang of ticket tourism prices,ask_ticket_price
List Palembang ticket prices,ask_ticket_price
How much is the ticket to enter there?,ask_ticket_price
How much is ticket the to enter there?,ask_ticket_price
How much is ticket enter?,ask_ticket_price
Entrance tariff for foreign tourists,ask_ticket_price
Entrance for foreign tariff tourists,ask_ticket_price
Entrance tariff for,ask_ticket_price
How much is the admission ticket?,ask_ticket_price
How is much admission ticket the?,ask_ticket_price
Much the admission?,ask_ticket_price
Info on ticket costs and facilities,ask_ticket_price
Info costs on ticket and facilities,ask_ticket_price
Info on ticket facilities,ask_ticket_price
Entrance ticket price for religious tourism,ask_ticket_price
Entrance price ticket for tourism religious,ask_ticket_price
Ticket price for tourism,ask_ticket_price
Entrance fee for historical places,ask_ticket_price
Entrance for fee places historical,ask_ticket_price
Entrance for places,ask_ticket_price
How much is the admission to this place?,ask_ticket_price
Much how is the admission to? this place,ask_ticket_price
Much is the admission this?,ask_ticket_price
Check the entrance ticket price please,ask_ticket_price
Check entrance the ticket please price,ask_ticket_price
Check entrance ticket please,ask_ticket_price
Please info the entrance tariff,ask_ticket_price
Info please the tariff entrance,ask_ticket_price
Info entrance tariff,ask_ticket_price
Is entry free or paid?,ask_ticket_price
Is free paid?,ask_ticket_price
Admission access cost,ask_ticket_price
Access admission cost,ask_ticket_price
Access cost,ask_ticket_price
Ticket price during the weekend,ask_ticket_price
Ticket the price during weekend,ask_ticket_price
Ticket the weekend,ask_ticket_price
How much money to buy a ticket?,ask_ticket_price
Money much how to buy a ticket?,ask_ticket_price
How money a ticket?,ask_ticket_price
Entrance fee for family tourist spots,ask_ticket_price
Fee entrance for tourist family spots,ask_ticket_price
Entrance for tourist spots,ask_ticket_price
Latest Punti Kayu entrance ticket price,ask_ticket_price
Latest Kayu entrance ticket,ask_ticket_price
How much is the entrance ticket?,ask_ticket_price
Is how much entrance the ticket?,ask_ticket_price
How the entrance?,ask_ticket_price
Ticket price info please,ask_ticket_price
Price info ticket please,ask_ticket_price
Price info please,ask_ticket_price
How much is the entrance fee per person?,ask_ticket_price
Much how the is entrance fee person per?,ask_ticket_price
Much is the per person?,ask_ticket_price
Adult entrance ticket tariff,ask_ticket_price
Entrance adult tariff ticket,ask_ticket_price
Adult tariff,ask_ticket_price
How much is the entrance fee for this destination?,ask_ticket_price
How is much the fee entrance for destination this?,ask_ticket_price
Much is the entrance for this destination?,ask_ticket_price
How to get to Ampera Bridge?,ask_location_access
To how get Ampera to? Bridge,ask_location_access
To to Ampera Bridge?,ask_location_access
Route to Kemaro Island from the airport,ask_location_access
Route to Kemaro from airport Island the,ask_location_access
Route Island from airport,ask_location_access
Complete address of SMB II Museum,ask_location_access
Address complete of SMB Museum II,ask_location_access
Address of SMB II,ask_location_access
How to go to Punti Kayu by public transport,ask_location_access
How to go to Punti by Kayu public transport,ask_location_access
To go to Kayu public transport,ask_location_access
Where is the location of Jakabaring Sport City?,ask_location_access
The where is location of Sport Jakabaring City?,ask_location_access
Is the of Jakabaring Sport?,ask_location_access
Road access to Siguntang Hill,ask_location_access
Access road to Hill Siguntang,ask_location_access
Road access to,ask_location_access
Please give me the route to Al-Akbar Giant Quran,ask_location_access
Me please give the route to Al - Akbar Giant Quran,ask_location_access
Please route to Al - Giant Quran,ask_location_access
Directions to Benteng Kuto Besak,ask_location_access
Directions Kuto to Benteng Besak,ask_location_access
Directions Kuto Besak,ask_location_access
How to get to Monpera?,ask_location_access
How to to Monpera get?,ask_location_access
How to to?,ask_location_access
Address of Balaputra Dewa Museum please,ask_location_access
Address of Balaputra Museum please Dewa,ask_location_access
Address Dewa Museum please,ask_location_access
Fastest route to Kambang Iwak,ask_location_access
Route fastest to Iwak Kambang,ask_location_access
Fastest route Kambang,ask_location_access
Location of Palembang Grand Mosque,ask_location_access
Of Grand Mosque,ask_location_access
How to cross to Kampung Kapitan,ask_location_access
To how cross Kampung to Kapitan,ask_location_access
To cross to Kampung Kapitan,ask_location_access
Access to the tourist location,ask_location_access
Access the to location tourist,ask_location_access
To the tourist location,ask_location_access
What transportation to take there?,ask_location_access
What transportation there to take?,ask_location_access
What to there?,ask_location_access
Which area is it located in?,ask_location_access
Area is which located it in?,ask_location_access
Which is located?,ask_location_access
Detailed address please,ask_location_access
Detailed please address,ask_location_access
Detailed address,ask_location_access
Road route to the tourist spot,ask_location_access
Road to route tourist the spot,ask_location_access
Route the tourist spot,ask_location_access
Direction guide to the location,ask_location_access
Guide direction to location the,ask_location_access
Direction guide the,ask_location_access
How to access this destination,ask_location_access
How access to destination this,ask_location_access
To this destination,ask_location_access
Where is it located near to?,ask_location_access
Where is near it located? to,ask_location_access
Where near to?,ask_location_access
What is the landmark?,ask_location_access
Is what landmark the?,ask_location_access
Is landmark?,ask_location_access
Direction to the tourist place,ask_location_access
To direction tourist the place,ask_location_access
To the place,ask_location_access
How do I get there?,ask_location_access
How I there?,ask_location_access
Please share the location route,ask_location_access
Share location route,ask_location_access
Is the road access good?,ask_location_access
The is access road good?,ask_location_access
The road access good?,ask_location_access
Can cars pass through the road?,ask_location_access
Pass can cars through road the?,ask_location_access
Cars pass the road?,ask_location_access
Is there public transportation to get there?,ask_location_access
Is there to public transportation get? there,ask_location_access
There public to get?,ask_location_access
Where exactly is it located?,ask_location_access
Exactly where it is located?,ask_location_access
Where it located?,ask_location_access
Route from the train station,ask_location_access
From route the station train,ask_location_access
From the train,ask_location_access
How to get there from the city center,ask_location_access
Get how to there from the center city,ask_location_access
To get there from city center,ask_location_access
The location address please,ask_location_access
The please,ask_location_access
Where is the exact location point?,ask_location_access
The where exact is location point?,ask_location_access
Is the exact point?,ask_location_access
Route guide for motorcycles,ask_location_access
Guide for route motorcycles,ask_location_access
Route for,ask_location_access
Easy way to get there,ask_location_access
Way get there,ask_location_access
Vehicle access to the tourist spot,ask_location_access
Vehicle access to tourist spot the,ask_location_access
Vehicle access the spot,ask_location_access
Alternative route to the location,ask_location_access
Route alternative the to location,ask_location_access
Route to the location,ask_location_access
Is it far from Ampera?,ask_location_access
Far is it from Ampera?,ask_location_access
It from Ampera?,ask_location_access
Address of the historical tourist spot,ask_location_access
Address the of historical spot tourist,ask_location_access
Of the historical spot,ask_location_access
How to reach the location,ask_location_access
To how reach location the,ask_location_access
How to reach,ask_location_access
Directions using Google Maps,ask_location_access
Using directions Maps Google,ask_location_access
Directions using,ask_location_access
Can I take an online motorcycle taxi there?,ask_location_access
I can take an online motorcycle taxi there?,ask_location_access
Can I take online motorcycle?,ask_location_access
Where is the exact location?,ask_location_access
Is where exact the location?,ask_location_access
Is the exact?,ask_location_access
Entrance access to the tourist spot,ask_location_access
Entrance access the to spot tourist,ask_location_access
Access to the spot,ask_location_access
Travel route to the destination,ask_location_access
Route to the,ask_location_access
How to go to the holiday location,ask_location_access
How to go to holiday the location,ask_location_access
How go to the,ask_location_access
Address of the recreation place,ask_location_access
Address the recreation of place,ask_location_access
Address of recreation,ask_location_access
Transportation guide to get there,ask_location_access
Transportation guide there,ask_location_access
Route and address info,ask_location_access
And route info address,ask_location_access
Route address,ask_location_access
How to arrive at the destination,ask_location_access
To how arrive the at destination,ask_location_access
How to arrive destination,ask_location_access
Location of the tourist destination,ask_location_access
Of the destination,ask_location_access
Road access to the tourist attraction,ask_location_access
Road to the access tourist attraction,ask_location_access
Road to tourist attraction,ask_location_access
Are there public toilets at Punti Kayu?,ask_facilities
Are public there at toilets Kayu Punti?,ask_facilities
Are there at Punti?,ask_facilities
What facilities are there on Kemaro Island?,ask_facilities
What facilities are Kemaro there on? Island,ask_facilities
What there on Island?,ask_facilities
Is there a prayer room in the SMB II Museum?,ask_facilities
There a is prayer room the in SMB Museum II?,ask_facilities
Is there room in SMB II?,ask_facilities
Is the parking lot in Jakabaring spacious?,ask_facilities
Is parking lot the in spacious Jakabaring?,ask_facilities
Is the parking Jakabaring?,ask_facilities
Are there places to eat around Benteng Kuto Besak?,ask_facilities
Are to there places eat Benteng around Kuto Besak?,ask_facilities
Are places to Benteng Kuto Besak?,ask_facilities
Facilities at Ampera Bridge,ask_facilities
At facilities Bridge Ampera,ask_facilities
At Ampera Bridge,ask_facilities
Are there wheelchairs for the elderly at the museum?,ask_facilities
Are there for wheelchairs the elderly at the museum?,ask_facilities
There wheelchairs for the elderly at the?,ask_facilities
Worship facilities at the tourist location,ask_facilities
Worship facilities the location,ask_facilities
Is there an information center there?,ask_facilities
Is there an information center? there,ask_facilities
There center there?,ask_facilities
Is there bicycle rental at Kambang Iwak?,ask_facilities
Is there bicycle at rental Kambang Iwak?,ask_facilities
Is there bicycle rental?,ask_facilities
Public facilities at the Al-Akbar Giant Quran,ask_facilities
Public facilities at the Al - Akbar Quran Giant,ask_facilities
Public facilities - Akbar Giant Quran,ask_facilities
Are there lockers available for luggage?,ask_facilities
There are available lockers luggage for?,ask_facilities
There lockers for luggage?,ask_facilities
Tourism facilities at Siguntang Hill,ask_facilities
Facilities tourism at Hill Siguntang,ask_facilities
Facilities Siguntang Hill,ask_facilities
Are there gazebos for resting?,ask_facilities
There gazebos are for resting?,ask_facilities
Are there for?,ask_facilities
Are there health or first aid facilities?,ask_facilities
There are or health first facilities aid?,ask_facilities
There health first facilities?,ask_facilities
Are the bathrooms clean?,ask_facilities
Are the?,ask_facilities
Is the car parking facility safe?,ask_facilities
The is car facility parking? safe,ask_facilities
Is car facility?,ask_facilities
Is there free wifi there?,ask_facilities
There is wifi free there?,ask_facilities
Is there there?,ask_facilities
Supporting facilities at the tourist spot,ask_facilities
Supporting at facilities the spot tourist,ask_facilities
Facilities at the spot,ask_facilities
Is there a changing room?,ask_facilities
Is a there changing? room,ask_facilities
There changing room?,ask_facilities
Are there facilities for children?,ask_facilities
Are facilities there children for?,ask_facilities
There facilities for?,ask_facilities
Are there snack stalls inside?,ask_facilities
Are stalls there snack inside?,ask_facilities
Are snack inside?,ask_facilities
Is there a nearby ATM available?,ask_facilities
Is there nearby a available? ATM,ask_facilities
There a ATM?,ask_facilities
Cleanliness facilities at the location,ask_facilities
Facilities cleanliness at location the,ask_facilities
Facilities at location,ask_facilities
Complete facilities info please,ask_facilities
Facilities info,ask_facilities
Is there a helmet deposit place?,ask_facilities
There is a helmet deposit place?,ask_facilities
There deposit place?,ask_facilities
Facilities in the nature tourism area,ask_facilities
In facilities the nature area tourism,ask_facilities
Facilities nature tourism area,ask_facilities
Are there special photo spots available?,ask_facilities
Are special photo there available spots?,ask_facilities
Are special photo?,ask_facilities
Is there a tour guide?,ask_facilities
Is there tour guide a?,ask_facilities
There a guide?,ask_facilities
Facilities for people with disabilities,ask_facilities
For people disabilities,ask_facilities
Toilet availability info,ask_facilities
Toilet info availability,ask_facilities
Toilet info,ask_facilities
Prayer room and ablution facilities,ask_facilities
Prayer and room facilities ablution,ask_facilities
Prayer room facilities,ask_facilities
Is there a nursery room?,ask_facilities
Is there a? nursery room,ask_facilities
Is there a?,ask_facilities
Tourist bus parking facilities,ask_facilities
Bus tourist facilities parking,ask_facilities
Tourist facilities,ask_facilities
Are there relaxing seating areas there?,ask_facilities
Are there seating relaxing there? areas,ask_facilities
There relaxing areas?,ask_facilities
Are there enough trash can facilities?,ask_facilities
There are trash enough can? facilities,ask_facilities
There enough trash?,ask_facilities
Are there souvenir shops inside?,ask_facilities
Are souvenir shops there inside?,ask_facilities
There souvenir shops inside?,ask_facilities
Security facilities at the tourist spot,ask_facilities
Facilities security at the spot tourist,ask_facilities
Facilities at tourist spot,ask_facilities
Are there electrical outlets for charging?,ask_facilities
There are outlets electrical charging for?,ask_facilities
Are there outlets?,ask_facilities
Are there clean water facilities?,ask_facilities
Are there facilities?,ask_facilities
Info on public facilities there,ask_facilities
On public info facilities there,ask_facilities
On public there,ask_facilities
Are there lifeguards?,ask_facilities
Lifeguards are there?,ask_facilities
There lifeguards?,ask_facilities
Are there mat rental facilities?,ask_facilities
Mat are there rental facilities?,ask_facilities
Are rental facilities?,ask_facilities
Completeness of tourism facilities,ask_facilities
Of completeness facilities tourism,ask_facilities
Completeness facilities,ask_facilities
Are the facilities well-maintained?,ask_facilities
The are facilities - maintained well?,ask_facilities
Are - maintained?,ask_facilities
Recreation supporting facilities,ask_facilities
Supporting recreation facilities,ask_facilities
Supporting facilities,ask_facilities
Is there a tourist information center?,ask_facilities
Is a there tourist information center?,ask_facilities
Is tourist center?,ask_facilities
Motorcycle parking facilities info,ask_facilities
Facilities motorcycle parking info,ask_facilities
Parking facilities info,ask_facilities
Is the prayer room facility clean?,ask_facilities
Is the prayer room clean facility?,ask_facilities
Is prayer facility?,ask_facilities
Availability of public facilities,ask_facilities
Availability facilities of public,ask_facilities
Of public,ask_facilities
Are there hidden gems in Palembang?,ask_hidden_gems
Are there hidden Palembang gems? in,ask_hidden_gems
There in Palembang?,ask_hidden_gems
Recommend hidden tourist spots please,ask_hidden_gems
Hidden tourist recommend spots please,ask_hidden_gems
Hidden spots please,ask_hidden_gems
Tourist places that not many people know about,ask_hidden_gems
Tourist places that many not about people know,ask_hidden_gems
Tourist not many people about,ask_hidden_gems
Nature tourism hidden gems in Palembang,ask_hidden_gems
Tourism hidden gems in,ask_hidden_gems
Looking for a quiet place for healing in Palembang,ask_hidden_gems
For looking a for quiet place healing in Palembang,ask_hidden_gems
For quiet place for healing in Palembang,ask_hidden_gems
Anti-mainstream tourism in Palembang,ask_hidden_gems
Anti - mainstream in Palembang tourism,ask_hidden_gems
Anti - in Palembang,ask_hidden_gems
Secret places that are good for photos,ask_hidden_gems
Places that secret are good photos for,ask_hidden_gems
Secret that for photos,ask_hidden_gems
Recommend culinary hidden gems,ask_hidden_gems
Culinary recommend gems hidden,ask_hidden_gems
Recommend culinary,ask_hidden_gems
Tourist destinations rarely visited by tourists,ask_hidden_gems
Rarely tourist destinations visited by tourists,ask_hidden_gems
Tourist rarely by tourists,ask_hidden_gems
Unique tourist spots that haven't gone viral yet,ask_hidden_gems
Tourist unique spots that ' haven gone t viral yet,ask_hidden_gems
Tourist spots that ' gone viral yet,ask_hidden_gems
Are there secret tourist spots?,ask_hidden_gems
There are secret spots tourist?,ask_hidden_gems
Are there tourist?,ask_hidden_gems
Looking for a hidden gem place,ask_hidden_gems
For looking hidden a gem place,ask_hidden_gems
Looking a gem place,ask_hidden_gems
Tourism that has few visitors but is nice,ask_hidden_gems
Tourism that has few visitors but nice is,ask_hidden_gems
That few visitors but is,ask_hidden_gems
Recommend authentic local tourist spots,ask_hidden_gems
Recommend authentic spots,ask_hidden_gems
Palembang hidden gems that must be visited,ask_hidden_gems
Palembang hidden that gems visited must be,ask_hidden_gems
Palembang hidden gems that,ask_hidden_gems
Hidden tourist spots for the weekend,ask_hidden_gems
Hidden spots tourist the for weekend,ask_hidden_gems
Hidden for the weekend,ask_hidden_gems
Nature tourism that is still pristine and quiet,ask_hidden_gems
Tourism nature is that still pristine quiet and,ask_hidden_gems
Tourism that is still and quiet,ask_hidden_gems
Any recommendations for anti-mainstream places?,ask_hidden_gems
Recommendations any anti for - places mainstream?,ask_hidden_gems
Recommendations anti - mainstream?,ask_hidden_gems
Places suitable for being alone,ask_hidden_gems
Suitable places for alone being,ask_hidden_gems
Places for alone,ask_hidden_gems
Hidden gems in the middle of Palembang city,ask_hidden_gems
Hidden gems in middle the of Palembang city,ask_hidden_gems
Hidden in middle of Palembang,ask_hidden_gems
Palembang's secret tourist destinations,ask_hidden_gems
Palembang ' s destinations secret tourist,ask_hidden_gems
Palembang ' tourist destinations,ask_hidden_gems
Aesthetic places that not many people know,ask_hidden_gems
Places that aesthetic not many know people,ask_hidden_gems
Aesthetic that not many,ask_hidden_gems
Looking for hidden gem locations,ask_hidden_gems
Looking hidden locations,ask_hidden_gems
Hidden gem tourism with easy access,ask_hidden_gems
Hidden gem tourism access with easy,ask_hidden_gems
Hidden gem with access,ask_hidden_gems
Tourist places that are still untouched,ask_hidden_gems
Places that tourist are still untouched,ask_hidden_gems
Tourist places are still,ask_hidden_gems
Are there hidden gem photo spots?,ask_hidden_gems
There are gem hidden spots photo?,ask_hidden_gems
There hidden gem photo?,ask_hidden_gems
Secret tourism recommendations please,ask_hidden_gems
Secret recommendations,ask_hidden_gems
Places not yet in the tourism guidebook,ask_hidden_gems
Places yet in not the guidebook tourism,ask_hidden_gems
Not in the tourism,ask_hidden_gems
Hidden gems close to the city,ask_hidden_gems
Hidden gems close city to the,ask_hidden_gems
Gems close to the,ask_hidden_gems
Looking for good hidden tourism,ask_hidden_gems
For hidden tourism,ask_hidden_gems
Holiday places that are not too crowded,ask_hidden_gems
Places holiday not that are too crowded,ask_hidden_gems
Places that not crowded,ask_hidden_gems
Anti-mainstream destinations in Palembang,ask_hidden_gems
- anti mainstream in destinations Palembang,ask_hidden_gems
Anti - destinations Palembang,ask_hidden_gems
Hidden gems for hanging out,ask_hidden_gems
Hidden for gems out hanging,ask_hidden_gems
Gems for hanging,ask_hidden_gems
Historical tourism that is rarely looked at,ask_hidden_gems
Tourism is historical that rarely looked at,ask_hidden_gems
Historical is rarely at,ask_hidden_gems
Hidden places with beautiful scenery,ask_hidden_gems
Places hidden beautiful with scenery,ask_hidden_gems
Hidden with scenery,ask_hidden_gems
Recommend secret spots in Palembang,ask_hidden_gems
Secret recommend spots Palembang in,ask_hidden_gems
Secret spots Palembang,ask_hidden_gems
Looking for places without many tourists,ask_hidden_gems
Looking places for without tourists many,ask_hidden_gems
For places without many,ask_hidden_gems
Hidden gem tourism for families,ask_hidden_gems
Hidden for gem tourism families,ask_hidden_gems
Gem tourism for,ask_hidden_gems
Are there any hidden destinations?,ask_hidden_gems
Are any there destinations hidden?,ask_hidden_gems
Are there hidden?,ask_hidden_gems
Places that are rarely exposed,ask_hidden_gems
Places are that exposed rarely,ask_hidden_gems
Places are exposed,ask_hidden_gems
Recommend cheap hidden places,ask_hidden_gems
Cheap recommend places hidden,ask_hidden_gems
Recommend places,ask_hidden_gems
Hidden gems on the outskirts of Palembang,ask_hidden_gems
Gems on hidden outskirts the of Palembang,ask_hidden_gems
Gems on the Palembang,ask_hidden_gems
Looking for quiet tourism,ask_hidden_gems
For looking tourism quiet,ask_hidden_gems
Looking quiet,ask_hidden_gems
Places to stroll that are not popular yet,ask_hidden_gems
Places stroll to that popular are not yet,ask_hidden_gems
To stroll not popular yet,ask_hidden_gems
Hidden gem tourism that is a must-visit,ask_hidden_gems
Hidden gem tourism that is must a - visit,ask_hidden_gems
Gem tourism that is must -,ask_hidden_gems
Are there fun secret tourist places?,ask_hidden_gems
Are there places fun secret tourist?,ask_hidden_gems
Are secret places?,ask_hidden_gems
Hidden spot recommendations,ask_hidden_gems
Hidden recommendations spot,ask_hidden_gems
Spot recommendations,ask_hidden_gems
Destinations that are still quiet,ask_hidden_gems
That destinations still are quiet,ask_hidden_gems
That are quiet,ask_hidden_gems
Good places that are not mainstream,ask_hidden_gems
Good that not mainstream,ask_hidden_gems
Looking for the nearest hidden gem,ask_hidden_gems
Looking for hidden the nearest gem,ask_hidden_gems
Looking the nearest gem,ask_hidden_gems
Which tourist attractions are near LRT stations?,ask_lrt_destinations
Which attractions tourist are near LRT stations?,ask_lrt_destinations
Tourist attractions are stations?,ask_lrt_destinations
Can you tell me tourist spots passed by the LRT?,ask_lrt_destinations
Can tell you spots me tourist by passed the LRT?,ask_lrt_destinations
You tell me tourist the LRT?,ask_lrt_destinations
Palembang tourist destinations accessible by LRT,ask_lrt_destinations
Tourist destinations palembang accessible by LRT,ask_lrt_destinations
Palembang tourist destinations by,ask_lrt_destinations
If I want to travel by LRT where should I get off?,ask_lrt_destinations
If I to want by travel where LRT should I get? off,ask_lrt_destinations
I want to travel by LRT where should get?,ask_lrt_destinations
LRT stations near tourist spots,ask_lrt_destinations
near LRT stations tourist spots,ask_lrt_destinations
LRT near spots,ask_lrt_destinations
Holiday recommendations accessible by LRT,ask_lrt_destinations
Accessible holiday recommendations by LRT,ask_lrt_destinations
Recommendations by LRT,ask_lrt_destinations
Are there historical tours near the LRT route?,ask_lrt_destinations
There are tours historical near LRT the route?,ask_lrt_destinations
There tours near LRT route?,ask_lrt_destinations
Want to go around Palembang by LRT what are the destinations?,ask_lrt_destinations
To want around go LRT Palembang by what are the destinations?,ask_lrt_destinations
Want to around Palembang LRT what the?,ask_lrt_destinations
Family tourism near LRT stations,ask_lrt_destinations
Family near LRT tourism stations,ask_lrt_destinations
Tourism LRT stations,ask_lrt_destinations
List of Palembang LRT tourist destinations,ask_lrt_destinations
Of list Palembang tourist LRT destinations,ask_lrt_destinations
List of Palembang LRT,ask_lrt_destinations
How to get to tourist spots using LRT,ask_lrt_destinations
How to get spots to tourist LRT using,ask_lrt_destinations
To tourist spots using LRT,ask_lrt_destinations
Which station to get off at if I want to go to Ampera?,ask_lrt_destinations
Station which to get off if at to I want go Ampera to?,ask_lrt_destinations
Which station to if I want to to?,ask_lrt_destinations
Nearest LRT station from Jakabaring,ask_lrt_destinations
Nearest station LRT Jakabaring from,ask_lrt_destinations
LRT station from,ask_lrt_destinations
Culinary tourism that can be reached by LRT,ask_lrt_destinations
Culinary tourism can that be by LRT reached,ask_lrt_destinations
Culinary tourism that be LRT,ask_lrt_destinations
Hangout places near LRT stations,ask_lrt_destinations
Hangout near places stations LRT,ask_lrt_destinations
Places near LRT stations,ask_lrt_destinations
Taking the LRT to Benteng Kuto Besak where do I get off?,ask_lrt_destinations
Taking the LRT Benteng to where Besak Kuto do I get off?,ask_lrt_destinations
The LRT to Kuto where do I off?,ask_lrt_destinations
LRT access to Punti Kayu,ask_lrt_destinations
access to LRT Punti Kayu,ask_lrt_destinations
access Punti Kayu,ask_lrt_destinations
Palembang tourism on the LRT route,ask_lrt_destinations
Palembang on tourism LRT the route,ask_lrt_destinations
Tourism on the LRT,ask_lrt_destinations
Cheap traveling by LRT where is it good to go?,ask_lrt_destinations
Cheap LRT traveling by it where is good to go?,ask_lrt_destinations
Cheap traveling where is it good?,ask_lrt_destinations
Tourism info around LRT stations,ask_lrt_destinations
Tourism LRT info around stations,ask_lrt_destinations
Tourism info LRT,ask_lrt_destinations
Is there nature tourism near the LRT?,ask_lrt_destinations
Nature is there tourism near the? LRT,ask_lrt_destinations
There nature tourism near LRT?,ask_lrt_destinations
Destinations easily accessible by LRT,ask_lrt_destinations
Destinations accessible easily LRT by,ask_lrt_destinations
Destinations accessible by,ask_lrt_destinations
Popular places in Palembang near LRT,ask_lrt_destinations
Places popular Palembang in near LRT,ask_lrt_destinations
Places in Palembang near,ask_lrt_destinations
Palembang LRT tourism guide,ask_lrt_destinations
LRT palembang guide tourism,ask_lrt_destinations
What tourist spots does the Palembang LRT pass by?,ask_lrt_destinations
What tourist the spots does Palembang pass LRT by?,ask_lrt_destinations
What spots does the pass by?,ask_lrt_destinations
Bumi Sriwijaya station is near what tourism?,ask_lrt_destinations
Bumi Sriwijaya near station is tourism what?,ask_lrt_destinations
Sriwijaya is near tourism?,ask_lrt_destinations
LRT routes passing historical places,ask_lrt_destinations
LRT routes historical,ask_lrt_destinations
Where to go riding the LRT in Palembang,ask_lrt_destinations
To where riding go LRT the in Palembang,ask_lrt_destinations
Where to riding the LRT,ask_lrt_destinations
Shopping tourism near LRT stations,ask_lrt_destinations
Tourism shopping near stations LRT,ask_lrt_destinations
Shopping tourism near,ask_lrt_destinations
Taking the LRT to the SMB II Museum,ask_lrt_destinations
Taking the LRT to the SMB Museum II,ask_lrt_destinations
Taking LRT the II Museum,ask_lrt_destinations
LRT transportation access to tourist spots,ask_lrt_destinations
LRT access transportation to spots tourist,ask_lrt_destinations
LRT transportation access spots,ask_lrt_destinations
List of LRT stops and nearby tourist attractions,ask_lrt_destinations
List LRT of and stops nearby attractions tourist,ask_lrt_destinations
List of LRT nearby attractions,ask_lrt_destinations
Going around the city by LRT where should I stop?,ask_lrt_destinations
Going the city around by LRT I where should stop?,ask_lrt_destinations
Around city by LRT where I?,ask_lrt_destinations
Religious tourism near the LRT route,ask_lrt_destinations
Religious tourism near route the LRT,ask_lrt_destinations
Religious near the route,ask_lrt_destinations
From the airport LRT station where can I go for tourism?,ask_lrt_destinations
From the airport LRT where station can go I for tourism?,ask_lrt_destinations
From airport station can I go tourism?,ask_lrt_destinations
Favorite destinations for LRT users,ask_lrt_destinations
Destinations for favorite LRT users,ask_lrt_destinations
Favorite destinations for,ask_lrt_destinations
Kid-friendly tourist places near LRT,ask_lrt_destinations
Kid - tourist places friendly LRT near,ask_lrt_destinations
Kid - friendly LRT,ask_lrt_destinations
LRT schedule and tourist locations,ask_lrt_destinations
LRT and schedule locations tourist,ask_lrt_destinations
LRT and locations,ask_lrt_destinations
Getting off at Ampera station where can I go?,ask_lrt_destinations
Off getting at Ampera where station can go I?,ask_lrt_destinations
Getting Ampera station where can go?,ask_lrt_destinations
Palembang tourist locations via LRT,ask_lrt_destinations
Tourist via LRT,ask_lrt_destinations
Take the LRT train to tourist spots,ask_lrt_destinations
LRT the take train to tourist spots,ask_lrt_destinations
Take LRT train to,ask_lrt_destinations
Hidden tourism near LRT stations,ask_lrt_destinations
Hidden near tourism stations LRT,ask_lrt_destinations
Hidden tourism near,ask_lrt_destinations
Recommendations for afternoon strolls taking the LRT,ask_lrt_destinations
Recommendations for afternoon strolls taking LRT the,ask_lrt_destinations
For afternoon taking the LRT,ask_lrt_destinations
Good photo spots near the LRT route,ask_lrt_destinations
Photo good spots the LRT near route,ask_lrt_destinations
Photo spots near LRT route,ask_lrt_destinations
LRT transportation for tourists,ask_lrt_destinations
LRT tourists transportation for,ask_lrt_destinations
LRT tourists,ask_lrt_destinations
Pempek culinary tourism near LRT stations,ask_lrt_destinations
Culinary pempek tourism LRT near stations,ask_lrt_destinations
Pempek culinary tourism LRT,ask_lrt_destinations
LRT reach to recreation places,ask_lrt_destinations
reach LRT to places recreation,ask_lrt_destinations
LRT reach places,ask_lrt_destinations
DJKA station is close to what tourism?,ask_lrt_destinations
DJKA station close is what tourism to?,ask_lrt_destinations
DJKA is close to?,ask_lrt_destinations
Easy access to Palembang tourism with LRT,ask_lrt_destinations
Easy access to Palembang tourism LRT with,ask_lrt_destinations
Easy access Palembang tourism,ask_lrt_destinations
Must-visit tourist places via LRT,ask_lrt_destinations
Must - visit places tourist via LRT,ask_lrt_destinations
Must - via LRT,ask_lrt_destinations
The app is really helpful for traveling,provide_feedback
App the really helpful is for traveling,provide_feedback
The really helpful for,provide_feedback
The app UI is very neat exactly like my Figma design,provide_feedback
The is app UI very neat exactly like my Figma design,provide_feedback
The app is neat exactly my Figma,provide_feedback
The chatbot is very smart at giving recommendations,provide_feedback
The chatbot is very smart at recommendations giving,provide_feedback
The chatbot is at giving,provide_feedback
The itinerary builder feature is very useful,provide_feedback
The builder itinerary is very feature useful,provide_feedback
Itinerary builder feature useful,provide_feedback
Good app the information is complete,provide_feedback
App good information the is complete,provide_feedback
Good app the complete,provide_feedback
This app makes it very easy to find tourist spots,provide_feedback
App this makes it very to easy tourist find spots,provide_feedback
This app makes it very find tourist,provide_feedback
Cool app the UI UX is smooth,provide_feedback
Cool the UI UX app is smooth,provide_feedback
App the is smooth,provide_feedback
The chatbot loading is a bit slow,provide_feedback
The chatbot loading bit is slow a,provide_feedback
Chatbot loading bit slow,provide_feedback
Please add more hidden gems,provide_feedback
Add please hidden more gems,provide_feedback
Please hidden gems,provide_feedback
Really like the dark mode feature,provide_feedback
Like really the dark feature mode,provide_feedback
Like the dark mode,provide_feedback
This Jelajahi app is awesome,provide_feedback
Jelajahi this app awesome is,provide_feedback
This Jelajahi app,provide_feedback
Very helped by the info from the chatbot,provide_feedback
Helped very the by from info the chatbot,provide_feedback
Very helped by the from,provide_feedback
A great app for tourists,provide_feedback
A app great tourists for,provide_feedback
Great app for,provide_feedback
The app is quite informative,provide_feedback
The app informative is quite,provide_feedback
App quite informative,provide_feedback
The chatbot response is very fast,provide_feedback
Response the chatbot is very fast,provide_feedback
The response is fast,provide_feedback
The destination card design is attractive,provide_feedback
Destination the card design attractive is,provide_feedback
Destination card design is attractive,provide_feedback
The interactive map feature is accurate,provide_feedback
The map interactive is feature accurate,provide_feedback
Interactive map feature is,provide_feedback
Really like this app,provide_feedback
Really this app like,provide_feedback
Like this,provide_feedback
Very helpful when vacationing in Palembang,provide_feedback
Helpful very when vacationing Palembang in,provide_feedback
Helpful vacationing in Palembang,provide_feedback
The ticket price information is very accurate,provide_feedback
The ticket price information is accurate very,provide_feedback
The ticket price information,provide_feedback
Thank you the app is useful,provide_feedback
You thank app the is useful,provide_feedback
You the app useful,provide_feedback
Just a suggestion make the photos more HD,provide_feedback
Just a make suggestion photos the HD more,provide_feedback
Just a make more HD,provide_feedback
Best tourism app so far,provide_feedback
Tourism best app far so,provide_feedback
Best app so,provide_feedback
Good but sometimes the chatbot answers wrong,provide_feedback
Sometimes good but the chatbot wrong answers,provide_feedback
But the chatbot answers wrong,provide_feedback
This app is a must-download for those going to Palembang,provide_feedback
App is this must a - download for those going Palembang to,provide_feedback
App is a must - download for going Palembang,provide_feedback
The UI is simple and easy to use,provide_feedback
The UI and is simple easy use to,provide_feedback
UI is simple and to,provide_feedback
The review feature helps in choosing destinations,provide_feedback
Review the helps feature choosing in destinations,provide_feedback
The feature helps in,provide_feedback
Cool it can recognize slang too,provide_feedback
It can cool recognize slang too,provide_feedback
It can recognize slang,provide_feedback
Very satisfied using this application,provide_feedback
Very satisfied this application using,provide_feedback
Satisfied using this,provide_feedback
The opening hours information is very fitting,provide_feedback
Opening the hours is information fitting very,provide_feedback
Opening hours is fitting,provide_feedback
This app is highly recommended,provide_feedback
App this is recommended highly,provide_feedback
App is highly,provide_feedback
The chatbot is friendly and provides solutions,provide_feedback
The chatbot and is provides friendly solutions,provide_feedback
Chatbot is friendly solutions,provide_feedback
Very good for finding tourism info,provide_feedback
Very for good finding info tourism,provide_feedback
Good finding tourism info,provide_feedback
Helped me plan my vacation,provide_feedback
Helped me vacation plan my,provide_feedback
Helped me my,provide_feedback
A very innovative application,provide_feedback
Very innovative a application,provide_feedback
A application,provide_feedback
Like the language translation feature,provide_feedback
Like language feature,provide_feedback
A very complete tourism application,provide_feedback
Complete a very tourism application,provide_feedback
Very tourism application,provide_feedback
Makes it very easy for backpackers,provide_feedback
Makes very it easy backpackers for,provide_feedback
It very easy for,provide_feedback
The app's UI UX is top notch,provide_feedback
The app ' s UI UX top is notch,provide_feedback
App ' s UI is top,provide_feedback
The destination information is very up to date,provide_feedback
Destination the information is very to date up,provide_feedback
Destination is up to date,provide_feedback
Very impressed with this AI chatbot,provide_feedback
Impressed very this with AI chatbot,provide_feedback
Very this AI chatbot,provide_feedback
A very useful application,provide_feedback
Very a application useful,provide_feedback
Very application,provide_feedback
The search feature is fast and accurate,provide_feedback
The search fast feature is accurate and,provide_feedback
Search fast and accurate,provide_feedback
Very helpful for getting around Palembang,provide_feedback
Helpful very for getting Palembang around,provide_feedback
Very helpful for getting,provide_feedback
The app is lightweight and not laggy,provide_feedback
Lightweight the app is and not laggy,provide_feedback
App is not laggy,provide_feedback
Very good innovation,provide_feedback
Very innovation good,provide_feedback
Very good,provide_feedback
Helps both local and foreign tourists,provide_feedback
Helps both and foreign local tourists,provide_feedback
Both local and foreign,provide_feedback
This app is very user-friendly,provide_feedback
This app is very user friendly -,provide_feedback
App is very user -,provide_feedback
The experience of using the app is pleasant,provide_feedback
The experience using of app the pleasant is,provide_feedback
Experience of using the app,provide_feedback
A highly recommended application,provide_feedback
Highly application,provide_feedback
Thank you for the info,goodbye
You for thank the info,goodbye
Thank you info,goodbye
Thanks a lot bot,goodbye
Lot thanks a bot,goodbye
A bot,goodbye
Okay thank you,goodbye
Thank okay you,goodbye
Okay thank,goodbye
Alright thanks,goodbye
Thanks alright,goodbye
You thank bot,goodbye
Thank bot,goodbye
Thanks chatbot,goodbye
Chatbot thanks,goodbye
See you later,goodbye
You see later,goodbye
See you,goodbye
Bye bye,goodbye
Okay then thanks,goodbye
Then okay thanks,goodbye
Okay then,goodbye
Thank you for the help,goodbye
For thank you the help,goodbye
Thank you help,goodbye
Very helpful thank you,goodbye
Very you helpful thank,goodbye
Very you,goodbye
Alright thank you for the info,goodbye
Alright you for thank the info,goodbye
Alright you for info,goodbye
A lot,goodbye
Thank you admin,goodbye
Thank admin you,goodbye
Thank admin,goodbye
Okay thanks for the info,goodbye
Okay the thanks for info,goodbye
Thanks the info,goodbye
Ty,goodbye
Thanks the info is very useful,goodbye
Thanks info the is useful very,goodbye
Thanks the is useful,goodbye
Okay bye,goodbye
Bye okay,goodbye
Okay,goodbye
See you again,goodbye
You see again,goodbye
Thank you good afternoon,goodbye
You thank afternoon good,goodbye
You afternoon,goodbye
Thanks smart bot,goodbye
Thanks bot smart,goodbye
Thanks bot,goodbye
Great the info is complete thanks,goodbye
Great the is info thanks complete,goodbye
Great info is complete,goodbye
Thank you for the suggestion,goodbye
You thank for suggestion the,goodbye
Thank for suggestion,goodbye
Okay thanks for the recommendation,goodbye
Okay for thanks recommendation the,goodbye
Okay for the,goodbye
Thanks a lot admin bot,goodbye
Thanks lot bot,goodbye
Thank you Jelajahi,goodbye
Thank Jelajahi you,goodbye
You Jelajahi,goodbye
Okay I will take my leave,goodbye
I okay will take leave my,goodbye
Okay will take leave,goodbye
Thanks for the information,goodbye
For thanks information the,goodbye
Thanks the,goodbye
Thank you for answering,goodbye
You thank answering for,goodbye
Thank for,goodbye
Thank you very informative,goodbye
You thank informative very,goodbye
Thank you,goodbye
Thanks bot see you,goodbye
Bot thanks you see,goodbye
Alright thank you,goodbye
Alright you thank,goodbye
Thank you for the guide,goodbye
Thank for the you guide,goodbye
Thank you the,goodbye
Thanks a lot for the help,goodbye
Lot thanks a for the help,goodbye
Thanks a lot for,goodbye
Okay that's enough thank you,goodbye
That ' okay s enough you thank,goodbye
Okay that ' thank,goodbye
Thank you and see you,goodbye
You thank and you see,goodbye
Thank you you,goodbye
Thanks so much,goodbye
So thanks much,goodbye
Thanks so,goodbye
Thank you very much,goodbye
You thank much very,goodbye
Thank much,goodbye
Very thank you much,goodbye
You very,goodbye
Okay great thank you,goodbye
Great okay you thank,goodbye
Great thank,goodbye
Thank you for the info bot,goodbye
You thank the for info bot,goodbye
You for the info bot,goodbye
Thanks lot a,goodbye
Thank you good night,goodbye
Thank good night you,goodbye
Thank night,goodbye
Thanks for your time,goodbye
For thanks time your,goodbye
For your,goodbye
