text,label
itu tempat BKB bukan nongkrong sih?,ask_destination_info
Naik LRT ke Benteng Kuto Besak turun dimana?,ask_lrt_destinations
Info harga tiket wisata sejarah,ask_ticket_price
Buka waktu Jakabaring City Sport,ask_operating_hours
Want to go around Palembang by LRT what are the destinations?,ask_lrt_destinations
Tourist spots suitable for young people,ask_recommendation
Berapa HTM ke Monpera?,ask_ticket_price
How to access this destination,ask_location_access
A good coffee shop,ask_category
Tolong info tarif masuk,ask_ticket_price
Jelaskan latar belakang - Qur ' Al -,ask_destination_info
Address complete of SMB Museum II,ask_location_access
Like this,provide_feedback
Thank Jelajahi you,goodbye
How go to the,ask_location_access
Is famous meatball place?,ask_category
Tempat Palembang LRT,ask_lrt_destinations
Kapan tempat ini mulai buka?,ask_operating_hours
Suitable places for alone being,ask_hidden_gems
Helpful very for getting Palembang around,provide_feedback
Rekomendasi spot tersembunyi,ask_hidden_gems
Hello friend,greet
Info tolong masuk tarif,ask_ticket_price
itu nongkrong bukan?,ask_destination_info
Rute LRT yang melewati tempat bersejarah,ask_lrt_destinations
Historical tourism category,ask_category
Suka dengan bahasanya fitur terjemahan,provide_feedback
Tell me about Siguntang Hill,ask_destination_info
Cara ke sana dari pusat kota,ask_location_access
Recommend a place,ask_recommendation
What is the earliest operating hour?,ask_operating_hours
Rekomendasi tempat makan mie ayam,ask_category
Di ada penyewaan sepeda Kambang Iwak?,ask_facilities
Destinasi wisata yang jarang dikunjungi turis,ask_hidden_gems
LRT stations near tourist spots,ask_lrt_destinations
Tempat ini mulai?,ask_operating_hours
Really like the dark mode feature,provide_feedback
App is very user -,provide_feedback
Thanks bot,goodbye
Jam berapa buka tiketnya?,ask_operating_hours
Opening the hours is information fitting very,provide_feedback
Please info the entrance tariff,ask_ticket_price
Tiket masuk dewasa,ask_ticket_price
Informasi harga tiketnya sangat akurat,provide_feedback
Recreation supporting facilities,ask_facilities
Salam,greet
Entrance access the to spot tourist,ask_location_access
Masuk tarif untuk asing turis,ask_ticket_price
History of Monpera.,ask_destination_info
Public facilities - Akbar Giant Quran,ask_facilities
Easy access to Palembang tourism LRT with,ask_lrt_destinations
Entrance latest info fee,ask_ticket_price
Easy way to get there,ask_location_access
How much is ticket enter?,ask_ticket_price
"Infonya lengkap sip, makasih",goodbye
List of and athletic,ask_category
Is Museum like?,ask_destination_info
Alamat lengkap Museum SMB II,ask_location_access
LRT access to Punti Kayu,ask_lrt_destinations
Where is the location of Jakabaring Sport City?,ask_location_access
Apa ada saja di? sekitar Monpera,ask_destination_info
Kampung.,ask_destination_info
Hal apa seru bisa yang dilakukan di Punti? Kayu,ask_destination_info
Yang bagus aplikasi untuk turis,provide_feedback
Info biaya fasilitas,ask_ticket_price
Membantu terima,goodbye
Rincian masuk wisata biaya,ask_ticket_price
From route the station train,ask_location_access
Tiket paling harga murah,ask_ticket_price
Wisata Bukit info Siguntang.,ask_destination_info
Program,greet
Wisata kategori sejarah,ask_category
Nice to,greet
Penjelasan Masjid. Agung Palembang,ask_destination_info
Wisata cari tenang yang,ask_hidden_gems
Top 5 Palembang tourism recommendations,ask_recommendation
Cheap traveling by LRT where is it good to go?,ask_lrt_destinations
Yaudah makasih,goodbye
Tempat ikonik Palembang selain,ask_recommendation
Salam kenal,greet
Is visiting limit?,ask_operating_hours
Fasilitas mushola bersih?,ask_facilities
Going the city around by LRT I where should stop?,ask_lrt_destinations
Can cars pass through the road?,ask_location_access
Are there mat rental facilities?,ask_facilities
Tourist trending destinations now right,ask_recommendation
Punti Kayu.,ask_destination_info
Rute alternatif,ask_location_access
Thank you the,goodbye
Sore,greet
Masuk untuk tiket anak - berapa anak?,ask_ticket_price
"Oke terima kasih,",goodbye
Mampir kenapa harus ke Kambang? Iwak,ask_destination_info
Date any spot? recommendations,ask_recommendation
Time what it does on open weekends?,ask_operating_hours
Places near LRT stations,ask_lrt_destinations
Palembang LRT ticket price,ask_ticket_price
Nasional hari Punti libur Kayu tetep buka?,ask_operating_hours
Are there fun secret tourist places?,ask_hidden_gems
Naik transportasi apa ke sana?,ask_location_access
Must-visit places for tourists,ask_recommendation
Selamat siang,greet
There are available lockers luggage for?,ask_facilities
App the is smooth,provide_feedback
Berapa tempat ini?,ask_ticket_price
Spots suitable for people,ask_recommendation
Apakah SMB II?,ask_operating_hours
Area fasilitas di wisata alam,ask_facilities
LRT reach places,ask_lrt_destinations
Give me full info on the Jakabaring area,ask_destination_info
Places yet in not the guidebook tourism,ask_hidden_gems
Directions to Benteng Kuto Besak,ask_location_access
Is it far from Ampera?,ask_location_access
Tempat cari makan yang jual ayam cabe ijo,ask_category
Thanks the is useful,goodbye
Letaknya di daerah mana ya?,ask_location_access
Bisa keren ngenalin bahasa juga gaul,provide_feedback
Info jam buka Al-Qur'an Al-Akbar,ask_operating_hours
Spots categorized nature,ask_category
Of list places historical of worship,ask_category
Tempat makan siang yang enak,ask_category
Are places to Benteng Kuto Besak?,ask_facilities
Tourist suitable spots for people young,ask_recommendation
How much is the entrance ticket for Punti Kayu?,ask_ticket_price
Wisata yang kategori alam,ask_category
Kasih tau tentang saya Siguntang Bukit,ask_destination_info
List of athletic sports and spots tourist,ask_category
Opening of hours Sport Jakabaring City,ask_operating_hours
Very this AI chatbot,provide_feedback
Makasih ya banyak,goodbye
Daftar wisata LRT,ask_lrt_destinations
Shopping tourism near LRT stations,ask_lrt_destinations
Tolong share rute lokasi,ask_location_access
Tourist via LRT,ask_lrt_destinations
Greetings admin,greet
Halo sistem,greet
Ke mana akhir ya pekan enaknya ini?,ask_recommendation
Suka dengan fitur terjemahan bahasanya,provide_feedback
Jauh nggak jaraknya dari Ampera?,ask_location_access
What fun things can be done?,ask_destination_info
Park tourism Palembang,ask_category
Bagus lengkap aplikasinya informasinya,provide_feedback
Berikan tentang ulasan Kapitan Kampung,ask_destination_info
For looking a coffee shop a with vibe nature,ask_category
Availability facilities of public,ask_facilities
Tempat rahasia yang bagus buat foto,ask_hidden_gems
Informasi jam bukanya sangat pas,provide_feedback
Rute tercepat ke Kambang Iwak,ask_location_access
Kenapa harus mampir ke Kambang Iwak?,ask_destination_info
Tempat rekomendasi nongkrong asik yang,ask_recommendation
Thank good night you,goodbye
Ada ruang menyusui nursery (room )?,ask_facilities
Exactly what is Kemaro on? Island,ask_destination_info
Palembang hi,greet
Hidden gem pinggiran Palembang di,ask_hidden_gems
Cari tempat bernuansa,ask_category
Historical category tourism,ask_category
The UI is simple and easy to use,provide_feedback
Gratis apa?,ask_ticket_price
Yo,greet
What ' s inside Museum?,ask_destination_info
Money much how to buy a ticket?,ask_ticket_price
Ya yang pintar,goodbye
- anti mainstream in destinations Palembang,ask_hidden_gems
Destinations accessible by,ask_lrt_destinations
Loker penitipan?,ask_facilities
Looking places for without tourists many,ask_hidden_gems
Saran aja fotonya HD,provide_feedback
The UI and is simple easy use to,provide_feedback
What time Ampera does Bridge open?,ask_operating_hours
Very helpful for getting,provide_feedback
Give me a of,ask_destination_info
Jelajahi ini mantap,provide_feedback
Tourism info around LRT stations,ask_lrt_destinations
Naik LRT ke Museum SMB II,ask_lrt_destinations
Biaya masuk per orang berapa?,ask_ticket_price
Fasilitas wisata di,ask_facilities
Cari tempat wisata religi umat Buddha,ask_category
Wisata alam terbuka di Palembang,ask_category
Far is it from Ampera?,ask_location_access
Thanks,goodbye
Share rute tolong lokasi,ask_location_access
Waktu operasional tempat wisata ini,ask_operating_hours
Recommendations for afternoon strolls taking LRT the,ask_lrt_destinations
Transportasi umum ke sana ada?,ask_location_access
That few visitors but is,ask_hidden_gems
Any holiday suggestions?,ask_recommendation
Me good places to hang out,ask_recommendation
Bantu?,greet
Top rekomendasi wisata 5 Palembang,ask_recommendation
How to cross to Kampung Kapitan,ask_location_access
Bus tourist facilities parking,ask_facilities
Info on ticket facilities,ask_ticket_price
Tourist places that are still untouched,ask_hidden_gems
Bye oke,goodbye
Of Monpera.,ask_destination_info
What is the Sriwijaya Museum like?,ask_destination_info
Palembang tourism on the LRT route,ask_lrt_destinations
The is access road good?,ask_location_access
There a is prayer room the in SMB Museum II?,ask_facilities
Take the LRT train to tourist spots,ask_lrt_destinations
Peta fitur akurat interaktifnya,provide_feedback
Bot hello,greet
Jam operasional BKB Palembang,ask_operating_hours
Olahraga di wisata Palembang,ask_category
Hours opening of Palembang Monpera,ask_operating_hours
Arah ke tempat wisata,ask_location_access
Recreation recommendations place,ask_recommendation
Secret recommend spots Palembang in,ask_hidden_gems
"Bagus, tapi kadang chatbotnya salah jawab",provide_feedback
Aloha,greet
Very a application useful,provide_feedback
Harga berapa karcis? masuk,ask_ticket_price
Informasi destinasinya sangat to,provide_feedback
Tourist places are still,ask_hidden_gems
Entrance ticket to Balaputra Dewa Museum,ask_ticket_price
Prayer room facilities,ask_facilities
How to reach,ask_location_access
Facilities cleanliness at location the,ask_facilities
Tempat wisata yang masuk kategori alam,ask_category
Fasilitas tempat banyak?,ask_facilities
Time operational of this spot tourist,ask_operating_hours
App ' s UI is top,provide_feedback
Can I take online motorcycle?,ask_location_access
Ada tempat makan di sekitar Benteng Kuto Besak?,ask_facilities
How to get spots to tourist LRT using,ask_lrt_destinations
Places that secret are good photos for,ask_hidden_gems
Selamat malam,greet
Location of Palembang Grand Mosque,ask_location_access
Anti - mainstream in Palembang tourism,ask_hidden_gems
Cek harga tiket masuk dong,ask_ticket_price
Letak di sebelah?,ask_location_access
Where exactly is it located?,ask_location_access
Of list Palembang tourism culinary,ask_category
Hours operating Balaputra of Dewa Museum,ask_operating_hours
LRT tourists,ask_lrt_destinations
Wisata hidden gem yang wajib didatangi,ask_hidden_gems
Kasih lihat daftar wisata religi,ask_category
Are there hidden gem photo spots?,ask_hidden_gems
Hours of tourism,ask_operating_hours
Kasih aplikasinya berguna,provide_feedback
Show all places,ask_category
Salutations,greet
Tempat rekomendasi yang ngopi enak,ask_category
Closing of time tourist the location,ask_operating_hours
Secret recommendations,ask_hidden_gems
Kid - tourist places friendly LRT near,ask_lrt_destinations
Yang apa saja?,ask_recommendation
Is?,greet
The ticket price information is very accurate,provide_feedback
Wisata yang lagi viral sekarang,ask_recommendation
Om swastiastu,greet
Harga Punti Kayu?,ask_ticket_price
Interactive map feature is,provide_feedback
Kambang buka dari jam berapa sampai?,ask_operating_hours
Hidden gem tourism for families,ask_hidden_gems
Recommend places to in,ask_recommendation
Tutup jam berapa malam ini?,ask_operating_hours
Wisata sejarah yang jarang dilirik,ask_hidden_gems
Info fasilitas di sana publik,ask_facilities
Sekali bagus inovasinya,provide_feedback
Are the?,ask_facilities
What does Kambang Iwak open the?,ask_operating_hours
Selamat siang admin,greet
For quiet place for healing in Palembang,ask_hidden_gems
Me give list a of the best spots tourist,ask_recommendation
Makasih bantuannya,goodbye
Tempat liburan bisa diakses,ask_lrt_destinations
Tempat beli - oleh,ask_category
Aplikasi inovatif,provide_feedback
Siang,greet
Favorit destinasi LRT pengguna,ask_lrt_destinations
Harga weekend hari biasa beda nggak?,ask_ticket_price
Nuwun matur,goodbye
UI / juara UX aplikasinya,provide_feedback
Tahu saya tentang Pulau,ask_destination_info
Makasih,goodbye
Daftar harga tiket wisata Palembang,ask_ticket_price
Turis lokal maupun,provide_feedback
Harga tiket paling murah,ask_ticket_price
Route the tourist spot,ask_location_access
This when does place start? opening,ask_operating_hours
Palembang tourism latest recommendations,ask_recommendation
Daftar kasih tempat wisata dong terbaik,ask_recommendation
Kategori wisata sejarah,ask_category
Hai chatbot,greet
Ada rekomendasi anti tempat? mainstream,ask_hidden_gems
Give me a list of the best tourist spots,ask_recommendation
Nearest LRT station from Jakabaring,ask_lrt_destinations
List of historical places of worship,ask_category
Daftar dan tempat wisata,ask_lrt_destinations
Hello anyone here,greet
About the Museum SMB II.,ask_destination_info
ATM tersedia? terdekat,ask_facilities
What's inside the Balaputra Dewa Museum?,ask_destination_info
Favorite destinations for,ask_lrt_destinations
"Bot, makasih sampai jumpa",goodbye
Is a BKB hangout? spot,ask_destination_info
Kasih tau tempat wisata terbaik,ask_recommendation
Best tourism app so far,provide_feedback
Suggestions for tomorrow's destination,ask_recommendation
Chatbot,greet
Tempat kuliner khas Palembang,ask_category
Secret places that are good for photos,ask_hidden_gems
What does Kuto close?,ask_operating_hours
This is place every day open?,ask_operating_hours
Hai Jelajahi,greet
Show only nature tourism,ask_category
Operasional paling jam jam pagi berapa?,ask_operating_hours
Detail Kampung Kapitan.,ask_destination_info
What places are crowded right now?,ask_recommendation
Easy access to Palembang tourism with LRT,ask_lrt_destinations
Confused where to go?,ask_recommendation
Di ada sana duduk tempat? santai,ask_facilities
Is inside what Sport Jakabaring City?,ask_destination_info
Okay thanks for the recommendation,goodbye
Much is the per person?,ask_ticket_price
How is the much ticket for? children,ask_ticket_price
Transportasi panduan sana ke,ask_location_access
Fasilitas tempat sampah cukup banyak?,ask_facilities
Cukup aplikasinya informatif,provide_feedback
See you again,goodbye
Harga tiket wisata,ask_ticket_price
Outdoor in Palembang,ask_category
Okay then thanks,goodbye
Jakabaring Sport di mana?,ask_location_access
Berapa htm ke tempat ini?,ask_ticket_price
Batas kunjungan jam?,ask_operating_hours
Thanks so,goodbye
Are there clean water facilities?,ask_facilities
Alright you for thank the info,goodbye
What's good to do when visiting Ampera?,ask_destination_info
Looking for authentic Palembang culinary spots,ask_category
Tourism that has few visitors but nice is,ask_hidden_gems
Tarif masuk untuk turis asing,ask_ticket_price
Makasih yaaa,goodbye
Rekomendasi liburan,ask_recommendation
LRT untuk wisatawan,ask_lrt_destinations
Jadwal tempat rekreasi operasional,ask_operating_hours
Yang sangat direkomendasikan,provide_feedback
Operating hours of,ask_operating_hours
Selamat pagi,greet
Gems on the Palembang,ask_hidden_gems
Berapa harga karcis masuk?,ask_ticket_price
Recommendations chicken noodle,ask_category
Admin,greet
Tempat yang liburan terlalu ngga rame,ask_hidden_gems
Operasional normalnya?,ask_operating_hours
Are what the tourism historical spots in? Palembang,ask_category
Ada wisatanya pemandu (tour guide )?,ask_facilities
For recommendations a getaway short Palembang in,ask_recommendation
Terkesan sangat dengan chatbot ini AI,provide_feedback
Tempat top,ask_recommendation
From the airport LRT where station can go I for tourism?,ask_lrt_destinations
Hidden rekomendasi kuliner gems,ask_hidden_gems
Ada spot gem?,ask_hidden_gems
Pempek culinary tourism LRT,ask_lrt_destinations
Jadwal buka museum,ask_operating_hours
Pagi selamat bot,greet
Malam hari masih?,ask_operating_hours
Give me cool destination recommendations,ask_recommendation
Berapa harga masuknya? tiket,ask_ticket_price
Recommend places visit to kids with,ask_recommendation
Hi app Jelajahi,greet
Palembang hidden gems that must be visited,ask_hidden_gems
- jalan murah jalan naik LRT ke mana? enaknya,ask_lrt_destinations
There are secret spots tourist?,ask_hidden_gems
Lot thanks a bot,goodbye
There enough trash?,ask_facilities
Rekomendasi,ask_recommendation
What crowded right?,ask_recommendation
Where should first - timer in?,ask_recommendation
Halo AI,greet
Park city tourism Palembang in,ask_category
BKB bayar nggak?,ask_ticket_price
Info on public facilities there,ask_facilities
Tempat yang wisata cocok buat anak muda,ask_recommendation
Must - via LRT,ask_lrt_destinations
Alright thank you for the info,goodbye
Supporting facilities,ask_facilities
Admin hey,greet
Harga tiket LRT Palembang,ask_ticket_price
Photo spots near LRT route,ask_lrt_destinations
Access to the tourist location,ask_location_access
Recreation place,ask_recommendation
Info wisata Bukit Siguntang.,ask_destination_info
Why do people visit often Bridge? Ampera,ask_destination_info
Bagusnya liburan ke mana ya di Palembang?,ask_recommendation
Of Grand Mosque,ask_location_access
Recommendations for noodle places chicken,ask_category
Permisi,greet
Guide for route motorcycles,ask_location_access
Culinary tourism that can be reached by LRT,ask_lrt_destinations
That are quiet,ask_hidden_gems
Cari tempat wisata buat,ask_recommendation
Hours of Balaputra Dewa,ask_operating_hours
Desain card destinasinya menarik,provide_feedback
Operating hours of Kampung Kapitan,ask_operating_hours
Rekomendasi tempat foto yang instagramable,ask_recommendation
You thank and you see,goodbye
Description of.,ask_destination_info
Hidden tourist spots for the weekend,ask_hidden_gems
Cara akses ke destinasi ini,ask_location_access
Complete facilities info please,ask_facilities
Are special photo?,ask_facilities
This app is a must-download for those going to Palembang,provide_feedback
Foto bagus deket jalur LRT,ask_lrt_destinations
Dong rekomendasi,ask_recommendation
Recommend place to hang,ask_recommendation
Apakah di Punti Kayu ada toilet umum?,ask_facilities
The app's UI UX is top notch,provide_feedback
Tempat ziarah wisata religi atau,ask_category
Olahraga di Palembang,ask_category
Island.,ask_destination_info
Sangat memudahkan backpacker,provide_feedback
Beri saya saran tempat wisata,ask_recommendation
Is the Grand Mosque 24?,ask_operating_hours
Cari wisata kuliner legendaris,ask_category
Hidden tourism near LRT stations,ask_lrt_destinations
Tentang - Qur '.,ask_destination_info
Tempat apakah ini buka setiap hari?,ask_operating_hours
This Jelajahi app,provide_feedback
Thank bot you,goodbye
Directions Kuto Besak,ask_location_access
Ada?,greet
Hangout near places stations LRT,ask_lrt_destinations
Destination the information is very to date up,provide_feedback
Latest entrance fee info,ask_ticket_price
UI aplikasinya banget desain saya,provide_feedback
Photo good spots the LRT near route,ask_lrt_destinations
Alright you for info,goodbye
Buka jam Palembang Monpera,ask_operating_hours
The chatbot is friendly and provides solutions,provide_feedback
Tourist destinations palembang accessible by LRT,ask_lrt_destinations
Is it still open at night?,ask_operating_hours
Looking for a comfortable cinema,ask_category
Apakah ada kursi roda untuk lansia di museum?,ask_facilities
Biaya retribusi masuk wisata,ask_ticket_price
Is there an information center there?,ask_facilities
Tujuan wisata yang lagi viral sekarang,ask_recommendation
Berapa harga tiket masuknya?,ask_ticket_price
From airport station can I go tourism?,ask_lrt_destinations
Of history Kuto Benteng Besak.,ask_destination_info
Dong ceritain usul asal Kemaro Pulau.,ask_destination_info
Hidden gem di tengah kota Palembang,ask_hidden_gems
Yang tempat cocok menyendiri buat,ask_hidden_gems
Sports in Palembang tourism,ask_category
Respons chatbotnya sangat cepat,provide_feedback
What tourist are?,ask_destination_info
Harga tiket Al-Qur'an Al-Akbar,ask_ticket_price
Jalan tempat jalan - yang sore asik,ask_recommendation
Exactly where it is located?,ask_location_access
Di Punti ada toilet?,ask_facilities
Operating of hours Island Kemaro,ask_operating_hours
Dadah,goodbye
Rekomendasi wisata religi dong,ask_category
Palembang halo,greet
Info wisata Kambang dong.,ask_destination_info
"Sip infonya lengkap, makasih",goodbye
Places popular Palembang in near LRT,ask_lrt_destinations
A thanks lot,goodbye
Wisata yang tenang,ask_hidden_gems
Tempat makan ayam,ask_category
Looking for weekend,ask_recommendation
Water river tourism in,ask_category
Bot,greet
Places fun to out hang friends with,ask_recommendation
Cari hidden gem terdekat,ask_hidden_gems
Wisata keluarga yang deket stasiun LRT,ask_lrt_destinations
Really like this app,provide_feedback
Thanks the,goodbye
Spot rekomendasi rahasia Palembang di,ask_hidden_gems
Info buka jam Al - Qur Al ' an Akbar -,ask_operating_hours
Sejarah Benteng Kuto Besak.,ask_destination_info
Saya butuh detail tentang Taman Punti Kayu,ask_destination_info
Is Punti Kayu a nature tourism spot?,ask_destination_info
Is there a helmet deposit place?,ask_facilities
Daftar tempat ibadah bersejarah,ask_category
Secret tourism recommendations please,ask_hidden_gems
In facilities the nature area tourism,ask_facilities
Looking for Buddhist religious tourist spots,ask_category
Masjid Palembang buka nggak?,ask_operating_hours
Evening,greet
Tempat yang masih jarang terekspos,ask_hidden_gems
Makasih banyak atas bantuannya,goodbye
Alamat lokasinya dong,ask_location_access
HTM ke?,ask_ticket_price
Kota keliling naik LRT mampir kemana ya?,ask_lrt_destinations
Dilewatin bisa nggak mobil jalannya?,ask_location_access
Tourism on the LRT,ask_lrt_destinations
Address of recreation,ask_location_access
Apa wisata di yang bagus sini?,ask_recommendation
What attractions tourist Jakabaring are in?,ask_destination_info
Anti-mainstream destinations in Palembang,ask_hidden_gems
Beri saran tempat,ask_recommendation
Lokasi wisata palembang via LRT,ask_lrt_destinations
Akses LRT ke wisata,ask_lrt_destinations
Spot foto bagus deket jalur LRT,ask_lrt_destinations
Fitur akurat,provide_feedback
Wisata pempek kuliner mana di enak yang?,ask_category
Helpful very when vacationing Palembang in,provide_feedback
Ada ruang menyusui (nursery room)?,ask_facilities
Great thank,goodbye
Recommend a fun place to hang out,ask_recommendation
Harga tiket,ask_ticket_price
What's up,greet
Is there room in SMB II?,ask_facilities
Harga tiket masuk weekend sama hari biasa beda nggak?,ask_ticket_price
App is highly,provide_feedback
Tolong kasih rute ke Al-Qur'an Al-Akbar,ask_location_access
Di Jakabaring ada wisata apa aja emang?,ask_destination_info
Kasih selamat terima malam,goodbye
There is a helmet deposit place?,ask_facilities
Great app for,provide_feedback
Masuk tempat,ask_ticket_price
Suka banget sama fitur dark mode-nya,provide_feedback
Info soal Taman ada Kambang Iwak?,ask_destination_info
Is there bicycle rental at Kambang Iwak?,ask_facilities
Informasi jam pas bukanya sangat,provide_feedback
Harga tiket masuk rombongan,ask_ticket_price
Makasih ya informasinya,goodbye
Tourist spots that ' gone viral yet,ask_hidden_gems
Recommend interesting tourist attractions,ask_recommendation
Is place for a in Palembang?,ask_recommendation
Ada tempat seru?,ask_hidden_gems
Very for good finding info tourism,provide_feedback
Loading chatbotnya agak lambat ya,provide_feedback
Tourism suitable for,ask_category
Orang sering ke Ampera?,ask_destination_info
Woy,greet
Tourist places that many not about people know,ask_hidden_gems
Umum sana ada?,ask_location_access
Info on of the,ask_operating_hours
Historical tourism that is rarely looked at,ask_hidden_gems
Saja koleksi di Museum II?,ask_destination_info
Punti Kayu wisata alam ya?,ask_destination_info
Rekomendasi - jalan jalan sore naik LRT,ask_lrt_destinations
Bot test,greet
Thanks a,goodbye
Ticket price for Al-Akbar Giant Quran,ask_ticket_price
Give me some good places to hang out,ask_recommendation
Tempat paling ikonik di Palembang selain Ampera,ask_recommendation
Is there a changing room?,ask_facilities
For thanks information the,goodbye
What can I do at Benteng Kuto Besak?,ask_destination_info
DJKA is close to?,ask_lrt_destinations
Baiklah kasih terima,goodbye
Info on time of operational destination the,ask_operating_hours
Spot paling populer,ask_recommendation
Fasilitas pendukung,ask_facilities
Places are exposed,ask_hidden_gems
Tempat makan bakso rudal yang terkenal di mana?,ask_category
Spot recommendations,ask_hidden_gems
Aplikasi ini wajib - di download buat yang ke Palembang,provide_feedback
App ini sangat tempat,provide_feedback
Cari wisata umat Buddha,ask_category
Jangkauan ke tempat,ask_lrt_destinations
Thank you help,goodbye
Butuh budget berapa untuk tiketnya?,ask_ticket_price
What ' s interesting about Island Kemaro?,ask_destination_info
Fasilitas parkir?,ask_facilities
Fun places to hang out with friends,ask_recommendation
Which tourist attractions are near LRT stations?,ask_lrt_destinations
There hidden gem photo?,ask_hidden_gems
Looking quiet,ask_hidden_gems
Bayar berapa masuk Pulau Kemaro?,ask_ticket_price
Places not yet in the tourism guidebook,ask_hidden_gems
You Jelajahi,goodbye
About curious contents the of the Sultan Badaruddin Museum Mahmud.,ask_destination_info
When start opening?,ask_operating_hours
Me give info the about of history Ampera Bridge,ask_destination_info
Jam info tutup Kemaro Pulau,ask_operating_hours
Complete operating hours info,ask_operating_hours
Daftar wisata sejarah tempat,ask_category
Info on museum opening schedule,ask_operating_hours
Banget bagus buat cari wisata info,provide_feedback
Are there snack stalls inside?,ask_facilities
What are places right now crowded?,ask_recommendation
Getting off at Ampera station where can I go?,ask_lrt_destinations
Opening hours of historical tourism,ask_operating_hours
Spot tersembunyi,ask_hidden_gems
Sangat backpacker,provide_feedback
Terima kasih Jelajahi,goodbye
Me please give the route to Al - Akbar Giant Quran,ask_location_access
Opening schedule of SMB II Museum,ask_operating_hours
Is Punti Kayu like a pine forest?,ask_destination_info
Jadwal buka Museum SMB II,ask_operating_hours
Yaaa,goodbye
Cari tolong wisata alam sejuk yang,ask_category
Ticket the price during weekend,ask_ticket_price
A recommend place fun to out hang,ask_recommendation
Me about Siguntang,ask_destination_info
Jakabaring City isinya apa?,ask_destination_info
Bye okay,goodbye
Hidden tourist recommend spots please,ask_hidden_gems
Rincian biaya masuk wisata,ask_ticket_price
On public info facilities there,ask_facilities
Program hai,greet
Palembang LRT tourism guide,ask_lrt_destinations
Palembang lewat LRT wisata tempat apa aja?,ask_lrt_destinations
Hidden gem dari kota,ask_hidden_gems
Tolong jelaskan sejarah Benteng Kuto Besak,ask_destination_info
LRT reach to recreation places,ask_lrt_destinations
Cara menjangkau lokasi,ask_location_access
Thx,goodbye
Hi Palembang,greet
Rekomendasi tempat wisata tersembunyi dong,ask_hidden_gems
Active bot?,greet
Kid - friendly LRT,ask_lrt_destinations
Access admission cost,ask_ticket_price
Kemana saja naik LRT di Palembang,ask_lrt_destinations
Recommend a local nice coffee shop iced,ask_category
Yang destinasi sepi masih,ask_hidden_gems
Need details about Kayu Park,ask_destination_info
The search feature is fast and accurate,provide_feedback
Wisata tempat untuk pagi olahraga,ask_category
Kemaro Island info.,ask_destination_info
Is this place open every day?,ask_operating_hours
Kasih rekomendasi tempat jalan-jalan yang bagus dong,ask_recommendation
Fasilitas info dong lengkap,ask_facilities
Any info Kambang about Iwak Park?,ask_destination_info
Entrance fee Hill,ask_ticket_price
Admission tariff for tourist locations,ask_ticket_price
Makasih banget,goodbye
Kambang Iwak ada tiket masuknya?,ask_ticket_price
Tempat ziarah atau wisata religi,ask_category
Wisata taman kota,ask_category
Museum SMB berapa ya?,ask_ticket_price
Rekomendasi foto yang tempat instagramable,ask_recommendation
Ada rekomendasi destinasi buat keluarga?,ask_recommendation
Ketemu lagi,goodbye
Sana ada tempat santai?,ask_facilities
Petunjuk Benteng Kuto Besak,ask_location_access
Sangat membantu terima kasih,goodbye
Cara tujuan sampai ke,ask_location_access
Please filter by only,ask_category
Ke mana ya enaknya akhir pekan ini?,ask_recommendation
Very innovation good,provide_feedback
Looking for quiet tourism,ask_hidden_gems
Tempat menarik,ask_recommendation
Hidden alam di Palembang,ask_hidden_gems
Recommend cheap hidden places,ask_hidden_gems
Stasiun ampera bisa mana?,ask_lrt_destinations
Destinasi Palembang wisata yang bisa naik LRT,ask_lrt_destinations
Hill info.,ask_destination_info
I okay will take leave my,goodbye
Entrance fee nature for spots tourist,ask_ticket_price
Schedule of the recreation,ask_operating_hours
Looking for a place that sells green chili fried chicken,ask_category
Detailed address,ask_location_access
Ada tiket diskon masuk? pelajar,ask_ticket_price
Is landmark?,ask_location_access
You thank bot,goodbye
Oke bye,goodbye
Looking for Buddhist spots religious tourist,ask_category
Are what the in collections the SMB Museum II?,ask_destination_info
Rekomendasi ngedate?,ask_recommendation
From the train,ask_location_access
Ampera Bridge details.,ask_destination_info
Recommendations late - culinary,ask_category
Pemandu wisatanya (guide )?,ask_facilities
Apakah ada kursi untuk di?,ask_facilities
What transportation to take there?,ask_location_access
What about Al - Akbar Quran?,ask_destination_info
Thanks alright,goodbye
Banget suka sama dark fitur mode nya -,provide_feedback
Mau keliling Palembang naik LRT tujuannya apa aja?,ask_lrt_destinations
Aplikasi yang sangat bermanfaat,provide_feedback
Jadwal LRT dan lokasi wisata,ask_lrt_destinations
Masuk ke tempat,ask_location_access
Naik ke sana?,ask_location_access
Then okay thanks,goodbye
Apakah ada tempat?,ask_facilities
Punti Kayu deskripsi.,ask_destination_info
Access the to location tourist,ask_location_access
Wisata air atau sungai di Palembang,ask_category
Museum Sriwijaya itu gimana tempatnya?,ask_destination_info
Thank you for the info,goodbye
Bagaimana cara Ampera?,ask_location_access
List of Palembang LRT tourist destinations,ask_lrt_destinations
Is there public transportation to get there?,ask_location_access
Bisa bantu saya?,greet
Looking for tourism destinations,ask_category
Looking for cool and breezy tourist spots,ask_recommendation
Makasih bot ya pintar yang,goodbye
Recommend authentic spots,ask_hidden_gems
Tourism Palembang,ask_category
Thank you very much,goodbye
Opening and closing of Kayu schedule Punti,ask_operating_hours
Deskripsi Punti Kayu.,ask_destination_info
Terima panduannya kasih,goodbye
Top tier tourist spots,ask_recommendation
Are stalls there snack inside?,ask_facilities
Must-visit tourist places via LRT,ask_lrt_destinations
Which area is it located in?,ask_location_access
Where should I go this weekend?,ask_recommendation
Fasilitas sewa tikar ada?,ask_facilities
Ada rekomendasi tempat ngedate?,ask_recommendation
Recommend culinary hidden gems,ask_hidden_gems
Evening good,greet
Ada pemandu wisatanya (tour guide)?,ask_facilities
Price info ticket please,ask_ticket_price
The review feature helps in choosing destinations,provide_feedback
Palembang recommendations,ask_recommendation
Okay I will take my leave,goodbye
Gem hidden di tengah Palembang kota,ask_hidden_gems
Punti is still Kayu on open national holidays?,ask_operating_hours
Recommendations any anti for - places mainstream?,ask_hidden_gems
What ',greet
Infonya makasih banget berguna,goodbye
Destinasi rekomendasi bot dong,ask_recommendation
Di sana informasi?,ask_facilities
To where riding go LRT the in Palembang,ask_lrt_destinations
Looking for cool breezy,ask_recommendation
To culinary souvenirs,ask_category
It still is at open night?,ask_operating_hours
Info opening schedule,ask_operating_hours
BKB itu tempat nongkrong bukan sih?,ask_destination_info
Jalan Bukit Siguntang,ask_location_access
Ticket price during the weekend,ask_ticket_price
Nature tourism with lots of trees,ask_category
Al tentang Qur - ' Raksasa an.,ask_destination_info
Chatbotnya ngasih pinter banget rekomendasi,provide_feedback
Tempat di parkir luas gak Jakabaring?,ask_facilities
Anti - in Palembang,ask_hidden_gems
You for the info bot,goodbye
Ada wisata sejarah yang deket jalur LRT nggak?,ask_lrt_destinations
Biaya masuk,ask_ticket_price
Boleh minta?,ask_recommendation
Untuk fasilitas difabel,ask_facilities
Daftar destinasi wisata LRT Palembang,ask_lrt_destinations
The destination information is very up to date,provide_feedback
Terima banyak,goodbye
Opening Bridge for pedestrians,ask_operating_hours
Toilet info availability,ask_facilities
Akses masuk ke tempat wisata,ask_location_access
Cara ke tempat wisata pakai LRT,ask_lrt_destinations
Jam Jembatan buka untuk Ampera kaki pejalan,ask_operating_hours
DJKA station is close to what tourism?,ask_lrt_destinations
What time does the ticket booth? open,ask_operating_hours
Ceritain dong asal usul Pulau Kemaro.,ask_destination_info
Tujuan liburan favorit di Palembang,ask_recommendation
Detailed please address,ask_location_access
Pendukung fasilitas tempat di wisata,ask_facilities
Rekomendasi kopi susu kedai lokal asik yang,ask_category
Tourist spots categorized as nature,ask_category
Places that are rarely exposed,ask_hidden_gems
I can take an online motorcycle taxi there?,ask_location_access
Jam buka Monpera Palembang,ask_operating_hours
What spots does the pass by?,ask_lrt_destinations
Pempek culinary tourism near LRT stations,ask_lrt_destinations
Fasilitas keamanan di tempat wisata,ask_facilities
Is a there student discount for entrance the? ticket,ask_ticket_price
That ' okay s enough you thank,goodbye
The chatbot loading is a bit slow,provide_feedback
Akses jalannya bagus nggak?,ask_location_access
Sangat menggunakan puas ini aplikasi,provide_feedback
What are the collections in the SMB II Museum?,ask_destination_info
Cari lokasi hidden gem,ask_hidden_gems
Rekomendasi - naik LRT,ask_lrt_destinations
Tarif untuk asing,ask_ticket_price
Jam Jembatan buka?,ask_operating_hours
LRT stasiun terdekat Jakabaring dari,ask_lrt_destinations
Tempat buat yang seru main teman bareng,ask_recommendation
Penjaga pantainya nggak?,ask_facilities
Lokasinya dong,ask_location_access
To how reach location the,ask_location_access
You thank the for info bot,goodbye
Tourism LRT info around stations,ask_lrt_destinations
Time this tourist spot,ask_operating_hours
Thank you for the guide,goodbye
Makes very it easy backpackers for,provide_feedback
There gazebos are for resting?,ask_facilities
App ini sangat memudahkan cari tempat wisata,provide_feedback
How to get there from the city center,ask_location_access
Very good,provide_feedback
Rute ke,ask_location_access
For comfortable cinema,ask_category
Anti mainstream di,ask_hidden_gems
Okay great thank you,goodbye
Berapa ini buka harinya?,ask_operating_hours
Terima kasih atas sarannya,goodbye
Tersedia foto?,ask_facilities
Tempat kulineran,ask_category
Operasional waktu Masjid Ho Cheng,ask_operating_hours
Give me full info the on Jakabaring area,ask_destination_info
Tourist rarely by tourists,ask_hidden_gems
Lokasinya mana?,ask_location_access
Hidden gems on the outskirts of Palembang,ask_hidden_gems
I want to really know history the the of Grand Mosque.,ask_destination_info
Tourism that has few visitors but is nice,ask_hidden_gems
Explain the of background the Al - Giant Quran Akbar,ask_destination_info
What is inside the SMB II Museum?,ask_destination_info
Tourism nature is that still pristine quiet and,ask_hidden_gems
Address the of historical spot tourist,ask_location_access
Details kampung Kapitan.,ask_destination_info
LRT schedule and tourist locations,ask_lrt_destinations
Tell information about Kemaro,ask_destination_info
Mandinya bersih?,ask_facilities
Parking facilities info,ask_facilities
You see again,goodbye
Explanation of Palembang.,ask_destination_info
For historical museums,ask_category
Kasih ringkasan soal Monumen Perjuangan Rakyat.,ask_destination_info
Harga berapa masuk Punti tiket Kayu?,ask_ticket_price
Thanks the info,goodbye
Kawasan 7 Ulu buka jam berapa enaknya didatengin?,ask_operating_hours
Looking for cultural local destinations tourism,ask_category
Travel route to the destination,ask_location_access
Letak destinasi wisata,ask_location_access
Tourism LRT stations,ask_lrt_destinations
LRT routes historical,ask_lrt_destinations
HTM destinasi berapa ini?,ask_ticket_price
Are facilities there children for?,ask_facilities
Rute menuju Kemaro dari Pulau bandara,ask_location_access
At facilities Bridge Ampera,ask_facilities
Hai,greet
Hey chatbot,greet
How long is this place open every day?,ask_operating_hours
The response is fast,provide_feedback
Entrance ticket Balaputra Museum,ask_ticket_price
Tiket masuk Museum,ask_ticket_price
"Oke, terima kasih",goodbye
Tempat ada menarik untuk yang dikunjungi?,ask_recommendation
Harga tiket Al - ' Al -,ask_ticket_price
Tampilkan edukasi kategori wisata,ask_category
Recommend a nice local iced coffee shop,ask_category
Palembang tourist destinations by,ask_lrt_destinations
Entrance ticket,ask_ticket_price
The chatbot loading bit is slow a,provide_feedback
Ceritakan tentang Masjid?,ask_destination_info
Most popular in Palembang,ask_recommendation
Waktu tempat wisata,ask_operating_hours
Facilities motorcycle parking info,ask_facilities
LRT tempat wisata apa?,ask_lrt_destinations
Aplikasinya terima kasih berguna,provide_feedback
Jalan - jalan yang,ask_recommendation
Makasih bot,goodbye
Sometimes good but the chatbot wrong answers,provide_feedback
Hidden gem yang deket dari kota,ask_hidden_gems
Transportasi LRT untuk wisatawan,ask_lrt_destinations
The map interactive is feature accurate,provide_feedback
Tempat estetik yang belum banyak tau,ask_hidden_gems
Where is near it located? to,ask_location_access
Mushola bersih?,ask_facilities
Sangat dengan aplikasi suka ini,provide_feedback
Jam operasional normalnya gimana?,ask_operating_hours
What time does Siguntang Hill close?,ask_operating_hours
There changing room?,ask_facilities
Cek,greet
Tariff admission tourist for locations,ask_ticket_price
On public there,ask_facilities
Spill Iwak tourism please.,ask_destination_info
Hai bot Palembang,greet
Are rental facilities?,ask_facilities
Ada tempat wisata rahasia yang seru?,ask_hidden_gems
Palembang hidden gems that,ask_hidden_gems
Please filter by culinary tourism only,ask_category
UI/UX aplikasinya juara,provide_feedback
Banget sama dark mode -,provide_feedback
Yang masih jarang terekspos,ask_hidden_gems
Sejarah Monpera.,ask_destination_info
Tell me a bit about the Cheng Ho Mosque Palembang,ask_destination_info
Wisata sejarah peninggalan Belanda,ask_category
Tarif masuk lokasi wisata,ask_ticket_price
How many rupiahs is entrance the ticket?,ask_ticket_price
Palembang,greet
Ini sangat user -,provide_feedback
What are the historical tourism spots in Palembang?,ask_category
Terima kasih sudah menjawab,goodbye
Nice places an walk,ask_recommendation
Thank you Jelajahi,goodbye
Lokasi Jakabaring Sport City di mana?,ask_location_access
Kampung Kapitan details.,ask_destination_info
Entrance access to the tourist spot,ask_location_access
Is there a tour guide?,ask_facilities
Wisata sekitar info stasiun LRT,ask_lrt_destinations
Places for,ask_category
Destinasi dong bot,ask_recommendation
Tutup jam berapa hari minggu?,ask_operating_hours
For your,goodbye
Saya detail Taman Kayu,ask_destination_info
Saja naik LRT di Palembang,ask_lrt_destinations
What can I do at Benteng Kuto? Besak,ask_destination_info
So thanks much,goodbye
Di dalam ada?,ask_facilities
Cari destinasi wisata budaya lokal,ask_category
Cara bagaimana ke Ampera Jembatan?,ask_location_access
Tier tourist top spots,ask_recommendation
Rute Pulau Kemaro bandara,ask_location_access
Ada nggak wisata alam yang deket LRT?,ask_lrt_destinations
Give destination recommendations,ask_recommendation
Direction to the tourist place,ask_location_access
What is the entrance fee for the SMB II Museum?,ask_ticket_price
Wisata kuliner dicapai LRT,ask_lrt_destinations
Bingung mau mana?,ask_recommendation
Buka Museum jadwal SMB II,ask_operating_hours
Palembang city,greet
PIM Palembang XXI sebelah mana?,ask_category
Operasional Pulau jam Kemaro,ask_operating_hours
Is open Mondays?,ask_operating_hours
Hidden gem tengah kota,ask_hidden_gems
Jadwal Museum SMB,ask_operating_hours
LRT ke Kayu,ask_lrt_destinations
Makasih nya,goodbye
Masuk akses ke wisata tempat,ask_location_access
Me give some tourist suggestions spot,ask_recommendation
LRT routes passing historical places,ask_lrt_destinations
App this is recommended highly,provide_feedback
Nuwun,goodbye
Facilities security at the spot tourist,ask_facilities
Info harga tiket dong,ask_ticket_price
Tempat buat anak muda,ask_recommendation
Cara pergi ke Punti Kayu naik angkot,ask_location_access
Baiklah terima kasih,goodbye
The SMB Museum.,ask_destination_info
Rekomendasi liburan di Palembang,ask_recommendation
LRT near spots,ask_lrt_destinations
Gimana cara ke Monpera?,ask_location_access
Fasilitas air bersih ada?,ask_facilities
Jelajahi hai,greet
Entrance on fee holidays national,ask_ticket_price
Tempat yang wajib dikunjungi apa saja?,ask_recommendation
Do I have to to enter pay? BKB,ask_ticket_price
Palembang tourist locations via LRT,ask_lrt_destinations
Chatbotnya loading lambat agak ya,provide_feedback
Jadwal jam tutup loket berapa?,ask_operating_hours
Ulasannya ngebantu milih,provide_feedback
Is there free wifi there?,ask_facilities
Rekomendasi tempat ngopi yang enak,ask_category
Cari tempat makan kuliner khas Palembang,ask_category
Me list show the of religious tourism,ask_category
Info Iwak Park?,ask_destination_info
The really helpful for,provide_feedback
List of Palembang culinary tourism,ask_category
Terima kasih infonya,goodbye
Detailed address please,ask_location_access
Swastiastu om,greet
Me info on Jakabaring area,ask_destination_info
Give me some suggestions,ask_recommendation
Visiting hour,ask_operating_hours
To direction tourist the place,ask_location_access
Rekomendasi gems,ask_hidden_gems
Kasih info soal sejarah Jembatan Ampera dong,ask_destination_info
Kendaraan akses tempat ke wisata,ask_location_access
Aplikasi wajib - download buat yang ke,provide_feedback
This app is highly recommended,provide_feedback
Tempat bagus yang ngga pasaran,ask_hidden_gems
What time is best to visit the 7 Ulu area?,ask_operating_hours
Cari tempat yang nyaman,ask_category
Ramah dan,provide_feedback
Naik kereta LRT ke tempat wisata,ask_lrt_destinations
Parking fee and entrance ticket,ask_ticket_price
Time what Hill does Siguntang close?,ask_operating_hours
There are tours historical near LRT the route?,ask_lrt_destinations
Info lengkap kawasan Jakabaring dong,ask_destination_info
The opening hours information is very fitting,provide_feedback
Fasilitas kelengkapan wisata,ask_facilities
Taking the LRT Benteng to where Besak Kuto do I get off?,ask_lrt_destinations
Chatbot makasih,goodbye
There lockers for luggage?,ask_facilities
Fasilitas di sana,ask_facilities
To how arrive the at destination,ask_location_access
Buka jam weekend?,ask_operating_hours
Wisata religi dong,ask_category
Route fastest to Iwak Kambang,ask_location_access
Are what the cultural tours in Palembang?,ask_category
HTM tempat wisata keluarga,ask_ticket_price
Punti itu hutan pinus ya?,ask_destination_info
Tempat sejarah,ask_location_access
Operasional jam gimana normalnya?,ask_operating_hours
Jam buka Jembatan Ampera untuk pejalan kaki,ask_operating_hours
Colokan listrik ngecas?,ask_facilities
Thanks info the is useful very,goodbye
Fasilitas parkir bus pariwisata,ask_facilities
Program hi,greet
How much does cost to enter?,ask_ticket_price
Cari tempat wisata buat akhir pekan,ask_recommendation
Hanya tampilkan,ask_category
Holiday palembang recommendations,ask_recommendation
Sejarah yang jarang,ask_hidden_gems
Are there places to eat around Benteng Kuto Besak?,ask_facilities
Direction guide the,ask_location_access
Must visit - for places tourists,ask_recommendation
Bagus ngga pasaran,ask_hidden_gems
Apa yang saja ada Museum di SMB? II,ask_destination_info
Bot halo,greet
Buat ada gazebo istirahat?,ask_facilities
Wisata rahasia destinasi Palembang,ask_hidden_gems
Hello tourism bot,greet
City park tourism in Palembang,ask_category
Thank you the app is useful,provide_feedback
Aplikasinya buat jalan -,provide_feedback
Cheapest ticket price,ask_ticket_price
Ada penjaga pantainya nggak?,ask_facilities
Shopping tourism near,ask_lrt_destinations
Fasilitas ibadah di lokasi wisata,ask_facilities
Show all historical tourism places,ask_category
Museum alamat Balaputra dong Dewa,ask_location_access
LRT station from,ask_lrt_destinations
Wisata belanja deket yang LRT stasiun,ask_lrt_destinations
Recommend a good coffee shop,ask_category
Are snack inside?,ask_facilities
Thank you good night,goodbye
Buddhaya namo,greet
Wisata yang deket mana stasiun aja LRT?,ask_lrt_destinations
"Terima, selamat",goodbye
How much is the admission to this place?,ask_ticket_price
Schedule of SMB II Museum,ask_operating_hours
Wisata hidden gem untuk keluarga,ask_hidden_gems
Jaraknya jauh nggak dari Ampera?,ask_location_access
What is the Sriwijaya Museum? like,ask_destination_info
List tourist attractions,ask_category
Kereta naik LRT tempat ke wisata,ask_lrt_destinations
What fun things can be done at Punti Kayu?,ask_destination_info
Mudah wisata dengan LRT,ask_lrt_destinations
Card desain menarik destinasinya,provide_feedback
Tempat yang belum masuk buku panduan wisata,ask_hidden_gems
Tempat yang asik,ask_recommendation
"Infonya lengkap, makasih",goodbye
Kalau - naik LRT turun di mana?,ask_lrt_destinations
Ceritakan tentang bisa Agung Masjid Palembang?,ask_destination_info
Wisata anti mainstream di Palembang,ask_hidden_gems
Harga tiket masuk wisata religi,ask_ticket_price
Ke sana cara dari pusat kota,ask_location_access
Tersembunyi wisata dekat LRT stasiun,ask_lrt_destinations
Group entrance ticket price,ask_ticket_price
tempat keluarga,ask_ticket_price
Off getting at Ampera where station can go I?,ask_lrt_destinations
Guide direction to location the,ask_location_access
Aplikasi ini sangat user-friendly,provide_feedback
Cari tempat yang ngga,ask_hidden_gems
Not in the tourism,ask_hidden_gems
Museum apa aja ya?,ask_destination_info
What main is the of attraction Benteng Kuto Besak?,ask_destination_info
Terima kasih sampai jumpa dan,goodbye
Cari tempat yang ngga banyak turisnya,ask_hidden_gems
There deposit place?,ask_facilities
Terima sudah menjawab kasih,goodbye
Is Ampera Bridge free or paid?,ask_ticket_price
Tempat beli oleh-oleh kuliner,ask_category
Suggestions for places that aren't boring,ask_recommendation
Rekomendasi dong wisata religi,ask_category
Haii,greet
Historical is rarely at,ask_hidden_gems
Any info about Kambang Iwak Park?,ask_destination_info
Tempat rekreasi,ask_location_access
There hi,greet
Keliling kota naik LRT mampir kemana ya?,ask_lrt_destinations
Malam selamat,greet
Are there secret tourist spots?,ask_hidden_gems
Aplikasi Jelajahi ini mantap banget,provide_feedback
Hi program,greet
Kasih tempat wisata yang LRT?,ask_lrt_destinations
Where the Palembang XXI located?,ask_category
Rute stasiun,ask_location_access
Letak persisnya di sebelah mana?,ask_location_access
"Oke cukup kasih, terima",goodbye
Hal yang bisa dilakukan Punti Kayu?,ask_destination_info
Halo Palembang,greet
Tolong kasih rute Al - Qur ' -,ask_location_access
Route alternative the to location,ask_location_access
Transportation guide there,ask_location_access
Tempat rahasia bagus foto,ask_hidden_gems
Berapa rupiah?,ask_ticket_price
How I there?,ask_location_access
Are the cultural tours in?,ask_category
Sama penasaran Sultan isi Museum Mahmud Badaruddin.,ask_destination_info
Deh oke makasih,goodbye
Wisata rahasia Palembang,ask_hidden_gems
Info on operational time of the destination,ask_operating_hours
Wisata kuliner pempek di mana yang enak?,ask_category
Hai admin,greet
Hidden with scenery,ask_hidden_gems
Daya tarik utama Benteng Kuto?,ask_destination_info
What time does Ampera Bridge open?,ask_operating_hours
Di Benteng Kuto Besak bisa ngapain aja?,ask_destination_info
Aplikasi yang bagus untuk turis,provide_feedback
Hidden for the weekend,ask_hidden_gems
Lokasi tepatnya di mana?,ask_location_access
Cheap traveling where is it good?,ask_lrt_destinations
Time does today?,ask_operating_hours
Makasih yaudah,goodbye
Akses menuju,ask_location_access
Anti wisata mainstream Palembang di,ask_hidden_gems
Review the helps feature choosing in destinations,provide_feedback
Ada rekomendasi buat?,ask_recommendation
To get there from city center,ask_location_access
Alamat tempat rekreasi,ask_location_access
Location of the tourist destination,ask_location_access
Di sana ada pusat informasi nggak?,ask_facilities
Destinations for favorite LRT users,ask_lrt_destinations
Entrance tariff for,ask_ticket_price
Hidden gems in the middle of Palembang city,ask_hidden_gems
Edukasi ada wisata buat anak -? anak,ask_category
Spots tourist as categorized nature,ask_category
How much is ticket the to enter there?,ask_ticket_price
List Palembang culinary,ask_category
Is the of Jakabaring Sport?,ask_location_access
LRT ke naik Benteng Besak Kuto turun dimana?,ask_lrt_destinations
Places are that exposed rarely,ask_hidden_gems
Tujuan di Palembang,ask_recommendation
Bridge details ampera.,ask_destination_info
Supporting at facilities the spot tourist,ask_facilities
Like really the dark feature mode,provide_feedback
Me tell information about Island Kemaro,ask_destination_info
Harga tiket weekend masuk hari biasa sama beda nggak?,ask_ticket_price
Are the spots in Palembang?,ask_category
Ada wisata edukasi buat anak-anak?,ask_category
Rarely tourist destinations visited by tourists,ask_hidden_gems
The ticket price information is accurate very,provide_feedback
Ada deket jalur LRT nggak?,ask_lrt_destinations
How to get to Monpera?,ask_location_access
Where I delicious can find pempek culinary spots?,ask_category
Looking a place sells good nusantara fried,ask_category
Afternoon,greet
Untuk anak fasilitas - anak? ada,ask_facilities
What are the normal operating hours?,ask_operating_hours
Saran tempat?,ask_recommendation
Satisfied using this,provide_feedback
Jalan ke tempat wisata,ask_location_access
Give some ideas,ask_recommendation
Tourism that is still and quiet,ask_hidden_gems
Suggestions for tomorrow destination ' s,ask_recommendation
Rekomendasi tempat lokal wisata autentik yang,ask_hidden_gems
How much is children?,ask_ticket_price
Tempat wisata religi,ask_category
Very satisfied this application using,provide_feedback
Wisata wajib dikunjungi via LRT,ask_lrt_destinations
What is inside Jakabaring Sport City?,ask_destination_info
Motorcycle parking facilities info,ask_facilities
Recommend relaxing places in Palembang,ask_recommendation
Wisata via LRT,ask_lrt_destinations
Wisata hidden gem,ask_hidden_gems
Tourist bus parking facilities,ask_facilities
What are must the places - visit?,ask_recommendation
Good morning,greet
App is not laggy,provide_feedback
Testing,greet
Tiket masuk rombongan,ask_ticket_price
Cek tiket harga dong masuk,ask_ticket_price
Are there health or first aid facilities?,ask_facilities
Detail Jembatan Ampera.,ask_destination_info
To the place,ask_location_access
How access to destination this,ask_location_access
Fun places hang out,ask_recommendation
Kasih bisa tau tempat wisata LRT yang dilewatin?,ask_lrt_destinations
Tourism is historical that rarely looked at,ask_hidden_gems
access to LRT Punti Kayu,ask_lrt_destinations
Wisata yang deket stasiun LRT mana aja?,ask_lrt_destinations
Spill info tentang wisata Kambang Iwak dong.,ask_destination_info
Info tentang spill Kambang wisata Iwak dong.,ask_destination_info
Taking the LRT to the SMB II Museum,ask_lrt_destinations
Tourist unique spots that ' haven gone t viral yet,ask_hidden_gems
Ada penyewaan sepeda di Kambang Iwak?,ask_facilities
Info destinasi,ask_operating_hours
Makasih banyak bot,goodbye
Apakah tempat ini buka setiap hari?,ask_operating_hours
Tempat wisata lagi rame yang ya apa?,ask_recommendation
Or religious tourism places,ask_category
Tempat yang estetik banyak belum tau,ask_hidden_gems
What operating hours?,ask_operating_hours
Tolong tambahin lebih banyak,provide_feedback
Cari taman hiburan di Palembang,ask_category
Aplikasi yang untuk,provide_feedback
Selamat admin,greet
Stasiun LRT yang dekat tempat wisata,ask_lrt_destinations
What is the visiting time limit?,ask_operating_hours
The where exact is location point?,ask_location_access
How much does cost to it enter Kapitan Kampung?,ask_ticket_price
Destinasi Palembang,ask_hidden_gems
Chatbot is friendly solutions,provide_feedback
Thank admin,goodbye
Sejarah.,ask_destination_info
Mandinya bersih kamar nggak?,ask_facilities
Easy access Palembang tourism,ask_lrt_destinations
Operasional tempat rekreasi,ask_operating_hours
Secret spots Palembang,ask_hidden_gems
Detailnya tolong,ask_location_access
Rekomendasi wisata bareng anak-anak,ask_recommendation
Kasih ide liburan dong,ask_recommendation
Cara tujuan,ask_location_access
Assalamualaikum,greet
To tourist spots using LRT,ask_lrt_destinations
Gems on hidden outskirts the of Palembang,ask_hidden_gems
App good information the is complete,provide_feedback
To the tourist location,ask_location_access
Cari wisata yang tenang,ask_hidden_gems
Thank you for the info bot,goodbye
Bioskop PIM Palembang XXI ada di sebelah mana?,ask_category
Is there to public transportation get? there,ask_location_access
Wisata air sungai atau Palembang di,ask_category
Fitur pencariannya cepat dan tepat,provide_feedback
Di II Museum SMB ada mushola? nggak,ask_facilities
Is the entrance fee SMB II?,ask_ticket_price
Thank you bot,goodbye
Very tourism application,provide_feedback
Entrance for tourist spots,ask_ticket_price
access Punti Kayu,ask_lrt_destinations
Rute menuju Pulau Kemaro dari bandara,ask_location_access
A lot,goodbye
Is the weekend ticket price different from weekdays?,ask_ticket_price
How much is the entrance fee Monpera to?,ask_ticket_price
You bot,goodbye
Fasilitas pendukung di tempat wisata,ask_facilities
What ' to s good when do visiting Ampera?,ask_destination_info
Hours of Monpera,ask_operating_hours
Makasih banyak admin bot,goodbye
Bagus banget buat cari info wisata,provide_feedback
Kapitan details.,ask_destination_info
What tourist the spots does Palembang pass LRT by?,ask_lrt_destinations
Long how is this place every day open?,ask_operating_hours
Rekomendasi tempat tersembunyi yang murah,ask_hidden_gems
Tolong kasih rute ke Al - Qur ' Al - an Akbar,ask_location_access
Harga tiket akhir,ask_ticket_price
Rekomendasikan di tempat wisata Palembang,ask_recommendation
Recommendations please,ask_recommendation
Okay for the,goodbye
Panduan rute untuk motor,ask_location_access
Gem wisata hidden yang wajib didatangi,ask_hidden_gems
Wisata tempat ramah deket anak LRT,ask_lrt_destinations
Hello system,greet
Places nice an for afternoon walk,ask_recommendation
Halo bot,greet
What does time Iwak open Kambang in the morning?,ask_operating_hours
Masuk gratis apa bayar?,ask_ticket_price
Facilities at the spot,ask_facilities
", bagus tapi kadang chatbotnya salah jawab",provide_feedback
Membantu banget pas liburan ke Palembang,provide_feedback
There tourism places besides Jakabaring?,ask_category
Bisa keunikan Kampung jelasin Arab Al -? Munawar,ask_destination_info
Road to the access tourist attraction,ask_location_access
Top tourist destinations city in Palembang,ask_recommendation
How to to?,ask_location_access
Tempat unik yang viral,ask_hidden_gems
Places holiday not that are too crowded,ask_hidden_gems
Berapa duit buat beli tiket?,ask_ticket_price
Afternoon good,greet
Really this app like,provide_feedback
Much is the admission this?,ask_ticket_price
Kasih Jelajahi,goodbye
Nature tourism hidden gems in Palembang,ask_hidden_gems
Restoran padang yang,ask_category
On opening hours of - Akbar,ask_operating_hours
Bisa mobil jalannya?,ask_location_access
Cara ke pakai tempat wisata LRT,ask_lrt_destinations
Rekomendasi ngopi yang,ask_category
But the chatbot answers wrong,provide_feedback
Date recommendations?,ask_recommendation
Sangat membantu,provide_feedback
Please hidden gems,provide_feedback
Public facilities at the Al - Akbar Quran Giant,ask_facilities
Opening hours of Jakabaring Sport City,ask_operating_hours
Hanya alam tampilkan wisata,ask_category
And route info address,ask_location_access
Very you helpful thank,goodbye
Di stasiun kalau mau Ampera?,ask_lrt_destinations
There lifeguards?,ask_facilities
Where the of Sore in Palembang?,ask_category
How to go to the holiday location,ask_location_access
Of historical places of,ask_category
Rekomendasi hidden gems kuliner,ask_hidden_gems
"Terima kasih, sangat informatif",goodbye
Baru pertama ke bagusnya ke mana?,ask_recommendation
Are there electrical outlets for charging?,ask_facilities
Cheap LRT traveling by it where is good to go?,ask_lrt_destinations
There facilities for?,ask_facilities
Tempat wisata yang lagi rame apa ya?,ask_recommendation
Tolong sarankan tempat wisata,ask_recommendation
Info jam operasional lengkap,ask_operating_hours
Please suggest a tourist spot,ask_recommendation
Museum Balaputra Dewa isinya apa aja ya?,ask_destination_info
Teman hai,greet
Waktu operasional Masjid Cheng Ho,ask_operating_hours
Hidden nongkrong,ask_hidden_gems
Is the attraction of Benteng Besak?,ask_destination_info
Why do people often visit Ampera Bridge?,ask_destination_info
Hidden spots please,ask_hidden_gems
Pengalaman aplikasinya,provide_feedback
Give interesting facts about Mosque,ask_destination_info
Fasilitasnya apakah? terawat,ask_facilities
Sewa tikar ada?,ask_facilities
Daerah letaknya di mana ya?,ask_location_access
There are gem hidden spots photo?,ask_hidden_gems
Route guide for motorcycles,ask_location_access
Biaya parkir dan tiket masuk,ask_ticket_price
Nature tourism suitable for picnics,ask_category
Fasilitasnya?,ask_facilities
Thank admin you,goodbye
LRT and locations,ask_lrt_destinations
5 top tourism Palembang recommendations,ask_recommendation
Spot foto deket bagus LRT jalur,ask_lrt_destinations
Kalau mau jalan-jalan naik LRT turun di mana aja?,ask_lrt_destinations
Hello,greet
Banget pas liburan ke,provide_feedback
Info please the tariff entrance,ask_ticket_price
Jam operasional berapa?,ask_operating_hours
Hal seru apa yang bisa dilakukan di Punti Kayu?,ask_destination_info
A nice coffee shop,ask_category
If I want to travel by LRT where should I get off?,ask_lrt_destinations
Impressed very this with AI chatbot,provide_feedback
Me recommend a place nice,ask_recommendation
Transportation guide to get there,ask_location_access
Hidden gem wisata di Palembang alam,ask_hidden_gems
Fasilitas untuk anak-anak ada?,ask_facilities
You thank much very,goodbye
Aesthetic that not many,ask_hidden_gems
Di daerah mana ya?,ask_location_access
Kapan ini mulai tempat buka?,ask_operating_hours
Penitipan tersedia loker barang?,ask_facilities
Jalan - yang belum,ask_hidden_gems
Ceritain usul Kemaro.,ask_destination_info
Or pilgrimage religious places tourism,ask_category
Tempat makan rudal yang bakso terkenal di? mana,ask_category
Eh apa aja sih Kemaro?,ask_destination_info
Hidden gem di pinggiran Palembang,ask_hidden_gems
For hidden tourism,ask_hidden_gems
What's interesting about Kemaro Island?,ask_destination_info
Stasiun dari LRT bisa bandara ke mana wisata?,ask_lrt_destinations
How to arrive destination,ask_location_access
Bagus aplikasinya informasinya lengkap,provide_feedback
Good app the complete,provide_feedback
Where should a first-timer go in Palembang?,ask_recommendation
Cari tempat hidden gem,ask_hidden_gems
Alam yang wisata banyak pohonnya,ask_category
Besak benteng Kuto tutup jam? berapa,ask_operating_hours
Thanks lot bot,goodbye
What time does it open on weekends?,ask_operating_hours
Thanks a lot admin bot,goodbye
Recommendations by LRT,ask_lrt_destinations
Fasilitas air?,ask_facilities
Iwak buka jam berapa?,ask_operating_hours
Membantu turis lokal maupun asing,provide_feedback
Lama tempat berapa ini setiap buka harinya?,ask_operating_hours
Of list legendary restaurants Padang,ask_category
Buka jadwal tutup Kayu Punti,ask_operating_hours
Tempat tersembunyi yang pemandangannya indah,ask_hidden_gems
Holiday suggestions?,ask_recommendation
Spot rahasia Palembang,ask_hidden_gems
Destinasi Palembang yang naik,ask_lrt_destinations
Jakabaring Sport City itu isinya apa aja?,ask_destination_info
Ke ngapain ya?,ask_destination_info
The LRT to Kuto where do I off?,ask_lrt_destinations
Supporting recreation facilities,ask_facilities
Fasilitas di wisata Siguntang Bukit,ask_facilities
You me?,greet
Masjid Agung Palembang.,ask_destination_info
Ini sangat app cari memudahkan tempat wisata,provide_feedback
Parkir di Jakabaring?,ask_facilities
Is it open on Mondays?,ask_operating_hours
Wisata yang asri sepi,ask_hidden_gems
Info Pulau Kemaro.,ask_destination_info
Transportasi ke sana,ask_location_access
Ada tempat untuk?,ask_recommendation
Cara gampang ke sana,ask_location_access
Rekomendasi tempat santai di Palembang,ask_recommendation
"Oke cukup, terima kasih",goodbye
Public facilities at the Al-Akbar Giant Quran,ask_facilities
Wisata terbaru,ask_recommendation
A app great tourists for,provide_feedback
Jam operasional Kampung Kapitan,ask_operating_hours
How many rupiahs is?,ask_ticket_price
Tempat wisata yang cocok buat anak muda,ask_recommendation
Instagrammable recommend spots photo,ask_recommendation
Ada spot?,ask_hidden_gems
For places without many,ask_hidden_gems
For thanks time your,goodbye
Test bot,greet
Yang belum tempat masuk panduan buku wisata,ask_hidden_gems
What around?,ask_destination_info
Apakah Museum SMB II buka? besok,ask_operating_hours
Tampilkan wisata,ask_category
Admin halo,greet
LRT transportation for tourists,ask_lrt_destinations
Naik ojek online ke bisa sana?,ask_location_access
Ada wifi gratis nggak di sana?,ask_facilities
Toilet info,ask_facilities
Show nature me destinations tourism,ask_category
Taking LRT the II Museum,ask_lrt_destinations
Buka jadwal selama lebaran libur,ask_operating_hours
Aktif bot?,greet
Destinasi Kota wisata unggulan Palembang,ask_recommendation
Opening and closing schedule of Punti Kayu,ask_operating_hours
Working hours of tourism management,ask_operating_hours
Please describe the Ampera Bridge,ask_destination_info
Family tourism near LRT stations,ask_lrt_destinations
How do I get there?,ask_location_access
Alamat lengkap II,ask_location_access
Tempat yang masuk buku,ask_hidden_gems
Can you explain the uniqueness of Al-Munawar Arab Village?,ask_destination_info
Ticket cheapest price,ask_ticket_price
Is tourist center?,ask_facilities
Mau tau banget soal sejarah Masjid Agung.,ask_destination_info
Spot ada rahasia wisata?,ask_hidden_gems
Info HTM terbaru,ask_ticket_price
Wisata lokasi via palembang LRT,ask_lrt_destinations
Menyeberang cara ke Kapitan Kampung,ask_location_access
Hidden places with beautiful scenery,ask_hidden_gems
Di turun stasiun mana kalau mau Ampera? ke,ask_lrt_destinations
Budaya wisata Palembang di aja apa?,ask_category
Kasih atas,goodbye
Yang sangat aplikasi bermanfaat,provide_feedback
Wisata alam masih asri dan yang sepi,ask_hidden_gems
Palembang tourism,ask_recommendation
Aplikasi ini recommended banget,provide_feedback
Get how to there from the center city,ask_location_access
Ramah dan chatbotnya solutif,provide_feedback
HTM info terbaru,ask_ticket_price
Jadwal selama libur,ask_operating_hours
Tampilkan semua wisata sejarah,ask_category
Bisa Kampung Arab - Munawar?,ask_destination_info
Di sana ada tempat duduk santai?,ask_facilities
Yaaa makasih,goodbye
Are special photo there available spots?,ask_facilities
History of Benteng.,ask_destination_info
The is app UI very neat exactly like my Figma design,provide_feedback
What is around Monpera?,ask_destination_info
Cheap recommend places hidden,ask_hidden_gems
Pengalaman menyenangkan pakai aplikasinya,provide_feedback
Great info is complete,goodbye
Tambahin tolong lebih hidden banyak gems,provide_feedback
Batas waktu kunjungan sampai jam berapa?,ask_operating_hours
Thanks lot a,goodbye
Destinasi anti mainstream Palembang,ask_hidden_gems
Please suggest spot a tourist,ask_recommendation
Eh ada apa aja sih di Pulau Kemaro?,ask_destination_info
Cari tempat makan khas Palembang kuliner,ask_category
Looking for a quiet place for healing in Palembang,ask_hidden_gems
Masuk tempat biaya bersejarah,ask_ticket_price
Any recommendations family for? destinations,ask_recommendation
ATM?,ask_facilities
Daftar olahraga dan atletik,ask_category
Buka Sport City,ask_operating_hours
This Jelajahi app is awesome,provide_feedback
Kenapa orang sering ke Jembatan Ampera?,ask_destination_info
Ketersediaan fasilitas umum,ask_facilities
Tempat wisata ramah anak deket LRT,ask_lrt_destinations
Aplikasinya dan ngga,provide_feedback
Aplikasi ini mantap Jelajahi banget,provide_feedback
Ada orang?,greet
The app ' s UI UX top is notch,provide_feedback
Gem tourism for,ask_hidden_gems
What I at Benteng Besak?,ask_destination_info
Address of SMB II,ask_location_access
Do I have to pay to enter BKB?,ask_ticket_price
LRT price,ask_ticket_price
Masjid Agung Palembang buka 24 nggak jam?,ask_operating_hours
Tempat wisata tersembunyi akhir pekan untuk,ask_hidden_gems
Jangkauan LRT ke tempat rekreasi,ask_lrt_destinations
Jam buka hari berapa ini?,ask_operating_hours
That suggestions for places aren ' t boring,ask_recommendation
Wisata Palembang rute LRT,ask_lrt_destinations
Operasional jadwal Palembang LRT,ask_operating_hours
Time can I?,ask_operating_hours
Mau banget sejarah Masjid.,ask_destination_info
Biaya masuk tempat bersejarah,ask_ticket_price
Great okay you thank,goodbye
Admin hai,greet
Liburan rekomendasi Palembang di,ask_recommendation
Siang selamat,greet
Saran destinasi untuk besok,ask_recommendation
Access road to Hill Siguntang,ask_location_access
Cool the UI UX app is smooth,provide_feedback
Yang tempat masih terekspos jarang,ask_hidden_gems
Last visiting hour limit,ask_operating_hours
You thank for suggestion the,goodbye
Very you,goodbye
Apakah malam hari masih buka?,ask_operating_hours
I really want to know the history of the Grand Mosque.,ask_destination_info
Thank for suggestion,goodbye
Are there seating relaxing there? areas,ask_facilities
Entrance for nature spots,ask_ticket_price
Wisata rekomendasi tempat menarik,ask_recommendation
Can I take an online motorcycle taxi there?,ask_location_access
Rekomendasi tempat bagus,ask_recommendation
Ada saran tempat liburan?,ask_recommendation
Top tourist destinations in Palembang city,ask_recommendation
A very useful application,provide_feedback
Can you tell about Grand Mosque?,ask_destination_info
Tiket masuk wisata religi,ask_ticket_price
Wisata keluarga yang stasiun,ask_lrt_destinations
Ada wisata olahraga selain Jakabaring?,ask_category
Tujuan liburan di Palembang favorit,ask_recommendation
Daftar halte LRT dan tempat terdekat wisata,ask_lrt_destinations
Are there any hidden destinations?,ask_hidden_gems
There is wifi free there?,ask_facilities
Tempat paling wisata hits Palembang di,ask_recommendation
About confused where go to suggestions any?,ask_recommendation
Culinary tourism that be LRT,ask_lrt_destinations
Destinasi wisata rahasia Palembang,ask_hidden_gems
Berapa buat tiket?,ask_ticket_price
Info on schedule museum opening,ask_operating_hours
Looking for places to stroll around Palembang city,ask_recommendation
Sejarah wisata Belanda peninggalan,ask_category
Info kasih soal sejarah Ampera dong Jembatan,ask_destination_info
Tempat wisata untuk olahraga pagi,ask_category
Thank for the you guide,goodbye
System hello,greet
Very satisfied using this application,provide_feedback
Like the language translation feature,provide_feedback
Okay for thanks recommendation the,goodbye
Give me a summary of the People's Struggle Monument.,ask_destination_info
Route to Kemaro Island from the airport,ask_location_access
HTM tempat wisata alam,ask_ticket_price
Inside what is the SMB II? Museum,ask_destination_info
Okay,goodbye
HTM berapa ke? Monpera,ask_ticket_price
Time what does counter the ticket close?,ask_operating_hours
Alamat sejarah tempat wisata,ask_location_access
Destinations accessible easily LRT by,ask_lrt_destinations
Tempat nongkrong deket stasiun LRT,ask_lrt_destinations
Destination recommendations bot,ask_recommendation
For places stroll Palembang city,ask_recommendation
Fun can what things be done at Punti Kayu?,ask_destination_info
DJKA stasiun dengan wisata dekat apa?,ask_lrt_destinations
Much how the is entrance fee person per?,ask_ticket_price
For looking parks amusement in Palembang,ask_category
Tau tempat wisata terbaik,ask_recommendation
Recommend relaxing places,ask_recommendation
Taman Punti Kayu itu wisata alam ya?,ask_destination_info
HTM tempat,ask_ticket_price
Vehicle access the spot,ask_location_access
Helped me my,provide_feedback
Tiket masuknya mahal nggak?,ask_ticket_price
Looking the nearest gem,ask_hidden_gems
Alam banyak pohonnya,ask_category
Share location route,ask_location_access
Ada buat?,ask_facilities
What time does Kambang Iwak open in the morning?,ask_operating_hours
Are - maintained?,ask_facilities
Masuk tiket Jakabaring City Sport,ask_ticket_price
Description of Punti Kayu.,ask_destination_info
Banget membantu pas liburan Palembang ke,provide_feedback
There are outlets electrical charging for?,ask_facilities
Tempat yang lagi rame?,ask_recommendation
Yang buat main teman,ask_recommendation
How much does it cost to enter Kampung Kapitan?,ask_ticket_price
Recommendations anti - mainstream?,ask_hidden_gems
Biaya per masuk berapa orang?,ask_ticket_price
Tercepat rute ke Iwak Kambang,ask_location_access
See you later,goodbye
Is there a prayer room in the SMB II Museum?,ask_facilities
Fasilitas motor,ask_facilities
Afternoon admin,greet
Of public,ask_facilities
Makasih atas waktunya,goodbye
Hello Jelajahi,greet
Route for,ask_location_access
Banyak ya,goodbye
Destinasi yang gampang dijangkau LRT,ask_lrt_destinations
Are there facilities for children?,ask_facilities
Is there there?,ask_facilities
Tempat rekomendasi liburan bisa diakses yang LRT,ask_lrt_destinations
Cara ke tempat LRT,ask_lrt_destinations
Sip terima kasih,goodbye
Bayar berapa Kemaro?,ask_ticket_price
How much is the ticket to enter there?,ask_ticket_price
Berapa buat duit tiket beli?,ask_ticket_price
Recommend tourist,ask_recommendation
Day good,greet
Tempat cari religi wisata umat Buddha,ask_category
Is BKB a hangout spot?,ask_destination_info
Is where the branch of RM Pagi Sore in? Palembang,ask_category
Wisata jam operasional alam,ask_operating_hours
Fakta menarik tentang Masjid,ask_destination_info
Is the parking Jakabaring?,ask_facilities
Tempat cocok yang healing buat,ask_recommendation
Keren bisa ngenalin juga,provide_feedback
Okay the thanks for info,goodbye
Membantu saya merencanakan liburan,provide_feedback
Berapa harga tiket masuk Punti Kayu?,ask_ticket_price
Akses menuju lokasi wisata,ask_location_access
Road access to,ask_location_access
Alright thanks,goodbye
Tempat wisata yang masih perawan,ask_hidden_gems
Chatbot loading bit slow,provide_feedback
Thank you for the help,goodbye
Where is the famous place meatball?,ask_category
Tempat banyak orang tahu,ask_hidden_gems
Destinations that are still quiet,ask_hidden_gems
Saja apa di koleksi SMB Museum II?,ask_destination_info
Wisata sekitar LRT,ask_lrt_destinations
Stasiun bumi dekat?,ask_lrt_destinations
Tempat parkir di Jakabaring luas gak?,ask_facilities
Opening closing Punti Kayu,ask_operating_hours
This open every?,ask_operating_hours
Fasilitas wisata,ask_facilities
Gratis ada wifi nggak sana di?,ask_facilities
Wisata kuliner yang bisa dicapai dengan LRT,ask_lrt_destinations
How money a ticket?,ask_ticket_price
Daftar restoran padang yang legendaris,ask_category
Favorit pengguna,ask_lrt_destinations
Howdy,greet
Keren bisa ngenalin bahasa gaul juga,provide_feedback
Jadwal operasional,ask_operating_hours
Ada hidden di gems Palembang nggak?,ask_hidden_gems
Is inside Sport?,ask_destination_info
Museum HTM SMB berapa ya II?,ask_ticket_price
Time does what it open? today,ask_operating_hours
Biaya masuk Bukit Siguntang,ask_ticket_price
Religious tourism for Muslims,ask_category
Thanks so much,goodbye
Favorite in Palembang,ask_recommendation
Cars pass the road?,ask_location_access
Ada rekomendasi tempat anti mainstream?,ask_hidden_gems
Please explain the history of Benteng Kuto Besak,ask_destination_info
Is there nearby a available? ATM,ask_facilities
Wisata bareng anak -,ask_recommendation
Of Monpera history.,ask_destination_info
What tourist attractions are in Jakabaring?,ask_destination_info
Sejarah peninggalan Belanda,ask_category
Ya makasih informasinya,goodbye
Aplikasi pariwisata terbaik sejauh ini,provide_feedback
Is parking lot the in spacious Jakabaring?,ask_facilities
Ya informasinya,goodbye
Road access to Siguntang Hill,ask_location_access
Favorite holiday destinations in Palembang,ask_recommendation
Route to the,ask_location_access
Time of the location,ask_operating_hours
Cari museum bersejarah,ask_category
Cara sampai ke tujuan,ask_location_access
The builder itinerary is very feature useful,provide_feedback
Is where exact the location?,ask_location_access
Ada spot wisata rahasia?,ask_hidden_gems
Menuju cara liburan lokasi,ask_location_access
reach LRT to places recreation,ask_lrt_destinations
To how cross Kampung to Kapitan,ask_location_access
Cari tempat makan nasi goreng nusantara yang enak,ask_category
Orang ada?,greet
Destinasi masih,ask_hidden_gems
What time does the?,ask_operating_hours
Tolong wisata alam sejuk,ask_category
What kind of is?,ask_destination_info
UI is simple and to,provide_feedback
Palembang ' tourist destinations,ask_hidden_gems
Friend hello,greet
Recommendations for afternoon strolls taking the LRT,ask_lrt_destinations
Banyak makasih bantuannya atas,goodbye
Fasilitas kebersihan di lokasi,ask_facilities
Makan siang yang enak,ask_category
Operasional wisata alam,ask_operating_hours
Kulineran rekomendasi tempat malam,ask_category
How to get to tourist spots using LRT,ask_lrt_destinations
Very impressed with this AI chatbot,provide_feedback
Please recommendations,ask_recommendation
Thanks info,goodbye
HTM libur,ask_ticket_price
Facilities at Ampera Bridge,ask_facilities
Rekomendasi tempat lokal yang,ask_hidden_gems
Panduan wisata LRT,ask_lrt_destinations
Saja wisata di?,ask_category
Keren aplikasinya UI / mulus nya UX,provide_feedback
Rekomendasi tempat jalan - jalan bagus,ask_recommendation
Apa sekitar Monpera?,ask_destination_info
Are there tourist?,ask_hidden_gems
Tempat yang belum tau,ask_hidden_gems
Which attractions tourist are near LRT stations?,ask_lrt_destinations
Are there gazebos for resting?,ask_facilities
Friend,greet
Tersedia spot khusus? foto,ask_facilities
Tersembunyi tempat pemandangannya yang indah,ask_hidden_gems
Are there hidden Palembang gems? in,ask_hidden_gems
Mau kalau jalan - jalan naik turun LRT di mana aja?,ask_lrt_destinations
Description Punti Kayu of.,ask_destination_info
Halo ada yang bisa dibantu?,greet
Aplikasi yang sangat inovatif,provide_feedback
Informasi destinasinya sangat up to date,provide_feedback
A very complete tourism application,provide_feedback
Gem pinggiran Palembang,ask_hidden_gems
Colokan tersedia buat listrik ngecas?,ask_facilities
Supporting facilities at the tourist spot,ask_facilities
Tempat fasilitas sampah banyak cukup?,ask_facilities
Apakah fasilitasnya terawat?,ask_facilities
Berapa biaya masuk ke Kampung Kapitan?,ask_ticket_price
Saran aja fotonya dibikin lebih HD,provide_feedback
Chatbot thanks,goodbye
Tempat wisata di Palembang,ask_recommendation
Di fasilitas kebersihan lokasi,ask_facilities
Fasilitas di,ask_facilities
Kemaro info Pulau.,ask_destination_info
Rekomendasi tempat instagramable,ask_recommendation
Give some me ideas holiday,ask_recommendation
The about Quran Giant.,ask_destination_info
Prayer and room facilities ablution,ask_facilities
Iwak kambang buka jam dari sampai berapa jam berapa?,ask_operating_hours
Tourism shopping near stations LRT,ask_lrt_destinations
Jumpa sampai,goodbye
Buka Sriwijaya museum hari apa aja?,ask_operating_hours
Syalom,greet
"Kasih terima, siang selamat",goodbye
Recommendations,ask_recommendation
Selamat bot,greet
Price for tourism tickets,ask_ticket_price
Keliling Palembang naik tujuannya aja?,ask_lrt_destinations
LRT palembang guide tourism,ask_lrt_destinations
Info on ticket costs and facilities,ask_ticket_price
Is the exact point?,ask_location_access
Looking a for cinema comfortable,ask_category
Recommend religious places,ask_category
Should why I visit Kambang Iwak?,ask_destination_info
Rekomendasi liburan di,ask_recommendation
", terima kasih",goodbye
Ringkasan soal Monumen.,ask_destination_info
Wisata taman kota di Palembang,ask_category
Religious tourism near route the LRT,ask_lrt_destinations
Secret that for photos,ask_hidden_gems
Tiket harga masuk Punti terbaru Kayu,ask_ticket_price
P,greet
Lokasi akses menuju wisata,ask_location_access
Info on opening hours of Al-Akbar Quran,ask_operating_hours
Much how is the admission to? this place,ask_ticket_price
Bukit biaya masuk Siguntang,ask_ticket_price
Tampilkan kategori wisata edukasi,ask_category
Tempat wisata tersembunyi untuk akhir pekan,ask_hidden_gems
Butuh budget berapa?,ask_ticket_price
Me nature tourism,ask_category
Tempat yang seru buat main bareng teman,ask_recommendation
Operating hours of nature tourism,ask_operating_hours
Admission access cost,ask_ticket_price
Tourist places for morning sports,ask_category
Sangat suka dengan aplikasi ini,provide_feedback
Kalo ke Ampera bagusnya ngapain ya?,ask_destination_info
Okay will take leave,goodbye
Tempat rekomendasi tersembunyi wisata dong,ask_hidden_gems
Most places in iconic Palembang Ampera besides,ask_recommendation
Hidden gem buat nongkrong,ask_hidden_gems
Any interesting places to visit?,ask_recommendation
Punti itu kayu kayak hutan pinus gitu ya?,ask_destination_info
Complete a very tourism application,provide_feedback
Sampai lagi ketemu,goodbye
Dari stasiun LRT bandara bisa ke wisata mana?,ask_lrt_destinations
Selamat sore,greet
What time can I visit?,ask_operating_hours
The itinerary builder feature is very useful,provide_feedback
Wisata yang jalur LRT,ask_lrt_destinations
Bukit Siguntang berapa?,ask_operating_hours
Details tourism entrance,ask_ticket_price
Are the facilities well-maintained?,ask_facilities
Please find a cool nature tourism spot,ask_category
Kegiatan yang bisa dilakukan?,ask_destination_info
Wisata hidden gems yang aksesnya gampang,ask_hidden_gems
The chatbot and is provides friendly solutions,provide_feedback
Take LRT train to,ask_lrt_destinations
For authentic Palembang culinary,ask_category
Biaya tiket info dan fasilitas,ask_ticket_price
Recommend authentic local tourist spots,ask_hidden_gems
Are there facilities?,ask_facilities
Rekomendasi kedai kopi susu lokal yang asik,ask_category
Destinasi gampang LRT,ask_lrt_destinations
Persisnya letak di mana sebelah?,ask_location_access
Jadwal buka selama libur lebaran,ask_operating_hours
Is the entrance ticket expensive?,ask_ticket_price
Tempat beli oleh kuliner - oleh,ask_category
Wisata pempek kuliner stasiun dekat LRT,ask_lrt_destinations
What transportation there to take?,ask_location_access
Keliling sangat membantu Palembang,provide_feedback
Gimana cara?,ask_location_access
Terima kasih banyak,goodbye
Apa Al - ' an -?,ask_destination_info
/ UX aplikasinya,provide_feedback
Does what Benteng time Kuto Besak close?,ask_operating_hours
Kegiatan apa yang bisa dilakukan di Jakabaring?,ask_destination_info
Fitur itinerary builder-nya sangat berguna,provide_feedback
Kenal salam,greet
Dalam di warung ada jajan?,ask_facilities
Wisata sepi yang tapi pengunjung bagus,ask_hidden_gems
Rute LRT tempat bersejarah,ask_lrt_destinations
Harga masuk?,ask_ticket_price
Harga Punti Kayu terbaru,ask_ticket_price
Wisata apa yang bagus di sini?,ask_recommendation
Good but sometimes the chatbot answers wrong,provide_feedback
The are facilities - maintained well?,ask_facilities
HTM nasional libur,ask_ticket_price
Okay thanks for the info,goodbye
This app is very user-friendly,provide_feedback
Tarik daya Benteng utama Kuto Besak apa? ya,ask_destination_info
Taking the LRT to the SMB Museum II,ask_lrt_destinations
Adult tariff,ask_ticket_price
Aplikasi hai Jelajahi,greet
Entrance fee for historical places,ask_ticket_price
Info Taman Kambang?,ask_destination_info
Sama isi Museum Badaruddin.,ask_destination_info
Ruang (nursery room )?,ask_facilities
Is free paid?,ask_ticket_price
Where is PIM the XXI Palembang located cinema?,ask_category
Jam berapa ini?,ask_operating_hours
Wisata hidden gems gampang,ask_hidden_gems
Ticket price for tourism,ask_ticket_price
Toilet availability info,ask_facilities
Info wisata sekitar stasiun LRT,ask_lrt_destinations
Keamanan di tempat,ask_facilities
Cheapest price,ask_ticket_price
Price info please,ask_ticket_price
Tempat yang wajib didatengin turis,ask_recommendation
Menjangkau cara lokasi,ask_location_access
Hidden wisata gems aksesnya yang gampang,ask_hidden_gems
AI halo,greet
LRT the take train to tourist spots,ask_lrt_destinations
What ticket counter close?,ask_operating_hours
Lengkap info Jakabaring kawasan dong,ask_destination_info
Entrance ticket for Sport City Jakabaring,ask_ticket_price
Ibadah lokasi wisata,ask_facilities
What is special about the Al-Akbar Quran?,ask_destination_info
Cara ke akses ini destinasi,ask_location_access
Tampilkan destinasi wisata alam,ask_category
Directions Kuto to Benteng Besak,ask_location_access
Tempat ada penitipan? helm,ask_facilities
Places for sports,ask_category
Outdoor nature tourism in Palembang,ask_category
Buka Monpera Palembang,ask_operating_hours
What facilities are there on Kemaro Island?,ask_facilities
Tampilkan destinasi,ask_category
Nongkrong deket stasiun LRT,ask_lrt_destinations
Info tutup Kemaro,ask_operating_hours
Terima kasih bantuannya,goodbye
Bagus sekali inovasinya,provide_feedback
Where is the famous meatball place?,ask_category
Fasilitas lengkap,ask_facilities
Where is best place the for a vacation in Palembang?,ask_recommendation
Tempat wajib turis,ask_recommendation
Ada diskon tiket masuk pelajar?,ask_ticket_price
Tempat wisata,ask_category
Nature is there tourism near the? LRT,ask_lrt_destinations
Places buy to souvenirs culinary,ask_category
Tempat wisata unik yang belum viral,ask_hidden_gems
Terima kasih dan,goodbye
Alternatif rute lokasi ke,ask_location_access
What time does the ticket counter close?,ask_operating_hours
App this makes it very to easy tourist find spots,provide_feedback
Nice places for an afternoon walk,ask_recommendation
Tempat wisata yang,ask_recommendation
Please the explain history Kuto of Benteng Besak,ask_destination_info
Operasional museum Balaputra Dewa,ask_operating_hours
This app is very user friendly -,provide_feedback
Okay thank you,goodbye
Does Kambang Iwak have an entrance ticket?,ask_ticket_price
The entrance ticket?,ask_ticket_price
Opening schedule Eid,ask_operating_hours
List LRT of and stops nearby attractions tourist,ask_lrt_destinations
What time best to visit 7?,ask_operating_hours
Fasilitas untuk,ask_facilities
Jelaskan sejarah Benteng Kuto,ask_destination_info
Wisata tampilkan semua sejarah,ask_category
Places good lunch for,ask_category
Rekomendasi dong tempat yang bagus,ask_recommendation
Operating schedule of Palembang LRT,ask_operating_hours
What are the cultural tours in Palembang?,ask_category
The app is quite informative,provide_feedback
Tiket masuk untuk -?,ask_ticket_price
Do people Ampera Bridge?,ask_destination_info
Recommend places,ask_hidden_gems
Palembang's secret tourist destinations,ask_hidden_gems
Is hangout spot?,ask_destination_info
Oke deh makasih,goodbye
Access to the spot,ask_location_access
Dikit soal Masjid Ho Palembang,ask_destination_info
Hidden in middle of Palembang,ask_hidden_gems
Operating hours of BKB Palembang,ask_operating_hours
This app makes it very easy to find tourist spots,provide_feedback
Looking for a sells place good that nusantara fried rice,ask_category
What days is the Sriwijaya Museum open?,ask_operating_hours
Biaya berapa ke masuk Kapitan Kampung?,ask_ticket_price
Info waktu operasional destinasi,ask_operating_hours
Pilgrimage or religious tourism places,ask_category
Is Punti Kayu still open on national holidays?,ask_operating_hours
Ada eh apa aja di sih Kemaro Pulau?,ask_destination_info
Recommend instagrammable photo spots,ask_recommendation
Akses jalannya?,ask_location_access
Tiket info harga dong,ask_ticket_price
I need Punti details Kayu about Park,ask_destination_info
Selamat,greet
Beri rekomendasi destinasi yang keren,ask_recommendation
There a ATM?,ask_facilities
Jam berapa Jembatan Ampera buka?,ask_operating_hours
Looking for local cultural tourism destinations,ask_category
How Kemaro Island?,ask_ticket_price
Loading chatbotnya lambat,provide_feedback
Operational time of this tourist spot,ask_operating_hours
Daftar ibadah,ask_category
Panduan wisata naik LRT Palembang,ask_lrt_destinations
Gampang sana,ask_location_access
Oke makasih rekomendasi nya,goodbye
Spot rekomendasi tersembunyi,ask_hidden_gems
Bye,goodbye
It from Ampera?,ask_location_access
Culinary recommend gems hidden,ask_hidden_gems
Ada pusat informasi turis?,ask_facilities
Are there lockers available for luggage?,ask_facilities
Masjid Agung,ask_location_access
Info tarif,ask_ticket_price
Thank you for answering,goodbye
Tampilkan kategori,ask_category
Saja kemana naik LRT Palembang di,ask_lrt_destinations
Sampai jumpa,goodbye
Hi,greet
Route Island from airport,ask_location_access
Admin assalamualaikum,greet
Chatbotnya pinter banget ngasih rekomendasi,provide_feedback
A bot,goodbye
Just a make suggestion photos the HD more,provide_feedback
About the SMB II Museum.,ask_destination_info
Fasilitas bus,ask_facilities
There tours near LRT route?,ask_lrt_destinations
Dari stasiun bandara bisa ke?,ask_lrt_destinations
Are there outlets?,ask_facilities
Vehicle access to the tourist spot,ask_location_access
Tempat wisata paling top,ask_recommendation
Cari tempat - di Palembang,ask_recommendation
Saya butuh detail tentang Punti Taman Kayu,ask_destination_info
Very application,provide_feedback
LRT ke Museum SMB II,ask_lrt_destinations
Info ketersediaan toilet,ask_facilities
Very helpful when vacationing in Palembang,provide_feedback
Akses biaya masuk,ask_ticket_price
Oke saya pamit dulu,goodbye
You for thank the info,goodbye
Aplikasi banget ini recommended,provide_feedback
Punti is Kayu on open? Sundays,ask_operating_hours
Belanja yang deket LRT,ask_lrt_destinations
Hi bot Palembang,greet
Tell me information about Kemaro Island,ask_destination_info
Cara ke sana dari,ask_location_access
Recommendations a getaway Palembang,ask_recommendation
The where is location of Sport Jakabaring City?,ask_location_access
Jam buka Al - Qur ' -,ask_operating_hours
Benteng tutup jam?,ask_operating_hours
Looking for hidden gem locations,ask_hidden_gems
Apakah masih malam hari buka?,ask_operating_hours
Looking for a hidden gem place,ask_hidden_gems
Ada tempat makan sekitar di Besak Benteng Kuto?,ask_facilities
Is the II SMB open Museum? tomorrow,ask_operating_hours
Helped me vacation plan my,provide_feedback
LRT access transportation to spots tourist,ask_lrt_destinations
Di apakah Punti Kayu ada toilet umum?,ask_facilities
The road access good?,ask_location_access
Tell me the Kemaro.,ask_destination_info
Holiday recommendations accessible by LRT,ask_lrt_destinations
Ceritain dikit soal Masjid Cheng Ho Palembang,ask_destination_info
Jadwal buka tutup Punti Kayu,ask_operating_hours
Kasih lihat wisata,ask_category
Of what kind is place Kemaro Island?,ask_destination_info
Is there nature tourism near the LRT?,ask_lrt_destinations
Transportasi naik ke apa sana?,ask_location_access
Teman,greet
That destinations still are quiet,ask_hidden_gems
Harga tiket masuk Punti Kayu terbaru,ask_ticket_price
Places suitable for being alone,ask_hidden_gems
Jangkauan ke LRT rekreasi tempat,ask_lrt_destinations
Wisata yang bagus,ask_hidden_gems
Masuk BKB bayar nggak?,ask_ticket_price
Unique tourist spots that haven't gone viral yet,ask_hidden_gems
Is there bicycle at rental Kambang Iwak?,ask_facilities
For people disabilities,ask_facilities
LRT tourists transportation for,ask_lrt_destinations
Are must - visit places?,ask_recommendation
Recommend hidden tourist spots please,ask_hidden_gems
Show the category educational tourism,ask_category
Of completeness facilities tourism,ask_facilities
Both local and foreign,provide_feedback
Budget is needed the ticket?,ask_ticket_price
Colonial dutch tourism historical,ask_category
Looking for places without many tourists,ask_hidden_gems
Give me interesting facts about the Grand Mosque,ask_destination_info
Berapa harga?,ask_ticket_price
Bot active?,greet
Rute ke destinasi perjalanan,ask_location_access
The app informative is quite,provide_feedback
What time close Sunday?,ask_operating_hours
Hi admin,greet
Berapa HTM?,ask_ticket_price
Om,greet
Umum transportasi ke ada sana?,ask_location_access
HTM libur nasional,ask_ticket_price
Rekomendasi makan tempat ayam mie,ask_category
Wisata religi Islam,ask_category
Good afternoon,greet
Show educational tourism,ask_category
Kasih daftar lihat religi wisata,ask_category
Is the weekend ticket price different weekdays from?,ask_ticket_price
Please give me the route to Al-Akbar Giant Quran,ask_location_access
Is prayer facility?,ask_facilities
What can time visit I?,ask_operating_hours
Wisata tersembunyi stasiun,ask_lrt_destinations
There a discount for the entrance ticket?,ask_ticket_price
Thanks the info is very useful,goodbye
Stasiun DJKA dekat dengan wisata apa?,ask_lrt_destinations
Wisata ada yang sejarah deket jalur nggak LRT?,ask_lrt_destinations
Is inside SMB Museum?,ask_destination_info
Pencariannya dan tepat,provide_feedback
Vehicle access to tourist spot the,ask_location_access
Cari tempat nonton bioskop yang nyaman,ask_category
Mushola fasilitas dan wudhu tempat,ask_facilities
Much the ticket for Punti Kayu?,ask_ticket_price
Tempat yang cocok buat menyendiri,ask_hidden_gems
Info on closing time of Kemaro Island,ask_operating_hours
Tutup jam minggu?,ask_operating_hours
Yang apa dari Pulau menarik Kemaro?,ask_destination_info
Holiday suggestions any?,ask_recommendation
Sana di pusat ada nggak informasi?,ask_facilities
Apa saja wisata sejarah di Palembang?,ask_category
Makasih waktunya,goodbye
Info Bukit.,ask_destination_info
Thanks chatbot,goodbye
To go to Kayu public transport,ask_location_access
Tourist attractions are stations?,ask_lrt_destinations
Details of tourism entrance fees,ask_ticket_price
Time what it close does tonight?,ask_operating_hours
Panduan motor rute untuk,ask_location_access
The most popular tourist spots,ask_recommendation
Recommend some religious tourism places,ask_category
Turun stasiun ampera bisa ke mana aja?,ask_lrt_destinations
Ping,greet
Tempat rekomendasi yang tersembunyi murah,ask_hidden_gems
Great the info is complete thanks,goodbye
Terbantu dengan info dari chatbot,provide_feedback
Hi Palembang bot,greet
Are there lifeguards?,ask_facilities
Tell me the tourist,ask_recommendation
Nongkrong deket tempat stasiun LRT,ask_lrt_destinations
Sangat menggunakan ini,provide_feedback
Tempat yang perawan,ask_hidden_gems
Rute jalan ke tempat wisata,ask_location_access
The is ticket entrance expensive?,ask_ticket_price
Ada tersembunyi destinasi? nggak,ask_hidden_gems
Rekomendasi 5 wisata,ask_recommendation
Historical of the Sriwijaya,ask_category
Highly application,provide_feedback
Benteng Kuto Besak.,ask_destination_info
What days the is Sriwijaya Museum open?,ask_operating_hours
Rekomendasi jalan kasih tempat - jalan yang bagus dong,ask_recommendation
Tempat liburan yang ngga terlalu rame,ask_hidden_gems
Info fasilitas parkir motor,ask_facilities
Rekomendasi spot rahasia di Palembang,ask_hidden_gems
You afternoon,goodbye
Batas jam kunjungan terakhir,ask_operating_hours
Where a should - first go timer in Palembang?,ask_recommendation
Very helped by the info from the chatbot,provide_feedback
Fasilitas parkir mobil aman?,ask_facilities
Is how much entrance the ticket?,ask_ticket_price
Palembang ' s destinations secret tourist,ask_hidden_gems
Chatbot hai,greet
App quite informative,provide_feedback
Wisata apa aja?,ask_category
Palembang tourist destinations accessible by LRT,ask_lrt_destinations
Area is which located it in?,ask_location_access
Rekomendasi tempat rekreasi,ask_recommendation
Kasih infonya bot,goodbye
Very helpful thank you,goodbye
Apa istimewanya Al-Qur'an Al-Akbar?,ask_destination_info
Harga tiket masuk,ask_ticket_price
Kampung Kapitan detail.,ask_destination_info
A recommend coffee good shop,ask_category
Hiii,greet
App the really helpful is for traveling,provide_feedback
Fasilitas info motor parkir,ask_facilities
Tourism category,ask_category
Buka jam berapa hari ini?,ask_operating_hours
Tempat alamat rekreasi,ask_location_access
Yang pengunjung tapi bagus,ask_hidden_gems
Museum dewa Balaputra isinya apa aja ya?,ask_destination_info
Wisata unggulan Palembang,ask_recommendation
For thank you the help,goodbye
Info harga wisata,ask_ticket_price
Me info about the history of Ampera,ask_destination_info
Buka Senin?,ask_operating_hours
Places that aesthetic not many know people,ask_hidden_gems
Adult entrance ticket tariff,ask_ticket_price
Cari tempat jalan - jalan di Palembang kota,ask_recommendation
Museum SMB II.,ask_destination_info
A application,provide_feedback
Apa dari Pulau?,ask_destination_info
Operating hours of Kemaro Island,ask_operating_hours
Show list of religious,ask_category
Biaya akses masuk,ask_ticket_price
Where should I?,ask_recommendation
Kasih bantuannya,goodbye
Tolong tambahin lebih banyak hidden gems,provide_feedback
Transportasi akses ke LRT tempat wisata,ask_lrt_destinations
"Sip, makasih ya",goodbye
Hidden gem tourism that is must a - visit,ask_hidden_gems
Pendukung di tempat wisata,ask_facilities
Show the educational tourism category,ask_category
Jakabaring di ada wisata aja emang apa?,ask_destination_info
Banyak yaa,goodbye
Fasilitas di area wisata alam,ask_facilities
Explanation of Palembang Grand Mosque.,ask_destination_info
Sriwijaya itu tempatnya?,ask_destination_info
Biaya per berapa?,ask_ticket_price
Patokan jalannya apa?,ask_location_access
It very easy for,provide_feedback
Wisata olahraga di Palembang,ask_category
LRT rute yang melewati bersejarah tempat,ask_lrt_destinations
Price info for historical tourism tickets,ask_ticket_price
Curious about the contents of the Sultan Mahmud Badaruddin Museum.,ask_destination_info
Thanks bot see you,goodbye
There relaxing areas?,ask_facilities
Terima Jelajahi kasih,goodbye
Facilities Siguntang Hill,ask_facilities
Where is the PIM Palembang XXI cinema located?,ask_category
Nggak wisata alam yang deket?,ask_lrt_destinations
Wisata alam yang banyak pohonnya,ask_category
Jadwal tutup loket jam berapa?,ask_operating_hours
Religi wisata umat untuk Islam,ask_category
Wisata tersembunyi untuk akhir pekan,ask_hidden_gems
Penasaran sama isi Museum Sultan Mahmud Badaruddin.,ask_destination_info
Jembatan Ampera detail.,ask_destination_info
Cleanliness facilities at the location,ask_facilities
Entrance fee info,ask_ticket_price
Lifeguards are there?,ask_facilities
Ke tempat arah wisata,ask_location_access
Are there special photo spots available?,ask_facilities
Destination card design is attractive,provide_feedback
Availability of public facilities,ask_facilities
Places for alone,ask_hidden_gems
Operational time of Cheng Ho Mosque,ask_operating_hours
Please add more hidden gems,provide_feedback
The experience of using the app is pleasant,provide_feedback
Operasional Masjid Ho,ask_operating_hours
Keluarga wisata deket yang stasiun LRT,ask_lrt_destinations
Check the entrance ticket price please,ask_ticket_price
Biaya masuk wisata,ask_ticket_price
Show me nature tourism destinations,ask_category
Good finding tourism info,provide_feedback
Give me info about the history of Ampera Bridge,ask_destination_info
Destinasi wisata Palembang yang bisa naik LRT,ask_lrt_destinations
Jam kunjungan,ask_operating_hours
Itinerary builder - nya,provide_feedback
Some recommend tourism religious places,ask_category
Recommend me a nice place,ask_recommendation
Directions using,ask_location_access
Untuk anak -?,ask_facilities
Ke Jembatan Ampera gratis atau bayar?,ask_ticket_price
Hidden gem wisata alam di Palembang,ask_hidden_gems
Chatbotnya banget ngasih,provide_feedback
Are the bathrooms clean?,ask_facilities
Bisa ceritakan tentang Masjid Agung Palembang?,ask_destination_info
", baik terima infonya kasih",goodbye
Yang sangat bermanfaat,provide_feedback
Anyone hello here,greet
Can you of - Munawar Arab Village?,ask_destination_info
Yang di Pulau Kemaro apa?,ask_facilities
Ini banget,provide_feedback
Info fasilitas publik di sana,ask_facilities
App hi,greet
Wisata sejarah Kerajaan,ask_category
Hai bot,greet
Places visit with kids,ask_recommendation
Activities what be can done Jakabaring in?,ask_destination_info
What time does Benteng Kuto Besak close?,ask_operating_hours
How to reach the location,ask_location_access
Tempat liburan yang ngga,ask_hidden_gems
Give me recommendations cool destination,ask_recommendation
Hello AI,greet
The what is visiting limit time?,ask_operating_hours
Thank okay you,goodbye
Hello bot,greet
Sports tourism in Palembang,ask_category
Very thank you much,goodbye
Budget what is needed for the ticket?,ask_ticket_price
Kedai kopi lokal yang asik,ask_category
To how get Ampera to? Bridge,ask_location_access
Good evening,greet
Is the car parking facility safe?,ask_facilities
Masuk wisata,ask_ticket_price
Daftar ibadah bersejarah tempat,ask_category
There are or health first facilities aid?,ask_facilities
What tourist spots does the Palembang LRT pass by?,ask_lrt_destinations
Aplikasinya ringan dan ngga lemot,provide_feedback
Jam bukanya sangat pas,provide_feedback
Ke mana enaknya pekan?,ask_recommendation
Facilities at tourist spot,ask_facilities
Palembang LRT,ask_lrt_destinations
Bagus informasinya,provide_feedback
Bagus sekali,provide_feedback
Helps both and foreign local tourists,provide_feedback
Tq,goodbye
Mau keliling Palembang LRT naik tujuannya apa aja?,ask_lrt_destinations
From what time to what is time Iwak Kambang open?,ask_operating_hours
Entrance fee for Siguntang Hill,ask_ticket_price
Looking hidden locations,ask_hidden_gems
Looking for good hidden tourism,ask_hidden_gems
tempat HTM keluarga wisata,ask_ticket_price
Jam buka berapa pas? weekend,ask_operating_hours
Jakabaring wisata apa emang?,ask_destination_info
Cara lokasi,ask_location_access
Tempat wisata yang wajib dikunjungi via LRT,ask_lrt_destinations
Malam,greet
Turun ampera stasiun bisa mana ke? aja,ask_lrt_destinations
Retribution fee to the,ask_ticket_price
Fasilitas yang ada di Pulau Kemaro apa aja?,ask_facilities
Just a suggestion make the photos more HD,provide_feedback
Ada rekomendasi destinasi? buat keluarga,ask_recommendation
Places stroll to that popular are not yet,ask_hidden_gems
Tutup waktu wisata lokasi,ask_operating_hours
Kasih terima sarannya atas,goodbye
Fasilitas umum di Al-Qur'an Al-Akbar,ask_facilities
Ibadah fasilitas lokasi di wisata,ask_facilities
Direction guide to the location,ask_location_access
Jadwal tutup berapa?,ask_operating_hours
Gimana ke sana?,ask_location_access
Bayar berapa Pulau masuk? Kemaro,ask_ticket_price
The most tourist,ask_recommendation
Helps both local and foreign tourists,provide_feedback
What time close?,ask_operating_hours
The please,ask_location_access
How much is the admission ticket?,ask_ticket_price
Halo ada dibantu yang bisa?,greet
Rekomendasi tempat nongkrong yang asik,ask_recommendation
Hi app,greet
Give me some good places to out hang,ask_recommendation
How much is the entrance fee per person?,ask_ticket_price
Any to visit?,ask_recommendation
Fasilitas mushola dan tempat wudhu,ask_facilities
Makan yang terkenal di mana?,ask_category
Jam operasional,ask_operating_hours
Confused about where to go any suggestions?,ask_recommendation
Tourism religious Muslims for,ask_category
Jakabaring Sport lokasi City di? mana,ask_location_access
Is there a nursery room?,ask_facilities
Latest Kayu entrance ticket,ask_ticket_price
Road to route tourist the spot,ask_location_access
Cara ke pergi Punti Kayu naik angkot,ask_location_access
Taman Kayu Punti itu wisata ya? alam,ask_destination_info
What does open weekends?,ask_operating_hours
Places to buy culinary souvenirs,ask_category
Route from the train station,ask_location_access
Apakah buka setiap?,ask_operating_hours
Jadwal operasional LRT Palembang,ask_operating_hours
Filter wisata saja,ask_category
Tolong deskripsikan Jembatan Ampera,ask_destination_info
Ampera.,ask_destination_info
Naik ojek bisa?,ask_location_access
Tempat rekomendasi santai Palembang di,ask_recommendation
Is there a nearby ATM available?,ask_facilities
Is Punti a pine?,ask_destination_info
Panduan arah ke lokasi,ask_location_access
Punti open on Sundays?,ask_operating_hours
Di fasilitas umum - Al Qur ' an - Al Akbar,ask_facilities
Around city by LRT where I?,ask_lrt_destinations
Akses ke tempat,ask_location_access
Letak wisata destinasi,ask_location_access
Are there historical tours near the LRT route?,ask_lrt_destinations
Kasih terima bot infonya,goodbye
Is there a tourist information center?,ask_facilities
Wisata alam yang bisa buat piknik,ask_category
Tersedia loker penitipan barang?,ask_facilities
The is car facility parking? safe,ask_facilities
Ke cara gampang sana,ask_location_access
Namo,greet
Sports are there tourism places Jakabaring besides?,ask_category
Why should I visit Kambang Iwak?,ask_destination_info
Thanks a lot,goodbye
Describe please the Bridge Ampera,ask_destination_info
Apa saja koleksi di Museum SMB II?,ask_destination_info
Akses jalan ke Bukit Siguntang,ask_location_access
Are there enough trash can facilities?,ask_facilities
Wisata alam yang masih asri dan sepi,ask_hidden_gems
Hello app,greet
Parking fee and,ask_ticket_price
Thank you very informative,goodbye
Tourism Muslims,ask_category
Are public there at toilets Kayu Punti?,ask_facilities
What time does it open today?,ask_operating_hours
Can I get some tourism recommendations?,ask_recommendation
Opening historical tourism,ask_operating_hours
Selamat admin siang,greet
Halo,greet
Beri rekomendasi yang keren destinasi,ask_recommendation
For places that aren ' boring,ask_recommendation
Greetings,greet
The app is lightweight and not laggy,provide_feedback
Of list historical attractions tourist,ask_category
Where to riding the LRT,ask_lrt_destinations
Hidden Palembang gem wajib yang dikunjungi,ask_hidden_gems
Recommendations for late-night culinary spots,ask_category
Completeness facilities,ask_facilities
Gem Palembang yang dikunjungi,ask_hidden_gems
BKB masuk bayar? nggak,ask_ticket_price
Bot pariwisata,greet
Like language feature,provide_feedback
Kesehatan atau P3K ada?,ask_facilities
The Giant.,ask_destination_info
This app makes it very find tourist,provide_feedback
Bagusnya liburan ke ya?,ask_recommendation
Terima kasih aplikasinya berguna,provide_feedback
You thank afternoon good,goodbye
Petunjuk arah ke Benteng Kuto Besak,ask_location_access
Looking for weekend getaway spots,ask_recommendation
Banyak admin bot,goodbye
Looking for amusement parks in Palembang,ask_category
Thank you,goodbye
Are what normal operating the hours?,ask_operating_hours
Makasih bot banyak,goodbye
Halo aplikasi,greet
Please describe Bridge,ask_destination_info
You thank app the is useful,provide_feedback
Helped very the by from info the chatbot,provide_feedback
Anti-mainstream tourism in Palembang,ask_hidden_gems
Ada toko souvenir di dalam?,ask_facilities
Pass can cars through road the?,ask_location_access
The location address please,ask_location_access
Saran untuk besok destinasi,ask_recommendation
Destinasi mainstream Palembang anti,ask_hidden_gems
Bagusnya ke liburan mana di ya? Palembang,ask_recommendation
Nice to meet you,greet
The popular tourist most spots,ask_recommendation
Station which to get off if at to I want go Ampera to?,ask_lrt_destinations
Tiket mahal?,ask_ticket_price
Entrance adult tariff ticket,ask_ticket_price
List Palembang of ticket tourism prices,ask_ticket_price
Akses ke ini,ask_location_access
Operational of time Cheng Mosque Ho,ask_operating_hours
Can you tell about me the Palembang Mosque? Grand,ask_destination_info
Completeness of tourism facilities,ask_facilities
Morning,greet
Titik lokasinya di mana?,ask_location_access
History of Benteng Kuto Besak.,ask_destination_info
"Makasih bot, sampai jumpa",goodbye
Halo wisata,greet
What time does it close Sunday on?,ask_operating_hours
For looking hidden a gem place,ask_hidden_gems
Ada hidden gems di Palembang nggak?,ask_hidden_gems
Bumi Sriwijaya station is near what tourism?,ask_lrt_destinations
Good places for lunch,ask_category
Does Kambang Iwak an have entrance ticket?,ask_ticket_price
Add please hidden more gems,provide_feedback
Masjid Agung Palembang buka 24 jam nggak?,ask_operating_hours
Jadwal lokasi LRT dan wisata,ask_lrt_destinations
Kerja pengelola wisata,ask_operating_hours
What to there?,ask_location_access
Wisata kuliner pempek dekat stasiun LRT,ask_lrt_destinations
Bisa dikunjungi jam berapa saja?,ask_operating_hours
Jelajahi hello,greet
Hidden spots tourist the for weekend,ask_hidden_gems
Destinations easily accessible by LRT,ask_lrt_destinations
Give me a best tourist spots,ask_recommendation
For looking cool breezy and spots tourist,ask_recommendation
Fasilitas dan wudhu,ask_facilities
Most popular tourist spots in Palembang,ask_recommendation
What time does the ticket booth open?,ask_operating_hours
Ada rekomendasi mainstream?,ask_hidden_gems
Really want to know of the Grand.,ask_destination_info
Bingung mau ke mana ada? saran,ask_recommendation
Kesehatan atau fasilitas P3K ada?,ask_facilities
Good day,greet
Rute untuk,ask_location_access
Fakta menarik tentang Masjid Agung dong,ask_destination_info
For coffee shop with a nature,ask_category
Sampai ketemu lagi,goodbye
Wisata hidden gem didatangi,ask_hidden_gems
I have to pay to BKB?,ask_ticket_price
Hidden gem tourism that is a must-visit,ask_hidden_gems
List of Palembang tourism ticket prices,ask_ticket_price
Great the is info thanks complete,goodbye
Ada makan di sekitar Besak?,ask_facilities
Is Bridge paid?,ask_ticket_price
Cari bersejarah museum,ask_category
Saya pamit,goodbye
Address of the historical tourist spot,ask_location_access
Lot thanks a for the help,goodbye
For looking a for quiet place healing in Palembang,ask_hidden_gems
Berapa buka jam tiketnya?,ask_operating_hours
Daya tarik utama Benteng Kuto Besak apa ya?,ask_destination_info
Spot wisata yang paling populer,ask_recommendation
Merencanakan membantu saya liburan,provide_feedback
List of legendary Padang restaurants,ask_category
Any recommendations for family destinations?,ask_recommendation
Is the parking lot in Jakabaring spacious?,ask_facilities
Tersedia spot foto khusus?,ask_facilities
Kuliner pempek dekat stasiun LRT,ask_lrt_destinations
Looking getaway for weekend spots,ask_recommendation
Any recommendations for anti-mainstream places?,ask_hidden_gems
The chatbot is at giving,provide_feedback
Rekomendasi liburan singkat di Palembang,ask_recommendation
Hidden gems for hanging out,ask_hidden_gems
Info dan,ask_location_access
"Terima kasih, selamat siang",goodbye
Pagi selamat,greet
Kalau baru pertama ke Palembang bagusnya ke mana?,ask_recommendation
Info entrance tariff,ask_ticket_price
Must - visit places tourist via LRT,ask_lrt_destinations
Where it located?,ask_location_access
Jam buka,ask_operating_hours
Apa bagus di sini?,ask_recommendation
Hey admin,greet
' good do when visiting Ampera?,ask_destination_info
Tempat yang wisata perawan masih,ask_hidden_gems
Datang selamat,greet
Please route to Al - Giant Quran,ask_location_access
Hours operating of Kapitan Kampung,ask_operating_hours
Jam operasional wisata alam,ask_operating_hours
Places in Palembang near,ask_lrt_destinations
Good bot,greet
Aplikasi ini wajib di-download buat yang ke Palembang,provide_feedback
Route and address info,ask_location_access
Ada wisata Jakabaring?,ask_category
Address Dewa Museum please,ask_location_access
Only tourism,ask_category
Parkir fasilitas aman mobil?,ask_facilities
Opening hours of Ampera Bridge for pedestrians,ask_operating_hours
What is time visit best to the Ulu 7 area?,ask_operating_hours
Libur nasional Punti tetep buka?,ask_operating_hours
Museum hari aja?,ask_operating_hours
Tolong cari wisata alam yang sejuk,ask_category
Makes it very easy for backpackers,provide_feedback
Berapa HTM destinasi ini?,ask_ticket_price
Wisata religi yang deket jalur LRT,ask_lrt_destinations
Lokasinya dekat dari mana?,ask_location_access
Sangat puas menggunakan aplikasi ini,provide_feedback
Info.,ask_destination_info
Most iconic places in Palembang besides Ampera,ask_recommendation
Aplikasi Jelajahi,greet
Berapa lama tempat ini buka setiap harinya?,ask_operating_hours
Where is the exact location?,ask_location_access
Apakah Punti Kayu buka hari? Minggu,ask_operating_hours
Are souvenir shops there inside?,ask_facilities
Titik mana?,ask_location_access
LRT and schedule locations tourist,ask_lrt_destinations
Hai aplikasi Jelajahi,greet
Afternoon good admin,greet
Tiket masuk untuk anak-anak berapa?,ask_ticket_price
Pamit oke saya dulu,goodbye
Thank bot,goodbye
Very good for finding tourism info,provide_feedback
On info opening hours of Al - Akbar Quran,ask_operating_hours
Apa yang menarik dari Pulau Kemaro?,ask_destination_info
Hai program,greet
Wisata religi untuk umat Islam,ask_category
Aplikasi halo,greet
Rekomendasi boleh minta wisata?,ask_recommendation
Naik ojek online bisa ke sana?,ask_location_access
Operational schedule of the recreation place,ask_operating_hours
What be done in?,ask_destination_info
Cara menuju lokasi liburan,ask_location_access
Makasih banyak ya,goodbye
Tiket harga wisata masuk religi,ask_ticket_price
Jalan - murah LRT ke enaknya?,ask_lrt_destinations
What budget is needed for the ticket?,ask_ticket_price
For a that sells green fried chicken,ask_category
Gem hidden nongkrong buat,ask_hidden_gems
Cara menyeberang ke Kampung Kapitan,ask_location_access
Sriwijaya is near tourism?,ask_lrt_destinations
Entrance fee on,ask_ticket_price
What is the main attraction of Benteng Kuto Besak?,ask_destination_info
Petunjuk jalan pakai Google Maps,ask_location_access
Hidden cari terdekat gem,ask_hidden_gems
Keren aplikasinya UI/UX nya mulus,provide_feedback
What facilities are Kemaro there on? Island,ask_facilities
Beri tahu saya informasi tentang Pulau Kemaro,ask_destination_info
Ada wisata anak -?,ask_category
"Cukup, kasih",goodbye
Fasilitas di Jembatan Ampera,ask_facilities
Can I get tourism some recommendations?,ask_recommendation
Historical tourist spots of the Sriwijaya Kingdom,ask_category
Good app the information is complete,provide_feedback
How much is the entrance fee for this destination?,ask_ticket_price
Like the dark mode,provide_feedback
Wisata terbuka di,ask_category
Info rute dan alamat,ask_location_access
Di dalam ada warung jajan?,ask_facilities
UI nya dan dipake,provide_feedback
Water river or in tourism Palembang,ask_category
Welcome,greet
Water or river tourism in Palembang,ask_category
Looking Buddhist religious spots,ask_category
Daftar halte LRT dan tempat wisata terdekat,ask_lrt_destinations
Are there at Punti?,ask_facilities
Thank you and see you,goodbye
From the airport LRT station where can I go for tourism?,ask_lrt_destinations
Tiket Museum masuk Dewa Balaputra,ask_ticket_price
Kalo ke bagusnya Ampera ngapain ya?,ask_destination_info
Ngebantu aplikasinya jalan banget buat - jalan,provide_feedback
Sore selamat,greet
Tempat jalan-jalan sore yang asik,ask_recommendation
Tersedia colokan listrik buat ngecas?,ask_facilities
Iconic places in Palembang besides,ask_recommendation
Recommendations - for late culinary night spots,ask_category
Where near to?,ask_location_access
Bot aktif?,greet
Kasih tau terbaik tempat wisata,ask_recommendation
Akses bagus jalannya? nggak,ask_location_access
Cara pergi Punti Kayu,ask_location_access
Kid-friendly tourist places near LRT,ask_lrt_destinations
", tapi chatbotnya salah",provide_feedback
Are there places fun secret tourist?,ask_hidden_gems
Gem tourism that is must -,ask_hidden_gems
Hai teman,greet
Find please cool a tourism nature spot,ask_category
Baru kalau ke pertama Palembang ke bagusnya mana?,ask_recommendation
Kuliner mana yang enak?,ask_category
The experience using of app the pleasant is,provide_feedback
Wisata yang sepi pengunjung tapi bagus,ask_hidden_gems
Suka dengan fitur,provide_feedback
Instagrammable spots,ask_recommendation
Retribution enter fee to the spot tourism,ask_ticket_price
Fasilitas pariwisata parkir bus,ask_facilities
For historical look museums,ask_category
Much how is the entrance for ticket Kayu Punti?,ask_ticket_price
Trending tourist destinations right now,ask_recommendation
Are any there destinations hidden?,ask_hidden_gems
Tempat cari yang ngga turisnya banyak,ask_hidden_gems
Entrance ticket for Jakabaring Sport City,ask_ticket_price
What ' s Island?,ask_destination_info
Aplikasi yang lengkap,provide_feedback
List of LRT nearby attractions,ask_lrt_destinations
Info jam tutup Pulau Kemaro,ask_operating_hours
Can you tell me tourist spots passed by the LRT?,ask_lrt_destinations
There a guide?,ask_facilities
There are trash enough can? facilities,ask_facilities
Rekomendasi wisata rahasia dong,ask_hidden_gems
Destination bot recommendations,ask_recommendation
Are there wheelchairs for the elderly at the museum?,ask_facilities
Terima kasih,goodbye
Tempat ada wisata rahasia yang seru?,ask_hidden_gems
Apakah Punti Kayu buka hari Minggu?,ask_operating_hours
Menuju liburan,ask_location_access
Is there tour guide a?,ask_facilities
Retribusi biaya wisata masuk,ask_ticket_price
Alamat Museum Balaputra Dewa dong,ask_location_access
Jadwal dan wisata,ask_lrt_destinations
Jalan ke rute tempat wisata,ask_location_access
Are there souvenir shops inside?,ask_facilities
Jadwal operasional tempat rekreasi,ask_operating_hours
Aplikasi pariwisata yang sangat lengkap,provide_feedback
Kasih infonya,goodbye
Wisata spot yang populer paling,ask_recommendation
Top tourist destinations Palembang,ask_recommendation
Fakta tentang menarik Agung Masjid dong,ask_destination_info
Saran aja dibikin lebih fotonya HD,provide_feedback
Lokasi tepatnya?,ask_location_access
Terima kasih admin,goodbye
Is there a student discount for the entrance ticket?,ask_ticket_price
Entrance fee on national holidays,ask_ticket_price
Kasih terima banyak,goodbye
There souvenir shops inside?,ask_facilities
Palembang on tourism LRT the route,ask_lrt_destinations
Arah ke,ask_location_access
Tempat yang jual ayam ijo,ask_category
Recommendations for a short getaway in Palembang,ask_recommendation
LRT naik Museum ke SMB II,ask_lrt_destinations
Banyak makasih bot admin,goodbye
Good morning bot,greet
Response the chatbot is very fast,provide_feedback
There public to get?,ask_location_access
Okay then,goodbye
Lokasinya titik di? mana,ask_location_access
Tourist places that not many people know about,ask_hidden_gems
Respons sangat,provide_feedback
Popular places in Palembang near LRT,ask_lrt_destinations
Harga tiket pas akhir pekan,ask_ticket_price
Bisa jam berapa dikunjungi saja?,ask_operating_hours
Opening schedule during Eid holidays,ask_operating_hours
Tempat hidden gem,ask_hidden_gems
Bisa jelasin keunikan Kampung Arab Al-Munawar?,ask_destination_info
Cari tempat makan yang jual ayam cabe ijo,ask_category
Exactly Kemaro Island?,ask_destination_info
Berapa tutup jam malam ini?,ask_operating_hours
Lokasi Masjid Agung Palembang,ask_location_access
Deskripsikan Ampera,ask_destination_info
Tell me the origin of Kemaro Island.,ask_destination_info
There in Palembang?,ask_hidden_gems
What time does it close on Sunday?,ask_operating_hours
Bumi stasiun dekat sriwijaya wisata? apa,ask_lrt_destinations
Benteng Kuto Besak tutup jam berapa?,ask_operating_hours
Alamat detailnya tolong,ask_location_access
Halo admin,greet
Nggak ada wisata deket alam yang LRT?,ask_lrt_destinations
Cari wisata tersembunyi yang bagus,ask_hidden_gems
Me a summary of the People ' Monument.,ask_destination_info
Jembatan Ampera gratis atau?,ask_ticket_price
Good,greet
Cari tempat makan goreng nasi enak nusantara yang,ask_category
Naik ke Benteng Besak turun?,ask_lrt_destinations
Alright you thank,goodbye
Price ticket Al for - Giant Akbar Quran,ask_ticket_price
Operating of Palembang,ask_operating_hours
Fitur pencariannya dan tepat cepat,provide_feedback
Di mana lokasi cabang RM Pagi Sore di Palembang?,ask_category
Wisata ada selain olahraga Jakabaring?,ask_category
Good places that are not mainstream,ask_hidden_gems
Admin greetings,greet
Thanks smart bot,goodbye
How much is the entrance fee to Monpera?,ask_ticket_price
To stroll not popular yet,ask_hidden_gems
Tempat rekomendasi rekreasi,ask_recommendation
Tolong wisata filter saja kuliner,ask_category
"Baik, terima kasih infonya",goodbye
Complete operating,ask_operating_hours
Best app so,provide_feedback
Makasih ya bot yang pintar,goodbye
The interactive map feature is accurate,provide_feedback
Keamanan fasilitas di wisata tempat,ask_facilities
Tau saya tentang Siguntang,ask_destination_info
Hidden gem tourism access with easy,ask_hidden_gems
", kasih",goodbye
Tempat wisata Palembang,ask_recommendation
Morning good,greet
Recommendations family destinations?,ask_recommendation
LRT Palembang lewat tempat wisata apa aja?,ask_lrt_destinations
Informasi tiketnya sangat,provide_feedback
Istimewanya apa Al Qur - an ' - Al Akbar?,ask_destination_info
Entrance for fee places historical,ask_ticket_price
Kuliner yang bisa wisata dicapai dengan LRT,ask_lrt_destinations
Fasilitas di alam,ask_facilities
Atas makasih waktunya,goodbye
Apa yang di Museum SMB?,ask_destination_info
Rekomendasi jalan-jalan sore naik LRT,ask_lrt_destinations
Hours of Sport City,ask_operating_hours
How is much the fee entrance for destination this?,ask_ticket_price
Rekomendasi dong,ask_recommendation
Cara menyeberang ke,ask_location_access
Sangat dengan ini,provide_feedback
Jam kerja pengelola wisata,ask_operating_hours
Hidden gems close to the city,ask_hidden_gems
It is open Mondays on?,ask_operating_hours
Jelajahi,greet
Umum Al - ' an Al - Akbar,ask_facilities
Rekomendasi destinasi dong bot,ask_recommendation
Tourism hidden gems in,ask_hidden_gems
' what up s,greet
Taman wisata kota Palembang di,ask_category
Buka Punti Kayu,ask_operating_hours
Operasional Kapitan,ask_operating_hours
Hari libur nasional Punti Kayu tetep buka?,ask_operating_hours
LRT palembang price ticket,ask_ticket_price
Ada spot foto hidden gem?,ask_hidden_gems
Top 5 Palembang,ask_recommendation
Fitur itinerary - nya builder berguna sangat,provide_feedback
For looking tourism quiet,ask_hidden_gems
Buka nggak hari Senin?,ask_operating_hours
The chatbot is very smart at recommendations giving,provide_feedback
List Padang restaurants,ask_category
UI rapi aplikasinya persis banget Figma desain saya,provide_feedback
There wheelchairs for the elderly at the?,ask_facilities
Biaya dan masuk,ask_ticket_price
Hidden tourism near,ask_lrt_destinations
Waktu batas sampai kunjungan berapa jam?,ask_operating_hours
How to go to Punti by Kayu public transport,ask_location_access
Masuk sana ke tiket bayar? berapa,ask_ticket_price
Cool it can recognize slang too,provide_feedback
Berikan tentang Kampung,ask_destination_info
Fee entrance for tourist family spots,ask_ticket_price
Jaraknya jauh nggak?,ask_location_access
Accessible holiday recommendations by LRT,ask_lrt_destinations
Makasih banyak yaa,goodbye
Operasional jam Palembang BKB,ask_operating_hours
Kasih daftar tempat wisata terbaik dong,ask_recommendation
Ticket the weekend,ask_ticket_price
Lokasi Agung Palembang Masjid,ask_location_access
Latest Punti Kayu entrance ticket price,ask_ticket_price
Thank for,goodbye
Itu pulau Kemaro apa tempat sih?,ask_destination_info
Bagus banget info wisata,provide_feedback
Trending tourist right,ask_recommendation
Gimana caranya sampai ke sana?,ask_location_access
Hours complete operating info,ask_operating_hours
Hey,greet
Destinasi untuk besok,ask_recommendation
Long this place every day?,ask_operating_hours
Days is the Sriwijaya open?,ask_operating_hours
For legendary tourism,ask_category
Lengkap alamat Museum II SMB,ask_location_access
Looking for a coffee shop with a nature vibe,ask_category
There center there?,ask_facilities
Akses ke LRT Kayu Punti,ask_lrt_destinations
Jalan-jalan murah naik LRT ke mana enaknya?,ask_lrt_destinations
Kambang ada Iwak tiket? masuknya,ask_ticket_price
Rekomendasi top 5 wisata Palembang,ask_recommendation
Terima kasih selamat malam,goodbye
UI nya simpel dan gampang dipake,provide_feedback
Kegiatan apa yang bisa di dilakukan Jakabaring?,ask_destination_info
Akses jalan tempat,ask_location_access
Namo buddhaya,greet
Hi there,greet
How much is the ticket for children?,ask_ticket_price
Spill info about Kambang Iwak tourism please.,ask_destination_info
Tourism is good?,ask_recommendation
Iwak kambang pagi buka kalau jam berapa?,ask_operating_hours
Mat are there rental facilities?,ask_facilities
Opening hours is fitting,provide_feedback
