text,label
Maaf mau tanya lrt accessible tourist spots in palembang? sih,ask_lrt_destinations
Apa Kambang Iwak bayar?,ask_ticket_price
Mau nanya dong Sampai ketemu lagi deh,goodbye
Min tiket masuk ke Palembang Icon sekarang berapa ya? dong kak,ask_ticket_price
Eh bisa naik lrt ke Bukit Siguntang? ya,ask_lrt_destinations
"Excuse me, what cultural tourism are in palembang? please",ask_category
Eh Maaf mau tanya deh,greet
Permisi Dari pusat kota ke Museum Balaputra Dewa berapa lama ya,ask_location_access
Mau nanya dong OK that's all I needed deh,goodbye
Bang Oke bagus nih,provide_feedback
Bang Kalo hari Sabtu Benteng Kuto Besak buka,ask_operating_hours
Palembang Trade Center ada spot foto gak?,ask_facilities
Bang Lokasi Kambang Iwak dimana kak dong,ask_location_access
Hey Where can I find historical sites in Palembang,ask_category
Min Bye for now ya kak,goodbye
Bang underrated tourist spots in palembang? sih,ask_hidden_gems
Mau nanya dong ada fasilitas apa di Pulau Kemaro? nih,ask_facilities
Please What's the ticket price for Palembang Square Arab Village please,ask_ticket_price
Permisi Hai TanyaKito dong,greet
hotel murah di jakarta? dong,ask_unrelated
Eh Wisata sore hari di Palembang,ask_recommendation
Mau tau sejarah BKB,ask_destination_info
Kak Ada rekomendasi wisata gak dong kak,ask_recommendation
Maaf mau tanya Dari pusat kota ke OPI Mall berapa lama? ya kak,ask_location_access
Directions to Sultan Mahmud Badaruddin II Museum?,ask_location_access
Terima kasih sudah membantu? nih,goodbye
Kak Love this bot ya,provide_feedback
Kurs dollar hari ini berapa dong,ask_unrelated
Keren sih ini botnya,provide_feedback
Halo tempat makan di sekitar BKB ada? dong,ask_facilities
Halo Kak fasilitas Jembatan Ampera apa aja ya deh,ask_facilities
Halo Rekomendasikan destinasi wisata Palembang dong kak,ask_recommendation
Permisi Alamat lengkap Palembang Icon? sih,ask_location_access
Min Tempat taman di Palembang ya,ask_category
That makes sense,provide_feedback
Museum Balaputra Dewa bagus gak?,ask_destination_info
Maaf mau tanya lrt bisa ke Palembang Icon gak?,ask_lrt_destinations
Bang Info fasilitas Jembatan Ampera dong? nih,ask_facilities
Kak harga tiket masuk Masjid Agung Palembang sekarang berapa?,ask_ticket_price
Mau nanya dong Ada gak wisata yang bisa ditempuh LRT ya kak,ask_lrt_destinations
di Monpera itu kita bisa ngapain aja?,ask_destination_info
"Excuse me, List of nature tourism in Palembang thanks",ask_category
Jelas banget penjelasannya,provide_feedback
Bang Taman Kambang Iwak Besak hari libur buka gak? ya kak,ask_operating_hours
Min PIM bagus gak? sih,ask_destination_info
Kak Wisata yang paling sering dikunjungi ya,ask_recommendation
Halo tempat wisata unik di palembang? nih,ask_hidden_gems
Permisi bang tiket Kemaro berapa? ya,ask_ticket_price
Bang Anime yang bagus apa? ya,ask_unrelated
Min which tourist spots are near lrt stations? dong kak,ask_lrt_destinations
Halo Rumah sakit terdekat deh,ask_unrelated
Mau nanya dong Min rekomendasi wisata Palembang apa ya,ask_recommendation
Arah ke Benteng Kuto Besak gimana?,ask_location_access
Kak penjelasannya bagus kak nih,provide_feedback
"Mau nanya dong anakku suka main air, enaknya bawa kemana ya? dong",ask_recommendation
Makasih udah bantu,goodbye
Dari pusat kota ke Kambang Iwak berapa lama?,ask_location_access
Permisi Tempat paling menarik di Palembang nih,ask_recommendation
update harga tiket Amanzi dong dong,ask_ticket_price
lesser known attractions in palembang? ya kak,ask_hidden_gems
Mau nanya dong Wisata anti mainstream Palembang? dong,ask_hidden_gems
Does Punti Kayu Forest have food stalls?,ask_facilities
I want to know Exactly what I needed please,provide_feedback
Bang Weekend PTC buka nih,ask_operating_hours
Alright thanks,goodbye
Halo Taman Kebon Rojo ada tempat parkir? ya,ask_facilities
Mau nanya dong Destinasi kategori alam dong kak,ask_category
Eh informasinya membantu dong,provide_feedback
"Mau nanya dong Hi, planning to visit Palembang deh",greet
Directions to Monpera?,ask_location_access
Halo wah keren infonya dong kak,provide_feedback
List of religious tourism in Palembang?,ask_category
Info lokasi Monpera dong,ask_location_access
Min Jadwal buka Jakabaring kapan ya? dong,ask_operating_hours
Mau nanya dong Makasih infonya sih,goodbye
Permisi Kemana aja bisa naik LRT untuk wisata deh,ask_lrt_destinations
Permisi Oke terima kasih banyak ya sih,goodbye
Pulau Kemaro buka hari apa aja?,ask_operating_hours
Fasilitas umum di SMB apa aja?,ask_facilities
Makasih kak nanti saya tanya lagi,goodbye
Min tempat wisata yang wajib dikunjungi di palembang? deh,ask_recommendation
Min Sip lanjut kak? dong,provide_feedback
Maaf mau tanya Min kasih tau hidden gems Palembang nih,ask_hidden_gems
Sampai ketemu lagi,goodbye
Eh Assalamualaikum bye? dong kak,goodbye
Maaf mau tanya Jam tutup Pasar 16 Ilir kapan dong,ask_operating_hours
Kak wisata baru yang belum terkenal? dong kak,ask_hidden_gems
Eh Wisata Palembang yang belum banyak orang kunjungi? ya,ask_hidden_gems
History of Kemaro Island?,ask_destination_info
Halo Rekomendasi wisata Palembang dong ya kak,ask_recommendation
Eh Yang termasuk wisata kuliner apa aja dong,ask_category
Halo LRT bisa ke Al Quran Al Akbar gak? nih,ask_lrt_destinations
Min info lokasi Amanzi Waterpark dong dong,ask_location_access
Harga masuk PTC berapa ya kak?,ask_ticket_price
Oke kak noted,provide_feedback
Tempat makan di sekitar Bukit Siguntang ada?,ask_facilities
Kak bot nya pintar ya,provide_feedback
Halo terima kasih ya kak,goodbye
Halo Flight tickets to Bali,ask_unrelated
Halo yang termasuk wisata alam apa aja? ya,ask_category
Hutan Wisata Punti Kayu itu apa?,ask_destination_info
Maaf mau tanya Mau jalan-jalan pakai LRT bisa kemana nih,ask_lrt_destinations
Eh Fasilitas OPI Mall lengkap gak?,ask_facilities
Kawah Tengkurep ada tempat parkir?,ask_facilities
Min Mau tanya harga tiket Fantasy Island,ask_ticket_price
Min Tempat yang belum terkenal di Palembang? dong kak,ask_hidden_gems
Kak fasilitas BKB apa aja ya?,ask_facilities
Ceritakan tentang Palembang Icon,ask_destination_info
Ada wisata yang jarang orang tau? deh,ask_hidden_gems
Bang tempat yang bagus buat foto-foto keluarga di mana ya? sih,ask_recommendation
Halo Haloo? deh,greet
Maaf mau tanya great info dong kak,provide_feedback
Maaf mau tanya Tempat wisata religi di Palembang? dong kak,ask_category
Palembang Square hari libur buka gak?,ask_operating_hours
Kak Tempat makan di sekitar Jembatan Ampera ada?,ask_facilities
Permisi tempat keren tapi belum terkenal di palembang? nih,ask_hidden_gems
Please How much does it cost to enter Masjid Agung Palembang Forest?,ask_ticket_price
Responnya cepat ya,provide_feedback
How much for Al-Munawar Arab Village tickets?,ask_ticket_price
Mau nanya dong Apa itu Punti Kayu? ya kak,ask_destination_info
Halo wisata paling bagus di palembang? ya,ask_recommendation
Halo parks places in palembang? dong,ask_category
Eh oke thanks deh,goodbye
Resep nasi goreng dong,ask_unrelated
Kak ada museum gak di Palembang?,ask_category
Eh harga tiket Museum Sultan Mahmud Badaruddin II berapa ya? sih,ask_ticket_price
Kak Wisata off the beaten path Palembang?,ask_hidden_gems
Jelaskan tentang Benteng Kuto Besak,ask_destination_info
Address of Kemaro Island?,ask_location_access
Kak Cara bikin cuko pempek,ask_unrelated
Mau nanya dong SMB II buka hari apa aja? dong kak,ask_operating_hours
Min Berapa biaya masuk ke Benteng Kuto Besak? ya kak,ask_ticket_price
Halo unexplored attractions in palembang? sih,ask_hidden_gems
How to go to Al-Munawar Arab Village?,ask_location_access
Halo Bye bye makasih? dong kak,goodbye
Bang 5 bintang deh dong kak,provide_feedback
Arah ke Pasar 16 Ilir gimana ya kak,ask_location_access
Where can I go by LRT for sightseeing thanks,ask_lrt_destinations
Ada fasilitas apa di Masjid Agung Palembang?,ask_facilities
Permisi amazing response deh,provide_feedback
Fasilitasnya gimana?,ask_facilities
Kak Oke mantap kak deh,goodbye
Kira-kira harga tiket Kampung Kapitan berapa?,ask_ticket_price
Please What's the address of Grand Mosque of Palembang? please,ask_location_access
Min Ada mushola di Al Quran Al Akbar? dong,ask_facilities
Mau nanya dong Dari mana ke Palembang Icon? ya kak,ask_location_access
Eh min mau tanya dong,greet
Permisi kak dimana ya Fantasy Island? nih,ask_location_access
Harga tiket masuk Monpera sekarang berapa?,ask_ticket_price
Min Segitu dulu kak thanks ya,goodbye
Permisi local favorites in palembang? dong,ask_hidden_gems
Kemaro ada kantin gak?,ask_facilities
Kak Wisata instagramable Palembang ya kak,ask_recommendation
Kak greetings dong kak,greet
Permisi mau tanya harga tiket Palembang Icon ya,ask_ticket_price
Bang Yang termasuk masjid apa aja? deh,ask_category
Palembang Square mulai buka jam berapa?,ask_operating_hours
Maaf mau tanya Info tentang Monpera,ask_destination_info
Apa itu BKB?,ask_destination_info
Halo lesser known attractions in palembang? dong,ask_hidden_gems
Permisi any religious tourism in palembang?,ask_category
Bang tiket Palembang Trade Center berapa?,ask_ticket_price
Permisi hidden gems di palembang apa? sih,ask_hidden_gems
How much is the admission to Kambang Iwak Park?,ask_ticket_price
Kak tempat yang bagus buat foto-foto keluarga di mana ya? deh,ask_recommendation
Permisi Sip lanjut kak? nih,provide_feedback
Min Who are you? deh,ask_unrelated
asal usul Taman Kambang Iwak Besak ini gimana ceritanya?,ask_destination_info
Kak Kapan Jakabaring buka? ya,ask_operating_hours
Eh Tempat bersejarah apa aja? ya,ask_category
di Amanzi itu kita bisa ngapain aja?,ask_destination_info
Min wisata apa yang recommended di palembang?,ask_recommendation
Eh what's cryptocurrency? sih,ask_unrelated
Kak rekomendasiin dong wisata di Palembang ya kak,ask_recommendation
Dimana lokasi Bukit Siguntang?,ask_location_access
Min Top wisata Palembang? nih,ask_recommendation
what can i see at sultan mahmud badaruddin ii museum? please,ask_destination_info
Can you tell me what to see in palembang??,ask_recommendation
Test,greet
Oke sip mantap,provide_feedback
What time does Jakabaring Sport City open?,ask_operating_hours
Baik kak terima kasih,goodbye
Weekday Kambang Iwak buka jam berapa?,ask_operating_hours
Permisi Apa aja fasilitas di sana ya,ask_facilities
Ceritakan tentangnya,ask_destination_info
Bang quiet but beautiful places in palembang? ya kak,ask_hidden_gems
Bang sampai jumpa sih,goodbye
Eh Wisata yang paling sering dikunjungi? deh,ask_recommendation
"Excuse me, how much to get into Punti Kayu? please",ask_ticket_price
Mau nanya dong kasih rekomendasi wisata dong kak ya,ask_recommendation
Halo Very accurate,provide_feedback
Eh Jadwal sholat hari ini dong,ask_unrelated
What are the opening hours of Jakabaring Sport City?,ask_operating_hours
Apakah Amanzi Waterpark buka 24 jam? nih,ask_operating_hours
Bang museums places in Palembang,ask_category
Bang Arah ke Kampung Kapitan gimana? deh,ask_location_access
Update harga tiket Palembang Square dong,ask_ticket_price
Kak yang termasuk museum apa aja? ya kak,ask_category
Wisata masjid di Palembang apa aja?,ask_category
Halo Tempat keren tapi belum terkenal di Palembang sih,ask_hidden_gems
Update harga tiket KI dong,ask_ticket_price
Mau nanya dong Mau ke Al Quran Al Akbar lewat mana nih,ask_location_access
"Hello, can i reach tourist places by lrt??",ask_lrt_destinations
Min Directions to KI? ya,ask_location_access
Halo Wisata yang belum banyak orang tau di Palembang nih,ask_hidden_gems
Info jam buka Fantasy Island dong,ask_operating_hours
Bang Weekday Punti Kayu buka jam berapa? ya,ask_operating_hours
Mau nanya dong Makasih ya sih,goodbye
"Excuse me, where should i go in palembang?",ask_recommendation
Woi,greet
Maaf mau tanya Oke bagus ya kak,provide_feedback
Min wisata sungai palembang? ya,ask_category
Halo jawabannya memuaskan sih,provide_feedback
Fasilitas umum di BKB apa aja?,ask_facilities
Bang lrt palembang lewat wisata mana? sih,ask_lrt_destinations
Mau nanya dong Mau jalan-jalan pakai LRT bisa kemana nih,ask_lrt_destinations
Kak Rute ke Ampera gimana?,ask_location_access
HTM Masjid Agung Palembang berapa?,ask_ticket_price
Halo Sip makasih?,goodbye
ada ide tempat buat nongkrong sore sih,ask_recommendation
Permisi Cara mengobati flu deh,ask_unrelated
Can you tell me how to lose weight? thanks,ask_unrelated
Min lagi pengen liat pemandangan kota dari atas? nih,ask_recommendation
Kak oke terima kasih jawabannya deh,provide_feedback
Bang PTC buka sampai malam gak ya kak,ask_operating_hours
Kak min alamat Kemaro apa ya? dong kak,ask_location_access
Min Ada tempat wisata baru di Palembang ya,ask_hidden_gems
Halo Wisata yang belum viral di Palembang dong,ask_hidden_gems
Is Kambang Iwak Park open in the morning?,ask_operating_hours
Bang kak wisata yang bisa naik lrt apa aja? sih,ask_lrt_destinations
"Excuse me, Tell me a story? thanks",ask_unrelated
Eh tempat keren tapi belum terkenal di palembang? dong kak,ask_hidden_gems
Min Bisa naik angkot ke Punti Kayu,ask_location_access
Waalaikumsalam,greet
Maaf mau tanya famous places in palembang?,ask_recommendation
Permisi Dimana lokasi Palembang Trade Center? ya,ask_location_access
Bang saranin wisata di palembang dong dong,ask_recommendation
Jelaskan tentang Pulau Kemaro,ask_destination_info
I want to know how much is the admission to Al Quran Al Akbar forest? thanks,ask_ticket_price
Bang informasinya membantu dong,provide_feedback
Sip lanjut kak,provide_feedback
Mau nanya dong Kak dimana ya PTC? nih,ask_location_access
Wisata terbaik di Palembang apa?,ask_recommendation
what are the best places to visit in palembang? thanks,ask_recommendation
Al-Munawar di mana ya?,ask_location_access
Destinasi favorit di Palembang?,ask_recommendation
Halo siapa pemenang liga champions? dong,ask_unrelated
Permisi Museum Balaputra Dewa mulai buka jam berapa?,ask_operating_hours
"Hi, how much is the ticket to PTC bridge? please",ask_ticket_price
Harga masuk Kampung Arab Al-Munawar berapa ya kak? sih,ask_ticket_price
Halo mau ke tempat bersejarah di palembang sih,ask_category
Jembatan Ampera lokasinya dimana?,ask_location_access
Bayar berapa kalo masuk Pasar 16 Ilir?,ask_ticket_price
Min rekomendasi wisata palembang dong ya kak,ask_recommendation
Maaf mau tanya Mau ke Amanzi lewat mana,ask_location_access
Halo Membantu banget,provide_feedback
Wisata yang belum viral di Palembang dong kak,ask_hidden_gems
"Excuse me, where is Taman Kambang Iwak Besak??",ask_location_access
Permisi Famous places in Palembang? deh,ask_recommendation
Permisi Malam kak? sih,greet
Kak Facilities at SMB?,ask_facilities
Permisi cuaca hari ini gimana? dong,ask_unrelated
Taman Kambang Iwak Besak lokasinya dimana? ya,ask_location_access
Review tentang Benteng Kuto Besak,ask_destination_info
Bang Berguna banget? nih,provide_feedback
Permisi Siapa pemenang Liga Champions deh,ask_unrelated
Eh info wisata religi palembang dong ya,ask_category
Rute ke Monpera gimana?,ask_location_access
nature spots in palembang?,ask_category
Eh Good job ya,provide_feedback
Kak Tiket pesawat ke Bali berapa?,ask_unrelated
Eh Stasiun LRT terdekat ke tempat wisata mana dong,ask_lrt_destinations
Monpera ada spot foto gak?,ask_facilities
Bang What time does PTC Forest close ya,ask_operating_hours
Kak What's the ticket price ya,ask_ticket_price
Kak Hidden gem Palembang yang recommended deh,ask_hidden_gems
Bye deh,goodbye
Halo ada masjid di palembang? nih,ask_category
Sampai jumpa,goodbye
Eh Monpera ada area bermain anak? ya kak,ask_facilities
Mau nanya dong Ada fasilitas apa di SMB ya,ask_facilities
Ada wifi di Taman Kambang Iwak Besak?,ask_facilities
terima kasih ya,goodbye
Siap kak,provide_feedback
Eh Dadah kak sih,goodbye
Siguntang itu tempat apa sih sih,ask_destination_info
Maaf mau tanya Jembatan Ampera ada tempat parkir sih,ask_facilities
Benteng Kuto Besak mulai buka jam berapa?,ask_operating_hours
Kak are there tourist attractions near lrt stations?,ask_lrt_destinations
Permisi Ada wifi di SMB II deh,ask_facilities
Harga tiket Kambang Iwak berapa ya?,ask_ticket_price
Halo Suggest tourist spots in Palembang? ya,ask_recommendation
Maaf mau tanya Menarik gak OPI Mall? ya kak,ask_destination_info
"Hello, what's the entrance fee at BKB? please",ask_ticket_price
Jakabaring ada tempat istirahat?,ask_facilities
Kak sangat membantu deh,provide_feedback
Arah ke Siguntang gimana?,ask_location_access
Permisi underrated tourist spots in palembang? ya kak,ask_hidden_gems
htm Kampung Kapitan berapa?,ask_ticket_price
Eh Wisata Palembang yang belum banyak orang kunjungi? sih,ask_hidden_gems
Eh Mau ke tempat bersejarah di Palembang ya kak,ask_category
Hey the answer is very detailed please,provide_feedback
Permisi ada ide tempat buat nongkrong sore? nih,ask_recommendation
What can I see at Grand Mosque of Palembang?,ask_destination_info
Eh culinary tourism places in Palembang sih,ask_category
Eh Oke sip? ya,provide_feedback
Min Berapa duit masuk Amanzi Waterpark? dong,ask_ticket_price
Min Tolong kasih tau wisata dekat LRT,ask_lrt_destinations
Maaf mau tanya oke segitu dulu ya,goodbye
Min Take care ya,goodbye
Rekomendasi masjid Palembang? nih,ask_category
Min oke terima kasih,goodbye
Eh Makasih atas bantuannya deh,goodbye
do you have feelings? thanks,ask_unrelated
Mau ke tempat yang unik dan sepi,ask_hidden_gems
Things to do in Palembang??,ask_recommendation
Mau nanya dong Jadwal buka Kambang Iwak kapan ya? ya kak,ask_operating_hours
Bye bye makasih,goodbye
Mau nanya dong Apa itu Amanzi ya,ask_destination_info
Maaf mau tanya Ada rekomendasi wisata gak? nih,ask_recommendation
Rute ke KI gimana?,ask_location_access
Halo cara daftar kuliah? nih,ask_unrelated
Permisi aku lagi pengen makan enak sambil liat sungai ya kak,ask_recommendation
Mau nanya dong Apa itu AI deh,ask_unrelated
Please Where is Kambang Iwak Forest? please,ask_location_access
Min Hello bot,greet
Mau nanya dong hotel murah di jakarta?,ask_unrelated
Eh Dari mana ke Monpera? sih,ask_location_access
Halo Infonya akurat? nih,provide_feedback
Info lengkap Pasar 16 Ilir dong,ask_destination_info
Halo apa itu Kawah Tengkurep? sih,ask_destination_info
Min wisata apa yang cocok untuk foto-foto? dong kak,ask_recommendation
"Eh Got it, thanks sih",goodbye
Ada mushola di Al Quran Al Akbar?,ask_facilities
Permisi Permisi mau tanya harga tiket Bukit Siguntang? dong kak,ask_ticket_price
Maaf mau tanya Tes tes dong,greet
Please What's the meaning of life??,ask_unrelated
Min Pagi kak dong,greet
"Eh hi, i'd like to ask something nih",greet
Hey What facilities are available at Taman Kambang Iwak Besak,ask_facilities
Maaf mau tanya Wisata Palembang yang belum banyak orang kunjungi? sih,ask_hidden_gems
"I want to know good morning, i have a question please",greet
Halo Apakah KI buka 24 jam? dong kak,ask_operating_hours
Maaf mau tanya tempat yang belum terkenal di palembang? dong,ask_hidden_gems
Harga masuk Palembang Icon berapa ya kak?,ask_ticket_price
Mau nanya dong Suggest tourist spots in Palembang? ya kak,ask_recommendation
Min tempat wisata bertema budaya melayu? deh,ask_category
Halo Update harga tiket Monpera dong,ask_ticket_price
Bukit Siguntang itu apa ya,ask_destination_info
Oke makasih,goodbye
Min good day,greet
Hai saya pertama kali ke Palembang,greet
Tourist recommendations for Palembang?,ask_recommendation
"Hi, thanks for the help thanks",goodbye
Masjid Cheng Ho fasilitasnya apa aja?,ask_facilities
Bang Arah ke KI gimana sih,ask_location_access
What facilities are available at Kemaro Island?,ask_facilities
Permisi Berapa biaya masuk ke Bukit Siguntang nih,ask_ticket_price
mau cari wisata yang seru di palembang ya kak,ask_recommendation
Maaf mau tanya Wisata wisata religi di Palembang apa aja? ya,ask_category
Anime yang bagus apa?,ask_unrelated
Helloo,greet
Tempat wisata ikonik Palembang?,ask_recommendation
Palembang punya taman apa?,ask_category
Kambang Iwak ada tempat istirahat?,ask_facilities
aku butuh tempat healing yang tenang? sih,ask_recommendation
Aplikasinya keren? nih,provide_feedback
Mau nanya dong Review tentang Monpera? ya,ask_destination_info
Permisi naik apa ke Jembatan Ampera? sih,ask_location_access
Wisata yang bernuansa Islami? dong,ask_category
I want to know What's the entry fee for OPI Mall Arab Village? thanks,ask_ticket_price
Permisi mau tanya harga tiket Kemaro,ask_ticket_price
Hari ini SMB II buka gak ya?,ask_operating_hours
Thank you for the information,goodbye
Maaf mau tanya Wisata sore hari di Palembang? deh,ask_recommendation
Mau nanya dong kak dimana ya Bukit Siguntang? nih,ask_location_access
Kak Makasih ya kak,goodbye
Kak tess sih,greet
Permisi Tempat wisata unik di Palembang? nih,ask_hidden_gems
Permisi Test?,greet
Eh Perfect? ya,provide_feedback
Bye bye kak,goodbye
Bang Kampung Kapitan ada tempat istirahat? ya kak,ask_facilities
Bang Wisata yang belum viral di Palembang,ask_hidden_gems
Halo Info lokasi Kampung Kapitan dong,ask_location_access
Tempat wisata alam di Palembang?,ask_category
unexplored attractions in palembang?,ask_hidden_gems
"Hi, Is Masjid Cheng Ho Bridge open in the morning thanks",ask_operating_hours
Makasih banyak,goodbye
Is there WiFi at Ampera Bridge?,ask_facilities
Hey What destinations are accessible by LRT? please,ask_lrt_destinations
Facilities at Kampung Kapitan?,ask_facilities
Please What are the best places to visit in Palembang? please,ask_recommendation
Permisi Lesser known attractions in Palembang ya,ask_hidden_gems
Min Wisata air di Palembang ada? ya,ask_category
Halo hari ini buka? deh,ask_operating_hours
Eh Destinasi yang LRT accessible? nih,ask_lrt_destinations
List of nature tourism in Palembang?,ask_category
Halo Min info wisata dekat LRT dong deh,ask_lrt_destinations
Thank you,goodbye
"Eh anakku suka main air, enaknya bawa kemana ya nih",ask_recommendation
Kak Hidden gems di Palembang apa? nih,ask_hidden_gems
Permisi Wisata religi Palembang apa aja ya,ask_category
Oke terima kasih banyak ya,goodbye
Halo 1 2 3 test ya kak,greet
Permisi Deskripsi Palembang Icon? ya,ask_destination_info
Eh mau ke tempat yang unik dan sepi dong kak,ask_hidden_gems
Halo P? sih,greet
Weekend Ampera buka?,ask_operating_hours
Permisi wisata apa yang cocok untuk foto-foto? deh,ask_recommendation
Does Al-Munawar Arab Village open every day?,ask_operating_hours
Eh Al-Munawar hari libur buka gak?,ask_operating_hours
Maaf mau tanya Mantap deh,provide_feedback
Eh Ada wisata dekat LRT gak? ya,ask_lrt_destinations
Is Benteng Kuto Besak child-friendly?,ask_facilities
Ke Siguntang bayar berapa ya?,ask_ticket_price
Min Jawabannya memuaskan? dong kak,provide_feedback
Min Bye bye? nih,goodbye
Hey where can i find cultural tourism in palembang?,ask_category
Kak Misi nanya dong ya,greet
Mau nanya dong bot nih,greet
Maaf mau tanya Hidden gems in Palembang,ask_hidden_gems
Maaf mau tanya Punti Kayu itu tempat apa sih? dong,ask_destination_info
"Hi, Where to go in Palembang",ask_recommendation
Top wisata Palembang?,ask_recommendation
Enaknya kemana ya di Palembang?,ask_recommendation
Bang Tolong kasih tau wisata dekat LRT dong kak,ask_lrt_destinations
Info lokasi Masjid Agung Palembang dong? dong kak,ask_location_access
"Hello, list of museums in palembang? thanks",ask_category
Min ada apa aja sih di Siguntang? dong,ask_destination_info
Bang Halo kak saya turis? dong,greet
Permisi Kampung Kapitan ada kantin gak nih,ask_facilities
Hey are there toilets at sultan mahmud badaruddin ii museum? thanks,ask_facilities
Halo Ada gak wisata yang bisa ditempuh LRT? sih,ask_lrt_destinations
Can you tell me how to reach Benteng Kuto Besak island? thanks,ask_location_access
Eh fasilitas apa saja di Ampera? ya kak,ask_facilities
taxi online di palembang? dong,ask_unrelated
Kak Lesser known attractions in Palembang? sih,ask_hidden_gems
Bang Kurs dollar hari ini berapa ya kak,ask_unrelated
Thanks udah bantu ya,goodbye
Halo bisa naik lrt ke Masjid Cheng Ho? deh,ask_lrt_destinations
Min Wah keren infonya nih,provide_feedback
Tempat makan di sekitar Kemaro ada?,ask_facilities
Min rekomendasi wisata Palembang apa?,ask_recommendation
destinasi wisata sejarah palembang? nih,ask_category
Permisi Wisata apa yang bisa dijangkau LRT? sih,ask_lrt_destinations
Which tourist spots are near LRT stations ya kak,ask_lrt_destinations
Eh Fasilitas apa saja di Kemaro? dong kak,ask_facilities
Eh apakah SMB II dekat stasiun lrt?,ask_lrt_destinations
Mau nanya dong Wisata off the beaten path Palembang? dong kak,ask_hidden_gems
Min Palembang punya wisata apa aja? dong kak,ask_recommendation
Eh lrt palembang lewat wisata mana? ya kak,ask_lrt_destinations
Min mau nanya dong kak ya kak,greet
Eh Wisata yang gak pasaran di Palembang sih,ask_hidden_gems
Min Tempat wisata yang jarang dikunjungi di Palembang? deh,ask_hidden_gems
Kak Tolong kasih tau wisata dekat LRT dong,ask_lrt_destinations
Pagi,greet
Permisi Destinasi favorit di Palembang? dong,ask_recommendation
"Hello, I want to explore Palembang",greet
Halo Info taman Palembang dong? nih,ask_category
Maaf mau tanya wisata weekend di palembang? nih,ask_recommendation
Kapan bukanya?,ask_operating_hours
How much is the admission to Jakabaring Sport City?,ask_ticket_price
Suka sama aplikasinya ya kak,provide_feedback
Bang Makasih kak nanti saya tanya lagi,goodbye
Berapa duit masuk Amanzi?,ask_ticket_price
Permisi Info fasilitas Hutan Wisata Punti Kayu dong? ya,ask_facilities
"Hello, is anyone available?",greet
Min Wisata weekend di Palembang? ya kak,ask_recommendation
Bang Non-touristy places in Palembang? dong,ask_hidden_gems
Rute ke Kawah Tengkurep gimana?,ask_location_access
Permisi Min tolong saran wisata dong ya kak,ask_recommendation
what's the meaning of life? please,ask_unrelated
Details about Ampera Bridge?,ask_destination_info
Permisi Tempat makan di sekitar Palembang Icon ada dong kak,ask_facilities
Kenapa KI terkenal?,ask_destination_info
Permisi Great info? ya kak,provide_feedback
Maaf mau tanya Mantap ya kak,provide_feedback
Dari pusat kota ke Monpera berapa lama dong kak,ask_location_access
Min Info wisata religi Palembang dong? deh,ask_category
I want to know which places can i visit using lrt? please,ask_lrt_destinations
Permisi Apa itu cryptocurrency ya,ask_unrelated
"Hello, Where can I go by LRT for sightseeing?",ask_lrt_destinations
Bang Makasih? ya kak,goodbye
Permisi Yang termasuk wisata religi apa aja ya,ask_category
kenapa orang-orang suka ke OPI Mall?,ask_destination_info
Mau nanya dong ada wisata dekat lrt gak?,ask_lrt_destinations
Mau nanya dong PIM ada tempat parkir sih,ask_facilities
Kak wisata palembang yang belum banyak orang kunjungi? nih,ask_hidden_gems
I want to know Is there an entry fee for Al-Munawar?,ask_ticket_price
What is it? thanks,ask_destination_info
Maaf mau tanya Buka jam berapa? deh,ask_operating_hours
Ticket price for Benteng Kuto Besak?,ask_ticket_price
What can I see at Sultan Mahmud Badaruddin II Museum?,ask_destination_info
Ping,greet
Eh Dari jam berapa Siguntang buka? ya kak,ask_operating_hours
Mau nanya dong kamu punya perasaan? dong,ask_unrelated
Maaf mau tanya oke mantap kak dong,goodbye
Test bot,greet
Good info? dong,provide_feedback
Best things to do in Palembang? please,ask_recommendation
Halo Siguntang aksesnya lewat LRT bisa dong,ask_lrt_destinations
Kak ada taman kota di palembang? ya,ask_category
where to go in palembang?,ask_recommendation
Dari stasiun LRT bisa ke wisata apa?,ask_lrt_destinations
where can i go by lrt for sightseeing??,ask_lrt_destinations
Halo Halo selamat pagi dong,greet
Hey Unique places to visit in Palembang??,ask_hidden_gems
Min Wisata apa aja yang dekat jalur LRT nih,ask_lrt_destinations
Hey Thanks for the help please,goodbye
Permisi Bisa naik LRT ke Palembang Square dong kak,ask_lrt_destinations
Mau nanya dong Ada wifi di Punti Kayu? sih,ask_facilities
Museum Balaputra Dewa buka jam berapa?,ask_operating_hours
Min popular tourist spots in palembang? nih,ask_recommendation
Please Where can I find nature tourism in Palembang?,ask_category
Kak Rekomendasi hidden gems dong kak? dong,ask_hidden_gems
Permisi Dari stasiun LRT bisa ke wisata apa dong,ask_lrt_destinations
Eh Heyy?,greet
Mau jalan-jalan di Palembang kemana ya?,ask_recommendation
Oke kak noted? deh,provide_feedback
Is Jembatan Ampera Island far from the city center? please,ask_location_access
Bang siapa gubernur palembang? ya,ask_unrelated
Can you tell me what are the opening hours of Pulau Kemaro??,ask_operating_hours
Bang Mantap makasih? ya kak,goodbye
Gimana Kambang Iwak?,ask_destination_info
Is Kemaro Island open on weekends?,ask_operating_hours
Permisi Bisa naik LRT ke Museum Sultan Mahmud Badaruddin II?,ask_lrt_destinations
Thanks kak? sih,goodbye
Min Wisata outdoor Palembang? dong kak,ask_category
Bang Is Hutan Wisata Punti Kayu open on Sunday? dong,ask_operating_hours
Halo bang,greet
Bang Wisata Palembang yang aesthetic tapi sepi nih,ask_hidden_gems
Min good evening dong,greet
Destinasi wisata budaya Palembang?,ask_category
Nice,provide_feedback
Kak Hi ya,greet
Min destinasi wisata kuliner palembang? dong kak,ask_category
Halo Oke sip mantap deh,provide_feedback
I want to know where can i find religious tourism in palembang?,ask_category
Mau tau sejarah Taman Kambang Iwak Besak,ask_destination_info
I want to know Which places can I visit using LRT?,ask_lrt_destinations
Halo Very detailed dong kak,provide_feedback
How much does it cost to enter Punti Kayu Forest?,ask_ticket_price
"Hello, does SMB II have a mosque? thanks",ask_facilities
Eh tempat wisata ikonik palembang? ya kak,ask_recommendation
Maaf mau tanya Wisata anti mainstream Palembang? sih,ask_hidden_gems
Eh jawabannya lengkap,provide_feedback
Kak wisata terbaik di palembang apa? ya,ask_recommendation
Mau nanya dong Yang termasuk taman apa aja? deh,ask_category
Maaf mau tanya Lowongan kerja di Palembang? ya,ask_unrelated
Bang permisi saya mau jalan-jalan di palembang deh,greet
Mau ke tempat bersejarah di Palembang? deh,ask_category
Kak Lesser known attractions in Palembang? deh,ask_hidden_gems
Kak ada apa aja sih di Monpera nih,ask_destination_info
Museum Sultan Mahmud Badaruddin II lokasinya dimana?,ask_location_access
Harga masuk Palembang Trade Center berapa ya kak?,ask_ticket_price
Kak saranin wisata di palembang dong ya,ask_recommendation
Info fasilitas Punti Kayu dong,ask_facilities
Kak Wisata yang bisa dikunjungi sehari? ya,ask_recommendation
Kak Mau tau sejarah Museum Sultan Mahmud Badaruddin II? ya kak,ask_destination_info
Bang destinasi taman palembang? ya kak,ask_category
Min Famous places in Palembang dong kak,ask_recommendation
Recommend museums in Palembang,ask_category
Mau nanya dong Fasilitas apa saja di Kampung Arab Al-Munawar? sih,ask_facilities
Maaf mau tanya Berapa biaya masuk ke Taman Kebon Rojo,ask_ticket_price
Min apakah Amanzi Waterpark dekat lrt? nih,ask_lrt_destinations
Bang alternative tourist spots in palembang? sih,ask_hidden_gems
Permisi Kenapa Museum Sultan Mahmud Badaruddin II terkenal? ya,ask_destination_info
Bang Is Pulau Kemaro Arab Village open today? sih,ask_operating_hours
Eh Makasih ya kak sangat berguna infonya deh,goodbye
Kak Cek? ya,greet
Min alamat Benteng Kuto Besak apa ya?,ask_location_access
"Hello, Off the beaten path places in Palembang??",ask_hidden_gems
Min Bye nih,goodbye
Permisi Tes dong,greet
Permisi PTC ada di daerah mana ya kak,ask_location_access
asal usul Jembatan Ampera ini gimana ceritanya?,ask_destination_info
Min Bagaimana cara ke Jakabaring ya,ask_location_access
Maaf mau tanya oke kak noted,provide_feedback
Alamat lengkap Amanzi?,ask_location_access
Info tentang Palembang Trade Center,ask_destination_info
Mau tanya dong kak harga tiket Kampung Kapitan,ask_ticket_price
Baiklah terima kasih banyak ya,goodbye
Rute LRT melewati wisata apa,ask_lrt_destinations
Jakabaring di mana ya?,ask_location_access
I want to know List of parks in Palembang,ask_category
Min religious tourism places in Palembang? nih,ask_category
Hey where can i find cultural tourism in palembang? thanks,ask_category
Kak destinasi yang lrt accessible? sih,ask_lrt_destinations
Mau nanya dong kak berapa harga tiket Taman Kebon Rojo? sih,ask_ticket_price
Ceritain Bukit Siguntang dong kak? ya,ask_destination_info
Bang Bisa naik angkot ke Amanzi Waterpark? dong,ask_location_access
Ada gak wisata yang bisa ditempuh LRT?,ask_lrt_destinations
"Hello, list of parks in palembang??",ask_category
Mau nanya dong PIM ada kantin gak? ya kak,ask_facilities
Permisi tempat wisata yang wajib dikunjungi di palembang? dong kak,ask_recommendation
can i take lrt to visit tourist places?,ask_lrt_destinations
Permisi Tourist recommendations for Palembang? nih,ask_recommendation
Mau nanya dong Selamat siang ya,greet
Kak Amazing response? ya,provide_feedback
Good day,greet
Halo Kak ada wisata alam gak di Palembang dong,ask_category
Kak Akar kuadrat dari 144 ya,ask_unrelated
Eh Info tentang Taman Kebon Rojo ya,ask_destination_info
Maaf mau tanya Wisata baru yang belum terkenal? nih,ask_hidden_gems
Please where can i go by lrt for sightseeing??,ask_lrt_destinations
Kak Fantasy Island ada spot foto gak? ya,ask_facilities
Halo What time does Masjid Cheng Ho Island open?,ask_operating_hours
Permisi Siguntang mulai buka jam berapa? ya,ask_operating_hours
Halo great info dong,provide_feedback
"Excuse me, How to go to OPI Mall please",ask_location_access
Halo Kamu robot ya? nih,ask_unrelated
Can you tell me what nature tourism are in palembang? please,ask_category
What are the operating hours of Jakabaring Sport City?,ask_operating_hours
Maaf mau tanya ada ide tempat buat nongkrong sore? dong,ask_recommendation
Terima kasih sangat membantu,goodbye
Maaf mau tanya Tes tes dong kak,greet
Bang Tiket Kemaro berapa sih,ask_ticket_price
Menarik gak Pulau Kemaro?,ask_destination_info
Eh Kampung Kapitan ada di daerah mana? nih,ask_location_access
Min Wisata apa yang cocok untuk foto-foto ya,ask_recommendation
Cara daftar kuliah?,ask_unrelated
Bang local favorites in palembang? sih,ask_hidden_gems
Bang Jawabannya cepat nih,provide_feedback
Halo Tempat wisata alternatif Palembang? nih,ask_hidden_gems
Jembatan Ampera ada spot foto gak?,ask_facilities
Wisata yang gak pasaran di Palembang?,ask_hidden_gems
Min Hotels in Jakarta? dong,ask_unrelated
Info lengkap Museum Sultan Mahmud Badaruddin II dong,ask_destination_info
Min Berapa duit masuk KI? sih,ask_ticket_price
Kak ada wisata kuliner gak di Palembang?,ask_category
Halo Hotel murah di Jakarta dong,ask_unrelated
Kak Palembang Icon buka hari apa aja deh,ask_operating_hours
Kak Hai saya baru ke Palembang? nih,greet
Wisata taman di Palembang apa aja?,ask_category
Maaf mau tanya destinasi favorit di palembang? ya kak,ask_recommendation
Kak Assalamualaikum kak? nih,greet
jawaban yang sangat membantu nih,provide_feedback
Jam operasional Hutan Wisata Punti Kayu?,ask_operating_hours
Tourist recommendations for Palembang ya,ask_recommendation
Can you tell me How much is the ticket to Palembang Icon please,ask_ticket_price
Kak Wisata tersembunyi di Palembang? nih,ask_hidden_gems
Bang dadah,goodbye
Eh Hotels in Jakarta? dong,ask_unrelated
Hey How much does it cost to enter Grand Mosque of Palembang,ask_ticket_price
Ada toilet gak? ya,ask_facilities
Eh Hello? deh,greet
Halo Suka deh? ya,provide_feedback
Kak Mau ke tempat yang unik dan sepi dong kak,ask_hidden_gems
"Hello, Hello, I want to explore Palembang??",greet
Mau nanya dong Must-visit places in Palembang dong,ask_recommendation
Undiscovered places in Palembang? ya kak,ask_hidden_gems
Halo Lesser known attractions in Palembang ya kak,ask_hidden_gems
Greetings? nih,greet
Halo Harga tiket Kemaro berapa ya dong,ask_ticket_price
Any cultural tourism in Palembang?,ask_category
Kak LRT Palembang lewat wisata mana? deh,ask_lrt_destinations
"Kak Hi, I'm visiting Palembang ya kak",greet
Bot,greet
Kak Buka setiap hari? deh,ask_operating_hours
Hey Can I take public transport to Kambang Iwak??,ask_location_access
Bang Info harga tiket Kampung Kapitan dong kak nih,ask_ticket_price
Is there WiFi at Museum Balaputra Dewa thanks,ask_facilities
Kak tempat wisata yang dilalui lrt? nih,ask_lrt_destinations
Kapan Jakabaring Sport City buka?,ask_operating_hours
How much does it cost to enter Kemaro Island?,ask_ticket_price
Infonya akurat? ya kak,provide_feedback
What's the address of Al-Munawar Arab Village?,ask_location_access
Siang,greet
Can you tell me Thank you for the information? please,goodbye
Min Tolong kasih tau wisata dekat LRT?,ask_lrt_destinations
Min Rekomendasikan destinasi wisata Palembang ya,ask_recommendation
Eh Oke sip mantap?,provide_feedback
Is there WiFi at Kampung Kapitan?,ask_facilities
Bang Fasilitas Palembang Icon lengkap gak? ya kak,ask_facilities
Min assalamualaikum bye sih,goodbye
Mau nanya dong Stasiun LRT terdekat ke tempat wisata mana nih,ask_lrt_destinations
Mau nanya dong Terima kasih infonya? dong,goodbye
Permisi Kamu punya perasaan?,ask_unrelated
Tempat museum di Palembang?,ask_category
Halo gimana Kambang Iwak? dong kak,ask_destination_info
Mau nanya dong mau cari wisata kuliner di palembang ya kak,ask_category
Price to enter Benteng Kuto Besak?,ask_ticket_price
Bang mau nanya? ya,greet
Eh Wisata yang aksesnya lewat LRT apa aja nih,ask_lrt_destinations
Oke noted makasih,goodbye
Bang Hai saya pertama kali ke Palembang? ya kak,greet
PIM mulai buka jam berapa?,ask_operating_hours
Selamat datang,greet
Maaf mau tanya Akses ke SMB II mudah gak?,ask_location_access
kenapa orang-orang suka ke SMB?,ask_destination_info
Eh stasiun lrt dekat tempat wisata? dong,ask_lrt_destinations
Goodbye,goodbye
Permisi Apakah ada wisata yang bisa dijangkau LRT deh,ask_lrt_destinations
Mau tanya harga tiket Ampera,ask_ticket_price
Bang Kampung Kapitan ada spot foto gak sih,ask_facilities
Min Info jam buka BKB dong dong kak,ask_operating_hours
Bang Describe Sultan Mahmud Badaruddin II Museum sih,ask_destination_info
Kak akar kuadrat dari 144? dong,ask_unrelated
Address of Al-Munawar Arab Village?,ask_location_access
Eh Saranin wisata di Palembang dong? dong,ask_recommendation
Halo Ada wisata alam di Palembang dong,ask_category
Permisi Tourist recommendations for Palembang? dong kak,ask_recommendation
Eh Wisata anti mainstream Palembang dong,ask_hidden_gems
Halo What's 2+2? sih,ask_unrelated
Mau nanya dong Wisata apa aja yang dekat jalur LRT dong,ask_lrt_destinations
Maaf mau tanya ada gak wisata yang masih asri di palembang? sih,ask_hidden_gems
Kak Kayak apa sih Al-Munawar nih,ask_destination_info
Bang Very helpful nih,provide_feedback
di Pulau Kemaro itu kita bisa ngapain aja?,ask_destination_info
Eh Mau tau sejarah Siguntang? ya,ask_destination_info
HTM Al-Munawar berapa?,ask_ticket_price
Sore min,greet
price to enter Kawah Tengkurep? sih,ask_ticket_price
Halo Wisata sepi tapi bagus di Palembang?,ask_hidden_gems
Eh dari pusat kota ke Pulau Kemaro berapa lama? deh,ask_location_access
Fasilitas BKB lengkap gak?,ask_facilities
Eh Nice info? ya,provide_feedback
I want to know Thanks for the help,goodbye
Ada gak wisata yang masih asri di Palembang?,ask_hidden_gems
Bang thanks a lot dong kak,goodbye
Mau nanya dong bye for now ya kak,goodbye
Permisi fasilitas umum di Benteng Kuto Besak apa aja? dong,ask_facilities
Wisata Palembang yang LRT friendly?,ask_lrt_destinations
Berapa ya tiket KI?,ask_ticket_price
Mau nanya dong OPI Mall buka dari jam berapa sampai jam berapa? nih,ask_operating_hours
Please When is Monpera Island open please,ask_operating_hours
Permisi destinasi tersembunyi palembang ada gak? deh,ask_hidden_gems
Is BKB near an LRT station?,ask_lrt_destinations
Eh mau cari wisata kuliner di palembang nih,ask_category
Rute ke Pulau Kemaro gimana?,ask_location_access
Mau tau sejarah Palembang Square,ask_destination_info
Palembang punya wisata sejarah apa?,ask_category
Eh Heyy? dong,greet
I'm bored,ask_unrelated
Halo Hai? dong,greet
Eh thank you dong kak,goodbye
What's the ticket price for Sultan Mahmud Badaruddin II Museum?,ask_ticket_price
Min wisata baru yang belum terkenal? sih,ask_hidden_gems
apotek 24 jam di palembang?,ask_unrelated
Halo Siapa BTS?,ask_unrelated
Eh lengkap banget infonya ya kak,provide_feedback
infonya akurat ya,provide_feedback
Please Unique places to visit in Palembang? please,ask_hidden_gems
LRT friendly tourist destinations nih,ask_lrt_destinations
Min Wisata yang gak pasaran di Palembang? ya,ask_hidden_gems
Oke deh makasih,goodbye
"Thank you, goodbye",goodbye
Bang Tempat wisata yang jarang dikunjungi di Palembang dong kak,ask_hidden_gems
Min udah itu aja kak makasih dong kak,goodbye
Maaf mau tanya Kampung Arab Al-Munawar fasilitasnya apa aja?,ask_facilities
Permisi Wisata apa yang recommended di Palembang sih,ask_recommendation
Wisata off the beaten path Palembang?,ask_hidden_gems
Mau nanya dong Tips menurunkan berat badan dong,ask_unrelated
Kak tempat wisata unik di palembang? nih,ask_hidden_gems
di Kampung Kapitan itu kita bisa ngapain aja?,ask_destination_info
Wisata yang aksesnya lewat LRT apa aja?,ask_lrt_destinations
Amanzi bayar berapa?,ask_ticket_price
Eh Kak SMB II buka jam berapa ya? deh,ask_operating_hours
Kak destinasi rahasia palembang?,ask_hidden_gems
Halo apa arti cinta?,ask_unrelated
Min Tempat wisata murah di Palembang? dong kak,ask_recommendation
Bang ada wisata kuliner di palembang? nih,ask_category
Kak Kambang Iwak terkenal karena apa dong kak,ask_destination_info
"Hi, what amenities does grand mosque of palembang offer? thanks",ask_facilities
Maaf mau tanya Info wisata kuliner Palembang dong? sih,ask_category
Mau nanya dong rekomendasi museum palembang dong,ask_category
Bang mau jalan-jalan di palembang kemana ya? ya kak,ask_recommendation
Mau tanya dong kak harga tiket Kambang Iwak,ask_ticket_price
Bang tempat wisata ikonik palembang? ya kak,ask_recommendation
"Hello, Is Kampung Kapitan near an LRT station please",ask_lrt_destinations
"Mau nanya dong Hello, I'm looking for help? deh",greet
Min tolong saran wisata dong sih,ask_recommendation
Ada wifi di Benteng Kuto Besak?,ask_facilities
I want to know Does Palembang Square Forest have a mosque thanks,ask_facilities
Bang wisata tersembunyi di palembang? dong kak,ask_hidden_gems
Apakah Masjid Cheng Ho gratis?,ask_ticket_price
Kamu punya perasaan?,ask_unrelated
Bang lagi pengen liat pemandangan kota dari atas dong kak,ask_recommendation
Top tourist attractions in Palembang?,ask_recommendation
Eh Dimana lokasi Taman Kebon Rojo?,ask_location_access
Halo Monpera ada kantin gak ya,ask_facilities
Bang KI ada tempat parkir? ya,ask_facilities
Halo Cara menuju KI gimana? deh,ask_location_access
Min Rekomendasikan destinasi wisata Palembang dong kak,ask_recommendation
Halo Museum Balaputra Dewa buka jam berapa dong,ask_operating_hours
Mau tau tentang Kawah Tengkurep,ask_destination_info
Bang Apa itu cryptocurrency? ya,ask_unrelated
"Bang Hi, I'd like to ask something nih",greet
Can you tell me where can i find religious tourism in palembang?,ask_category
Eh Masjid bersejarah di Palembang dong kak,ask_category
Mau nanya dong Does PIM Island have food stalls?,ask_facilities
Bang Ada tempat wisata baru di Palembang,ask_hidden_gems
Halo Membantu banget kak? deh,provide_feedback
Mau nanya dong Kambang Iwak itu apa? sih,ask_destination_info
Halo Terima kasih infonya? dong kak,goodbye
Oke kak sampai jumpa,goodbye
Maaf mau tanya wisata terbaik di palembang apa? dong kak,ask_recommendation
Maaf mau tanya Apakah PIM dekat stasiun LRT?,ask_lrt_destinations
Hey things to do in palembang??,ask_recommendation
Bagaimana cara memasak telur?,ask_unrelated
Selamat sore,greet
Best universities in Indonesia?,ask_unrelated
Tempat bersejarah apa aja?,ask_category
Mau nanya dong Oke terima kasih banyak ya nih,goodbye
Permisi Info wisata alam Palembang dong? deh,ask_category
Halo hallloo deh,greet
Kak Kayak apa sih Amanzi? deh,ask_destination_info
SMB II ada kantin gak ya,ask_facilities
Bang Wisata yang bisa dikunjungi sehari deh,ask_recommendation
Kak bang mau nanya nih,greet
"Maaf mau tanya That's all, thanks? ya",goodbye
Permisi rekomendasi wisata untuk liburan singkat dong,ask_recommendation
Destinasi museum Palembang?,ask_category
Eh Got it? dong kak,provide_feedback
Makasih ya infonya,goodbye
Is there an entry fee for Al-Munawar Arab Village?,ask_ticket_price
Eh Bot,greet
Min are there tourist attractions near lrt stations? dong kak,ask_lrt_destinations
Bang Oke mantul? ya kak,provide_feedback
Kak Info lokasi Amanzi dong ya kak,ask_location_access
Oke makasih dong,goodbye
Min Oke sip mantap deh,provide_feedback
Ada wifi di Fantasy Island?,ask_facilities
Hey what makes grand mosque of palembang unique? thanks,ask_destination_info
Mau nanya dong Ada gak wisata yang bisa ditempuh LRT? ya kak,ask_lrt_destinations
Permisi Goodbye? deh,goodbye
Halo Any hidden gems to visit? deh,ask_hidden_gems
Eh Cek dong kak,greet
Bang Kasih info Al-Munawar ya kak sih,ask_destination_info
Mau ke tempat bersejarah di Palembang,ask_category
Menarik gak?,ask_destination_info
Kak ada apa aja sih di Palembang Square? nih,ask_destination_info
Mau nanya dong Mau ke Al-Munawar lewat mana ya,ask_location_access
Maaf mau tanya Bot nya pintar ya sih,provide_feedback
Halo great bot ya,provide_feedback
Bang Wisata yang belum mainstream? sih,ask_hidden_gems
Halo mau cari wisata yang seru di palembang sih,ask_recommendation
Kak Tempat yang underrated di Palembang ya,ask_hidden_gems
Halo Sangat membantu? deh,provide_feedback
Kira-kira harga tiket SMB II berapa?,ask_ticket_price
Gimana Kampung Arab Al-Munawar?,ask_destination_info
Eh Assalamualaikum deh,greet
Mau nanya dong Hidden gem Palembang yang recommended? sih,ask_hidden_gems
Destinasi wisata sejarah Palembang?,ask_category
Kira-kira harga tiket Jakabaring Sport City berapa?,ask_ticket_price
Eh Terima kasih banyak? ya kak,goodbye
Wisata yang bisa dikunjungi sehari,ask_recommendation
Mau nanya dong Sore kak? deh,greet
Min makasih ya infonya ya,goodbye
Min informasinya membantu ya kak,provide_feedback
Can you tell me Best things to do in Palembang please,ask_recommendation
Maaf mau tanya Rekomendasi wisata untuk liburan singkat? dong,ask_recommendation
Permisi apakah ada wisata yang bisa dijangkau lrt? dong kak,ask_lrt_destinations
Bang Infonya oke banget dong,provide_feedback
"Kak Mau keliling Palembang naik LRT, kemana aja deh",ask_lrt_destinations
Mau nanya dong Mau tanya jam operasional Kemaro?,ask_operating_hours
Misi mau tanya,greet
Please where to go in palembang??,ask_recommendation
Kak Weekend SMB II buka dong kak,ask_operating_hours
Mau nanya dong wisata yang belum banyak orang tau di palembang? dong kak,ask_hidden_gems
Bang Places that tourists don't usually go ya,ask_hidden_gems
Kak sip terima kasih kak deh,goodbye
Min sangat membantu sih,provide_feedback
Malam,greet
Oke makasih kak sangat membantu,goodbye
Permisi Jam tutup Kemaro kapan sih,ask_operating_hours
Maaf mau tanya wisata palembang yang lrt friendly? deh,ask_lrt_destinations
Maaf mau tanya Tempat wisata yang jarang dikunjungi di Palembang nih,ask_hidden_gems
Min Ada gak wisata yang masih asri di Palembang? dong kak,ask_hidden_gems
Bang Tourist recommendations for Palembang sih,ask_recommendation
Mau nanya dong tempat wisata yang wajib dikunjungi di palembang?,ask_recommendation
Maaf mau tanya Nyanyiin lagu dong? nih,ask_unrelated
Sekarang masih buka?,ask_operating_hours
Maaf mau tanya Review tentang PTC ya kak,ask_destination_info
Wisata wisata kuliner di Palembang apa aja?,ask_category
Mau nanya dong ada wisata sejarah di palembang? sih,ask_category
Permisi mau tanya harga tiket Fantasy Island,ask_ticket_price
Permisi Hidden gems in Palembang ya,ask_hidden_gems
Kak Wisata yang gampang dijangkau LRT?,ask_lrt_destinations
Permisi Kampung Kapitan ada tempat istirahat ya,ask_facilities
Min apa yang bikin Al Quran Al Akbar ini spesial? sih,ask_destination_info
Halo gimana Bukit Siguntang? ya kak,ask_destination_info
Min Are there tourist attractions near LRT stations? nih,ask_lrt_destinations
Permisi Tempat-tempat wisata yang aksesibel LRT ya,ask_lrt_destinations
Bang harga tiket Hutan Wisata Punti Kayu berapa ya? deh,ask_ticket_price
"Excuse me, best things to do in palembang??",ask_recommendation
Permisi destinasi rahasia palembang? deh,ask_hidden_gems
Permisi penjelasannya bagus kak ya kak,provide_feedback
Kak Oke segitu dulu? sih,goodbye
Eh jelaskan tentang Hutan Wisata Punti Kayu dong,ask_destination_info
Wisata yang gampang dijangkau LRT?,ask_lrt_destinations
How do I get to Monpera?,ask_location_access
Maaf mau tanya wisata yang belum banyak orang tau di palembang?,ask_hidden_gems
What's the entry fee for Kampung Kapitan?,ask_ticket_price
Ada yang aktif?,greet
Tempat makan di sekitar Pulau Kemaro ada?,ask_facilities
Sing me a song,ask_unrelated
Permisi apa Palembang Icon bayar? nih,ask_ticket_price
Min religious sites in palembang? dong kak,ask_category
Where is Ampera Bridge?,ask_location_access
Hidden gems in Palembang nih,ask_hidden_gems
Rumah sakit terdekat?,ask_unrelated
Eh siapa yang bikin kamu nih,ask_unrelated
Permisi kapan Siguntang buka? ya kak,ask_operating_hours
Kak Wisata yang belum banyak orang tau di Palembang deh,ask_hidden_gems
Halo Mau ke Kampung Kapitan lewat mana nih,ask_location_access
Bang Ada mushola di Benteng Kuto Besak deh,ask_facilities
Info fasilitas Kampung Arab Al-Munawar dong,ask_facilities
Halo apakah Kemaro dekat stasiun lrt? sih,ask_lrt_destinations
How much is the ticket to Kampung Kapitan?,ask_ticket_price
"Kak hi, planning to visit palembang dong kak",greet
"Bye, thanks for everything",goodbye
Pinter ya botnya,provide_feedback
Bang Ada wisata religi di Palembang?,ask_category
Permisi what time does Masjid Cheng Ho open? dong kak,ask_operating_hours
Amanzi bagus gak?,ask_destination_info
Harga tiket masuk Museum Sultan Mahmud Badaruddin II sekarang berapa?,ask_ticket_price
Palembang tourism recommendations?,ask_recommendation
Permisi Kayak apa sih Siguntang nih,ask_destination_info
Location of Punti Kayu Forest?,ask_location_access
Permisi Top wisata Palembang nih,ask_recommendation
Halo Monpera ada kantin gak dong,ask_facilities
Museum Balaputra Dewa hari libur buka gak?,ask_operating_hours
Take care,goodbye
Bang Sore,greet
Halo Resep kue bolu dong kak,ask_unrelated
Please thank you for the information?,goodbye
Eh dari jam berapa Al Quran Al Akbar buka?,ask_operating_hours
Bang Selamat malam dong kak,greet
SMB berbayar atau gratis?,ask_ticket_price
Min Kamu pintar ya? dong,ask_unrelated
Tiket Jakabaring berapa sih?,ask_ticket_price
Kak Mau tanya harga tiket PIM?,ask_ticket_price
Permisi Oke terima kasih banyak ya,goodbye
What tourism spots are on the LRT line?,ask_lrt_destinations
Min udah cukup ya kak,goodbye
Maaf mau tanya Jadwal buka Kawah Tengkurep kapan ya deh,ask_operating_hours
Maaf mau tanya Yang termasuk wisata kuliner apa aja ya kak,ask_category
Min Bisa naik LRT ke Bukit Siguntang dong kak,ask_lrt_destinations
Min Wisata apa yang recommended di Palembang sih,ask_recommendation
Bang Wisata yang bisa pake LRT? ya kak,ask_lrt_destinations
Kak Jawaban yang sangat membantu? ya,provide_feedback
Maaf mau tanya Kak dimana ya Kemaro? ya,ask_location_access
Permisi Oke deh kak sampai jumpa nih,goodbye
Hey What's the entry fee for Amanzi? please,ask_ticket_price
Destinasi kategori alam?,ask_category
Appreciate it? nih,goodbye
Can you tell me Is admission to Taman Kebon Rojo Island free,ask_ticket_price
Bang Kemaro fasilitasnya apa aja dong kak,ask_facilities
Min Arah ke Kawah Tengkurep gimana dong,ask_location_access
Maaf mau tanya info lokasi Palembang Icon dong nih,ask_location_access
Famous places in Palembang dong,ask_recommendation
Permisi dari stasiun lrt bisa ke wisata apa? ya,ask_lrt_destinations
Min Top tourist attractions in Palembang? nih,ask_recommendation
Tiket masuk OPI Mall berapa?,ask_ticket_price
Mau nanya dong apa yang bikin SMB ini spesial? deh,ask_destination_info
Permisi Tell me more? ya,ask_destination_info
Mau ke tempat yang unik dan sepi?,ask_hidden_gems
Fantasy Island berbayar atau gratis?,ask_ticket_price
Mau tau tentang Jembatan Ampera,ask_destination_info
Maaf mau tanya Makasih ya kak sangat berguna infonya? sih,goodbye
Eh halloo deh,greet
Tiketnya mahal gak?,ask_ticket_price
Maaf mau tanya Apakah Al-Munawar buka hari Minggu sih,ask_operating_hours
what are the opening hours of Kawah Tengkurep? thanks,ask_operating_hours
Eh Segitu dulu kak thanks dong,goodbye
Halo Info wisata kuliner Palembang dong dong kak,ask_category
Are there toilets at Kambang Iwak Park?,ask_facilities
Bang Jelaskan tentang Taman Kambang Iwak Besak,ask_destination_info
Min LRT berhenti dekat wisata mana nih,ask_lrt_destinations
Maaf mau tanya Useful information? ya kak,provide_feedback
Halo Mau ke tempat yang unik dan sepi,ask_hidden_gems
Halo Tempat wisata alternatif Palembang deh,ask_hidden_gems
Is Monpera open on Sunday?,ask_operating_hours
can someone help me? deh,greet
Maaf mau tanya Jakabaring itu apa? nih,ask_destination_info
Ada orang? deh,greet
Wisata yang belum mainstream? dong kak,ask_hidden_gems
Eh ada wisata yang jarang orang tau?,ask_hidden_gems
Eh Museum Sultan Mahmud Badaruddin II berbayar atau gratis? ya kak,ask_ticket_price
Rumus pythagoras?,ask_unrelated
Permisi Tempat wisata kuliner di Palembang deh,ask_category
Bang Thanks ya,goodbye
Eh aku lagi pengen makan enak sambil liat sungai dong,ask_recommendation
Halo tempat yang bagus buat foto-foto keluarga di mana ya? deh,ask_recommendation
Fasilitas umum di Palembang Trade Center apa aja?,ask_facilities
Does Kemaro Island have food stalls?,ask_facilities
Apakah SMB II buka hari Minggu?,ask_operating_hours
Eh Info harga tiket Fantasy Island dong kak deh,ask_ticket_price
Halo Cukup dulu ya dong,goodbye
Please where is it??,ask_location_access
Kak segitu dulu kak thanks dong,goodbye
Apa itu cryptocurrency? nih,ask_unrelated
Kak Tempat wisata yang jarang dikunjungi di Palembang nih,ask_hidden_gems
Min rekomendasi wisata palembang dong ya,ask_recommendation
Eh apakah Jakabaring buka 24 jam?,ask_operating_hours
Eh resep nasi goreng dong,ask_unrelated
Kak destinasi wisata lrt palembang? ya kak,ask_lrt_destinations
Ceritain Bukit Siguntang dong kak,ask_destination_info
Lengkap banget infonya,provide_feedback
where can i find parks in palembang?,ask_category
"Eh anakku suka main air, enaknya bawa kemana ya? nih",ask_recommendation
Berapa biaya masuk ke Pulau Kemaro?,ask_ticket_price
udah itu aja kak makasih sih,goodbye
oke terima kasih sih,goodbye
Apakah Kemaro buka hari Minggu? nih,ask_operating_hours
Kak Berguna banget? deh,provide_feedback
Maaf mau tanya Palembang punya wisata budaya apa? ya kak,ask_category
Kak Bye sih,goodbye
Wisata Palembang yang aesthetic tapi sepi?,ask_hidden_gems
Can you tell me what are the iconic places in palembang? please,ask_recommendation
Min Wisata yang aksesnya lewat LRT apa aja deh,ask_lrt_destinations
Maaf mau tanya Ada masjid di Palembang? ya kak,ask_category
What time does Ampera Bridge close?,ask_operating_hours
Min Ceritakan tentang Museum Balaputra Dewa? ya kak,ask_destination_info
Jam operasional BKB?,ask_operating_hours
Kak tell me about Kampung Kapitan forest,ask_destination_info
Min Al Quran Al Akbar buka sampai malam gak dong,ask_operating_hours
Maaf mau tanya Wisata Tionghoa di Palembang,ask_category
Bang 5 bintang deh,provide_feedback
Membantu banget? sih,provide_feedback
Min posisi Masjid Agung Palembang dimana ya? deh,ask_location_access
Bang Kambang Iwak buka setiap hari? nih,ask_operating_hours
Maaf mau tanya Arah ke Amanzi Waterpark gimana? nih,ask_location_access
Eh apa Pasar 16 Ilir bisa dijangkau lrt? sih,ask_lrt_destinations
Permisi Apa arti cinta,ask_unrelated
What are the opening hours of Kampung Kapitan?,ask_operating_hours
bot nya pintar ya deh,provide_feedback
Food tourism in Palembang?,ask_category
Maaf mau tanya very accurate deh,provide_feedback
Seru gak Hutan Wisata Punti Kayu?,ask_destination_info
Mau nanya dong Best universities in Indonesia? dong,ask_unrelated
Maaf mau tanya hai saya pertama kali ke palembang deh,greet
Mau nanya dong Kak berapa harga tiket Ampera?,ask_ticket_price
What time does Grand Mosque of Palembang open?,ask_operating_hours
Eh mau jalan-jalan pakai lrt bisa kemana?,ask_lrt_destinations
Info lengkap SMB II dong,ask_destination_info
Mau nanya dong Makasih ya infonya? nih,goodbye
Rekomendasikan tempat wisata di Palembang,ask_recommendation
Kambang Iwak buka dari jam berapa sampai jam berapa?,ask_operating_hours
Permisi Apa itu Punti Kayu? sih,ask_destination_info
Which places can I visit using LRT?,ask_lrt_destinations
Maaf mau tanya okay thanks nih,goodbye
Destinasi wisata alam Palembang?,ask_category
Oke segitu aja dulu ya,goodbye
Min Al-Munawar fasilitasnya apa aja? nih,ask_facilities
"Please Hello, I want to explore Palembang? thanks",greet
Bang Ada wisata sejarah di Palembang? ya kak,ask_category
Bang info lokasi Kambang Iwak dong sih,ask_location_access
Bang keren sih ini botnya,provide_feedback
Mau nanya dong Infonya oke banget ya,provide_feedback
Bang Bye bye makasih ya kak,goodbye
Alternative tourist spots in Palembang? ya,ask_hidden_gems
Bang Cara mengobati flu ya,ask_unrelated
Min selamat malam ya,greet
Kira-kira harga tiket Jakabaring berapa? ya,ask_ticket_price
"Excuse me, Can I take LRT to PTC Bridge? thanks",ask_lrt_destinations
I want to know Where is Amanzi Bridge??,ask_location_access
Punti Kayu buka dari jam berapa sampai jam berapa?,ask_operating_hours
Fantasy Island deket stasiun LRT mana?,ask_location_access
Mau nanya dong rekomendasi museum palembang nih,ask_category
Halo Udah itu aja kak makasih? dong,goodbye
Min I need assistance? deh,greet
Eh Selamat pagi? nih,greet
Mau nanya dong Min harga masuk PTC berapa sih,ask_ticket_price
Is Punti Kayu Forest free?,ask_ticket_price
Maaf mau tanya woi dong,greet
Permisi SMB II di mana ya? ya kak,ask_location_access
Why is Kampung Kapitan famous?,ask_destination_info
Wisata yang cocok untuk keluarga?,ask_recommendation
"Min Bye, thanks for everything nih",goodbye
Mau nanya dong Well explained? ya,provide_feedback
Permisi wisata yang cocok untuk keluarga? nih,ask_recommendation
Halo Destinasi wisata LRT Palembang? dong kak,ask_lrt_destinations
Kak Tempat yang belum terkenal di Palembang ya,ask_hidden_gems
Halo siang kak,greet
Permisi mau tanya harga tiket OPI Mall,ask_ticket_price
Maaf mau tanya Baiklah terima kasih banyak,goodbye
Bang tempat wisata yang wajib dikunjungi di palembang? nih,ask_recommendation
Siapa BTS?,ask_unrelated
Halo Saran tempat wisata di Palembang ya kak,ask_recommendation
Halo pagi-pagi Fantasy Island sudah buka belum? ya kak,ask_operating_hours
Is there parking?,ask_facilities
Mau nanya dong kasih rekomendasi wisata dong kak ya kak,ask_recommendation
Seru gak Kemaro?,ask_destination_info
Bang makasih atas bantuannya ya kak,goodbye
"Excuse me, off the beaten path places in palembang? thanks",ask_hidden_gems
Kak Kak ada taman gak di Palembang?,ask_category
Halo haii nih,greet
Info wisata yang terjangkau LRT,ask_lrt_destinations
Min ada wisata sejarah di palembang? ya kak,ask_category
Bang Apakah Palembang Icon dekat LRT? nih,ask_lrt_destinations
Cara menuju Masjid Cheng Ho gimana?,ask_location_access
Mau nanya dong Cerita sejarah PIM dong? ya,ask_destination_info
Kak mau ke tempat yang unik dan sepi deh,ask_hidden_gems
kenapa orang-orang suka ke Bukit Siguntang?,ask_destination_info
Bang Sip makasih? nih,goodbye
Rekomendasi wisata Palembang dong,ask_recommendation
Mau nanya dong Fasilitas apa saja di Amanzi Waterpark sih,ask_facilities
Mau nanya dong Masjid Agung Palembang ada spot foto gak? ya,ask_facilities
Bang Bisa naik LRT ke Monpera ya kak,ask_lrt_destinations
Kak bye bye makasih nih,goodbye
Min alamat Al Quran Al Akbar apa ya?,ask_location_access
Halo jelas banget penjelasannya ya kak,provide_feedback
Bang ceritakan tentang dinosaurus dong kak,ask_unrelated
Kak tempat wisata unik di palembang? sih,ask_hidden_gems
Mau nanya dong LRT Palembang lewat wisata mana? nih,ask_lrt_destinations
Maaf mau tanya destinasi rahasia palembang? dong kak,ask_hidden_gems
Halo Ampera fasilitasnya apa aja deh,ask_facilities
Maaf mau tanya Oke sip makasih? dong,goodbye
What's special about Punti Kayu Forest?,ask_destination_info
Min Makasih ya infonya dong,goodbye
Halo Tempat wisata yang gak rame nih,ask_hidden_gems
Min makasih infonya kak sih,provide_feedback
What can I see at Jakabaring Sport City?,ask_destination_info
Please Off the beaten path places in Palembang? please,ask_hidden_gems
Mau nanya dong Mau ke KI lewat mana deh,ask_location_access
Eh tempat-tempat wisata yang aksesibel lrt? dong,ask_lrt_destinations
Halo kak mau nanya dong,greet
fasilitas umum di Bukit Siguntang apa aja? deh,ask_facilities
"Hi, Where should I go in Palembang",ask_recommendation
Pagi-pagi Kawah Tengkurep sudah buka belum?,ask_operating_hours
Eh Destinasi taman Palembang? dong kak,ask_category
Oke thanks,goodbye
Min sip terima kasih kak ya kak,goodbye
Permisi Kawah Tengkurep fasilitasnya apa aja nih,ask_facilities
Maaf mau tanya wisata palembang yang aesthetic tapi sepi? ya kak,ask_hidden_gems
Eh Apakah ada wisata yang bisa dijangkau LRT dong,ask_lrt_destinations
Permisi Goodbye? nih,goodbye
Wisata sore hari di Palembang? deh,ask_recommendation
Mau nanya dong OPI Mall aksesnya lewat LRT bisa dong,ask_lrt_destinations
Bang Ceritain Amanzi dong kak sih,ask_destination_info
Eh HTM nya berapa ya kak,ask_ticket_price
is Palembang Trade Center park open in the morning? please,ask_operating_hours
"Hi, best places for tourists in palembang?",ask_recommendation
Tempat wisata murah di Palembang ya kak,ask_recommendation
Min Must-visit places in Palembang ya kak,ask_recommendation
Eh Info masjid Palembang dong? dong,ask_category
Permisi Halo kamu cantik nih,ask_unrelated
Maaf mau tanya min tolong saran wisata dong dong kak,ask_recommendation
Palembang Trade Center terkenal karena apa?,ask_destination_info
Mau nanya dong Cultural attractions in Palembang nih,ask_category
Mau nanya dong bingung mau bawa keluarga jalan-jalan kemana? nih,ask_recommendation
Is Palembang Trade Center Bridge open on Sunday? nih,ask_operating_hours
"Eh Hello, I need help ya kak",greet
Halo stasiun lrt dekat tempat wisata? dong kak,ask_lrt_destinations
Permisi Destinasi wisata alam Palembang,ask_category
Permisi Kenapa Palembang Icon terkenal? ya,ask_destination_info
"Hello, the answer is very detailed please",provide_feedback
Address of Grand Mosque of Palembang?,ask_location_access
Dari mana ke Palembang Icon?,ask_location_access
Halo Any hidden gems to visit? ya,ask_hidden_gems
Wisata instagramable Palembang ya,ask_recommendation
Mau nanya dong udah cukup ya,goodbye
Bang bisa naik angkot ke Jembatan Ampera? dong kak,ask_location_access
Hey What is AI thanks,ask_unrelated
Thanks so much,goodbye
Underrated tourist spots in Palembang?,ask_hidden_gems
Wisata edukasi di Palembang?,ask_category
Bang good info ya,provide_feedback
Eh Yang termasuk wisata sejarah apa aja? dong,ask_category
Halo Min tolong saran wisata dong? dong kak,ask_recommendation
"Hello, What facilities are available at Al Quran Al Akbar??",ask_facilities
Eh Makasih kak nanti saya tanya lagi ya,goodbye
Berapa ya tiket SMB?,ask_ticket_price
Popular tourist spots in Palembang?,ask_recommendation
Min tempat wisata alam di palembang? dong,ask_category
What's the time dong kak,ask_unrelated
Maaf mau tanya food tourism in palembang? dong,ask_category
Menarik gak Monpera?,ask_destination_info
Min Apakah Palembang Icon buka 24 jam? deh,ask_operating_hours
Maaf mau tanya Tempat wisata murah di Palembang nih,ask_recommendation
Eh Top tourist attractions in Palembang?,ask_recommendation
Sup dong kak,greet
Halo Terima kasih infonya sangat berguna nih,provide_feedback
Maaf mau tanya Weekday Palembang Trade Center buka jam berapa ya kak,ask_operating_hours
Permisi Kak fasilitas Benteng Kuto Besak apa aja ya,ask_facilities
Min Goodbye sih,goodbye
Wisata baru yang belum terkenal?,ask_hidden_gems
Maaf mau tanya Keren banget infonya dong,provide_feedback
Information about Benteng Kuto Besak,ask_destination_info
Eh Hidden gems di Palembang apa? dong,ask_hidden_gems
See you later,goodbye
Maaf mau tanya wah keren infonya ya,provide_feedback
Berapa harga tiketnya?,ask_ticket_price
Halo Wisata yang belum mainstream dong kak,ask_hidden_gems
Permisi cara daftar cpns gimana? dong,ask_unrelated
Ada mushola?,ask_facilities
What historical sites are in Palembang?,ask_category
"Hi, When is the World Cup??",ask_unrelated
Kak Oke noted makasih ya,goodbye
Hey How to lose weight?,ask_unrelated
Halo Apakah BKB gratis? dong kak,ask_ticket_price
Fasilitas OPI Mall lengkap gak? dong kak,ask_facilities
Maaf mau tanya Wisata Palembang yang aesthetic tapi sepi dong,ask_hidden_gems
Eh mau cari museum di palembang dong kak,ask_category
Maaf mau tanya Rekomendasikan destinasi wisata Palembang? ya,ask_recommendation
"Hello, How do I get to Fantasy Island Island?",ask_location_access
Permisi jadwal kereta api jakarta? ya kak,ask_unrelated
Apakah Ampera buka hari Minggu? ya kak,ask_operating_hours
Apa Benteng Kuto Besak bayar?,ask_ticket_price
Eh Hai kak masih aktif deh,greet
Bang Enaknya kemana ya di Palembang ya,ask_recommendation
Where should I go in Palembang?,ask_recommendation
Halo assalamualaikum bye ya,goodbye
Religious sites in Palembang?,ask_category
Mau nanya dong Min tolong saran wisata dong? nih,ask_recommendation
Eh Oke makasih? ya,goodbye
Menarik gak Museum Balaputra Dewa?,ask_destination_info
Kak Arah ke Kampung Kapitan gimana deh,ask_location_access
Can you tell me What are the opening hours of Grand Mosque of Palembang?,ask_operating_hours
Bang What's the weather today,ask_unrelated
"Hello, Does Museum Balaputra Dewa Arab Village have a mosque?",ask_facilities
Halo Bisa rekomendasikan tempat wisata deh,ask_recommendation
Eh Best places to visit by LRT sih,ask_lrt_destinations
Maaf mau tanya ok thank you,goodbye
Maaf mau tanya Info masjid Palembang dong nih,ask_category
Halo Destinasi yang dekat stasiun LRT? nih,ask_lrt_destinations
Maaf mau tanya Wisata yang bisa dikunjungi sehari? nih,ask_recommendation
Nice info,provide_feedback
Bang Is Kambang Iwak Park open today? deh,ask_operating_hours
"Hey hey, can i ask a question??",greet
Recommend cultural tourism in Palembang,ask_category
Halo Bang mau nanya deh,greet
Permisi canggih botnya sih,provide_feedback
Maaf mau tanya hai sih,greet
Min kasih tau hidden gems Palembang? sih,ask_hidden_gems
Kak Benteng Kuto Besak ada di daerah mana nih,ask_location_access
Permisi Palembang punya wisata apa aja? dong kak,ask_recommendation
Address of Benteng Kuto Besak?,ask_location_access
Kambang Iwak dekat stasiun LRT mana? ya,ask_lrt_destinations
Permisi sejarah Amanzi apa ya? dong kak,ask_destination_info
Naik apa ke Pasar 16 Ilir?,ask_location_access
Min lagi pengen liat pemandangan kota dari atas sih,ask_recommendation
Kak Kapan kiamat? nih,ask_unrelated
Halo Halo ada yang bisa dibantu sih,greet
"Kak That's enough, thank you dong kak",goodbye
Maaf mau tanya Halo TanyaKito? ya kak,greet
Are there toilets at Grand Mosque of Palembang?,ask_facilities
Please Exactly what I needed? thanks,provide_feedback
Awesome thanks,goodbye
Min Bagaimana cara move on? dong kak,ask_unrelated
Does Jakabaring Sport City have parking?,ask_facilities
Ada museum di Palembang dong,ask_category
Please what religious tourism are in palembang? thanks,ask_category
Yang termasuk museum apa aja?,ask_category
Halo tempat yang bagus buat foto-foto keluarga di mana ya,ask_recommendation
Apakah PIM dekat LRT deh,ask_lrt_destinations
Kak Tiket masuk Kawah Tengkurep berapa? ya kak,ask_ticket_price
Maaf mau tanya rekomendasi hidden gems dong kak nih,ask_hidden_gems
Eh Mau cari taman di Palembang ya kak,ask_category
Lokasinya dimana ya?,ask_location_access
Bang Excellent information ya kak,provide_feedback
"Hi, which places can i visit using lrt?",ask_lrt_destinations
Kak Kambang Iwak tutup jam berapa? dong,ask_operating_hours
Halo Nature spots in Palembang deh,ask_category
Halo Masjid Cheng Ho ada area bermain anak?,ask_facilities
jadwal buka Amanzi Waterpark kapan ya? sih,ask_operating_hours
Mau nanya dong Amazing response?,provide_feedback
See you,goodbye
Please What time does it open? please,ask_operating_hours
Apa itu machine learning?,ask_unrelated
Min Best destinations in Palembang deh,ask_recommendation
Eh LRT friendly tourist destinations? ya kak,ask_lrt_destinations
Apakah Fantasy Island buka hari Minggu?,ask_operating_hours
How far is it?,ask_location_access
Permisi Rekomendasi wisata budaya Palembang? dong kak,ask_category
Permisi Harga tiket masuk KI sekarang berapa? dong kak,ask_ticket_price
Benteng Kuto Besak terkenal karena apa? ya,ask_destination_info
When does Ampera Bridge close?,ask_operating_hours
Good job ya kak,provide_feedback
Harga tiket Pasar 16 Ilir berapa ya?,ask_ticket_price
Permisi Tempat yang underrated di Palembang? deh,ask_hidden_gems
Maaf mau tanya wisata yang gampang dijangkau lrt? ya,ask_lrt_destinations
Halo wisata palembang yang aesthetic tapi sepi? dong,ask_hidden_gems
LRT Palembang lewat wisata mana?,ask_lrt_destinations
ini jawaban template ya?,ask_unrelated
Kak tempat yang belum terkenal di palembang? dong,ask_hidden_gems
"Hi, Is there WiFi at SMB II Bridge?",ask_facilities
Is Masjid Agung Palembang near an LRT station thanks,ask_lrt_destinations
Min Kampung Arab Al-Munawar buka dari jam berapa sampai jam berapa? dong kak,ask_operating_hours
Museum Balaputra Dewa itu apa?,ask_destination_info
How much does it cost to enter Grand Mosque of Palembang?,ask_ticket_price
Mau nanya dong Does Al Quran Al Akbar Forest have parking ya,ask_facilities
Bang Min alamat Benteng Kuto Besak apa ya nih,ask_location_access
Permisi Palembang punya masjid apa dong,ask_category
Dari pusat kota ke Taman Kebon Rojo berapa lama?,ask_location_access
Eh Lesser known attractions in Palembang ya kak,ask_hidden_gems
Thanks for the help,goodbye
Bang Cara bikin cuko pempek dong,ask_unrelated
Mau nanya dong Jelaskan tentang Masjid Cheng Ho ya kak,ask_destination_info
Min Berapa harga iPhone terbaru dong kak,ask_unrelated
Stasiun LRT dekat tempat wisata?,ask_lrt_destinations
Can you tell me when is the world cup?,ask_unrelated
Mau nanya dong Yang termasuk wisata budaya apa aja deh,ask_category
Rating 5 untuk botnya,provide_feedback
Can you tell me Where should I go in Palembang thanks,ask_recommendation
What days is Jakabaring Sport City open?,ask_operating_hours
Mau nanya dong Seru gak Pulau Kemaro dong kak,ask_destination_info
Maaf mau tanya oke mantul ya kak,provide_feedback
Halo Rekomendasi wisata sejarah Palembang ya kak,ask_category
Maaf mau tanya Tempat wisata religi di Palembang?,ask_category
Eh nature tourism places in Palembang nih,ask_category
Min Halo apakah ada yang bisa bantu? ya,greet
Halo Kampung Kapitan itu tempat apa sih nih,ask_destination_info
Kak location of Benteng Kuto Besak? ya kak,ask_location_access
Permisi Oke kak noted?,provide_feedback
Permisi Fasilitas Palembang Trade Center lengkap gak?,ask_facilities
How to reach Kemaro Island?,ask_location_access
Kambang Iwak itu apa?,ask_destination_info
Maaf mau tanya canggih botnya ya kak,provide_feedback
Permisi Apakah Taman Kambang Iwak Besak buka hari Minggu? ya,ask_operating_hours
Mau nanya dong bang nih,greet
Smart bot deh,provide_feedback
Mau nanya dong Kamu pintar ya? deh,ask_unrelated
What should I visit in Palembang??,ask_recommendation
Best movies of 2024?,ask_unrelated
misi nanya dong nih,greet
Fasilitas apa saja di PTC?,ask_facilities
Kak Ada tempat wisata baru di Palembang? deh,ask_hidden_gems
What time does Punti Kayu Forest close?,ask_operating_hours
Halo info museum palembang dong dong kak,ask_category
Jelaskan tentang Jakabaring Sport City,ask_destination_info
Min wisata anti mainstream palembang?,ask_hidden_gems
Rekomendasi museum Palembang,ask_category
"Hello, Where is Al Quran Al Akbar Forest located? please",ask_location_access
Bang Slmt siang? ya kak,greet
Mau nanya dong Museum Sultan Mahmud Badaruddin II tutup jam berapa? ya,ask_operating_hours
Berapa duit masuk Kawah Tengkurep?,ask_ticket_price
Mau nanya dong Lengkap banget infonya nih,provide_feedback
Tempat wisata religi di Palembang?,ask_category
Maaf mau tanya palembang punya taman apa? deh,ask_category
What is Al-Munawar Arab Village?,ask_destination_info
Min Kampung Arab Al-Munawar buka jam berapa dong,ask_operating_hours
Halo Mau tau sejarah Palembang Square? ya kak,ask_destination_info
Permisi Halo mau keliling Palembang nih deh,greet
Halo Unexplored attractions in Palembang?,ask_hidden_gems
Oke terima kasih jawabannya deh,provide_feedback
Bang Must-visit places in Palembang? ya kak,ask_recommendation
Mau nanya dong Al Quran Al Akbar mulai buka jam berapa? dong kak,ask_operating_hours
Bang Destinasi wisata LRT Palembang deh,ask_lrt_destinations
Bang Berapa biaya masuk ke Amanzi? deh,ask_ticket_price
Maaf mau tanya Recommend historical sites in Palembang? ya,ask_category
Halo destinasi taman palembang? dong kak,ask_category
"Hi, Where can I find culinary tourism in Palembang? please",ask_category
"Mau naik LRT, wisata apa yang dekat sih",ask_lrt_destinations
Ada fasilitas apa di Ampera?,ask_facilities
How much is the ticket to Punti Kayu Forest?,ask_ticket_price
Halo Tips menurunkan berat badan deh,ask_unrelated
Cara menghilangkan jerawat?,ask_unrelated
Mau nanya dong Halo permisi ya,greet
Eh Goodbye deh,goodbye
Maaf mau tanya Pulau Kemaro aksesnya lewat LRT bisa dong,ask_lrt_destinations
Hey what museums are in palembang??,ask_category
Kak Tempat makan di sekitar PIM ada? deh,ask_facilities
Permisi mau tanya harga tiket Museum Balaputra Dewa,ask_ticket_price
Maaf mau tanya oke bagus nih,provide_feedback
Min Appreciate it nih,goodbye
Bang Fasilitas pendukung Masjid Agung Palembang ya,ask_facilities
Tempat wisata bertema budaya Melayu? dong kak,ask_category
religious tourism places in Palembang?,ask_category
Eh lrt friendly tourist destinations? dong kak,ask_lrt_destinations
Kak Hutan Wisata Punti Kayu hari libur buka gak? nih,ask_operating_hours
Hey Where to go in Palembang??,ask_recommendation
HTM Jembatan Ampera berapa?,ask_ticket_price
Responnya cepat ya nih,provide_feedback
Kak Kak? dong kak,greet
Mau cari museum di Palembang,ask_category
Halo taxi online di palembang? dong kak,ask_unrelated
Di daerah mana?,ask_location_access
Maaf mau tanya ada wisata religi di palembang? dong kak,ask_category
Tempat yang belum terkenal di Palembang ya kak,ask_hidden_gems
Permisi oke mantul deh,provide_feedback
Halo Saran tempat wisata di Palembang ya,ask_recommendation
Maaf mau tanya who are you? dong kak,ask_unrelated
Masjid bersejarah di Palembang?,ask_category
Is Kemaro Island free?,ask_ticket_price
Arah ke Ampera gimana?,ask_location_access
Halo Tempat wisata murah di Palembang? ya,ask_recommendation
Siapa gubernur Palembang?,ask_unrelated
Mau nanya dong Ceritakan joke dong? nih,ask_unrelated
Kak Great bot ya kak,provide_feedback
apa yang bikin BKB ini spesial?,ask_destination_info
Berapa biaya masuk ke Masjid Cheng Ho?,ask_ticket_price
Ada wisata alam di Palembang?,ask_category
Eh bisa naik lrt ke Masjid Cheng Ho?,ask_lrt_destinations
Permisi Best places to visit by LRT nih,ask_lrt_destinations
Kak terima kasih atas informasinya dong,goodbye
Bang destinasi yang lrt accessible?,ask_lrt_destinations
Maaf mau tanya Rating 5 untuk botnya dong kak,provide_feedback
I want to know what can i see at Monpera park??,ask_destination_info
Permisi Fasilitas umum di Masjid Agung Palembang apa aja? ya,ask_facilities
Ada parkiran?,ask_facilities
Bang chatbot nya bagus dong kak,provide_feedback
Eh Any hidden gems to visit? nih,ask_hidden_gems
Jelaskan tentang Museum Sultan Mahmud Badaruddin II,ask_destination_info
Min bisa naik apa ke sana? sih,ask_location_access
Permisi Apakah ada wisata yang bisa dijangkau LRT? deh,ask_lrt_destinations
Permisi Tempat wisata alternatif Palembang? nih,ask_hidden_gems
Kak Monpera fasilitasnya apa aja ya,ask_facilities
Bang Makasih?,goodbye
What does it cost to visit Kemaro Island?,ask_ticket_price
Dari pusat kota ke SMB II berapa lama?,ask_location_access
Permisi Useful information sih,provide_feedback
Min harga masuk SMB berapa?,ask_ticket_price
Bang dari mana ke Monpera? dong kak,ask_location_access
Halo Yang termasuk wisata sejarah apa aja sih,ask_category
ada mushola di Al Quran Al Akbar? ya,ask_facilities
Kak Destinasi wisata LRT Palembang dong kak,ask_lrt_destinations
Maaf mau tanya Jam tutup Jembatan Ampera kapan ya kak,ask_operating_hours
Oi,greet
Maaf mau tanya Oke thanks nih,goodbye
Mau nanya dong Suka deh? sih,provide_feedback
Eh Mau tau tentang Museum Sultan Mahmud Badaruddin II deh,ask_destination_info
Dadah,goodbye
Maaf mau tanya Resep nasi goreng dong? dong kak,ask_unrelated
"Hi, How much for Kampung Arab Al-Munawar tickets? thanks",ask_ticket_price
Lengkap gak fasilitasnya?,ask_facilities
"Eh Mau keliling Palembang naik LRT, kemana aja ya kak",ask_lrt_destinations
Mau nanya dong kak,greet
Greetings,greet
Maaf mau tanya Dari pusat kota ke Pulau Kemaro berapa lama sih,ask_location_access
Bang Excellent information ya,provide_feedback
Info masjid Palembang dong sih,ask_category
Eh ceritakan tentang dinosaurus ya,ask_unrelated
Mau nanya dong Fasilitas apa saja di Jakabaring Sport City dong,ask_facilities
Maaf mau tanya Kampung Arab Al-Munawar dekat stasiun lrt mana? sih,ask_lrt_destinations
Eh Museum Balaputra Dewa bagus gak? dong,ask_destination_info
Gimana Kawah Tengkurep?,ask_destination_info
Maaf mau tanya Segitu dulu kak thanks? dong kak,goodbye
Maaf mau tanya Wisata off the beaten path Palembang? deh,ask_hidden_gems
Halo What's love dong,ask_unrelated
Halo Apakah Amanzi buka hari Minggu? ya,ask_operating_hours
Mau nanya dong Rute ke Jakabaring gimana dong,ask_location_access
Hey What's the meaning of life please,ask_unrelated
Min Destinasi wisata sejarah Palembang nih,ask_category
Eh Udah cukup nih,goodbye
Permisi Tempat yang belum terkenal di Palembang? ya,ask_hidden_gems
Halo see you later sih,goodbye
List of parks in Palembang?,ask_category
"Hello, Directions to Grand Mosque of Palembang?",ask_location_access
kenapa orang-orang suka ke PIM?,ask_destination_info
Mau nanya dong Wisata sepi tapi bagus di Palembang sih,ask_hidden_gems
Kak Al Quran Al Akbar buka jam berapa ya?,ask_operating_hours
Maaf mau tanya oke bagus deh,provide_feedback
Kak Oke makasih nih,goodbye
Fasilitas apa saja di Kambang Iwak?,ask_facilities
Kak oke deh kak sampai jumpa,goodbye
Maaf mau tanya Hai saya wisatawan nih,greet
Kak palembang tourism recommendations? nih,ask_recommendation
Mau nanya dong Must-visit places in Palembang deh,ask_recommendation
Bang Who are you dong,ask_unrelated
Mau nanya dong Bayar berapa kalo masuk Palembang Icon? ya kak,ask_ticket_price
"Thanks, see you next time",goodbye
Eh Mantap kak dong,provide_feedback
Halo kak fasilitas Palembang Square apa aja ya? dong,ask_facilities
Maaf mau tanya tempat yang underrated di palembang? deh,ask_hidden_gems
OPI Mall buka setiap hari?,ask_operating_hours
Jelaskan tentang Amanzi Waterpark,ask_destination_info
Oke sip makasih,goodbye
Makasih,goodbye
Berapa biaya masuk ke Punti Kayu?,ask_ticket_price
Bang halo ada yang bisa dibantu? dong,greet
Bang Jembatan Ampera bayar berapa? dong,ask_ticket_price
"Bang Thank you, goodbye? dong",goodbye
Halo yang termasuk taman apa aja? nih,ask_category
Eh Tempat wisata yang bisa diakses LRT deh,ask_lrt_destinations
Destinasi taman Palembang?,ask_category
Permisi Ke Taman Kebon Rojo bayar berapa ya sih,ask_ticket_price
di Museum Balaputra Dewa itu kita bisa ngapain aja?,ask_destination_info
Bang Min harga masuk Amanzi berapa? ya,ask_ticket_price
Apa itu PIM?,ask_destination_info
Maaf mau tanya dari pusat kota ke Masjid Agung Palembang berapa lama? deh,ask_location_access
Informasinya membantu,provide_feedback
di Masjid Agung Palembang itu kita bisa ngapain aja?,ask_destination_info
Maaf mau tanya wisata apa yang recommended di palembang?,ask_recommendation
Amanzi mulai buka jam berapa?,ask_operating_hours
I want to know Things to do in Palembang??,ask_recommendation
Halo Kapan piala dunia deh,ask_unrelated
Rute ke Punti Kayu gimana?,ask_location_access
Bang Palembang Square lokasinya dimana? nih,ask_location_access
Mau tau tentang Taman Kambang Iwak Besak,ask_destination_info
Hello mau tanya,greet
Eh Ada gak wisata yang bisa ditempuh LRT? ya,ask_lrt_destinations
Halo Tips perawatan kulit? deh,ask_unrelated
Kak Bisa rekomendasikan tempat wisata,ask_recommendation
Permisi yang termasuk wisata religi apa aja? ya,ask_category
Maaf mau tanya apakah Pulau Kemaro dekat lrt? deh,ask_lrt_destinations
Permisi Wisata religi Palembang apa aja,ask_category
I want to know What facilities are available at Kampung Kapitan please,ask_facilities
Ceritakan tentang Kambang Iwak,ask_destination_info
thanks a lot dong,goodbye
Halo mau ke tempat yang unik dan sepi dong,ask_hidden_gems
Tutup jam berapa?,ask_operating_hours
Permisi OPI Mall fasilitasnya apa aja? dong,ask_facilities
Unique places to visit in Palembang?,ask_hidden_gems
What's the location of Sultan Mahmud Badaruddin II Museum?,ask_location_access
Min LRT Palembang lewat wisata mana? dong kak,ask_lrt_destinations
Bang Does Jembatan Ampera Arab Village open every day? ya kak,ask_operating_hours
"Halo Hello, I need help? dong",greet
Maaf mau tanya Wassalamualaikum dong kak,goodbye
Kak dimana ya Taman Kambang Iwak Besak?,ask_location_access
bagaimana cara diet? sih,ask_unrelated
Kak Details about Ampera Arab Village?,ask_destination_info
Tempat wisata yang dilalui LRT?,ask_lrt_destinations
Wisata apa yang recommended di Palembang?,ask_recommendation
wisata off the beaten path palembang? ya,ask_hidden_gems
Maaf mau tanya Ampera gratis gak sih? nih,ask_ticket_price
Min alternative tourist spots in palembang? dong,ask_hidden_gems
which tourist spots are near lrt stations? ya kak,ask_lrt_destinations
Kayak apa sih tempatnya?,ask_destination_info
Wisata Palembang yang populer apa,ask_recommendation
Permisi Weekday Kambang Iwak buka jam berapa ya,ask_operating_hours
Eh Hotels in Jakarta deh,ask_unrelated
Mau nanya dong Hai nih,greet
Mau nanya dong Apa bahasa Inggrisnya kucing? ya kak,ask_unrelated
Mau nanya dong Secret places in Palembang? sih,ask_hidden_gems
Permisi Wisata yang belum viral di Palembang deh,ask_hidden_gems
Min Palembang tourism recommendations? sih,ask_recommendation
I want to know what facilities are available at Siguntang park?,ask_facilities
Permisi Min info wisata dekat LRT dong? sih,ask_lrt_destinations
Halo Noted kak? sih,provide_feedback
Maaf mau tanya P? dong,greet
Bayar berapa kalo masuk Museum Sultan Mahmud Badaruddin II?,ask_ticket_price
What's the address of Benteng Kuto Besak?,ask_location_access
Halo Kalo hari Sabtu Masjid Cheng Ho buka nih,ask_operating_hours
"Excuse me, What time does Grand Mosque of Palembang open thanks",ask_operating_hours
Bang Harga tiket masuknya berapa? dong,ask_ticket_price
Menarik gak Masjid Agung Palembang?,ask_destination_info
What parks are in Palembang?,ask_category
Permisi Makasih infonya nih,goodbye
Jembatan Ampera ada kantin gak?,ask_facilities
Permisi Pagi-pagi Museum Balaputra Dewa sudah buka belum ya,ask_operating_hours
Bang Al Quran Al Akbar ada spot foto gak? dong kak,ask_facilities
What are the operating hours of Sultan Mahmud Badaruddin II Museum?,ask_operating_hours
Apa itu Kemaro?,ask_destination_info
Permisi ada gak wisata yang masih asri di palembang? deh,ask_hidden_gems
Permisi kak wisata yang bisa naik lrt apa aja?,ask_lrt_destinations
Kampung Kapitan buka dari jam berapa sampai jam berapa?,ask_operating_hours
Mau tanya harga tiket Monpera,ask_ticket_price
Can I take LRT to Ampera Bridge?,ask_lrt_destinations
Halo I need assistance? deh,greet
Eh Kambang Iwak ada spot foto gak dong kak,ask_facilities
Ticket price for Sultan Mahmud Badaruddin II Museum?,ask_ticket_price
Min fasilitas umum di Jakabaring apa aja? ya,ask_facilities
siap kak ya kak,provide_feedback
Maaf mau tanya info jam buka Museum Sultan Mahmud Badaruddin II dong,ask_operating_hours
Hey Can I take public transport to Taman Kambang Iwak Besak Bridge? please,ask_location_access
Halo tiket Jakabaring Sport City berapa sih?,ask_ticket_price
Eh thanks sih,goodbye
Tes deh,greet
Yang termasuk wisata alam apa aja? dong kak,ask_category
dulu tempat ini bekas apa?,ask_destination_info
Bang Fasilitasnya apa aja? nih,ask_facilities
Kak Test nih,greet
Jadwal buka Taman Kambang Iwak Besak kapan ya?,ask_operating_hours
Maaf mau tanya Nice info dong,provide_feedback
Mau nanya dong Jam tutup BKB kapan,ask_operating_hours
Mau nanya dong good job ya,provide_feedback
Bagaimana cara ke Monpera dong,ask_location_access
Permisi ticket price? sih,ask_ticket_price
Fasilitas apa saja di Kawah Tengkurep?,ask_facilities
Bang tempat wisata ikonik palembang? ya,ask_recommendation
"Excuse me, What museums are in Palembang thanks",ask_category
Terima kasih sangat membantu ya kak,goodbye
Maaf mau tanya Dari mana ke Pulau Kemaro nih,ask_location_access
Update harga tiket Kambang Iwak dong,ask_ticket_price
Permisi tempat-tempat wisata yang aksesibel lrt? dong,ask_lrt_destinations
Permisi cerita sejarah Amanzi dong dong kak,ask_destination_info
Tempat keren tapi belum terkenal di Palembang? ya,ask_hidden_gems
Mau nanya dong Tiket pesawat ke Bali berapa ya,ask_unrelated
Maaf mau tanya Apakah Museum Sultan Mahmud Badaruddin II dekat stasiun LRT dong kak,ask_lrt_destinations
Kayak apa sih PIM?,ask_destination_info
Min Best movies of 2024,ask_unrelated
Eh lrt friendly tourist destinations? ya,ask_lrt_destinations
wisata apa yang bisa dijangkau lrt? dong kak,ask_lrt_destinations
stasiun lrt terdekat ke tempat wisata mana? ya kak,ask_lrt_destinations
Min Top wisata Palembang? dong,ask_recommendation
Hey What's the capital of France? please,ask_unrelated
Al-Munawar buka hari apa aja?,ask_operating_hours
Excellent information,provide_feedback
Min Oke deh bye? ya kak,goodbye
Ada fasilitas apa di Jembatan Ampera?,ask_facilities
Eh Info jam buka Pasar 16 Ilir dong sih,ask_operating_hours
Min Hi there? sih,greet
Eh Monpera mulai buka jam berapa nih,ask_operating_hours
Assalamualaikum bye,goodbye
Min Very informative? ya,provide_feedback
Eh Infonya oke banget sih,provide_feedback
Maaf mau tanya Masjid Agung Palembang gratis gak sih? dong,ask_ticket_price
Eh Mantap kak? nih,provide_feedback
Bang Ada taman di Palembang sih,ask_category
Permisi Bisa naik angkot ke Siguntang dong,ask_location_access
Eh aku butuh tempat healing yang tenang dong kak,ask_recommendation
Can you tell me What's the location of Kampung Kapitan Arab Village?,ask_location_access
Eh Top wisata Palembang,ask_recommendation
Rekomendasikan destinasi wisata Palembang,ask_recommendation
Min tempat wisata yang dilalui lrt? deh,ask_lrt_destinations
Min Mau jalan-jalan di Palembang kemana ya?,ask_recommendation
Can you tell me What destinations are accessible by LRT?,ask_lrt_destinations
excellent information sih,provide_feedback
Min Berapa ya tiket Benteng Kuto Besak dong,ask_ticket_price
Bang siapa gubernur palembang? dong kak,ask_unrelated
Eh Hai kak masih aktif dong,greet
Halo rekomendasi wisata kuliner palembang dong kak,ask_category
Min Wisata baru yang belum terkenal? deh,ask_hidden_gems
Bang tiket Museum Sultan Mahmud Badaruddin II berapa?,ask_ticket_price
Permisi Hari ini Hutan Wisata Punti Kayu buka gak ya dong kak,ask_operating_hours
"Hi, How far is it",ask_location_access
Maaf mau tanya Benteng Kuto Besak aksesnya lewat LRT bisa nih,ask_lrt_destinations
Maaf mau tanya Info fasilitas Kawah Tengkurep dong?,ask_facilities
Maaf mau tanya tempat yang underrated di palembang? dong,ask_hidden_gems
Assalamualaikum,greet
Halo which tourist spots are near lrt stations? dong kak,ask_lrt_destinations
Kasih info Kambang Iwak ya kak,ask_destination_info
Maaf mau tanya Mau ke tempat yang unik dan sepi? dong,ask_hidden_gems
Maaf mau tanya Details about Amanzi Waterpark Bridge? sih,ask_destination_info
Tiket masuk KI berapa?,ask_ticket_price
Min permisi saya ingin bertanya ya,greet
Bagaimana cara diet dong kak,ask_unrelated
Info jam buka Masjid Agung Palembang dong,ask_operating_hours
Bang ada gak wisata yang bisa ditempuh lrt? dong,ask_lrt_destinations
Eh dari jam berapa Amanzi buka? ya,ask_operating_hours
When is Kampung Kapitan open?,ask_operating_hours
Apa itu Palembang Square?,ask_destination_info
Mau nanya dong Cara menghilangkan jerawat ya kak,ask_unrelated
Eh Menarik gak Kemaro,ask_destination_info
Bang bingung mau bawa keluarga jalan-jalan kemana,ask_recommendation
Halo Canggih botnya?,provide_feedback
Eh Jadwal buka Kambang Iwak kapan ya nih,ask_operating_hours
Please List of religious tourism in Palembang??,ask_category
Please What's the location of Sultan Mahmud Badaruddin II Museum thanks,ask_location_access
Mau nanya dong Rekomendasikan tempat wisata di Palembang? deh,ask_recommendation
Halo Keren sih ini botnya dong,provide_feedback
Halo siapa di sini?,greet
Mau nanya dong top tourist attractions in palembang? deh,ask_recommendation
are you a robot?,ask_unrelated
Mau nanya dong Mau tanya fasilitas di Masjid Agung Palembang? nih,ask_facilities
Eh wisata apa yang cocok untuk foto-foto? ya,ask_recommendation
Halo Mau cari wisata budaya di Palembang? sih,ask_category
Eh I'm bored dong kak,ask_unrelated
Please what parks are in palembang?,ask_category
Mau nanya dong Apa itu Benteng Kuto Besak sih,ask_destination_info
Kak Info fasilitas Kemaro dong nih,ask_facilities
Are there tourist attractions near LRT stations?,ask_lrt_destinations
Maaf mau tanya Bisa naik LRT ke Kampung Kapitan? dong,ask_lrt_destinations
Halo Weekend Pulau Kemaro buka dong kak,ask_operating_hours
Eh bye bye kak dong,goodbye
Halo enaknya kemana ya di palembang? dong,ask_recommendation
Maaf mau tanya rekomendasikan destinasi wisata palembang ya,ask_recommendation
Sejarah SMB apa ya?,ask_destination_info
Ada mushola di Kampung Kapitan?,ask_facilities
"Hi, Which places can I visit using LRT? thanks",ask_lrt_destinations
Min Enaknya kemana ya di Palembang ya,ask_recommendation
Bang Is Museum Balaputra Dewa Arab Village worth visiting? dong kak,ask_destination_info
Is Museum Balaputra Dewa Forest child-friendly,ask_facilities
Wisata yang bisa pake LRT?,ask_lrt_destinations
What does it cost to visit Grand Mosque of Palembang?,ask_ticket_price
Amanzi Waterpark buka jam berapa?,ask_operating_hours
"Permisi anakku suka main air, enaknya bawa kemana ya",ask_recommendation
Halo Oke kak sampai jumpa deh,goodbye
Min Tempat wisata alternatif Palembang? dong kak,ask_hidden_gems
Price to enter Jakabaring Sport City?,ask_ticket_price
Mau nanya dong must-visit places in palembang?,ask_recommendation
Min tolong saran wisata dong,ask_recommendation
"Mau nanya dong Hi there, I need some information sih",greet
Permisi Keren banget infonya sih,provide_feedback
Permisi kapan kiamat? dong kak,ask_unrelated
Mau nanya dong Local favorites in Palembang dong,ask_hidden_gems
Eh dari pusat kota ke Kampung Arab Al-Munawar berapa lama?,ask_location_access
Siapa penemu lampu?,ask_unrelated
Maaf mau tanya Wisata untuk anak-anak di Palembang ya,ask_recommendation
"Hello, I need help",greet
Mau nanya dong good answer deh,provide_feedback
Permisi Stasiun LRT terdekat ke tempat wisata mana? deh,ask_lrt_destinations
Kak Ada fasilitas apa di Amanzi Waterpark? sih,ask_facilities
Kak Wisata accessible by LRT? deh,ask_lrt_destinations
Mau nanya dong Any hidden gems to visit?,ask_hidden_gems
I want to know what tourism spots are on the lrt line? please,ask_lrt_destinations
Halo Palembang Square ada di daerah mana? deh,ask_location_access
Sip terima kasih kak,goodbye
Eh Bayar berapa? ya,ask_ticket_price
Kak Useful information? dong,provide_feedback
Min Tips menurunkan berat badan sih,ask_unrelated
Bang Popular tourist spots in Palembang? deh,ask_recommendation
Permisi Posisi KI dimana ya dong kak,ask_location_access
Please Where can I find museums in Palembang,ask_category
Maaf mau tanya Mau tanya harga tiket Siguntang? dong kak,ask_ticket_price
Naik LRT bisa ke wisata mana aja?,ask_lrt_destinations
Permisi Pagi? ya kak,greet
"Excuse me, Where is Hutan Wisata Punti Kayu Park located",ask_location_access
Price to enter Monpera?,ask_ticket_price
Min Undiscovered places in Palembang? sih,ask_hidden_gems
Mau nanya dong Kemaro ada area bermain anak? sih,ask_facilities
I want to know What can I see at Kawah Tengkurep please,ask_destination_info
Bang tiket Monpera berapa?,ask_ticket_price
non-touristy places in palembang? dong kak,ask_hidden_gems
Min Parkiran Kawah Tengkurep luas gak nih,ask_facilities
Halo bagaimana cara memasak telur? dong kak,ask_unrelated
Kak Bye kak makasih ya? sih,goodbye
Oke cukup kak makasih banyak,goodbye
Kak fasilitas Al-Munawar apa aja ya?,ask_facilities
Maaf mau tanya Nyanyiin lagu dong?,ask_unrelated
Dari jam berapa Hutan Wisata Punti Kayu buka?,ask_operating_hours
Does Kambang Iwak have parking ya kak,ask_facilities
What facilities are available at Benteng Kuto Besak?,ask_facilities
Wisata romantis di Palembang?,ask_recommendation
Pagi-pagi Jembatan Ampera sudah buka belum?,ask_operating_hours
Eh Terima kasih infonya sangat berguna,provide_feedback
Min Wisata yang paling dekat LRT deh,ask_lrt_destinations
apa yang bikin Jembatan Ampera ini spesial?,ask_destination_info
Maaf mau tanya that makes sense ya,provide_feedback
Berapa harga tiket masuk Kawah Tengkurep?,ask_ticket_price
Al Quran Al Akbar itu apa?,ask_destination_info
Eh hidden gems di palembang apa? sih,ask_hidden_gems
"anakku suka main air, enaknya bawa kemana ya?",ask_recommendation
Kak what's 2+2?,ask_unrelated
Permisi Monpera ramah anak gak deh,ask_facilities
Halo wisata baru yang belum terkenal? nih,ask_hidden_gems
Permisi Nice info nih,provide_feedback
Maaf mau tanya harga tiket KI berapa ya? ya kak,ask_ticket_price
"Excuse me, how to make money online??",ask_unrelated
Describe Jakabaring Sport City,ask_destination_info
Bye bye,goodbye
Ada wisata dekat LRT gak?,ask_lrt_destinations
Bang Al-Munawar ada area bermain anak? ya,ask_facilities
How to go to Ampera Bridge?,ask_location_access
Min Kak fasilitas Museum Balaputra Dewa apa aja ya dong,ask_facilities
oke deh kak sampai jumpa ya,goodbye
Pagi-pagi Pasar 16 Ilir sudah buka belum?,ask_operating_hours
Permisi Parkiran Hutan Wisata Punti Kayu luas gak dong,ask_facilities
Malam kak,greet
Maaf mau tanya Hidden gems in Palembang dong kak,ask_hidden_gems
What time does Grand Mosque of Palembang open thanks,ask_operating_hours
canggih botnya dong,provide_feedback
Eh Unexplored attractions in Palembang dong,ask_hidden_gems
HTM nya berapa?,ask_ticket_price
Bang Keren banget infonya,provide_feedback
Halo Benteng Kuto Besak ada tempat parkir dong,ask_facilities
Kenapa Jembatan Ampera terkenal deh,ask_destination_info
Mau nanya dong Thanks? dong,goodbye
Min wisata weekend di palembang? ya kak,ask_recommendation
Eh Wisata Palembang yang populer apa dong,ask_recommendation
Bot sih,greet
Mau nanya dong Translate bahasa Inggris dong ya,ask_unrelated
Kak dimana ya BKB?,ask_location_access
Mau nanya dong Tempat wisata yang dilalui LRT dong kak,ask_lrt_destinations
What museums are in Palembang?,ask_category
Mau nanya dong Wisata paling bagus di Palembang? ya kak,ask_recommendation
Permisi Hai mau konsultasi dong? ya,greet
Ceritain OPI Mall dong kak,ask_destination_info
Bang hai saya wisatawan,greet
Halo Oke cukup kak makasih banyak deh,goodbye
Eh Kak dimana ya Taman Kebon Rojo? dong kak,ask_location_access
Halo rekomendasi hidden gems dong kak deh,ask_hidden_gems
Kak Thank you? deh,goodbye
Bang Kampung Arab Al-Munawar bagus gak? deh,ask_destination_info
Min kamu bot beneran ya ya kak,ask_unrelated
Min harga masuk KI berapa?,ask_ticket_price
Permisi Oke sip? deh,provide_feedback
Bang translate bahasa inggris dong ya kak,ask_unrelated
I want to know best places for tourists in palembang??,ask_recommendation
"anakku suka main air, enaknya bawa kemana ya ya",ask_recommendation
Min thanks so much deh,goodbye
ada apa aja sih di Museum Sultan Mahmud Badaruddin II?,ask_destination_info
Maaf mau tanya unexplored attractions in palembang?,ask_hidden_gems
Mau nanya dong Rute ke Kampung Kapitan gimana deh,ask_location_access
Eh Oke kak sampai jumpa? nih,goodbye
Halo What's the weather today? dong kak,ask_unrelated
Bang Informasinya membantu? dong,provide_feedback
Mau nanya dong kak berapa harga tiket SMB II? ya,ask_ticket_price
Mau nanya dong Apakah Museum Sultan Mahmud Badaruddin II gratis,ask_ticket_price
Baik kak terima kasih? nih,goodbye
Eh sip makasih sih,goodbye
Maaf mau tanya Hi there sih,greet
Halo Oke deh makasih ya,goodbye
Eh Kak ada wisata budaya gak di Palembang? dong,ask_category
Permisi Thanks so much ya,goodbye
Udah cukup,goodbye
Ceritakan tentang Kawah Tengkurep,ask_destination_info
Can you tell me where can i go by lrt for sightseeing?,ask_lrt_destinations
Halo destinasi tersembunyi palembang ada gak? dong,ask_hidden_gems
Museum Sultan Mahmud Badaruddin II buka hari apa aja?,ask_operating_hours
Maaf mau tanya Bang mau nanya dong,greet
Ada mushola di Kambang Iwak?,ask_facilities
Eh Harga masuk Pasar 16 Ilir berapa ya kak dong,ask_ticket_price
"Excuse me, What does it cost to visit Taman Kebon Rojo please",ask_ticket_price
Where can I find cultural tourism in Palembang?,ask_category
Review tentang SMB II,ask_destination_info
Bang Fasilitas apa saja di Ampera sih,ask_facilities
Nanti tanya lagi ya kak,goodbye
Halo Bye kak makasih ya? sih,goodbye
Permisi Tiket masuk ke Jembatan Ampera sekarang berapa ya? sih,ask_ticket_price
Mau nanya dong 1 2 3 test nih,greet
Eh Kemaro fasilitasnya apa aja? sih,ask_facilities
Is Monpera far from the city center?,ask_location_access
Hey Where is Jembatan Ampera located,ask_location_access
"Please Hey, can I ask a question?",greet
Eh Tips perawatan kulit dong kak,ask_unrelated
Eh Berapa duit tiketnya? sih,ask_ticket_price
Min mau minta saran wisata palembang sih,ask_recommendation
What amenities does Sultan Mahmud Badaruddin II Museum offer?,ask_facilities
Kak Tempat wisata yang gak rame dong kak,ask_hidden_gems
Facilities at Grand Mosque of Palembang?,ask_facilities
Maaf mau tanya top tourist attractions in palembang? dong kak,ask_recommendation
Halo Jadwal buka Masjid Cheng Ho kapan ya,ask_operating_hours
Min Info lebih lanjut dong? ya kak,ask_destination_info
Can I take public transport to Ampera Bridge?,ask_location_access
What's Hutan Wisata Punti Kayu Island like,ask_destination_info
Kak Permisi mau tanya? nih,greet
kenapa orang-orang suka ke Hutan Wisata Punti Kayu?,ask_destination_info
Alamat lengkap SMB II?,ask_location_access
Bang rekomendasi wisata untuk liburan singkat dong kak,ask_recommendation
Min Tempat yang underrated di Palembang? deh,ask_hidden_gems
Min Apakah Benteng Kuto Besak dekat stasiun LRT dong kak,ask_lrt_destinations
"Hello, are there toilets at SMB park? please",ask_facilities
Eh Bot nya pintar ya?,provide_feedback
Kak Halo TanyaKito? dong kak,greet
Min apakah Museum Balaputra Dewa gratis? nih,ask_ticket_price
What's special about Kemaro Island?,ask_destination_info
Permisi apakah Kampung Kapitan gratis? deh,ask_ticket_price
Bang lowongan kerja di palembang?,ask_unrelated
Permisi Info taman Palembang dong? ya,ask_category
Mau nanya dong siapa presiden indonesia? ya kak,ask_unrelated
Mau nanya dong Wisata masjid di Palembang apa aja nih,ask_category
Halo Alternative tourist spots in Palembang sih,ask_hidden_gems
Maaf mau tanya SMB II ada tempat istirahat? deh,ask_facilities
Harga tiket masuknya berapa?,ask_ticket_price
Permisi Amanzi di mana ya? ya kak,ask_location_access
Halo Yang termasuk masjid apa aja dong kak,ask_category
Kak Oke terima kasih deh,goodbye
Maaf mau tanya Tempat wisata alternatif Palembang dong,ask_hidden_gems
Is there WiFi at Jakabaring Sport City?,ask_facilities
Min Bukit Siguntang buka dari jam berapa sampai jam berapa? sih,ask_operating_hours
Pasar 16 Ilir buka hari apa aja?,ask_operating_hours
Fasilitas Al-Munawar lengkap gak?,ask_facilities
Mau nanya dong Best places to visit by LRT? nih,ask_lrt_destinations
Kak Harga tiket Kampung Kapitan berapa ya sih,ask_ticket_price
Halo mau cari masjid di palembang dong kak,ask_category
Menarik gak Siguntang?,ask_destination_info
Mau nanya dong facilities at Palembang Square? sih,ask_facilities
Halo Oke makasih sih,goodbye
Lesser known attractions in Palembang,ask_hidden_gems
I want to know how to learn programming? thanks,ask_unrelated
Apa arti cinta?,ask_unrelated
Permisi oke terima kasih banyak ya deh,goodbye
Palembang punya wisata apa aja?,ask_recommendation
Maaf mau tanya Kemaro mulai buka jam berapa dong kak,ask_operating_hours
What are the opening hours of Punti Kayu Forest?,ask_operating_hours
"hey, can i ask a question? thanks",greet
Mau nanya dong ada wisata kuliner gak di palembang? ya,ask_category
list of culinary tourism in palembang? please,ask_category
Al-Munawar ada spot foto gak?,ask_facilities
Eh Cuaca hari ini gimana?,ask_unrelated
Can you tell me Does Kampung Arab Al-Munawar have a mosque thanks,ask_facilities
Eh Rumus pythagoras? ya,ask_unrelated
Min Destinasi museum Palembang? dong kak,ask_category
Permisi Thank you very much dong,goodbye
Hey Exactly what I needed thanks,provide_feedback
Where is Punti Kayu Forest located?,ask_location_access
Mau nanya dong Tolong kasih tau wisata dekat LRT nih,ask_lrt_destinations
halo ada admin? deh,greet
Maaf mau tanya What amenities does Sultan Mahmud Badaruddin II Museum offer? sih,ask_facilities
Min Tourist spots along LRT route? sih,ask_lrt_destinations
Maaf mau tanya Suka deh? deh,provide_feedback
ada apa aja sih di Punti Kayu?,ask_destination_info
Eh Wisata gratis di Palembang ada gak dong kak,ask_recommendation
Destinasi wisata LRT Palembang sih,ask_lrt_destinations
Deskripsi Museum Balaputra Dewa? nih,ask_destination_info
Bang LRT accessible tourist spots in Palembang,ask_lrt_destinations
Mau nanya dong KI buka jam berapa nih,ask_operating_hours
Eh Perfect? ya kak,provide_feedback
Permisi Tempat taman di Palembang ya kak,ask_category
Maaf mau tanya LRT accessible tourist spots in Palembang dong,ask_lrt_destinations
Permisi Oke kak noted? dong,provide_feedback
Maaf mau tanya Well explained dong,provide_feedback
wisata sepi tapi bagus di palembang? deh,ask_hidden_gems
What's the ticket price for Al-Munawar Arab Village?,ask_ticket_price
Eh Kamu pintar ya? nih,ask_unrelated
Mau nanya dong Bisa naik LRT ke Punti Kayu ya kak,ask_lrt_destinations
Min Haai dong,greet
Palembang Square ada tempat parkir?,ask_facilities
Tempat yang belum terkenal di Palembang?,ask_hidden_gems
Masjid Cheng Ho ada kantin gak?,ask_facilities
Ada wisata religi di Palembang?,ask_category
Permisi Which tourist spots are near LRT stations nih,ask_lrt_destinations
Bang bagaimana cara belajar coding? deh,ask_unrelated
How much to get into Monpera?,ask_ticket_price
Kak Penjelasannya bagus kak? deh,provide_feedback
When is the World Cup?,ask_unrelated
Mau nanya dong any hidden gems to visit?,ask_hidden_gems
Hey How much is the ticket to Grand Mosque of Palembang? thanks,ask_ticket_price
Eh excellent information ya,provide_feedback
Eh Membantu banget,provide_feedback
Kak Bisa naik LRT ke Monpera? sih,ask_lrt_destinations
What's up,greet
Halo Halo ya,greet
Eh Kamu siapa nih,ask_unrelated
Bang Hari ini Amanzi buka gak ya ya,ask_operating_hours
Museum Balaputra Dewa mulai buka jam berapa sih,ask_operating_hours
Eh Halo siapa di sini dong kak,greet
Permisi Information about Taman Kebon Rojo Park? ya,ask_destination_info
Why is SMB II famous? dong,ask_destination_info
Mau nanya dong Hai mau konsultasi dong? dong,greet
Min alamat Amanzi Waterpark apa ya?,ask_location_access
Any culinary tourism in Palembang?,ask_category
Maaf mau tanya rekomendasi wisata alam palembang,ask_category
Eh OPI Mall ada tempat istirahat? dong kak,ask_facilities
Min Permisi mau tanya? dong kak,greet
Kak Take care? dong,goodbye
OK that's all I needed ya,goodbye
Eh oke kak noted ya,provide_feedback
Halo Wisata tersembunyi di Palembang? ya kak,ask_hidden_gems
Kawah Tengkurep lokasinya dimana?,ask_location_access
Kambang Iwak berbayar atau gratis?,ask_ticket_price
Min Ada tempat wisata baru di Palembang deh,ask_hidden_gems
Mau tau sejarah Al-Munawar,ask_destination_info
Ampera ada kantin gak?,ask_facilities
Maaf mau tanya Jawaban yang memuaskan? dong,provide_feedback
Min Kode pos Palembang berapa?,ask_unrelated
Maaf mau tanya Kak fasilitas Pasar 16 Ilir apa aja ya? dong,ask_facilities
Permisi wisata palembang yang belum banyak orang kunjungi? dong,ask_hidden_gems
Halo Jawabannya lengkap? ya,provide_feedback
yang termasuk museum apa aja?,ask_category
Kak Palembang tourism recommendations dong kak,ask_recommendation
Mau nanya dong Monpera tutup jam berapa? ya,ask_operating_hours
"Maaf mau tanya Mau explore Palembang pakai LRT, kemana aja bisa ya",ask_lrt_destinations
Does Punti Kayu Forest have parking?,ask_facilities
What are the operating hours of Punti Kayu Forest?,ask_operating_hours
udah cukup deh,goodbye
Bisa naik angkot ke Ampera?,ask_location_access
Permisi Jam operasional Kampung Arab Al-Munawar? ya kak,ask_operating_hours
"Hello, What culinary tourism are in Palembang??",ask_category
Tes? nih,greet
Any museums in Palembang?,ask_category
Mau tanya harga tiket Amanzi,ask_ticket_price
Min hai saya pertama kali ke palembang nih,greet
Kapan sih Fantasy Island buka?,ask_operating_hours
Eh Apakah PTC buka hari Minggu? sih,ask_operating_hours
Cara daftar CPNS gimana?,ask_unrelated
Min must-visit places in palembang?,ask_recommendation
Permisi Keren? nih,provide_feedback
Kak Info lokasi Museum Balaputra Dewa dong sih,ask_location_access
Mau nanya dong Harga masuk Kawah Tengkurep berapa ya kak,ask_ticket_price
Taman Kambang Iwak Besak terkenal karena apa?,ask_destination_info
Mau tanya jam operasional Taman Kebon Rojo,ask_operating_hours
Berapa biaya masuk ke SMB II?,ask_ticket_price
Bang bisa naik lrt ke PIM? ya,ask_lrt_destinations
"Halo Perfect, thank you? dong kak",goodbye
Maaf mau tanya Apa SMB II bisa dijangkau LRT nih,ask_lrt_destinations
Mau nanya dong cukup dulu ya sih,goodbye
The answer is very detailed,provide_feedback
Halo Assalamualaikum bye? nih,goodbye
Min boleh tanya? ya,greet
Where can I find historical sites in Palembang?,ask_category
Aku bosan,ask_unrelated
Is Al-Munawar Arab Village open in the morning?,ask_operating_hours
Permisi Ada hidden gems gak di Palembang sih,ask_hidden_gems
Kak Jembatan Ampera ada tempat istirahat,ask_facilities
Mau nanya dong Rekomendasikan tempat wisata di Palembang deh,ask_recommendation
Bang Sing me a song sih,ask_unrelated
Permisi tempat keren tapi belum terkenal di palembang? deh,ask_hidden_gems
Weekday Masjid Agung Palembang buka jam berapa?,ask_operating_hours
Bang Test bot?,greet
Bang Ada mushola sih,ask_facilities
Bang Any culinary tourism in Palembang ya kak,ask_category
Maaf mau tanya Selamat pagi ya kak,greet
Maaf mau tanya Bye bye makasih,goodbye
Bang Lengkap gak fasilitasnya,ask_facilities
Permisi wisata wisata religi di palembang apa aja? ya kak,ask_category
Eh Wisata Palembang yang aesthetic tapi sepi? sih,ask_hidden_gems
Great bot,provide_feedback
Permisi facilities? dong,ask_facilities
Info tentang Kampung Arab Al-Munawar,ask_destination_info
Eh Understood? ya,provide_feedback
Kak religious tourism places in Palembang deh,ask_category
Kak Stasiun LRT terdekat ke tempat wisata mana? sih,ask_lrt_destinations
Mau nanya dong Palembang punya wisata apa aja? ya kak,ask_recommendation
Eh bagaimana cara move on? nih,ask_unrelated
Mau nanya dong palembang punya wisata religi apa?,ask_category
Permisi cerita sejarah BKB dong ya,ask_destination_info
Maaf mau tanya Mau tanya jam operasional BKB nih,ask_operating_hours
Kak Heyy? ya kak,greet
"Mau nanya dong Great, thanks ya",goodbye
Eh Are there tourist attractions near LRT stations?,ask_lrt_destinations
Tiketnya berapa?,ask_ticket_price
Kak min harga masuk Siguntang berapa? ya,ask_ticket_price
"Hi, Is Monpera far from the city center? please",ask_location_access
LRT bisa ke KI gak deh,ask_lrt_destinations
Mau nanya dong SMB II bayar berapa? nih,ask_ticket_price
"Hello, I'm looking for help",greet
Halo Hello there? nih,greet
Kak makasih kak nanti saya tanya lagi ya kak,goodbye
Bang Hello there? dong kak,greet
Berapa biaya masuk ke Benteng Kuto Besak?,ask_ticket_price
Kambang Iwak fasilitasnya apa aja?,ask_facilities
Gratis atau bayar?,ask_ticket_price
Eh Smart bot ya,provide_feedback
Halo tempat yang underrated di palembang? sih,ask_hidden_gems
Kak Rekomendasi wisata budaya Palembang? dong kak,ask_category
Jam operasional Kemaro?,ask_operating_hours
Mau nanya dong Hidden gem Palembang yang recommended?,ask_hidden_gems
Seru gak OPI Mall?,ask_destination_info
Eh Helo dong,greet
Hidden gems di Palembang apa? deh,ask_hidden_gems
Min good day dong kak,greet
Bang mau jalan-jalan pakai lrt bisa kemana? ya,ask_lrt_destinations
Bang Min harga masuk Hutan Wisata Punti Kayu berapa nih,ask_ticket_price
Halo Love this bot,provide_feedback
Wisata anti mainstream Palembang?,ask_hidden_gems
Can you tell me What's the entrance fee at KI please,ask_ticket_price
"Hello, What to see in Palembang? please",ask_recommendation
"Mau nanya dong Mau explore Palembang pakai LRT, kemana aja bisa? nih",ask_lrt_destinations
Kasih rekomendasi wisata dong kak? dong kak,ask_recommendation
Siguntang bagus gak?,ask_destination_info
Kak Palembang punya masjid apa?,ask_category
Can you tell me What does it cost to visit SMB II Island?,ask_ticket_price
Permisi Apa itu machine learning? dong kak,ask_unrelated
Maaf mau tanya info lokasi OPI Mall dong ya,ask_location_access
Pulau Kemaro buka sampai malam gak?,ask_operating_hours
Permisi Tempat wisata yang gak rame dong kak,ask_hidden_gems
Permisi bye bye ya,goodbye
"Got it, thanks",goodbye
Min destinasi tersembunyi palembang ada gak? dong,ask_hidden_gems
apa yang bikin Kambang Iwak ini spesial?,ask_destination_info
Min mau cari wisata yang seru di palembang dong kak,ask_recommendation
Maaf mau tanya What makes Kemaro unique sih,ask_destination_info
Tempat wisata yang bisa diakses LRT?,ask_lrt_destinations
Eh Dari pusat kota ke Monpera berapa lama? dong kak,ask_location_access
Mau ke tempat yang unik dan sepi? ya,ask_hidden_gems
Eh Info wisata budaya Palembang dong? deh,ask_category
Tempat wisata unik di Palembang?,ask_hidden_gems
Halo Mau tanya harga tiket Al Quran Al Akbar sih,ask_ticket_price
Bang Tourist spots along LRT route dong kak,ask_lrt_destinations
Jadwal buka Kampung Arab Al-Munawar kapan ya?,ask_operating_hours
Mau nanya dong Al-Munawar di mana ya?,ask_location_access
Kamu bodoh,ask_unrelated
Halo What's special about Kampung Arab Al-Munawar? sih,ask_destination_info
Kak ada mushola di Taman Kebon Rojo? ya kak,ask_facilities
Eh destinasi museum palembang? nih,ask_category
Yang termasuk wisata sejarah apa aja?,ask_category
Eh Tempat yang belum terkenal di Palembang? sih,ask_hidden_gems
Info jam buka Ampera dong,ask_operating_hours
Kak Halo permisi? dong kak,greet
Halo LRT Palembang lewat wisata mana? sih,ask_lrt_destinations
Halo Hello mau tanya? dong,greet
Bang Fasilitas Amanzi Waterpark lengkap gak? ya kak,ask_facilities
Halo Haloo sih,greet
Info jam buka Palembang Trade Center dong,ask_operating_hours
Min bye bye kak sih,goodbye
Eh Ceritain Ampera dong kak? ya kak,ask_destination_info
Halo rumus pythagoras? sih,ask_unrelated
Bang kayak apa sih Jembatan Ampera? ya,ask_destination_info
Bang Di daerah mana? deh,ask_location_access
Min Thanks a lot nih,goodbye
Hey how to move on??,ask_unrelated
Bang Aku lagi sedih nih ya,ask_unrelated
"Hello, what to see in palembang?",ask_recommendation
Maaf mau tanya Berapa harga tiket masuk Kambang Iwak?,ask_ticket_price
Min Info wisata alam Palembang dong ya,ask_category
Kak dimana ya PTC dong kak,ask_location_access
Min Thanks so much sih,goodbye
Mau nanya dong What's the weather today ya kak,ask_unrelated
Maaf mau tanya Museum di Palembang apa aja ya,ask_category
Min enaknya kemana ya di palembang? deh,ask_recommendation
Halo Fasilitas umum di Jakabaring Sport City apa aja? ya kak,ask_facilities
Bang Sampai jumpa lagi ya,goodbye
Min dari mana ke Taman Kebon Rojo? deh,ask_location_access
Kak Tess,greet
Kak Wisata apa aja yang dekat jalur LRT nih,ask_lrt_destinations
Permisi Min harga masuk SMB berapa? ya,ask_ticket_price
"Hello, which places can i visit using lrt??",ask_lrt_destinations
"Hello, Are there toilets at KI Park thanks",ask_facilities
"Good morning, I have a question",greet
Min Tempat makan di sekitar PTC ada? dong,ask_facilities
Thanks for your help,goodbye
Ada orang?,greet
Min Is Monpera open on Sunday? nih,ask_operating_hours
Info lokasi Jakabaring dong,ask_location_access
Maaf mau tanya mau liburan di palembang kemana ya? sih,ask_recommendation
Permisi mau jalan-jalan pakai lrt bisa kemana? deh,ask_lrt_destinations
Where is Kambang Iwak Park located?,ask_location_access
Bang Harga tiket Kambang Iwak berapa ya dong,ask_ticket_price
Halo kamu cantik,ask_unrelated
Kak waalaikumsalam ya,goodbye
Kamu punya perasaan deh,ask_unrelated
Permisi What's 2+2 deh,ask_unrelated
Jawabannya cepat,provide_feedback
Lesser known attractions in Palembang?,ask_hidden_gems
Wah keren infonya,provide_feedback
Flight tickets to Bali?,ask_unrelated
Mau nanya dong wisata yang gak pasaran di palembang? dong kak,ask_hidden_gems
Can I take public transport to Kambang Iwak Park?,ask_location_access
Maaf mau tanya Mau nanya dong kak? sih,greet
Halo Wisata off the beaten path Palembang? sih,ask_hidden_gems
Min Ada fasilitas apa di SMB II?,ask_facilities
Permisi Aku mau cerita,ask_unrelated
"Excuse me, What's the entrance fee at Hutan Wisata Punti Kayu Bridge please",ask_ticket_price
good answer sih,provide_feedback
Cara menuju OPI Mall gimana?,ask_location_access
Eh Destinasi yang dekat stasiun LRT sih,ask_lrt_destinations
Mau nanya dong oke makasih kak sangat membantu ya kak,goodbye
Kak Tiket pesawat ke Bali berapa,ask_unrelated
Wisata sore hari di Palembang,ask_recommendation
Tell me about Kemaro Island,ask_destination_info
Tempat yang underrated di Palembang? dong,ask_hidden_gems
Mau nanya dong rumus pythagoras? nih,ask_unrelated
Bang Permisi saya ingin bertanya ya kak,greet
Kak Tiket masuk ke Fantasy Island sekarang berapa ya? dong,ask_ticket_price
Min Top tourist attractions in Palembang,ask_recommendation
rating 5 untuk botnya dong kak,provide_feedback
What's the address of Ampera Bridge?,ask_location_access
Halo kak mau tanya dong kak,greet
Mau nanya dong Top wisata Palembang? dong kak,ask_recommendation
Halo saya dari Jakarta mau tanya,greet
Min Wisata indoor Palembang deh,ask_category
Halo kasih pantun dong,ask_unrelated
Kak suka sama jawabannya ya,provide_feedback
Wisata air di Palembang ada?,ask_category
Seru gak Bukit Siguntang?,ask_destination_info
Maaf mau tanya Al-Munawar ada tempat parkir,ask_facilities
I want to know are there toilets at grand mosque of palembang? thanks,ask_facilities
"Hi, Can I take LRT to PTC Bridge please",ask_lrt_destinations
Kak Ada gak wisata yang bisa ditempuh LRT? ya,ask_lrt_destinations
Bang oke thanks ya kak,goodbye
Halo Wisata Palembang yang aesthetic tapi sepi,ask_hidden_gems
Maaf mau tanya Alamat Fantasy Island dimana deh,ask_location_access
Halo min kasih tau hidden gems palembang,ask_hidden_gems
Masjid Agung Palembang itu apa?,ask_destination_info
Halo Ceritakan tentang Museum Sultan Mahmud Badaruddin II nih,ask_destination_info
Monpera dekat stasiun lrt mana?,ask_lrt_destinations
Min Permisi ya,greet
Bang tiket masuk Al Quran Al Akbar berapa? dong kak,ask_ticket_price
is admission to grand mosque of palembang free?,ask_ticket_price
Mau nanya dong stasiun lrt dekat tempat wisata? nih,ask_lrt_destinations
where can i find nature tourism in palembang??,ask_category
Kak Ada wifi di PIM? dong,ask_facilities
I want to know are you a robot??,ask_unrelated
Please what's the address of OPI Mall arab village? thanks,ask_location_access
Halo selamat pagi,greet
Kak Apakah Palembang Trade Center buka 24 jam ya,ask_operating_hours
Bang tess dong kak,greet
Eh sip lanjut kak sih,provide_feedback
Eh mau tanya dong kak harga tiket OPI Mall ya,ask_ticket_price
"Hello, Tell me a story?",ask_unrelated
Permisi Kamu pintar ya sih,ask_unrelated
Tempat yang underrated di Palembang?,ask_hidden_gems
Mau nanya dong Kamu robot ya? ya kak,ask_unrelated
Halo aku butuh tempat healing yang tenang? ya,ask_recommendation
Mau tau tentang Palembang Icon,ask_destination_info
ada apa aja sih di SMB II?,ask_destination_info
Min Berapa duit masuk Kampung Arab Al-Munawar dong,ask_ticket_price
"Hi, What facilities are available at Sultan Mahmud Badaruddin II Museum thanks",ask_facilities
Permisi apa yang bikin Jakabaring Sport City ini spesial?,ask_destination_info
Apa itu cryptocurrency?,ask_unrelated
Alamat Monpera dimana?,ask_location_access
Halo Tempat keren tapi belum terkenal di Palembang nih,ask_hidden_gems
ada apa aja sih di Jakabaring Sport City?,ask_destination_info
HTM Taman Kambang Iwak Besak berapa?,ask_ticket_price
Mau nanya dong wisata tersembunyi di palembang? nih,ask_hidden_gems
Halo dimana lokasi PTC? sih,ask_location_access
Permisi Ceritakan joke dong? sih,ask_unrelated
Bang Tempat wisata yang jarang dikunjungi di Palembang deh,ask_hidden_gems
Maaf mau tanya Wisata sore hari di Palembang ya kak,ask_recommendation
Eh kak ada taman gak di palembang? dong kak,ask_category
Permisi kapan Al Quran Al Akbar buka? deh,ask_operating_hours
Info lengkap KI dong,ask_destination_info
Curhatan aku dong,ask_unrelated
Harga tiket Museum Sultan Mahmud Badaruddin II berapa ya?,ask_ticket_price
Please what destinations are accessible by lrt? please,ask_lrt_destinations
Kak Punti Kayu dekat stasiun LRT mana? nih,ask_lrt_destinations
What time does Sultan Mahmud Badaruddin II Museum close?,ask_operating_hours
Eh saranin wisata di palembang dong dong kak,ask_recommendation
Kak Hidden gem Palembang yang recommended sih,ask_hidden_gems
Mau nanya dong Stasiun LRT dekat tempat wisata?,ask_lrt_destinations
Bang Recommend religious tourism in Palembang? ya kak,ask_category
Halo PTC buka dari jam berapa sampai jam berapa nih,ask_operating_hours
Cara bikin cuko pempek,ask_unrelated
Tips perawatan kulit deh,ask_unrelated
Eh hidden gems di palembang apa? deh,ask_hidden_gems
Bang asal usul Al Quran Al Akbar ini gimana ceritanya? sih,ask_destination_info
Makasih atas bantuannya dong,goodbye
Ada taman kota di Palembang?,ask_category
Kak Address of Sultan Mahmud Badaruddin II Museum? nih,ask_location_access
Min Wisata weekend di Palembang? dong,ask_recommendation
Min Halo aplikasi? dong,greet
Mau nanya dong wisata palembang yang belum banyak orang kunjungi? dong kak,ask_hidden_gems
Tell me about Kambang Iwak Park,ask_destination_info
What's Bitcoin?,ask_unrelated
Akses ke Jembatan Ampera mudah gak?,ask_location_access
"Permisi Hey, anyone there dong",greet
Halo Is Punti Kayu Bridge free? sih,ask_ticket_price
Bang min rekomendasi wisata palembang apa? sih,ask_recommendation
Halo Popular tourist spots in Palembang? ya kak,ask_recommendation
aku lagi ngomong sama komputer ya?,ask_unrelated
Mau nanya dong Does Kambang Iwak Bridge have parking nih,ask_facilities
Permisi Monpera buka jam berapa ya,ask_operating_hours
Can you tell me Off the beaten path places in Palembang thanks,ask_hidden_gems
Fasilitas umum di Al-Munawar apa aja?,ask_facilities
Permisi Recommended banget aplikasinya,provide_feedback
Bang Al Quran Al Akbar lokasinya dimana deh,ask_location_access
Masjid Cheng Ho ada di daerah mana?,ask_location_access
Kak Wisata yang belum mainstream deh,ask_hidden_gems
Min cara masak rendang gimana? dong kak,ask_unrelated
Permisi Unexplored attractions in Palembang dong kak,ask_hidden_gems
Halo Kak dimana ya Taman Kebon Rojo deh,ask_location_access
Bang Masjid Cheng Ho ada di daerah mana?,ask_location_access
Maaf mau tanya Fasilitas apa saja di Kampung Arab Al-Munawar? dong kak,ask_facilities
Buka sampai malam?,ask_operating_hours
Kak Price to enter Sultan Mahmud Badaruddin II Museum nih,ask_ticket_price
Permisi ada wisata yang jarang orang tau? ya,ask_hidden_gems
Min Bang tiket Kemaro berapa?,ask_ticket_price
Bang i'm bored dong,ask_unrelated
recommend museums in palembang nih,ask_category
Kak dimana ya Kampung Arab Al-Munawar?,ask_location_access
Kak naik lrt bisa ke wisata mana aja? sih,ask_lrt_destinations
Kak Tourist recommendations for Palembang nih,ask_recommendation
What's available at Punti Kayu Forest?,ask_facilities
Maaf mau tanya wisata sepi tapi bagus di palembang?,ask_hidden_gems
I want to know best places for tourists in palembang? thanks,ask_recommendation
Halo Wisata off the beaten path Palembang dong,ask_hidden_gems
Eh wisata yang gak pasaran di palembang? deh,ask_hidden_gems
Halo fasilitas apa saja di SMB II? ya,ask_facilities
Tempat wisata yang gak rame ya kak,ask_hidden_gems
Kak Permisi kak? ya,greet
Kak tempat wisata murah di palembang? deh,ask_recommendation
Please Off the beaten path places in Palembang,ask_hidden_gems
Apa Punti Kayu bisa dijangkau LRT? dong kak,ask_lrt_destinations
What's love?,ask_unrelated
Permisi Hey bot? dong,greet
Is Kambang Iwak Park open today?,ask_operating_hours
Bang kenapa orang-orang suka ke Bukit Siguntang? ya kak,ask_destination_info
Eh info wisata yang terjangkau lrt deh,ask_lrt_destinations
Eh Museum Sultan Mahmud Badaruddin II gratis gak sih? ya kak,ask_ticket_price
adminnya mana dong,ask_unrelated
Hallloo,greet
Bang Terima kasih atas informasinya? sih,goodbye
Min take care dong,goodbye
Hey What tourism spots are on the LRT line? please,ask_lrt_destinations
Can you tell me Exactly what I needed,provide_feedback
Bang di Amanzi Waterpark itu kita bisa ngapain aja dong,ask_destination_info
Halo pinter ya botnya ya,provide_feedback
Please Can I take LRT to SMB II Bridge thanks,ask_lrt_destinations
Halo ada wisata dekat lrt gak? ya kak,ask_lrt_destinations
Kak Which tourist spots are near LRT stations ya kak,ask_lrt_destinations
Permisi oke segitu dulu ya,goodbye
Bang Lesser known attractions in Palembang? dong kak,ask_hidden_gems
Please What are the iconic places in Palembang please,ask_recommendation
Maaf mau tanya asal usul Kampung Kapitan ini gimana ceritanya? dong,ask_destination_info
Bang Min kasih tau hidden gems Palembang,ask_hidden_gems
Eh Info wisata budaya Palembang dong dong kak,ask_category
Mau nanya dong Info fasilitas Museum Balaputra Dewa dong dong kak,ask_facilities
What culinary tourism are in Palembang?,ask_category
What's Bitcoin? deh,ask_unrelated
Review tentang PTC,ask_destination_info
Bang Kira-kira harga tiket BKB berapa dong kak,ask_ticket_price
Min harga masuk Kambang Iwak berapa?,ask_ticket_price
Eh Apakah Ampera gratis ya,ask_ticket_price
Info tentang KI,ask_destination_info
Jelaskan tentang Amanzi,ask_destination_info
Kak ada taman gak di Palembang?,ask_category
Maaf mau tanya Popular tourist spots in Palembang sih,ask_recommendation
Sup,greet
Kambang Iwak ada area bermain anak?,ask_facilities
"Great, thanks",goodbye
Bang Kak fasilitas Taman Kambang Iwak Besak apa aja ya?,ask_facilities
Ada tempat wisata baru di Palembang?,ask_hidden_gems
Bang Dari stasiun LRT bisa ke wisata apa? dong,ask_lrt_destinations
Min Berapa harga tiket masuk KI? sih,ask_ticket_price
Eh Min alamat PTC apa ya dong kak,ask_location_access
Kak mantap kak sih,provide_feedback
Permisi Directions sih,ask_location_access
Min Kayak apa sih Jakabaring Sport City ya,ask_destination_info
Min Rating 5 untuk botnya? sih,provide_feedback
Film terbaru 2024 apa?,ask_unrelated
"I want to know Hi, can you help me? thanks",greet
Halo Tempat makan di sekitar Bukit Siguntang ada? dong kak,ask_facilities
Bang ini jawaban template ya? ya kak,ask_unrelated
Halo Wisata Bali yang bagus? ya,ask_unrelated
Palembang Trade Center lokasinya dimana?,ask_location_access
Salam kenal,greet
I want to know What's the location of Monpera Bridge?,ask_location_access
Eh Fasilitas Kemaro lengkap gak? deh,ask_facilities
Appreciate it?,goodbye
Dari jam berapa Al Quran Al Akbar buka?,ask_operating_hours
Jam operasional Fantasy Island?,ask_operating_hours
What makes Jakabaring Sport City unique?,ask_destination_info
Bang rekomendasikan destinasi wisata palembang dong,ask_recommendation
Jelaskan tentang Monpera,ask_destination_info
Mau nanya dong Hello TanyaKito? deh,greet
Bang Kambang Iwak buka hari apa aja ya kak,ask_operating_hours
Amanzi ada tempat parkir?,ask_facilities
Halo What's available at Siguntang Forest? ya kak,ask_facilities
Permisi wisata yang gak pasaran di palembang? dong kak,ask_hidden_gems
Kawah Tengkurep terkenal karena apa?,ask_destination_info
Eh lagi pengen liat pemandangan kota dari atas? dong,ask_recommendation
tempat yang underrated di palembang?,ask_hidden_gems
Maaf mau tanya Is Al Quran Al Akbar worth visiting? deh,ask_destination_info
Halo Tiket masuk Punti Kayu berapa sih,ask_ticket_price
Kak tempat yang belum terkenal di palembang? nih,ask_hidden_gems
Halo ada admin?,greet
Min di Kawah Tengkurep itu kita bisa ngapain aja,ask_destination_info
Kak Pagi-pagi Kampung Kapitan sudah buka belum dong,ask_operating_hours
Can you tell me do you have feelings??,ask_unrelated
Mau nanya dong Palembang Icon terkenal karena apa? deh,ask_destination_info
Bang Mau tanya dong kak harga tiket BKB? dong kak,ask_ticket_price
Mau tanya jam operasional Monpera,ask_operating_hours
Mau nanya dong aku butuh tempat healing yang tenang? nih,ask_recommendation
Where can I find religious tourism in Palembang?,ask_category
Kak Wisata yang belum mainstream dong kak,ask_hidden_gems
Mau nanya dong Opening hours for Taman Kebon Rojo Island deh,ask_operating_hours
Maaf mau tanya I'm bored? sih,ask_unrelated
Sangat membantu,provide_feedback
Kak alamat lengkap Al-Munawar?,ask_location_access
Min Berguna banget? sih,provide_feedback
ini jawaban template ya dong,ask_unrelated
Permisi Best movies of 2024 deh,ask_unrelated
Maaf mau tanya Is Kambang Iwak Forest child-friendly?,ask_facilities
Halo Monpera ramah anak gak deh,ask_facilities
Kambang Iwak deket stasiun LRT mana?,ask_location_access
Sejarah Al-Munawar apa ya?,ask_destination_info
Hidden gems di Palembang apa?,ask_hidden_gems
Halo Hotels in Jakarta nih,ask_unrelated
Berapa harga tiket masuk Palembang Trade Center?,ask_ticket_price
Bang Thank you ya,goodbye
Bisa naik angkot ke Punti Kayu dong,ask_location_access
Permisi lrt bisa ke Bukit Siguntang gak?,ask_lrt_destinations
Min Tempat masjid di Palembang? dong kak,ask_category
Min Harga masuk Kampung Arab Al-Munawar berapa ya kak? ya,ask_ticket_price
Min Understood? deh,provide_feedback
Halo Oke makasih nih,goodbye
Kak Alamat lengkap Al-Munawar?,ask_location_access
Mau nanya dong Kampung Kapitan buka hari apa aja? dong kak,ask_operating_hours
Eh See you,goodbye
Permisi Oke noted makasih? nih,goodbye
Bang dadah dong,goodbye
Kak ada yang aktif? ya kak,greet
SMB hari libur buka gak?,ask_operating_hours
Min Info wisata sejarah Palembang dong? dong kak,ask_category
Kapan Al-Munawar buka?,ask_operating_hours
Permisi Wisata sepi tapi bagus di Palembang? dong kak,ask_hidden_gems
Maaf mau tanya Salam kenal? dong,greet
Min Wisata yang belum mainstream sih,ask_hidden_gems
Eh Okay thanks dong kak,goodbye
Sangat membantu? nih,provide_feedback
Halo destinasi wisata alam palembang? dong kak,ask_category
Min Jadwal kereta api Jakarta nih,ask_unrelated
Mau nanya dong Kak berapa harga tiket Museum Balaputra Dewa sih,ask_ticket_price
Halo Baik terima kasih? nih,goodbye
Min Wisata wisata sejarah di Palembang apa aja deh,ask_category
Mau nanya dong tolong kasih tau wisata dekat lrt sih,ask_lrt_destinations
Halo hidden gem palembang yang recommended? ya,ask_hidden_gems
Info wisata budaya Palembang dong,ask_category
Sampai jumpa lagi,goodbye
Halo Gimana Kampung Arab Al-Munawar? deh,ask_destination_info
Mau nanya dong lrt bisa ke Benteng Kuto Besak gak?,ask_lrt_destinations
Please What historical sites are in Palembang? thanks,ask_category
apa yang bikin Al-Munawar ini spesial?,ask_destination_info
Maaf mau tanya Mau tanya fasilitas di Palembang Square? deh,ask_facilities
Kak Mantap kak sih,provide_feedback
"Maaf mau tanya Mau keliling Palembang naik LRT, kemana aja ya kak",ask_lrt_destinations
Eh min tolong saran wisata dong dong,ask_recommendation
Halo Membantu banget kak dong kak,provide_feedback
Bang apa itu Jakabaring? ya kak,ask_destination_info
Bang Quiet but beautiful places in Palembang? ya,ask_hidden_gems
Naik apa ke Kampung Arab Al-Munawar? sih,ask_location_access
Halo Min rekomendasi wisata Palembang apa,ask_recommendation
Can you tell me tell me a joke thanks,ask_unrelated
Ke Ampera bayar berapa ya,ask_ticket_price
Permisi KI hari libur buka gak ya,ask_operating_hours
Wisata untuk anak-anak di Palembang?,ask_recommendation
Eh bagaimana cara memasak telur?,ask_unrelated
Bot aktif?,greet
Eh Top tourist attractions in Palembang ya,ask_recommendation
Min what's cryptocurrency? sih,ask_unrelated
Keren sih ini botnya deh,provide_feedback
Permisi secret places in palembang? dong kak,ask_hidden_gems
Fasilitas Palembang Trade Center lengkap gak?,ask_facilities
I want to know Exactly what I needed,provide_feedback
Ada mushola di Amanzi Waterpark?,ask_facilities
Bang Ada wisata alam di Palembang deh,ask_category
Bang Oke terima kasih banyak ya? nih,goodbye
Kak Review tentang SMB II? ya,ask_destination_info
Maaf mau tanya Destinasi yang dekat stasiun LRT? dong,ask_lrt_destinations
Min cultural attractions in palembang? sih,ask_category
"Hello, Best places for tourists in Palembang please",ask_recommendation
1 2 3 test? dong,greet
Mau tanya nih,greet
Maaf mau tanya Bismillah mau tanya sih,greet
Apakah Ampera buka hari Minggu?,ask_operating_hours
Min review tentang Al Quran Al Akbar dong kak,ask_destination_info
Hey what parks are in palembang? thanks,ask_category
Kak Wisata yang belum viral di Palembang nih,ask_hidden_gems
Kak Udah itu aja kak makasih? nih,goodbye
Maaf mau tanya Secret places in Palembang ya kak,ask_hidden_gems
Mau nanya dong Fasilitas apa saja di Kemaro deh,ask_facilities
Hai mau konsultasi dong,greet
Rute ke Museum Sultan Mahmud Badaruddin II gimana?,ask_location_access
Eh rekomendasi wisata religi palembang deh,ask_category
Mau nanya dong BKB ada spot foto gak dong kak,ask_facilities
Maaf mau tanya Palembang tourism recommendations ya,ask_recommendation
Biaya masuknya berapa?,ask_ticket_price
Kak fasilitas Benteng Kuto Besak apa aja ya? deh,ask_facilities
"Hello, where should i go in palembang??",ask_recommendation
Maaf mau tanya Palembang Square buka dari jam berapa sampai jam berapa? ya,ask_operating_hours
Do I need to pay to enter Al-Munawar Arab Village?,ask_ticket_price
Eh nice info nih,provide_feedback
"Mau nanya dong got it, thanks dong kak",goodbye
Palembang Trade Center buka setiap hari?,ask_operating_hours
enaknya kemana ya di palembang? ya,ask_recommendation
Permisi Baiklah terima kasih banyak,goodbye
Kak hai hai ya,greet
Bang tiket BKB berapa?,ask_ticket_price
Eh kak fasilitas Monpera apa aja ya? deh,ask_facilities
I want to know What to see in Palembang?,ask_recommendation
Halo that makes sense ya,provide_feedback
Min Rating 5 untuk botnya? nih,provide_feedback
"Permisi that's enough, thank you ya",goodbye
Kak Kampung Arab Al-Munawar lokasinya dimana,ask_location_access
Wisata yang paling sering dikunjungi ya,ask_recommendation
baiklah terima kasih banyak nih,goodbye
Gimana Jakabaring?,ask_destination_info
Eh Mau tanya jam operasional Kemaro? dong kak,ask_operating_hours
Bang siang kak dong,greet
Mau nanya dong asal usul Kemaro ini gimana ceritanya? deh,ask_destination_info
Mau nanya dong film terbaru 2024 apa? ya,ask_unrelated
"Hello, Thanks for the help? thanks",goodbye
Permisi Makasih kak nanti saya tanya lagi? ya,goodbye
Permisi Wisata yang gak pasaran di Palembang ya kak,ask_hidden_gems
Kak Destinasi favorit di Palembang sih,ask_recommendation
Maaf mau tanya min info wisata dekat lrt dong dong,ask_lrt_destinations
"Hello, How to make money online thanks",ask_unrelated
Bang wisata apa yang bisa dijangkau lrt? sih,ask_lrt_destinations
Bang Destinasi wisata LRT Palembang?,ask_lrt_destinations
When does Monpera close?,ask_operating_hours
Halo Tiket masuk SMB berapa,ask_ticket_price
what parks are in palembang??,ask_category
Kak Curhatan aku dong? dong,ask_unrelated
Min Amanzi Waterpark buka jam berapa? dong kak,ask_operating_hours
Kak Details about Siguntang? sih,ask_destination_info
Hidden gems di Palembang apa? ya kak,ask_hidden_gems
Kasih pantun dong,ask_unrelated
wisata anti mainstream palembang? sih,ask_hidden_gems
Tess,greet
Eh wisata edukasi di palembang? dong,ask_category
Maaf mau tanya Bisa naik LRT ke Palembang Square? ya,ask_lrt_destinations
Terima kasih infonya sangat berguna,provide_feedback
Min BKB lokasinya dimana deh,ask_location_access
Eh mau cari wisata yang seru di palembang sih,ask_recommendation
Maaf mau tanya Hidden gems di Palembang apa? sih,ask_hidden_gems
Mau nanya dong Tempat wisata alam di Palembang?,ask_category
mau tau sejarah Bukit Siguntang nih,ask_destination_info
Destinasi wisata LRT Palembang?,ask_lrt_destinations
Kak alamat lengkap Palembang Icon?,ask_location_access
ada parkiran? ya kak,ask_facilities
Maaf mau tanya Weekday SMB buka jam berapa? ya kak,ask_operating_hours
Kak Dari mana ke Pasar 16 Ilir sih,ask_location_access
"Hello, I'm a tourist",greet
Min berapa harga iphone terbaru? nih,ask_unrelated
"Hello, What religious tourism are in Palembang",ask_category
Eh Terima kasih atas informasinya dong,goodbye
Mau nanya dong Boleh tanya ya kak,greet
Mau tanya jam operasional PTC,ask_operating_hours
Eh tempat yang belum terkenal di palembang? sih,ask_hidden_gems
Maaf mau tanya Yang termasuk masjid apa aja?,ask_category
Bang what makes Kemaro forest unique? sih,ask_destination_info
HTM Kampung Arab Al-Munawar berapa?,ask_ticket_price
Permisi mau tanya harga tiket Siguntang,ask_ticket_price
Can you tell me Is Al-Munawar near an LRT station,ask_lrt_destinations
Mau tanya jam operasional SMB?,ask_operating_hours
Kak siang kak sih,greet
Maaf mau tanya Mantul kak deh,provide_feedback
Halo apakah SMB II dekat lrt? ya,ask_lrt_destinations
Please What destinations are accessible by LRT? please,ask_lrt_destinations
Maaf mau tanya Mau jalan-jalan di Palembang kemana ya? sih,ask_recommendation
Kak any nature tourism in palembang? dong,ask_category
Kak Tempat-tempat wisata yang aksesibel LRT dong kak,ask_lrt_destinations
makasih banyak ya kak,goodbye
Wisata religi Palembang apa aja?,ask_category
Monpera deket stasiun LRT mana?,ask_location_access
How do I get to Kemaro Island?,ask_location_access
Kak Ceritakan tentang Masjid Cheng Ho? ya,ask_destination_info
Min bagaimana cara memasak telur?,ask_unrelated
Bang best movies of 2024? ya kak,ask_unrelated
Kak Yang termasuk wisata budaya apa aja? dong kak,ask_category
Palembang Trade Center itu apa? deh,ask_destination_info
"Hello, How to go to BKB Arab Village? please",ask_location_access
Bang underrated tourist spots in palembang? ya kak,ask_hidden_gems
Min Cara menuju Pulau Kemaro gimana? deh,ask_location_access
Eh Wisata yang cocok untuk keluarga dong kak,ask_recommendation
Mau tanya dong kak harga tiket Jakabaring Sport City,ask_ticket_price
Eh Taman Kambang Iwak Besak ada spot foto gak? nih,ask_facilities
Review tentang Jakabaring Sport City,ask_destination_info
Mau nanya dong tourist spots along lrt route? dong kak,ask_lrt_destinations
Halo Akses ke Taman Kebon Rojo mudah gak? nih,ask_location_access
Maaf mau tanya Kak wisata yang bisa naik LRT apa aja? deh,ask_lrt_destinations
Berapa harga tiket masuk Kampung Arab Al-Munawar?,ask_ticket_price
"Min Hi, I'm visiting Palembang sih",greet
Min very accurate deh,provide_feedback
Kak Naik LRT bisa ke wisata mana aja?,ask_lrt_destinations
Destinasi tersembunyi Palembang ada gak?,ask_hidden_gems
Good evening,greet
Maaf mau tanya yang termasuk museum apa aja?,ask_category
Eh Info harga tiket Masjid Agung Palembang dong kak ya,ask_ticket_price
Eh Nanti tanya lagi ya kak? ya kak,goodbye
Cara menuju Hutan Wisata Punti Kayu gimana?,ask_location_access
Kira-kira berapa ya tiketnya?,ask_ticket_price
Bang Posisi Kambang Iwak dimana ya deh,ask_location_access
Min aku butuh tempat healing yang tenang? ya,ask_recommendation
Kak Assalamualaikum deh,greet
I want to know List of cultural tourism in Palembang? please,ask_category
Min Ada fasilitas apa di Museum Sultan Mahmud Badaruddin II dong,ask_facilities
oke terima kasih jawabannya nih,provide_feedback
Mau nanya dong lagi pengen liat pemandangan kota dari atas nih,ask_recommendation
What's available at Benteng Kuto Besak?,ask_facilities
Maaf mau tanya Palembang punya wisata kuliner apa? nih,ask_category
Permisi Tempat makan di sekitar SMB II ada ya kak,ask_facilities
I want to know best things to do in palembang?,ask_recommendation
Hari ini Pulau Kemaro buka gak ya?,ask_operating_hours
Eh bye bye sih,goodbye
Maaf mau tanya Rute ke Palembang Icon gimana deh,ask_location_access
Palembang Icon buka hari apa aja?,ask_operating_hours
Where can I find museums in Palembang thanks,ask_category
Min Best places to visit by LRT? deh,ask_lrt_destinations
Hey can i reach tourist places by lrt?,ask_lrt_destinations
Mau nanya dong Alternative tourist spots in Palembang sih,ask_hidden_gems
Halo Info harga tiket Monpera dong kak ya kak,ask_ticket_price
Mantap,provide_feedback
Min ada wifi di Kampung Arab Al-Munawar? ya,ask_facilities
Maaf mau tanya Wisata Bali yang bagus?,ask_unrelated
Jadwal buka Kawah Tengkurep kapan ya?,ask_operating_hours
Ticket price for Jakabaring Sport City?,ask_ticket_price
Info lokasi Monpera dong? sih,ask_location_access
Eh Apa itu AI ya,ask_unrelated
Hey How to make money online please,ask_unrelated
Halo waalaikumsalam deh,goodbye
Eh ada fasilitas apa di Taman Kebon Rojo? deh,ask_facilities
Wisata apa yang bisa dijangkau LRT?,ask_lrt_destinations
Eh best places to visit by lrt? ya kak,ask_lrt_destinations
Mau nanya dong Destinasi rahasia Palembang? deh,ask_hidden_gems
Eh lowongan kerja di palembang? dong kak,ask_unrelated
Permisi Kira-kira harga tiket Kampung Arab Al-Munawar berapa? sih,ask_ticket_price
cara daftar cpns gimana? deh,ask_unrelated
"Excuse me, Is there WiFi at SMB Park?",ask_facilities
Wisata accessible by LRT?,ask_lrt_destinations
Kak assalamualaikum min ya,greet
Kak Kambang Iwak buka jam berapa ya?,ask_operating_hours
Eh Thanks for your help? ya kak,goodbye
Mau nanya dong Jembatan Ampera ada tempat istirahat?,ask_facilities
Gambar kucing dong,ask_unrelated
Kak Nais? deh,provide_feedback
taxi online di palembang? nih,ask_unrelated
Min Menarik gak Pulau Kemaro,ask_destination_info
Min tempat wisata yang dilalui lrt? dong,ask_lrt_destinations
Kak Ada wisata kuliner gak di Palembang? dong,ask_category
Mau nanya dong wisata yang gak pasaran di palembang? nih,ask_hidden_gems
Bang Destinasi tersembunyi Palembang ada gak? nih,ask_hidden_gems
Kira-kira harga tiket Al Quran Al Akbar berapa?,ask_ticket_price
Eh PIM deket stasiun LRT mana? nih,ask_location_access
Bang recommend cultural tourism in palembang dong,ask_category
Kak sampai jumpa lagi ya kak,goodbye
Dimana lokasi Ampera?,ask_location_access
Permisi min info wisata dekat lrt dong dong,ask_lrt_destinations
Can you tell me When is Punti Kayu Park open?,ask_operating_hours
Eh thanks udah bantu ya,goodbye
Permisi Waalaikumsalam ya,goodbye
Maaf mau tanya Kemaro buka jam berapa deh,ask_operating_hours
Kak Bisa naik apa ke sana ya kak,ask_location_access
Halo Details about Sultan Mahmud Badaruddin II Museum deh,ask_destination_info
Mau nanya dong Why is Sultan Mahmud Badaruddin II Museum famous? dong kak,ask_destination_info
Halo Kasih rekomendasi wisata dong kak? sih,ask_recommendation
Min Dari mana ke Pasar 16 Ilir? dong kak,ask_location_access
Hey Are you a robot??,ask_unrelated
Permisi What's love? ya,ask_unrelated
Bayar berapa kalo masuk Bukit Siguntang?,ask_ticket_price
Maaf mau tanya Bisa naik angkot ke Benteng Kuto Besak? ya kak,ask_location_access
Mau nanya dong Taman Kebon Rojo itu apa? ya kak,ask_destination_info
Bang Wisata wisata alam di Palembang apa aja dong kak,ask_category
Mau nanya dong Fasilitas umum di Fantasy Island apa aja deh,ask_facilities
Eh Wisata yang paling sering dikunjungi? nih,ask_recommendation
Tiket masuk Fantasy Island berapa?,ask_ticket_price
Hey Where is Sultan Mahmud Badaruddin II Museum thanks,ask_location_access
PIM ramah anak gak?,ask_facilities
Ke Masjid Cheng Ho bayar berapa ya?,ask_ticket_price
Mau cari wisata religi di Palembang,ask_category
"Min Hey, anyone there? deh",greet
Min Penjelasannya bagus kak? dong kak,provide_feedback
Eh wisata yang paling sering dikunjungi? dong,ask_recommendation
Bang Numpang tanya dong,greet
I want to know What museums are in Palembang??,ask_category
Min Any hidden gems to visit?,ask_hidden_gems
Eh Tempat wisata yang dilalui LRT? deh,ask_lrt_destinations
Where is Punti Kayu Forest?,ask_location_access
Halo seru gak Monpera?,ask_destination_info
Tiket masuk Kampung Kapitan berapa?,ask_ticket_price
Eh recommend religious tourism in palembang ya,ask_category
Min are there tourist attractions near lrt stations?,ask_lrt_destinations
Berapa duit masuk Taman Kambang Iwak Besak?,ask_ticket_price
Eh Wisata off the beaten path Palembang? sih,ask_hidden_gems
Exactly what I needed,provide_feedback
Oke terima kasih jawabannya,provide_feedback
Please Do you have feelings? thanks,ask_unrelated
Eh hai saya baru ke palembang ya kak,greet
Min oke kak sampai jumpa ya,goodbye
I want to know How to go to KI? thanks,ask_location_access
Mau nanya dong Ada tempat wisata baru di Palembang,ask_hidden_gems
Permisi recommended banget aplikasinya deh,provide_feedback
Kak destinasi wisata kuliner palembang? sih,ask_category
Wisata Tionghoa di Palembang?,ask_category
Kasih info Palembang Icon ya kak,ask_destination_info
Maaf mau tanya Hi chatbot? deh,greet
Tips perawatan kulit?,ask_unrelated
Apa SMB II bayar?,ask_ticket_price
Min hi ya kak,greet
Please what are the operating hours of sultan mahmud badaruddin ii museum?,ask_operating_hours
Bang History of OPI Mall Arab Village? dong kak,ask_destination_info
mau cari wisata yang seru di palembang deh,ask_recommendation
Bagaimana cara diet?,ask_unrelated
Mau nanya dong 5 bintang deh? sih,provide_feedback
Hey What days is SMB II open? thanks,ask_operating_hours
Kak Masuk Siguntang gratis atau bayar deh,ask_ticket_price
Kak ada fasilitas apa di KI? nih,ask_facilities
Eh Wisata Palembang yang aesthetic tapi sepi dong,ask_hidden_gems
Maaf mau tanya permisi kak ya,greet
Al Quran Al Akbar fasilitasnya apa aja?,ask_facilities
Eh Info wisata yang terjangkau LRT,ask_lrt_destinations
Halo baik kak terima kasih dong,goodbye
Maaf mau tanya wah keren infonya deh,provide_feedback
Min alamat Hutan Wisata Punti Kayu apa ya?,ask_location_access
Misi,greet
Permisi Apakah ada wisata yang bisa dijangkau LRT? dong kak,ask_lrt_destinations
Min Chatbot nya bagus? ya,provide_feedback
Kak What's love sih,ask_unrelated
Maaf mau tanya Rekomendasikan tempat wisata di Palembang ya kak,ask_recommendation
Hi chatbot,greet
Bang wisata terbaik di palembang apa? nih,ask_recommendation
Permisi sudah cukup terima kasih deh,goodbye
Mau nanya dong flight tickets to bali? ya kak,ask_unrelated
Boleh tanya? ya kak,greet
Mau nanya dong Oke deh makasih? deh,goodbye
Info tentang SMB II,ask_destination_info
Bang wisata sepi tapi bagus di palembang? dong,ask_hidden_gems
Kak dari pusat kota ke Kampung Kapitan berapa lama?,ask_location_access
Maaf mau tanya Wisata murah yang bisa naik LRT dong,ask_lrt_destinations
parks places in Palembang?,ask_category
Eh tempat wisata alternatif palembang? dong,ask_hidden_gems
Bang Wisata off the beaten path Palembang? ya kak,ask_hidden_gems
Eh alamat Kampung Kapitan dimana? ya,ask_location_access
Min kapan sih Kambang Iwak buka? dong kak,ask_operating_hours
Halo Apa arti cinta dong kak,ask_unrelated
Secret places in Palembang?,ask_hidden_gems
"Excuse me, what destinations are accessible by lrt? please",ask_lrt_destinations
Bang Alamat Kampung Kapitan dimana nih,ask_location_access
Kak Destinasi masjid Palembang dong kak,ask_category
ada apa aja sih di Kampung Kapitan?,ask_destination_info
Permisi Keren banget infonya deh,provide_feedback
Location of Kampung Kapitan?,ask_location_access
Kampung Kapitan ada area bermain anak?,ask_facilities
Halo Makasih kak nanti saya tanya lagi? sih,goodbye
Ada fasilitas apa di Masjid Cheng Ho?,ask_facilities
"Bang Great, thanks nih",goodbye
Oke mantul,provide_feedback
Eh Kak mau tanya ya,greet
Bang Wisata apa yang cocok untuk foto-foto? ya kak,ask_recommendation
Kasih info PTC ya kak,ask_destination_info
How to go to Jakabaring Sport City?,ask_location_access
Alamat PTC dimana?,ask_location_access
"Excuse me, Tell me a story",ask_unrelated
Min dimana lokasi Kemaro? deh,ask_location_access
Bang Hey there nih,greet
Mau nanya dong Makasih ya kak sangat berguna infonya? dong,goodbye
HTM Monpera berapa?,ask_ticket_price
Maaf mau tanya aku lagi pengen makan enak sambil liat sungai nih,ask_recommendation
Permisi palembang tourism recommendations?,ask_recommendation
Halo info fasilitas Taman Kambang Iwak Besak dong nih,ask_facilities
Kak Local favorites in Palembang dong kak,ask_hidden_gems
Can you tell me list of cultural tourism in palembang? thanks,ask_category
Information about Ampera Bridge,ask_destination_info
Maaf mau tanya Ada wisata yang jarang orang tau sih,ask_hidden_gems
Eh lrt friendly tourist destinations?,ask_lrt_destinations
Maaf mau tanya Punti Kayu mulai buka jam berapa? dong,ask_operating_hours
Dimana lokasi Jakabaring Sport City?,ask_location_access
Membantu banget,provide_feedback
SMB dekat stasiun LRT mana?,ask_lrt_destinations
Permisi malam min nih,greet
Halo what's special about Al-Munawar forest? ya,ask_destination_info
Maaf mau tanya jawaban yang sangat membantu sih,provide_feedback
Mau nanya dong Akses ke sana gimana deh,ask_location_access
"Hi there, I need some information",greet
Permisi awesome thanks deh,goodbye
"Hello, how much for Kawah Tengkurep tickets? thanks",ask_ticket_price
Halo Masjid bersejarah di Palembang ya,ask_category
Mau nanya dong Al Quran Al Akbar buka sampai malam gak nih,ask_operating_hours
Min Stasiun LRT dekat tempat wisata?,ask_lrt_destinations
Jembatan Ampera tutup jam berapa?,ask_operating_hours
Operating hours?,ask_operating_hours
Berapa duit masuk Museum Sultan Mahmud Badaruddin II? ya kak,ask_ticket_price
I want to know Can I take public transport to Pasar 16 Ilir Park please,ask_location_access
Permisi membantu banget dong,provide_feedback
Fasilitas apa saja di PIM?,ask_facilities
Bang lrt friendly tourist destinations? dong kak,ask_lrt_destinations
Bang Harga tiket Kawah Tengkurep berapa ya?,ask_ticket_price
Is there an entry fee for Kambang Iwak Park?,ask_ticket_price
Berapa duit masuk Al-Munawar?,ask_ticket_price
Maaf mau tanya adminnya mana nih,ask_unrelated
Is there an entry fee for Sultan Mahmud Badaruddin II Museum?,ask_ticket_price
Min Ada gak wisata yang bisa ditempuh LRT? sih,ask_lrt_destinations
Permisi hallloo dong kak,greet
What facilities are there?,ask_facilities
Kak Unexplored attractions in Palembang nih,ask_hidden_gems
Halo Wassalamualaikum,goodbye
Maaf mau tanya akses ke Kambang Iwak mudah gak? nih,ask_location_access
Min Hi chatbot dong kak,greet
Halo Mau tanya dong kak harga tiket Al-Munawar sih,ask_ticket_price
"Hello, List of religious tourism in Palembang please",ask_category
Are there toilets at Sultan Mahmud Badaruddin II Museum?,ask_facilities
Mau nanya dong Wisata yang belum banyak orang tau di Palembang,ask_hidden_gems
"Bang Bye, thanks for everything? nih",goodbye
Ceritakan tentang Jembatan Ampera,ask_destination_info
Permisi Responnya cepat ya? ya kak,provide_feedback
Bye,goodbye
Kapan Siguntang buka?,ask_operating_hours
Halo Are there restrooms deh,ask_facilities
Gimana Masjid Cheng Ho?,ask_destination_info
Info fasilitas Hutan Wisata Punti Kayu dong? ya,ask_facilities
Halo Wisata murah yang bisa naik LRT deh,ask_lrt_destinations
jawabannya memuaskan ya kak,provide_feedback
Maaf mau tanya ada wifi di Kawah Tengkurep? dong kak,ask_facilities
Min Menarik gak Kawah Tengkurep? sih,ask_destination_info
dari stasiun lrt bisa ke wisata apa? nih,ask_lrt_destinations
Hari ini Jakabaring Sport City buka gak ya?,ask_operating_hours
Eh Nature spots in Palembang? sih,ask_category
Kak Permisi saya mau jalan-jalan di Palembang? ya kak,greet
Sejarah PIM apa ya?,ask_destination_info
Min Ada fasilitas apa di Kemaro? nih,ask_facilities
Can you tell me Is there WiFi at SMB,ask_facilities
Kapan Pasar 16 Ilir buka?,ask_operating_hours
Eh Tempat wisata alternatif Palembang sih,ask_hidden_gems
Bang Seru gak BKB? sih,ask_destination_info
Permisi perfect,provide_feedback
Maaf mau tanya Wisata instagramable Palembang nih,ask_recommendation
Suka sama aplikasinya,provide_feedback
Eh Cara menghilangkan jerawat ya kak,ask_unrelated
Halo OK that's all I needed dong kak,goodbye
Min Thanks infonya? ya,goodbye
Apa Hutan Wisata Punti Kayu bayar?,ask_ticket_price
Halo Harga masuk Kawah Tengkurep berapa ya kak? dong kak,ask_ticket_price
Halo wisata tersembunyi di palembang? nih,ask_hidden_gems
fasilitas apa saja di OPI Mall?,ask_facilities
Kak Flight tickets to Bali deh,ask_unrelated
Halo Palembang punya wisata alam apa? ya,ask_category
Min siap kak,provide_feedback
Eh Pagi-pagi Palembang Icon sudah buka belum? dong kak,ask_operating_hours
Describe Kampung Kapitan,ask_destination_info
Halo ceritain PIM dong kak dong kak,ask_destination_info
Tiket Museum Balaputra Dewa berapa sih?,ask_ticket_price
Mau nanya dong Wisata yang cocok untuk keluarga ya,ask_recommendation
"Mau explore Palembang pakai LRT, kemana aja bisa?",ask_lrt_destinations
Halo Wisata apa yang recommended di Palembang sih,ask_recommendation
Bang Palembang Trade Center ramah anak gak?,ask_facilities
Bang thanks udah bantu ya,goodbye
Maaf mau tanya maaf mau tanya sih,greet
Kak palembang punya taman apa? dong kak,ask_category
Mau minta saran wisata Palembang,ask_recommendation
Mau cari wisata alam di Palembang,ask_category
Apakah Ampera dekat LRT?,ask_lrt_destinations
Permisi Permisi dong kak,greet
Maaf mau tanya Berguna banget deh,provide_feedback
Hey Does Palembang Trade Center have a mosque please,ask_facilities
Bang Wisata Palembang yang aesthetic tapi sepi? ya,ask_hidden_gems
Kapan sih Kampung Kapitan buka?,ask_operating_hours
Taman Kebon Rojo itu apa?,ask_destination_info
Arah ke SMB gimana?,ask_location_access
Halo Python atau Java lebih bagus? nih,ask_unrelated
Jakabaring terkenal karena apa? nih,ask_destination_info
Kak Okay thanks? sih,goodbye
Review tentang KI,ask_destination_info
Is admission to Grand Mosque of Palembang free?,ask_ticket_price
Maaf mau tanya jos nih,provide_feedback
Maaf mau tanya Which tourist spots are near LRT stations sih,ask_lrt_destinations
Apakah Kampung Kapitan buka hari Minggu?,ask_operating_hours
Kampung Kapitan fasilitasnya apa aja?,ask_facilities
Mau nanya dong Wisata outdoor Palembang sih,ask_category
Min mau tanya dong kak harga tiket Palembang Trade Center deh,ask_ticket_price
Eh Wisata wisata kuliner di Palembang apa aja? deh,ask_category
Maaf mau tanya Is Jembatan Ampera Bridge open today ya kak,ask_operating_hours
Min Kak ada taman gak di Palembang nih,ask_category
Masjid Cheng Ho terkenal karena apa?,ask_destination_info
Mau tanya dong kak harga tiket SMB II,ask_ticket_price
Halo Benteng Kuto Besak gratis gak sih? deh,ask_ticket_price
Mau nanya dong Info tentang Masjid Cheng Ho,ask_destination_info
Arah ke Pasar 16 Ilir gimana?,ask_location_access
Min destinasi yang lrt accessible? sih,ask_lrt_destinations
Info fasilitas Taman Kebon Rojo dong,ask_facilities
Maaf mau tanya Ada wisata yang jarang orang tau? ya kak,ask_hidden_gems
Permisi Tempat wisata yang dilalui LRT nih,ask_lrt_destinations
Bang Tempat wisata alternatif Palembang? ya,ask_hidden_gems
Eh Mau jalan-jalan pakai LRT bisa kemana sih,ask_lrt_destinations
Min mau cari museum di palembang deh,ask_category
Mau nanya dong Is Kampung Kapitan Island child-friendly nih,ask_facilities
asal usul Ampera ini gimana ceritanya?,ask_destination_info
"Kak Hello, I'm looking for help? dong kak",greet
Permisi Wisata taman di Palembang apa aja dong kak,ask_category
Tell me about Punti Kayu Forest,ask_destination_info
Rekomendasi hidden gems dong kak,ask_hidden_gems
Kampung Kapitan ramah anak gak?,ask_facilities
Min dari mana ke Jakabaring? deh,ask_location_access
wisata palembang yang populer apa? dong,ask_recommendation
Halo wassalamualaikum nih,goodbye
Info fasilitas Benteng Kuto Besak dong,ask_facilities
Permisi Wisata yang aksesnya lewat LRT apa aja? dong kak,ask_lrt_destinations
Jakabaring Sport City buka sampai malam gak?,ask_operating_hours
Please What are the iconic places in Palembang,ask_recommendation
Maaf mau tanya sip lanjut kak sih,provide_feedback
Kira-kira harga tiket Jembatan Ampera berapa?,ask_ticket_price
Bang Rekomendasi hidden gems dong kak dong kak,ask_hidden_gems
"Hi, I'm visiting Palembang",greet
Bang Kalo hari Sabtu Jakabaring buka ya,ask_operating_hours
kenapa orang-orang suka ke Kemaro?,ask_destination_info
Oke paham? ya kak,provide_feedback
Eh Min info wisata dekat LRT dong dong,ask_lrt_destinations
Eh wisata untuk anak-anak di palembang?,ask_recommendation
Eh Kenapa Taman Kambang Iwak Besak terkenal ya,ask_destination_info
Halo Ada wifi di SMB II? dong,ask_facilities
Maaf mau tanya Waalaikumsalam? dong kak,greet
Halo Good info nih,provide_feedback
"Kak Hello, is anyone available sih",greet
Is Al-Munawar Arab Village open today?,ask_operating_hours
History of Punti Kayu Forest?,ask_destination_info
Eh ada gak wisata yang masih asri di palembang? ya,ask_hidden_gems
Bang Lokasi Pulau Kemaro dimana kak nih,ask_location_access
Permisi 5 stars? ya,provide_feedback
Permisi info lengkap SMB dong dong kak,ask_destination_info
I want to know how to get a visa??,ask_unrelated
Bang Well explained?,provide_feedback
Unexplored attractions in Palembang?,ask_hidden_gems
Mau cari wisata sejarah di Palembang,ask_category
Min chatbot nya bagus ya,provide_feedback
I want to know What are the operating hours of Sultan Mahmud Badaruddin II Museum? please,ask_operating_hours
"Hi, where is Kambang Iwak bridge? thanks",ask_location_access
Jadwal buka Palembang Square kapan ya?,ask_operating_hours
Al-Munawar bayar berapa?,ask_ticket_price
Maaf mau tanya directions to sultan mahmud badaruddin ii museum? dong,ask_location_access
Bang Ke Bukit Siguntang bayar berapa ya? ya kak,ask_ticket_price
Facilities at Jakabaring Sport City?,ask_facilities
Maaf mau tanya Mau jalan-jalan di Palembang kemana ya?,ask_recommendation
"Hello, Where to go in Palembang??",ask_recommendation
Maaf mau tanya akar kuadrat dari 144? nih,ask_unrelated
Permisi Food tourism in Palembang deh,ask_category
Rekomendasi wisata untuk liburan singkat,ask_recommendation
Mau nanya dong Fasilitas umum di Kampung Kapitan apa aja dong,ask_facilities
Maaf mau tanya Apa itu machine learning sih,ask_unrelated
What days is Kampung Kapitan open?,ask_operating_hours
Eh jawabannya memuaskan ya,provide_feedback
SMB II buka sampai malam gak?,ask_operating_hours
Kak Fasilitas PIM lengkap gak? ya kak,ask_facilities
Halo 1+1 berapa sih,ask_unrelated
"Eh Hi, first time in Palembang",greet
Bang kayak apa sih tempatnya? sih,ask_destination_info
"Excuse me, Suggest places for sightseeing in Palembang? thanks",ask_recommendation
Eh apakah SMB buka 24 jam? nih,ask_operating_hours
Halo Mau tanya jam operasional Kampung Arab Al-Munawar ya kak,ask_operating_hours
Permisi Kak fasilitas Ampera apa aja ya sih,ask_facilities
Dari mana ke Palembang Square?,ask_location_access
Halo bot,greet
Kak Oke makasih kak sangat membantu sih,goodbye
What's the location of Ampera Bridge?,ask_location_access
Eh Undiscovered places in Palembang deh,ask_hidden_gems
Min Min alamat Taman Kambang Iwak Besak apa ya nih,ask_location_access
Kapan Bukit Siguntang buka?,ask_operating_hours
"Hi, Where can I go by LRT for sightseeing? please",ask_lrt_destinations
Maaf mau tanya Tempat wisata yang jarang dikunjungi di Palembang? ya,ask_hidden_gems
Wisata yang paling sering dikunjungi?,ask_recommendation
Min Salam kenal deh,greet
Maaf mau tanya cerita sejarah Al-Munawar dong sih,ask_destination_info
Best things to do in Palembang?,ask_recommendation
Kak Makasih ya dong kak,goodbye
Min Sampai jumpa? dong,goodbye
Bang P? deh,greet
Bang Wisata yang aksesnya lewat LRT apa aja,ask_lrt_destinations
Permisi Baik terima kasih? dong kak,goodbye
Apakah KI buka 24 jam?,ask_operating_hours
Halo Makasih infonya ya kak,goodbye
Permisi Min kasih tau hidden gems Palembang dong,ask_hidden_gems
Halo Wisata Bali yang bagus? dong,ask_unrelated
Kak Is there parking? deh,ask_facilities
Permisi Infonya detail banget? ya kak,provide_feedback
Rekomendasi wisata sejarah Palembang,ask_category
Kak Tempat wisata bertema budaya Melayu? ya kak,ask_category
Min Saranin wisata di Palembang dong nih,ask_recommendation
Min 1+1 berapa? ya,ask_unrelated
Permisi When does Hutan Wisata Punti Kayu close? dong,ask_operating_hours
di Amanzi Waterpark itu kita bisa ngapain aja?,ask_destination_info
What are the iconic places in Palembang??,ask_recommendation
Maaf mau tanya non-touristy places in palembang? deh,ask_hidden_gems
Halo Ada mushola di Jakabaring nih,ask_facilities
Kak Fasilitas apa saja di PTC? nih,ask_facilities
I want to know Exactly what I needed? please,provide_feedback
fasilitas KI lengkap gak? dong kak,ask_facilities
Maaf mau tanya tempat keren tapi belum terkenal di palembang? sih,ask_hidden_gems
Eh Jadwal buka Kawah Tengkurep kapan ya ya kak,ask_operating_hours
Bang historical sites places in Palembang? ya,ask_category
Maaf mau tanya mau tau sejarah Pasar 16 Ilir dong,ask_destination_info
Cara bikin cuko pempek ya kak,ask_unrelated
Pulau Kemaro ada kantin gak?,ask_facilities
Kak Saran tempat wisata di Palembang nih,ask_recommendation
Eh makasih dong,goodbye
Kak dimana ya Jakabaring Sport City?,ask_location_access
Halo kasih rekomendasi wisata dong kak sih,ask_recommendation
Please Where can I find culinary tourism in Palembang??,ask_category
Tiket masuk SMB berapa?,ask_ticket_price
Rekomendasikan tempat wisata di Palembang ya,ask_recommendation
Halo Tempat wisata alternatif Palembang nih,ask_hidden_gems
Tempat taman di Palembang?,ask_category
Info masjid Palembang dong,ask_category
Halo Any culinary tourism in Palembang? ya kak,ask_category
unique places to visit in palembang??,ask_hidden_gems
What's special about Benteng Kuto Besak?,ask_destination_info
Apakah PIM gratis?,ask_ticket_price
Mau nanya dong Kalo hari Sabtu Masjid Agung Palembang buka nih,ask_operating_hours
What time does Benteng Kuto Besak open?,ask_operating_hours
Eh Kasih rekomendasi wisata dong kak? ya kak,ask_recommendation
Bang Can someone help me deh,greet
Permisi suka sama aplikasinya,provide_feedback
Halo Bang ya,greet
Kak Tempat wisata sejarah di Palembang? ya kak,ask_category
Siguntang buka sampai malam gak?,ask_operating_hours
Eh Infonya akurat sih,provide_feedback
Noted kak? ya,provide_feedback
Selamat siang,greet
Bisa naik angkot ke Al-Munawar?,ask_location_access
Bang Punti Kayu lokasinya dimana? dong,ask_location_access
Tempat wisata yang jarang dikunjungi di Palembang ya kak,ask_hidden_gems
Can you tell me off the beaten path places in palembang? please,ask_hidden_gems
Mau nanya dong Kamu robot ya deh,ask_unrelated
Min Canggih botnya deh,provide_feedback
Eh popular tourist spots in palembang? dong kak,ask_recommendation
Halo Best places to visit by LRT ya kak,ask_lrt_destinations
Palembang Square ramah anak gak?,ask_facilities
Price to enter Al-Munawar Arab Village?,ask_ticket_price
Permisi Fasilitas umum di Amanzi apa aja? sih,ask_facilities
Maaf mau tanya Palembang LRT tourism destinations ya,ask_lrt_destinations
Maaf mau tanya Siang,greet
Facilities?,ask_facilities
What's the entrance fee at Al-Munawar Arab Village?,ask_ticket_price
Ada mushola di Jakabaring Sport City?,ask_facilities
ada apa aja sih di Benteng Kuto Besak?,ask_destination_info
Mau nanya dong info wisata budaya palembang dong dong kak,ask_category
Mau nanya dong kak ada wisata budaya gak di palembang?,ask_category
"Permisi thanks, see you next time",goodbye
Cara menuju Al Quran Al Akbar gimana?,ask_location_access
Please Is SMB near an LRT station?,ask_lrt_destinations
Min Wisata yang gampang dijangkau LRT? deh,ask_lrt_destinations
Permisi rekomendasi hidden gems dong kak ya kak,ask_hidden_gems
Eh Excellent information sih,provide_feedback
well explained nih,provide_feedback
What time does Kemaro Island open?,ask_operating_hours
Maaf mau tanya mau tau tentang SMB II dong kak,ask_destination_info
Tiket PIM berapa sih?,ask_ticket_price
Maaf mau tanya Greetings,greet
Kasih pantun dong? ya kak,ask_unrelated
Berapa harga tiket masuk Ampera?,ask_ticket_price
Mau nanya dong Thanks nih,goodbye
Kak jam operasional Fantasy Island? nih,ask_operating_hours
Halo Alternative tourist spots in Palembang ya kak,ask_hidden_gems
Halo Alamat lengkapnya?,ask_location_access
Kak Wisata weekend di Palembang? ya,ask_recommendation
What are the iconic places in Palembang?,ask_recommendation
Min jawabannya cepat sih,provide_feedback
Min aku lagi ngomong sama komputer ya? sih,ask_unrelated
Eh Jadwal buka Amanzi Waterpark kapan ya,ask_operating_hours
Ceritain Taman Kebon Rojo dong kak,ask_destination_info
Eh Akses ke KI mudah gak,ask_location_access
Mau nanya dong wisata palembang yang lrt friendly? ya,ask_lrt_destinations
which places can i visit using lrt? thanks,ask_lrt_destinations
"Hello, What days is Jakabaring Island open??",ask_operating_hours
Mau nanya dong mau tanya jam operasional Kemaro sih,ask_operating_hours
gimana Palembang Square? dong kak,ask_destination_info
Dari jam berapa Amanzi Waterpark buka?,ask_operating_hours
Min top tourist attractions in palembang? nih,ask_recommendation
Min Cara bikin cuko pempek deh,ask_unrelated
Permisi Menarik gak OPI Mall? ya kak,ask_destination_info
Halo ada tempat wisata baru di palembang? nih,ask_hidden_gems
Bang Food tourism in Palembang? ya kak,ask_category
Permisi ada mushola di Museum Sultan Mahmud Badaruddin II? dong,ask_facilities
Hey how to learn programming? please,ask_unrelated
Min Info jam buka Masjid Cheng Ho dong dong kak,ask_operating_hours
Kak Dimana lokasi Jakabaring? nih,ask_location_access
Bang Info fasilitas Kampung Kapitan dong dong kak,ask_facilities
"Hi, Does Pasar 16 Ilir Bridge have a mosque? please",ask_facilities
"Excuse me, Facilities at Grand Mosque of Palembang??",ask_facilities
Hello bot,greet
Bang membantu banget kak ya kak,provide_feedback
Maaf mau tanya 5 stars? sih,provide_feedback
Kak Tempat wisata yang bisa diakses LRT? ya,ask_lrt_destinations
Kak who are you? deh,ask_unrelated
Bang Mau tanya fasilitas di Palembang Icon?,ask_facilities
Bayar berapa kalo masuk PTC?,ask_ticket_price
Info wisata kuliner Palembang dong,ask_category
Maaf mau tanya Kenapa SMB terkenal nih,ask_destination_info
update harga tiket Siguntang dong,ask_ticket_price
Min Info wisata sejarah Palembang dong? dong,ask_category
I want to know What's the capital of France??,ask_unrelated
Eh misi dong,greet
Kak Mau ke Amanzi lewat mana dong,ask_location_access
thanks ya kak,goodbye
Ada wifi di Palembang Icon?,ask_facilities
Tiket pesawat ke Bali berapa?,ask_unrelated
"Hi, Who is the president of Indonesia??",ask_unrelated
I want to know Is BKB open in the morning? thanks,ask_operating_hours
Bang mau jalan-jalan pakai lrt bisa kemana? dong kak,ask_lrt_destinations
Eh Keren sih ini botnya nih,provide_feedback
Bagaimana cara belajar coding?,ask_unrelated
"Hi, where can i go by lrt for sightseeing? thanks",ask_lrt_destinations
Halo top tourist attractions in palembang? ya kak,ask_recommendation
Permisi Haii? sih,greet
Maaf mau tanya wisata palembang yang aesthetic tapi sepi?,ask_hidden_gems
Details about Al-Munawar Arab Village?,ask_destination_info
Taman Kambang Iwak Besak tutup jam berapa?,ask_operating_hours
Please How to learn programming?,ask_unrelated
Halo Nice info deh,provide_feedback
Min Appreciate it?,goodbye
Permisi What's special about BKB Island? dong,ask_destination_info
Eh Aplikasinya keren? sih,provide_feedback
Permisi wisata anti mainstream palembang? dong kak,ask_hidden_gems
Permisi posisi Amanzi Waterpark dimana ya? sih,ask_location_access
Maaf mau tanya Assalamualaikum min? dong,greet
What facilities are available at Kambang Iwak Park?,ask_facilities
"Hello, How to lose weight? thanks",ask_unrelated
Halo Bang tiket Pulau Kemaro berapa?,ask_ticket_price
Sejarahnya gimana?,ask_destination_info
Bang oke mantap kak deh,goodbye
Jakabaring deket stasiun LRT mana?,ask_location_access
Permisi Hi bot? sih,greet
cara menuju Ampera gimana? deh,ask_location_access
Permisi Menarik gak Monpera ya kak,ask_destination_info
Maaf mau tanya Sip lanjut kak dong kak,provide_feedback
Halo bye for now sih,goodbye
Mau nanya dong Bagaimana cara move on ya kak,ask_unrelated
Wisata yang belum banyak orang tau di Palembang? nih,ask_hidden_gems
Destinasi rahasia Palembang?,ask_hidden_gems
Kapan sih OPI Mall buka?,ask_operating_hours
Maaf mau tanya Tempat yang underrated di Palembang? ya,ask_hidden_gems
Kayak apa sih Palembang Square?,ask_destination_info
Permisi Wisata baru yang belum terkenal sih,ask_hidden_gems
Kak Palembang Square di mana ya dong kak,ask_location_access
Maaf mau tanya oke bagus ya kak,provide_feedback
Permisi Wisata apa yang recommended di Palembang ya kak,ask_recommendation
Min ada mushola di Museum Balaputra Dewa? sih,ask_facilities
Bang Apakah Jakabaring dekat stasiun LRT sih,ask_lrt_destinations
Kak very detailed deh,provide_feedback
Kawah Tengkurep ramah anak gak?,ask_facilities
Kak 5 bintang deh? deh,provide_feedback
Eh SMB ada kantin gak? ya,ask_facilities
Halo naik apa ke Pulau Kemaro? nih,ask_location_access
Info tentang Punti Kayu,ask_destination_info
Permisi Ada fasilitas apa dong,ask_facilities
Please Is Kambang Iwak near an LRT station? please,ask_lrt_destinations
Eh Tempat wisata yang jarang dikunjungi di Palembang nih,ask_hidden_gems
Please who is the president of indonesia??,ask_unrelated
Bang Alright thanks?,goodbye
Eh Well explained?,provide_feedback
Permisi Wisata sepi tapi bagus di Palembang?,ask_hidden_gems
What's the entry fee?,ask_ticket_price
thanks for the info,provide_feedback
Yang termasuk masjid apa aja?,ask_category
Mau nanya dong mau cari wisata sejarah di palembang nih,ask_category
Tourist spots along LRT route?,ask_lrt_destinations
Permisi Ada fasilitas apa di Kambang Iwak,ask_facilities
Eh Amazing response deh,provide_feedback
Great info,provide_feedback
Selamat pagi,greet
Jawaban yang sangat membantu,provide_feedback
Tempat wisata yang jarang dikunjungi di Palembang? dong,ask_hidden_gems
Kak mau tanya nih ya kak,greet
Kak Apa arti cinta? dong,ask_unrelated
Maaf mau tanya hidden gems di palembang apa? ya,ask_hidden_gems
"Hello, Is admission to Kampung Arab Al-Munawar Bridge free please",ask_ticket_price
Alamat lengkap Kampung Arab Al-Munawar?,ask_location_access
Maaf mau tanya Jawabannya cepat sih,provide_feedback
What's the location of Al-Munawar Arab Village?,ask_location_access
Bang Hidden gems in Palembang deh,ask_hidden_gems
Maaf mau tanya Rekomendasi hidden gems dong kak ya,ask_hidden_gems
Kak dimana ya Museum Balaputra Dewa?,ask_location_access
Cultural attractions in Palembang?,ask_category
Bang what's the weather today?,ask_unrelated
Palembang Icon deket stasiun LRT mana?,ask_location_access
"Mau nanya dong Hi, I'm visiting Palembang dong",greet
Maaf mau tanya kenapa orang-orang suka ke Pasar 16 Ilir? ya kak,ask_destination_info
Permisi Wisata yang gak pasaran di Palembang nih,ask_hidden_gems
Min Penjelasannya bagus kak sih,provide_feedback
Maaf mau tanya Posisi Jakabaring dimana ya dong,ask_location_access
"Min hello, i'm a tourist dong kak",greet
"Hello, What's the location of PTC Forest?",ask_location_access
Permisi Responnya cepat ya? dong kak,provide_feedback
Smart bot,provide_feedback
Mau nanya dong Arah ke Al Quran Al Akbar gimana? ya kak,ask_location_access
Baiklah terima kasih banyak,goodbye
Halo Tolong kasih tau wisata dekat LRT? sih,ask_lrt_destinations
Bang Destinasi rahasia Palembang? dong kak,ask_hidden_gems
Ada rekomendasi wisata gak?,ask_recommendation
Nature spots in Palembang?,ask_category
Halo alamat Kawah Tengkurep dimana? ya,ask_location_access
Maaf mau tanya bye bye ya kak,goodbye
thanks for your help,goodbye
Arah ke Hutan Wisata Punti Kayu gimana?,ask_location_access
Kak Famous places in Palembang,ask_recommendation
Bayar berapa kalo masuk Ampera?,ask_ticket_price
Permisi museums places in palembang? deh,ask_category
Kak ada wisata alam gak di Palembang?,ask_category
Pagi-pagi Bukit Siguntang sudah buka belum?,ask_operating_hours
Udah itu aja kak makasih,goodbye
Kak fasilitas Palembang Trade Center apa aja ya?,ask_facilities
Dadah kak? dong,goodbye
Bang ada wifi di Ampera? dong kak,ask_facilities
What is AI?,ask_unrelated
Why is Jakabaring Sport City famous?,ask_destination_info
Mau nanya dong Recommend tourist places in Palembang? ya kak,ask_recommendation
Kak Bye? dong kak,goodbye
Maaf mau tanya Kak fasilitas Taman Kambang Iwak Besak apa aja ya? dong kak,ask_facilities
Maaf mau tanya Thanks a lot,goodbye
Halo Sampai jumpa lagi? ya kak,goodbye
Berapa ya tiket OPI Mall?,ask_ticket_price
Weekday Pulau Kemaro buka jam berapa?,ask_operating_hours
Min Akar kuadrat dari 144 nih,ask_unrelated
Eh Ticket price for Sultan Mahmud Badaruddin II Museum ya kak,ask_ticket_price
Permisi Destinasi yang dekat stasiun LRT,ask_lrt_destinations
"Hey, can I ask a question?",greet
Describe Al-Munawar Arab Village,ask_destination_info
Halo bayar berapa kalo masuk Pulau Kemaro? sih,ask_ticket_price
Tourist recommendations for Palembang? deh,ask_recommendation
Min malam min deh,greet
Maaf mau tanya Amanzi berbayar atau gratis? ya kak,ask_ticket_price
Halo bang tiket Jakabaring berapa?,ask_ticket_price
Permisi Jos sih,provide_feedback
Can you tell me Who is the president of Indonesia,ask_unrelated
Permisi makasih atas bantuannya ya,goodbye
Where can I find parks in Palembang?,ask_category
ada mushola di Masjid Cheng Ho?,ask_facilities
Mau nanya dong That makes sense ya kak,provide_feedback
Apakah Ampera dekat stasiun LRT?,ask_lrt_destinations
Kak Min kasih tau hidden gems Palembang? dong,ask_hidden_gems
Kak bayar berapa kalo masuk Amanzi Waterpark? nih,ask_ticket_price
Facilities at Monpera?,ask_facilities
Halo fasilitas apa saja di SMB?,ask_facilities
Kak rekomendasiin dong wisata di Palembang,ask_recommendation
Saranin wisata di Palembang dong,ask_recommendation
Yang termasuk wisata kuliner apa aja?,ask_category
Bang makasih ya,goodbye
Howdy,greet
Permisi wisata yang cocok untuk keluarga? sih,ask_recommendation
Can you tell me off the beaten path places in palembang??,ask_hidden_gems
Jadwal buka Benteng Kuto Besak kapan ya?,ask_operating_hours
Kak Hutan Wisata Punti Kayu buka jam berapa ya?,ask_operating_hours
Thanks infonya? nih,goodbye
Mau nanya dong Pasar 16 Ilir dekat stasiun LRT mana? dong,ask_lrt_destinations
Halo kenapa orang-orang suka ke Kampung Kapitan? ya kak,ask_destination_info
Siapa penemu lampu ya kak,ask_unrelated
Halo tempat yang belum terkenal di palembang? deh,ask_hidden_gems
Palembang punya masjid apa?,ask_category
Kak Pagi kak? dong,greet
any cultural tourism in palembang? ya,ask_category
Kak P deh,greet
Permisi Sampai jumpa?,goodbye
Maaf mau tanya Siguntang lokasinya dimana? dong,ask_location_access
Destinasi tersembunyi Palembang ada gak? deh,ask_hidden_gems
Halo Oke terima kasih jawabannya? ya kak,provide_feedback
destinasi tersembunyi palembang ada gak? deh,ask_hidden_gems
Eh Fantasy Island ada tempat istirahat? ya kak,ask_facilities
Min What's the time dong,ask_unrelated
Please what facilities are there? please,ask_facilities
Please When is Jakabaring open please,ask_operating_hours
"Excuse me, What to see in Palembang thanks",ask_recommendation
Halo Ada yang aktif? sih,greet
Permisi Wah keren infonya dong,provide_feedback
Cara mengobati flu?,ask_unrelated
Tolong kasih tau wisata dekat LRT,ask_lrt_destinations
Maaf mau tanya ada wifi di Amanzi Waterpark? ya kak,ask_facilities
Kak is Taman Kebon Rojo island open on weekends? sih,ask_operating_hours
Halo Popular tourist spots in Palembang dong kak,ask_recommendation
Permisi Pagi-pagi Palembang Square sudah buka belum deh,ask_operating_hours
Permisi Best universities in Indonesia? sih,ask_unrelated
Eh apa obat sakit kepala? dong kak,ask_unrelated
Halo Jadwal kereta api Jakarta? nih,ask_unrelated
Fasilitas umum di Monpera apa aja?,ask_facilities
Halo Alamatnya dimana? sih,ask_location_access
Eh Recommend historical sites in Palembang dong,ask_category
Maaf mau tanya dimana lokasi Pasar 16 Ilir? dong,ask_location_access
akar kuadrat dari 144? ya,ask_unrelated
Dari pusat kota ke Museum Balaputra Dewa berapa lama?,ask_location_access
Permisi wisata baru yang belum terkenal? deh,ask_hidden_gems
Ceritain Al Quran Al Akbar dong kak,ask_destination_info
Mau nanya dong Thanks udah bantu ya?,goodbye
I want to know What are the best places to visit in Palembang thanks,ask_recommendation
Halo What's the address? nih,ask_location_access
Min kamu manusia apa robot? dong,ask_unrelated
What's the meaning of life?,ask_unrelated
Mau nanya dong Apa yang menarik dari Bukit Siguntang deh,ask_destination_info
Min perfect dong,provide_feedback
Berapa harga tiket masuk Monpera?,ask_ticket_price
OPI Mall ada area bermain anak?,ask_facilities
Permisi kamu manusia apa robot dong,ask_unrelated
Kak fasilitas Taman Kambang Iwak Besak apa aja ya? deh,ask_facilities
Maaf mau tanya Malam? dong kak,greet
"Excuse me, What days is Kampung Kapitan open??",ask_operating_hours
Permisi Kawah Tengkurep buka hari apa aja? ya,ask_operating_hours
Halo Ada mushola di Al Quran Al Akbar nih,ask_facilities
"Excuse me, What should I visit in Palembang? thanks",ask_recommendation
wisata edukasi di palembang? sih,ask_category
Amanzi buka jam berapa?,ask_operating_hours
Permisi wisata palembang yang populer apa? dong kak,ask_recommendation
Halo weekday Benteng Kuto Besak buka jam berapa? nih,ask_operating_hours
Kak religious tourism places in Palembang,ask_category
Asalamualaikum,greet
Permisi halo deh,greet
Pulau Kemaro lokasinya dimana?,ask_location_access
I want to know What are the iconic places in Palembang thanks,ask_recommendation
Mau nanya dong Enaknya kemana ya di Palembang nih,ask_recommendation
Maaf mau tanya Sangat membantu,provide_feedback
Mau nanya dong Benteng Kuto Besak ada tempat istirahat dong,ask_facilities
Siapa pemenang Liga Champions?,ask_unrelated
Mau nanya dong What time does Al Quran Al Akbar close ya,ask_operating_hours
Permisi Palembang Trade Center ada area bermain anak? sih,ask_facilities
Halo Tempat bersejarah apa aja sih,ask_category
"Kak Thanks, see you next time dong kak",goodbye
Bang tiket Al-Munawar berapa?,ask_ticket_price
Min Min info wisata dekat LRT dong? dong,ask_lrt_destinations
Kambang Iwak bagus gak?,ask_destination_info
Eh Jadwal sholat hari ini ya kak,ask_unrelated
Ada wisata kuliner di Palembang?,ask_category
Eh apakah Benteng Kuto Besak dekat stasiun lrt? ya,ask_lrt_destinations
Halo Halo siapa di sini? ya kak,greet
Permisi sampai ketemu lagi deh,goodbye
Hotel murah di Jakarta?,ask_unrelated
Maaf mau tanya LRT friendly tourist destinations?,ask_lrt_destinations
Min 1+1 berapa sih,ask_unrelated
"Hello, Can I take public transport to Kawah Tengkurep Forest?",ask_location_access
Selamat pagi ya kak,greet
Kira-kira harga tiket Hutan Wisata Punti Kayu berapa?,ask_ticket_price
Eh hai tanyakito ya kak,greet
Apa yang menarik dari Taman Kambang Iwak Besak dong kak,ask_destination_info
facilities at Siguntang park? ya kak,ask_facilities
Bukit Siguntang ada di daerah mana?,ask_location_access
Permisi naik lrt bisa ke wisata mana aja? nih,ask_lrt_destinations
Kak jawabannya memuaskan ya,provide_feedback
Eh terima kasih sangat membantu dong,goodbye
Min Ada wisata yang jarang orang tau ya,ask_hidden_gems
arah ke Ampera gimana? dong,ask_location_access
Halo LRT friendly tourist destinations ya kak,ask_lrt_destinations
Good answer,provide_feedback
Bot nya pintar ya dong kak,provide_feedback
Maaf mau tanya mau cari wisata religi di palembang ya kak,ask_category
Permisi aku lagi sedih nih dong,ask_unrelated
terima kasih infonya ya kak,goodbye
Permisi bayar berapa kalo masuk Amanzi? dong kak,ask_ticket_price
Apakah Siguntang gratis?,ask_ticket_price
Maaf mau tanya Very informative? dong,provide_feedback
"Hello, What destinations are accessible by LRT? thanks",ask_lrt_destinations
Halo underrated tourist spots in palembang? nih,ask_hidden_gems
Mau nanya dong Wisata tersembunyi di Palembang? ya,ask_hidden_gems
Jakabaring Sport City buka hari apa aja?,ask_operating_hours
Any nature tourism in Palembang?,ask_category
Eh Destinasi wisata LRT Palembang dong,ask_lrt_destinations
"Hello, what nature tourism are in palembang? thanks",ask_category
Min Alternative tourist spots in Palembang? sih,ask_hidden_gems
Halo Hey there ya kak,greet
KI ada kantin gak?,ask_facilities
Maaf mau tanya tempat taman di palembang? nih,ask_category
Bang Ada masjid di Palembang nih,ask_category
Min Undiscovered places in Palembang,ask_hidden_gems
Eh Rute ke Bukit Siguntang gimana? deh,ask_location_access
Min Ada gak wisata yang masih asri di Palembang ya kak,ask_hidden_gems
Mau tau tentang Kambang Iwak,ask_destination_info
Halo destinasi kategori alam? nih,ask_category
Halo Oke noted makasih? nih,goodbye
Halo LRT bisa ke Jakabaring gak dong,ask_lrt_destinations
Apakah Kampung Kapitan gratis?,ask_ticket_price
ada apa aja sih di Siguntang?,ask_destination_info
Eh Jadwal sholat hari ini deh,ask_unrelated
Maaf mau tanya LRT bisa ke Kambang Iwak gak? dong kak,ask_lrt_destinations
Dari jam berapa BKB buka?,ask_operating_hours
Halo Terima kasih sangat membantu nih,goodbye
Halo Halo kak mau nanya dong ya,greet
Eh cara masak rendang gimana?,ask_unrelated
Mau nanya dong Kapan Monpera buka? sih,ask_operating_hours
Halo Nais? ya kak,provide_feedback
Bang Oke segitu dulu deh,goodbye
Harga masuk Museum Sultan Mahmud Badaruddin II berapa ya kak?,ask_ticket_price
How do I get there?,ask_location_access
Min information about Amanzi Waterpark forest dong kak,ask_destination_info
Berapa ya tiket Fantasy Island?,ask_ticket_price
Halo Thanks nih,goodbye
Permisi LRT accessible tourist spots in Palembang nih,ask_lrt_destinations
Halo Resep nasi goreng dong? ya,ask_unrelated
Is admission to Kambang Iwak Park free?,ask_ticket_price
Monpera buka jam berapa?,ask_operating_hours
Akar kuadrat dari 144?,ask_unrelated
Bang Aku bosan dong,ask_unrelated
Kak tutup jam berapa? ya kak,ask_operating_hours
Bang jawaban yang sangat membantu nih,provide_feedback
Bang weekday Amanzi buka jam berapa? ya,ask_operating_hours
Mau nanya dong Wisata yang gak pasaran di Palembang ya,ask_hidden_gems
"Maaf mau tanya Mau keliling Palembang naik LRT, kemana aja dong",ask_lrt_destinations
Halo Tips belajar bahasa Inggris deh,ask_unrelated
Halo TanyaKito,greet
Min malam sih,greet
Fasilitas Pulau Kemaro lengkap gak?,ask_facilities
Bang makasih udah bantu nih,goodbye
Bagaimana cara move on?,ask_unrelated
Kak Posisi Kambang Iwak dimana ya? ya kak,ask_location_access
Dimana lokasi Taman Kambang Iwak Besak?,ask_location_access
Maaf mau tanya alternative tourist spots in palembang? nih,ask_hidden_gems
Bang good answer sih,provide_feedback
Maaf mau tanya Quiet but beautiful places in Palembang? ya,ask_hidden_gems
Dimana lokasi Masjid Cheng Ho?,ask_location_access
Hey bot,greet
Tiket masuk PIM berapa?,ask_ticket_price
Mau nanya dong Makasih ya kak sangat berguna infonya dong kak,goodbye
Bang Bye for now dong,goodbye
Kak oke mantul ya kak,provide_feedback
Is there an entry fee for Benteng Kuto Besak?,ask_ticket_price
Bisa naik LRT ke Kambang Iwak?,ask_lrt_destinations
Hutan Wisata Punti Kayu ada area bermain anak?,ask_facilities
Hey Is Masjid Cheng Ho near an LRT station? thanks,ask_lrt_destinations
Halo wisata yang belum banyak orang tau di palembang? ya,ask_hidden_gems
Permisi Thank you ya,goodbye
Permisi Rekomendasi hidden gems dong kak dong kak,ask_hidden_gems
Maaf mau tanya hello,greet
Berapa biaya masuk ke Siguntang?,ask_ticket_price
Permisi ada wifi di Kemaro? ya kak,ask_facilities
"Maaf mau tanya Thank you, goodbye? dong kak",goodbye
Maaf mau tanya wisata yang bisa dikunjungi sehari deh,ask_recommendation
Haai,greet
Mau tau sejarah Ampera,ask_destination_info
Wisata outdoor Palembang?,ask_category
responnya cepat ya deh,provide_feedback
Mau nanya dong Wisata baru yang belum terkenal? dong,ask_hidden_gems
Mau nanya dong Canggih botnya ya kak,provide_feedback
Kak Pulau Kemaro buka jam berapa ya,ask_operating_hours
Maaf mau tanya Wisata murah yang bisa naik LRT? ya,ask_lrt_destinations
Berapa duit masuk Kampung Arab Al-Munawar?,ask_ticket_price
Kak Awesome thanks? dong,goodbye
Price to enter Sultan Mahmud Badaruddin II Museum?,ask_ticket_price
Halo Mantap dong kak,provide_feedback
Bisa naik angkot ke SMB?,ask_location_access
Permisi parks places in Palembang ya,ask_category
Bisa naik angkot ke Masjid Cheng Ho?,ask_location_access
Mau nanya dong membantu banget kak,provide_feedback
Mau nanya dong Palembang punya wisata kuliner apa? nih,ask_category
when does Kambang Iwak arab village close? deh,ask_operating_hours
Kambang Iwak buka sampai malam gak?,ask_operating_hours
Kak Min info wisata dekat LRT dong dong,ask_lrt_destinations
Min Ke Kambang Iwak bayar berapa ya? sih,ask_ticket_price
Describe Sultan Mahmud Badaruddin II Museum,ask_destination_info
Mau nanya dong lowongan kerja di palembang? ya kak,ask_unrelated
Eh Wisata baru yang belum terkenal? dong kak,ask_hidden_gems
Min makasih infonya dong kak,goodbye
Kak location of Taman Kebon Rojo? nih,ask_location_access
Permisi What's 2+2? deh,ask_unrelated
historical sites places in Palembang?,ask_category
Halo very informative dong kak,provide_feedback
Bang Kapan sih SMB II buka?,ask_operating_hours
Mau nanya dong sudah cukup terima kasih dong,goodbye
Mau tanya fasilitas di Masjid Cheng Ho? deh,ask_facilities
Eh wisata weekend di palembang?,ask_recommendation
Bang mau ke tempat yang unik dan sepi dong,ask_hidden_gems
Halo cultural tourism places in Palembang nih,ask_category
Siguntang deket stasiun LRT mana?,ask_location_access
Mau nanya dong helloo,greet
Jam operasionalnya?,ask_operating_hours
What are the best places to visit in Palembang?,ask_recommendation
Maaf mau tanya Assalamualaikum bye sih,goodbye
Mau nanya dong Kurs dollar hari ini berapa? dong kak,ask_unrelated
Does Ampera Bridge have a mosque?,ask_facilities
Hey How much is the ticket to Bukit Siguntang Island?,ask_ticket_price
When is Kemaro Island open?,ask_operating_hours
"Kak Hello, is anyone available dong",greet
Bang thanks for your help ya kak,goodbye
Min kapan Siguntang buka? ya kak,ask_operating_hours
Halo why is Kambang Iwak famous? ya kak,ask_destination_info
Kak Ada hidden gems gak di Palembang,ask_hidden_gems
Halo Resep pempek palembang ya kak,ask_unrelated
Very helpful,provide_feedback
What cultural tourism are in Palembang?,ask_category
Permisi Alternative tourist spots in Palembang?,ask_hidden_gems
Wisata Palembang yang aesthetic tapi sepi? ya kak,ask_hidden_gems
Permisi Oke segitu dulu dong kak,goodbye
Mau nanya dong Halo siapa di sini nih,greet
Please Suggest places for sightseeing in Palembang??,ask_recommendation
Please is Bukit Siguntang near an lrt station??,ask_lrt_destinations
Permisi Ada rekomendasi wisata gak sih,ask_recommendation
Bang Any nature tourism in Palembang deh,ask_category
Hai selamat siang,greet
Mau nanya dong cara ke sana gimana? ya,ask_location_access
Bang Kak berapa harga tiket Kampung Arab Al-Munawar deh,ask_ticket_price
What's it like?,ask_destination_info
Kak Good evening? deh,greet
Bang berapa harga iphone terbaru? ya kak,ask_unrelated
Min Hello TanyaKito?,greet
Maaf mau tanya hai hai,greet
Halo mau tanya jam operasional Al Quran Al Akbar dong,ask_operating_hours
Mau nanya dong kak ya kak,greet
Bang Alamat Benteng Kuto Besak dimana ya,ask_location_access
Hari ini Ampera buka gak ya?,ask_operating_hours
halo kamu cantik,ask_unrelated
Kak rating 5 untuk botnya ya kak,provide_feedback
Permisi Tempat wisata yang bisa diakses LRT dong kak,ask_lrt_destinations
Maaf mau tanya Apa itu machine learning dong,ask_unrelated
Mau nanya dong resep pempek palembang dong,ask_unrelated
Min best universities in indonesia? sih,ask_unrelated
Sore,greet
Kambang Iwak terkenal karena apa?,ask_destination_info
Permisi Tempat paling menarik di Palembang ya,ask_recommendation
Eh OK thank you? nih,goodbye
Permisi wisata yang aksesnya lewat lrt apa aja? nih,ask_lrt_destinations
Mau nanya dong Directions to SMB Island ya,ask_location_access
Eh lokasinya dimana ya? nih,ask_location_access
Describe Grand Mosque of Palembang,ask_destination_info
Bang Yang termasuk wisata alam apa aja? nih,ask_category
Is admission to Kemaro Island free?,ask_ticket_price
Eh Sip terima kasih kak? deh,goodbye
Min Rumah sakit terdekat sih,ask_unrelated
Tempat keren tapi belum terkenal di Palembang ya,ask_hidden_gems
Describe it,ask_destination_info
Halo Destinasi masjid Palembang ya,ask_category
Maaf mau tanya Wisata sore hari di Palembang dong,ask_recommendation
Bang Makasih ya nih,goodbye
Mau nanya dong Hidden gem Palembang yang recommended nih,ask_hidden_gems
Tes,greet
Permisi Price to enter Jembatan Ampera dong,ask_ticket_price
Maaf mau tanya Kambang Iwak buka hari apa aja? ya kak,ask_operating_hours
Halo information about Palembang Square,ask_destination_info
"Hi, How to move on",ask_unrelated
Maaf mau tanya Perfect? dong,provide_feedback
Maaf mau tanya Wisata yang bisa pake LRT? sih,ask_lrt_destinations
Destinasi yang LRT accessible?,ask_lrt_destinations
Eh Baiklah terima kasih banyak? dong kak,goodbye
Halo permisi,greet
"Hello, What are the opening hours of Kambang Iwak?",ask_operating_hours
Min Halo kak mau nanya dong dong kak,greet
Weekend Monpera buka?,ask_operating_hours
Kak Is Kawah Tengkurep Island worth visiting nih,ask_destination_info
Oke terima kasih jawabannya? ya,provide_feedback
Kak very informative,provide_feedback
Maaf mau tanya Apakah SMB II buka 24 jam sih,ask_operating_hours
Details about Sultan Mahmud Badaruddin II Museum?,ask_destination_info
Halo apa yang bikin Jembatan Ampera ini spesial? dong kak,ask_destination_info
Min Mau minta saran wisata Palembang,ask_recommendation
cara menghilangkan jerawat? deh,ask_unrelated
Permisi Makasih infonya kak sih,provide_feedback
Mau nanya dong oke makasih kak sangat membantu dong,goodbye
Kampung Kapitan itu apa?,ask_destination_info
Mau cari masjid di Palembang,ask_category
SMB II fasilitasnya apa aja?,ask_facilities
Eh Ampera buka setiap hari? nih,ask_operating_hours
Halo Harga masuk Al Quran Al Akbar berapa ya kak? dong kak,ask_ticket_price
Maaf mau tanya Thanks so much? deh,goodbye
"Bang mau explore palembang pakai lrt, kemana aja bisa? ya",ask_lrt_destinations
mau jalan-jalan di palembang kemana ya?,ask_recommendation
Maaf mau tanya suka sama aplikasinya ya kak,provide_feedback
Eh Min alamat Kawah Tengkurep apa ya dong kak,ask_location_access
Eh Location of Masjid Cheng Ho?,ask_location_access
Thank you very much,goodbye
Halo jawaban yang sangat membantu dong kak,provide_feedback
Hai hai,greet
Siguntang ada spot foto gak?,ask_facilities
Maaf mau tanya Bagus gak tempatnya deh,ask_destination_info
Kak destinasi taman palembang? deh,ask_category
Bang Review tentang Kampung Arab Al-Munawar?,ask_destination_info
Cara menuju Taman Kambang Iwak Besak gimana?,ask_location_access
"Hi, where can i find culinary tourism in palembang??",ask_category
Permisi Wisata untuk anak-anak di Palembang? dong,ask_recommendation
Bang Dadah? nih,goodbye
Min jawabannya memuaskan ya kak,provide_feedback
Min saran tempat wisata di palembang?,ask_recommendation
Siguntang di mana ya?,ask_location_access
Cara menuju BKB gimana?,ask_location_access
Min Terima kasih atas informasinya? sih,goodbye
"Hi, List of historical sites in Palembang? please",ask_category
Bang bingung mau bawa keluarga jalan-jalan kemana dong,ask_recommendation
Bang wisata alam di palembang ada apa aja? dong kak,ask_category
Min Apa SMB II bayar?,ask_ticket_price
dari jam berapa Kampung Kapitan buka? ya kak,ask_operating_hours
Halo Terima kasih banyak? ya,goodbye
Kak Assalamualaikum min sih,greet
"Hi, Do I need to pay to enter SMB? please",ask_ticket_price
Halo Destinasi favorit di Palembang? sih,ask_recommendation
Bang Destinasi tersembunyi Palembang ada gak ya kak,ask_hidden_gems
Destinasi tersembunyi Palembang ada gak nih,ask_hidden_gems
Min Oke mantul sih,provide_feedback
Bang Quiet but beautiful places in Palembang? deh,ask_hidden_gems
"Excuse me, Best places for tourists in Palembang thanks",ask_recommendation
Halo rekomendasikan tempat wisata di palembang sih,ask_recommendation
Mau nanya dong Museum Balaputra Dewa ada tempat parkir? ya,ask_facilities
Ampera buka dari jam berapa sampai jam berapa?,ask_operating_hours
Eh membantu banget kak ya kak,provide_feedback
Maaf mau tanya info lengkap SMB dong dong,ask_destination_info
Min destinasi yang dekat stasiun lrt? ya,ask_lrt_destinations
"Hi, how much is the admission to Palembang Trade Center park??",ask_ticket_price
Eh Jam operasional Kemaro ya,ask_operating_hours
Please can i reach tourist places by lrt? please,ask_lrt_destinations
Rute ke Masjid Agung Palembang gimana?,ask_location_access
Permisi Jadwal kereta api Jakarta?,ask_unrelated
Sejarah Fantasy Island apa ya?,ask_destination_info
Hi bot,greet
Eh Kampung Kapitan terkenal karena apa? nih,ask_destination_info
Kayak apa sih Al-Munawar?,ask_destination_info
Mau tanya harga tiket OPI Mall? sih,ask_ticket_price
Kak ada wisata dekat lrt gak? ya,ask_lrt_destinations
Kak Jawabannya cepat dong kak,provide_feedback
Permisi destinasi wisata budaya palembang? ya kak,ask_category
Halo halo,greet
Maaf mau tanya Jelaskan tentang KI? sih,ask_destination_info
Off the beaten path places in Palembang,ask_hidden_gems
Apa itu Bukit Siguntang?,ask_destination_info
Min Alamat lengkap BKB? dong kak,ask_location_access
Halo Palembang punya wisata kuliner apa? ya,ask_category
Kak lrt accessible tourist spots in palembang? ya,ask_lrt_destinations
Eh Selamat siang? ya kak,greet
Terima kasih infonya,goodbye
Eh Flight tickets to Bali deh,ask_unrelated
Min Halo selamat pagi? dong kak,greet
Permisi Jam operasional Kambang Iwak ya,ask_operating_hours
Kak Benteng Kuto Besak ada tempat istirahat nih,ask_facilities
Maaf mau tanya Wisata sepi tapi bagus di Palembang ya,ask_hidden_gems
Permisi Kawah Tengkurep ada di daerah mana?,ask_location_access
kenapa orang-orang suka ke Taman Kebon Rojo?,ask_destination_info
Mau nanya dong Jawabannya lengkap? ya kak,provide_feedback
Bang ada wifi di Jakabaring Sport City? ya kak,ask_facilities
Jakabaring Sport City ada di daerah mana?,ask_location_access
Yang termasuk wisata budaya apa aja?,ask_category
Eh apa obat sakit kepala?,ask_unrelated
Mau nanya dong Take care ya,goodbye
Min Taman Kambang Iwak Besak lokasinya dimana? sih,ask_location_access
Maaf mau tanya wisata yang belum banyak orang tau di palembang? deh,ask_hidden_gems
Mau nanya dong Tempat keren tapi belum terkenal di Palembang sih,ask_hidden_gems
Eh Ada gak wisata yang bisa ditempuh LRT sih,ask_lrt_destinations
Bang sampai jumpa nih,goodbye
Lagu hits 2024 apa?,ask_unrelated
"Hi, Do you have feelings?",ask_unrelated
"Hi, Where is it located thanks",ask_location_access
Min terima kasih infonya sangat berguna nih,provide_feedback
Hey What should I visit in Palembang??,ask_recommendation
What time does Kampung Kapitan open?,ask_operating_hours
Kak mau liburan di palembang kemana ya? ya,ask_recommendation
Halo Hutan Wisata Punti Kayu ada area bermain anak? deh,ask_facilities
What time does Benteng Kuto Besak close?,ask_operating_hours
Ke Punti Kayu bayar berapa ya?,ask_ticket_price
Bang bisa naik angkot ke Ampera?,ask_location_access
Please where can i go by lrt for sightseeing?,ask_lrt_destinations
Permisi Very helpful? deh,provide_feedback
Ada fasilitas apa di Pulau Kemaro?,ask_facilities
Bang wisata palembang yang lrt friendly? deh,ask_lrt_destinations
Oke deh makasih? deh,goodbye
Info wisata sejarah Palembang dong,ask_category
Tempat wisata alternatif Palembang?,ask_hidden_gems
Bang Lesser known attractions in Palembang? dong,ask_hidden_gems
Kak tempat wisata ikonik palembang?,ask_recommendation
Eh Is Masjid Cheng Ho child-friendly deh,ask_facilities
Min mau tanya,greet
Maaf mau tanya OPI Mall ada di daerah mana? sih,ask_location_access
Kak Halo apakah ada yang bisa bantu deh,greet
Min Ada gak wisata yang bisa ditempuh LRT? deh,ask_lrt_destinations
Taman di Palembang ada apa aja ya,ask_category
Permisi Numpang tanya dong? ya kak,greet
Infonya oke banget,provide_feedback
Mau nanya dong Harga tiket masuk Punti Kayu sekarang berapa? sih,ask_ticket_price
Permisi Yang termasuk wisata religi apa aja,ask_category
"Hi, Do I need to pay to enter Kambang Iwak Arab Village thanks",ask_ticket_price
Alamat lengkapnya?,ask_location_access
Bang Oi dong,greet
Eh Kasih info Kambang Iwak ya kak sih,ask_destination_info
Anime yang bagus apa? dong,ask_unrelated
Berguna banget,provide_feedback
Can I take public transport to Punti Kayu Forest?,ask_location_access
Kak SMB II buka sampai malam gak dong,ask_operating_hours
Weekday Jakabaring Sport City buka jam berapa?,ask_operating_hours
Permisi Oke kak noted sih,provide_feedback
"Excuse me, What should I visit in Palembang",ask_recommendation
Eh wisata apa yang cocok untuk foto-foto? ya kak,ask_recommendation
Bang Jauh gak dari sini? dong,ask_location_access
Permisi address of Jakabaring Sport City? deh,ask_location_access
Information about Kemaro Island,ask_destination_info
Permisi Wisata yang cocok untuk keluarga? sih,ask_recommendation
"Hi, Off the beaten path places in Palembang? thanks",ask_hidden_gems
Min Apa itu Masjid Cheng Ho? nih,ask_destination_info
Info lokasi Palembang Icon dong,ask_location_access
Tiket Siguntang berapa sih?,ask_ticket_price
Eh Jelaskan tentang PIM? sih,ask_destination_info
Maaf mau tanya Wisata yang aksesnya lewat LRT apa aja? ya kak,ask_lrt_destinations
What's the entrance fee at Kampung Kapitan?,ask_ticket_price
Tiket Punti Kayu berapa sih?,ask_ticket_price
Bang aku butuh tempat healing yang tenang dong kak,ask_recommendation
Kak mau tanya,greet
Kak halo bisa tanya sesuatu? ya,greet
Where can I find nature tourism in Palembang?,ask_category
Alamat lengkap Kampung Kapitan?,ask_location_access
Unique places to visit in Palembang? please,ask_hidden_gems
Can you tell me unique places to visit in palembang??,ask_hidden_gems
Kak ada masjid gak di Palembang?,ask_category
"Excuse me, What's the location of Museum Balaputra Dewa Forest?",ask_location_access
Alamat lengkap Kambang Iwak?,ask_location_access
Eh Hidden gem Palembang yang recommended? ya kak,ask_hidden_gems
Permisi lagu hits 2024 apa? dong kak,ask_unrelated
Mau nanya dong Fasilitas umum di Kemaro apa aja? ya kak,ask_facilities
Min Palembang tourism recommendations ya,ask_recommendation
Permisi htm Bukit Siguntang berapa? nih,ask_ticket_price
Min bagaimana cara diet? ya,ask_unrelated
Halo Apakah Siguntang buka hari Minggu deh,ask_operating_hours
Is Al-Munawar Arab Village worth visiting?,ask_destination_info
amazing response deh,provide_feedback
Mau tanya dong kak harga tiket Pulau Kemaro,ask_ticket_price
Selaamt pagi,greet
Kak Kamu bodoh? dong,ask_unrelated
Mau nanya dong Apa Palembang Square bisa dijangkau LRT dong kak,ask_lrt_destinations
Maaf mau tanya Tempat wisata alternatif Palembang ya kak,ask_hidden_gems
How to reach Jakabaring Sport City?,ask_location_access
Berapa harga tiket masuk Taman Kambang Iwak Besak?,ask_ticket_price
Bang Jembatan Ampera ada kantin gak? ya kak,ask_facilities
Translate bahasa Inggris dong,ask_unrelated
Min Tempat wisata religi di Palembang?,ask_category
Kayak apa sih Taman Kambang Iwak Besak?,ask_destination_info
Bang Jos sih,provide_feedback
"Hi, When is PTC open?",ask_operating_hours
Mau nanya dong Wisata off the beaten path Palembang dong kak,ask_hidden_gems
Maaf mau tanya Mantul kak,provide_feedback
Akses ke PTC mudah gak?,ask_location_access
SMB II buka dari jam berapa sampai jam berapa?,ask_operating_hours
Maaf mau tanya mau cari wisata alam di palembang ya,ask_category
wisata yang gampang dijangkau lrt? dong kak,ask_lrt_destinations
Dari pusat kota ke Amanzi berapa lama?,ask_location_access
lagi pengen liat pemandangan kota dari atas,ask_recommendation
Apa Jakabaring Sport City bayar?,ask_ticket_price
Permisi Destinasi wisata budaya Palembang deh,ask_category
Maaf mau tanya Jakabaring Sport City buka hari apa aja? deh,ask_operating_hours
Bang Rekomendasi taman Palembang? nih,ask_category
Kak Nanti tanya lagi ya kak? deh,goodbye
Wisata paling bagus di Palembang? dong kak,ask_recommendation
Min Info jam buka Amanzi Waterpark dong? dong,ask_operating_hours
Halo Ampera ada kantin gak? ya kak,ask_facilities
Permisi Kak berapa harga tiket Jakabaring dong,ask_ticket_price
Eh Directions to Sultan Mahmud Badaruddin II Museum,ask_location_access
Apa itu Fantasy Island?,ask_destination_info
Maaf mau tanya Pinter ya botnya? sih,provide_feedback
Palembang Square berbayar atau gratis?,ask_ticket_price
"Please hey, can i ask a question??",greet
Halo bisa tanya sesuatu?,greet
Wisata sungai Palembang?,ask_category
Wisata romantis di Palembang? sih,ask_recommendation
"Min bye, thanks for everything ya kak",goodbye
Ceritain Monpera dong kak,ask_destination_info
Rekomendasi wisata budaya Palembang,ask_category
Naik apa ke Al-Munawar?,ask_location_access
Can you tell me Is Kampung Kapitan Park far from the city center?,ask_location_access
Maaf mau tanya Fasilitas Kampung Kapitan lengkap gak? deh,ask_facilities
Is Jakabaring Sport City free?,ask_ticket_price
Mau nanya dong Makasih infonya kak? ya kak,provide_feedback
Mau nanya dong Apa itu machine learning? sih,ask_unrelated
Permisi boleh tanya? sih,greet
Kak tempat wisata unik di palembang? dong,ask_hidden_gems
nice dong kak,provide_feedback
Min bang tiket Pulau Kemaro berapa? deh,ask_ticket_price
Maaf mau tanya Info jam buka Taman Kambang Iwak Besak dong? deh,ask_operating_hours
Bang bisa naik lrt ke Palembang Square?,ask_lrt_destinations
Permisi ping ya kak,greet
Permisi info fasilitas Palembang Trade Center dong dong kak,ask_facilities
Apakah Pasar 16 Ilir buka 24 jam?,ask_operating_hours
Permisi Good info ya kak,provide_feedback
Maaf mau tanya undiscovered places in palembang? ya,ask_hidden_gems
"Kak Mau naik LRT, wisata apa yang dekat dong",ask_lrt_destinations
What are the opening hours of Benteng Kuto Besak?,ask_operating_hours
Halo tempat wisata yang dilalui lrt? ya kak,ask_lrt_destinations
Eh kenapa orang-orang suka ke Masjid Agung Palembang? dong kak,ask_destination_info
Eh Love this bot? nih,provide_feedback
Min htm Fantasy Island berapa? dong kak,ask_ticket_price
Mau nanya dong Facilities? nih,ask_facilities
Bang culinary tourism places in Palembang ya kak,ask_category
Permisi Halo halo? nih,greet
Bang Ada hidden gems gak di Palembang dong kak,ask_hidden_gems
Please What's the price of iPhone?,ask_unrelated
Is Benteng Kuto Besak open on Sunday?,ask_operating_hours
Wisata yang belum banyak orang tau di Palembang?,ask_hidden_gems
Mau nanya dong Directions to PIM dong,ask_location_access
Hey Is Grand Mosque of Palembang far from the city center? please,ask_location_access
Palembang Icon terkenal karena apa?,ask_destination_info
Eh Berapa ya tiket Jembatan Ampera deh,ask_ticket_price
Permisi appreciate it sih,goodbye
Fasilitas Siguntang lengkap gak?,ask_facilities
Min keren sih ini botnya ya kak,provide_feedback
Min Great info deh,provide_feedback
Maaf mau tanya Mau tanya harga tiket Palembang Square? ya,ask_ticket_price
Secret places in Palembang? deh,ask_hidden_gems
Kak Museum Balaputra Dewa deket stasiun LRT mana ya,ask_location_access
Hey what's the entrance fee at grand mosque of palembang??,ask_ticket_price
Maaf mau tanya Sudah cukup terima kasih? ya kak,goodbye
Wisata apa yang cocok untuk foto-foto?,ask_recommendation
What religious tourism are in Palembang?,ask_category
Maaf mau tanya which tourist spots are near lrt stations? sih,ask_lrt_destinations
Mau nanya dong Ada mushola di PTC dong,ask_facilities
Palembang punya wisata sejarah apa? dong,ask_category
Review tentang Punti Kayu,ask_destination_info
Maaf mau tanya naik lrt bisa ke wisata mana aja? nih,ask_lrt_destinations
"Hello, What's the price of iPhone??",ask_unrelated
Halo di Al Quran Al Akbar itu kita bisa ngapain aja? ya,ask_destination_info
Permisi Penjelasannya bagus kak? dong kak,provide_feedback
Halo Terima kasih infonya?,goodbye
Is Kambang Iwak Park far from the city center?,ask_location_access
Maaf mau tanya Arah ke Kemaro gimana deh,ask_location_access
Kambang Iwak buka hari apa aja?,ask_operating_hours
Pasar 16 Ilir itu tempat apa sih? deh,ask_destination_info
Permisi Wisata Tionghoa di Palembang? ya kak,ask_category
Permisi Masuk KI gratis atau bayar sih,ask_ticket_price
Permisi Berguna banget sih,provide_feedback
Min Wisata accessible by LRT? ya,ask_lrt_destinations
Halo Is BKB free ya kak,ask_ticket_price
Maaf mau tanya Ada wisata kuliner di Palembang nih,ask_category
Min oke cukup kak makasih banyak ya kak,goodbye
Permisi Kira-kira harga tiket BKB berapa ya,ask_ticket_price
Kak ada hidden gems gak?,ask_hidden_gems
Mau nanya dong Naik apa ke Amanzi? ya kak,ask_location_access
Maaf mau tanya Does Kampung Arab Al-Munawar Bridge open every day? dong kak,ask_operating_hours
"Bang Perfect, thank you? nih",goodbye
Halo wisata yang paling sering dikunjungi? nih,ask_recommendation
Kak mau minta saran wisata palembang dong,ask_recommendation
Min mau tanya? dong kak,greet
Bang kapan Hutan Wisata Punti Kayu buka? dong,ask_operating_hours
Mau nanya dong wisata accessible by lrt? ya kak,ask_lrt_destinations
Min ceritain Amanzi Waterpark dong kak deh,ask_destination_info
Apa itu AI?,ask_unrelated
Maaf mau tanya Apa yang menarik dari OPI Mall sih,ask_destination_info
Ada wifi di Punti Kayu?,ask_facilities
Bang Update harga tiket Ampera dong? ya,ask_ticket_price
"Permisi Thank you, goodbye? dong kak",goodbye
Maaf mau tanya hai saya wisatawan ya,greet
Min Permisi mau tanya harga tiket Palembang Trade Center ya kak,ask_ticket_price
Eh Berapa ya tiket KI nih,ask_ticket_price
Apakah Museum Balaputra Dewa gratis?,ask_ticket_price
Dimana lokasinya?,ask_location_access
I want to know what to see in palembang??,ask_recommendation
Eh Kak wisata yang bisa naik LRT apa aja? sih,ask_lrt_destinations
Berapa duit tiketnya?,ask_ticket_price
Permisi rekomendasi hidden gems dong kak,ask_hidden_gems
Halo howdy,greet
ada mushola di Al-Munawar? sih,ask_facilities
Permisi Benteng Kuto Besak buka hari apa aja? deh,ask_operating_hours
Maaf mau tanya enaknya kemana ya di palembang? ya,ask_recommendation
Resep pempek palembang,ask_unrelated
Permisi python atau java lebih bagus? dong,ask_unrelated
Maaf mau tanya ceritakan tentangnya ya,ask_destination_info
Bang oke bagus ya,provide_feedback
Permisi halo ada yang bisa dibantu? dong kak,greet
Halo Lokasi Pulau Kemaro dimana kak dong,ask_location_access
Prediksi cuaca besok ya kak,ask_unrelated
Bang misi mau tanya deh,greet
Akses ke sana gimana?,ask_location_access
Kira-kira harga tiket Taman Kebon Rojo berapa?,ask_ticket_price
Bang See you nih,goodbye
Where can I find historical sites in Palembang??,ask_category
Min What's the time? ya kak,ask_unrelated
Apa itu OPI Mall?,ask_destination_info
Mau nanya dong Oke sip makasih? ya kak,goodbye
Sudah cukup terima kasih,goodbye
Permisi Directions to Al Quran Al Akbar? ya,ask_location_access
"Hi, Where can I find religious tourism in Palembang thanks",ask_category
Kak Who invented electricity ya kak,ask_unrelated
Kak wisata palembang yang lrt friendly?,ask_lrt_destinations
What are the operating hours of Benteng Kuto Besak?,ask_operating_hours
Eh Wisata Palembang yang populer apa? ya,ask_recommendation
"Hello, What's the meaning of life?",ask_unrelated
How much is the ticket to Kemaro Island?,ask_ticket_price
Permisi Wisata paling bagus di Palembang? ya kak,ask_recommendation
Bang Pasar 16 Ilir dekat stasiun lrt mana? ya,ask_lrt_destinations
Does Benteng Kuto Besak have food stalls?,ask_facilities
Bang mau tau tentang Pulau Kemaro deh,ask_destination_info
Maaf mau tanya Keren? ya,provide_feedback
Update harga tiket OPI Mall dong,ask_ticket_price
Halo Love this bot ya kak,provide_feedback
"Mau nanya dong anakku suka main air, enaknya bawa kemana ya dong",ask_recommendation
Eh Kalo hari Sabtu Monpera buka sih,ask_operating_hours
Eh Mau tanya harga tiket SMB II sih,ask_ticket_price
Permisi Sore min dong kak,greet
Eh halo saya mau bertanya deh,greet
asal usul Palembang Icon ini gimana ceritanya?,ask_destination_info
Berapa biaya masuk ke Jakabaring?,ask_ticket_price
Dari mana ke PTC?,ask_location_access
tell me about Amanzi Waterpark dong,ask_destination_info
Min sore dong kak,greet
Min mau cari wisata alam di palembang,ask_category
Min destinasi yang dekat stasiun lrt? deh,ask_lrt_destinations
Infonya oke banget? sih,provide_feedback
Halo Unexplored attractions in Palembang dong,ask_hidden_gems
Kak bingung mau bawa keluarga jalan-jalan kemana nih,ask_recommendation
Halo Rumah sakit terdekat? deh,ask_unrelated
Permisi Opening hours,ask_operating_hours
Museum Balaputra Dewa fasilitasnya apa aja?,ask_facilities
Tempat bersejarah apa aja deh,ask_category
Are there tourist attractions near LRT stations? dong,ask_lrt_destinations
Bang Hai saya baru ke Palembang? nih,greet
Eh info wisata yang terjangkau lrt dong kak,ask_lrt_destinations
Mau nanya dong Hari ini Jakabaring Sport City buka gak ya dong kak,ask_operating_hours
Fasilitas umum di Masjid Agung Palembang apa aja?,ask_facilities
Min harga masuk PTC berapa?,ask_ticket_price
Alamat lengkap Taman Kebon Rojo?,ask_location_access
Mau nanya dong palembang tourism recommendations? sih,ask_recommendation
Ada toilet gak?,ask_facilities
Min Oke sip? deh,provide_feedback
Bang Got it?,provide_feedback
Eh Apakah SMB II dekat LRT deh,ask_lrt_destinations
Maaf mau tanya Oke sip mantap sih,provide_feedback
Permisi min alamat Benteng Kuto Besak apa ya? deh,ask_location_access
Museum Sultan Mahmud Badaruddin II buka sampai malam gak?,ask_operating_hours
Maaf mau tanya Monpera mulai buka jam berapa ya kak,ask_operating_hours
Maaf mau tanya Haloo dong,greet
Min ada ide tempat buat nongkrong sore? dong kak,ask_recommendation
Berapa ya tiket Kambang Iwak?,ask_ticket_price
Can you tell me can i take lrt to visit tourist places? please,ask_lrt_destinations
Halo Very accurate? dong kak,provide_feedback
"Eh Thank you, goodbye? sih",goodbye
Bang recommended banget aplikasinya,provide_feedback
Bang Jawabannya lengkap? ya kak,provide_feedback
Tempat keren tapi belum terkenal di Palembang?,ask_hidden_gems
Maaf mau tanya Apotek 24 jam di Palembang,ask_unrelated
Tempat makan di sekitar KI ada?,ask_facilities
Mau nanya dong wisata anti mainstream palembang? sih,ask_hidden_gems
Chatbot nya bagus,provide_feedback
Kak tempat wisata yang bisa diakses lrt? dong,ask_lrt_destinations
"Hello, who is the president of indonesia? thanks",ask_unrelated
Ada tempat wisata baru di Palembang dong,ask_hidden_gems
Min Wisata baru yang belum terkenal? dong,ask_hidden_gems
Bang PIM ada spot foto gak? ya,ask_facilities
Eh tempat wisata murah di palembang? sih,ask_recommendation
Permisi Mau tanya dong kak harga tiket Kampung Kapitan dong,ask_ticket_price
BKB buka setiap hari?,ask_operating_hours
Min Palembang Icon deket stasiun LRT mana? dong,ask_location_access
Bang Recommend religious tourism in Palembang dong,ask_category
Dimana lokasi Hutan Wisata Punti Kayu?,ask_location_access
Permisi ada wifi di Kambang Iwak? deh,ask_facilities
"Hello, What's the meaning of life thanks",ask_unrelated
Kak Suka sama aplikasinya ya kak,provide_feedback
cultural attractions in palembang? ya,ask_category
"Hi, list of religious tourism in palembang??",ask_category
Yang termasuk taman apa aja?,ask_category
Recommend museums in Palembang sih,ask_category
What facilities are available at Bukit Siguntang? please,ask_facilities
Jadwal kereta api Jakarta?,ask_unrelated
Permisi Destinasi tersembunyi Palembang ada gak? sih,ask_hidden_gems
Permisi very detailed nih,provide_feedback
What's the entry fee for Benteng Kuto Besak?,ask_ticket_price
Mau nanya dong Malam min dong,greet
Amanzi hari libur buka gak?,ask_operating_hours
Recommend historical sites in Palembang,ask_category
I want to know where should i go in palembang?,ask_recommendation
Jadwal buka Bukit Siguntang kapan ya?,ask_operating_hours
Halo Kak wisata yang bisa naik LRT apa aja? ya,ask_lrt_destinations
Min Undiscovered places in Palembang nih,ask_hidden_gems
Is it open today?,ask_operating_hours
Maaf mau tanya Lengkap banget infonya,provide_feedback
"Excuse me, what to see in palembang??",ask_recommendation
Mau nanya dong apa Siguntang bisa dijangkau lrt? ya,ask_lrt_destinations
Halo Kak Amanzi buka jam berapa ya? nih,ask_operating_hours
Mau nanya dong haii ya,greet
Thanks a lot,goodbye
Ada wisata kuliner gak di Palembang?,ask_category
Masjid Cheng Ho buka jam berapa?,ask_operating_hours
Halo Wisata baru yang belum terkenal deh,ask_hidden_gems
Apa Kampung Kapitan bayar?,ask_ticket_price
Can you tell me What is AI,ask_unrelated
Min Famous places in Palembang nih,ask_recommendation
I want to know How much for Sultan Mahmud Badaruddin II Museum tickets thanks,ask_ticket_price
Bang Tempat wisata yang bisa diakses LRT? dong kak,ask_lrt_destinations
Min Assalamu'alaikum? dong,greet
Kayak apa sih Fantasy Island?,ask_destination_info
Min rekomendasi wisata alam palembang dong kak,ask_category
Permisi Pulau Kemaro berbayar atau gratis? deh,ask_ticket_price
Bang Wisata wisata budaya di Palembang apa aja sih,ask_category
Dari mana ke Kemaro?,ask_location_access
Maaf mau tanya Akses ke Museum Balaputra Dewa mudah gak ya kak,ask_location_access
Min Weekend SMB buka,ask_operating_hours
Mau nanya dong what's special about Kawah Tengkurep? deh,ask_destination_info
Any parks in Palembang?,ask_category
Halo wisata sungai palembang? sih,ask_category
Harga tiket masuk PTC sekarang berapa?,ask_ticket_price
Is Kambang Iwak Bridge child-friendly ya,ask_facilities
Maaf mau tanya Describe Kampung Kapitan nih,ask_destination_info
Bang Apakah ada wisata yang bisa dijangkau LRT? dong,ask_lrt_destinations
Halo wisata sore hari di palembang? sih,ask_recommendation
Permisi Thank you very much,goodbye
Taman Kambang Iwak Besak bayar berapa?,ask_ticket_price
How do I get to Kampung Kapitan?,ask_location_access
"Hi, what are the best places to visit in palembang? thanks",ask_recommendation
Min oi sih,greet
Kapan Pulau Kemaro buka?,ask_operating_hours
Info lokasi Palembang Square dong,ask_location_access
"Mau nanya dong Hi there, I need some information? ya",greet
Min halloo dong,greet
Eh Jembatan Ampera buka setiap hari? sih,ask_operating_hours
Halo PIM ada di daerah mana? ya kak,ask_location_access
Saran tempat wisata di Palembang?,ask_recommendation
Halo Min harga masuk Jakabaring berapa,ask_ticket_price
Permisi halo saya mau bertanya ya,greet
Kak Apakah Al-Munawar dekat LRT? dong kak,ask_lrt_destinations
How to reach Grand Mosque of Palembang?,ask_location_access
BKB ada spot foto gak?,ask_facilities
Maaf mau tanya wisata tersembunyi di palembang? dong,ask_hidden_gems
Eh Kak ada museum gak di Palembang? ya kak,ask_category
Min Destinasi favorit di Palembang? dong kak,ask_recommendation
What are the opening hours of OPI Mall Forest thanks,ask_operating_hours
Eh Tourist recommendations for Palembang ya kak,ask_recommendation
Permisi Kasih pantun dong? sih,ask_unrelated
Ada fasilitas apa di Bukit Siguntang?,ask_facilities
Eh Wisata paling bagus di Palembang? dong,ask_recommendation
Maaf mau tanya bisa naik lrt ke KI? dong,ask_lrt_destinations
What's the entrance fee at Grand Mosque of Palembang?,ask_ticket_price
5 bintang deh,provide_feedback
Tolong kasih tau wisata dekat LRT? dong kak,ask_lrt_destinations
Min aku butuh tempat healing yang tenang? dong,ask_recommendation
Bang Very detailed ya kak,provide_feedback
Please Can I take LRT to visit tourist places? thanks,ask_lrt_destinations
Eh Sip terima kasih kak sih,goodbye
Masjid Agung Palembang bagus gak?,ask_destination_info
Off the beaten path places in Palembang?,ask_hidden_gems
Is Kemaro Island child-friendly?,ask_facilities
Eh Wisata apa aja yang dekat jalur LRT dong,ask_lrt_destinations
Ada wisata sejarah di Palembang?,ask_category
Permisi Very helpful? dong kak,provide_feedback
Halo Wisata Palembang yang LRT friendly? dong,ask_lrt_destinations
Permisi ada yang aktif? ya kak,greet
Jakabaring buka setiap hari?,ask_operating_hours
"Excuse me, Is Museum Balaputra Dewa Island far from the city center??",ask_location_access
Siapa presiden Indonesia?,ask_unrelated
What's cryptocurrency?,ask_unrelated
Min Tempat wisata yang dilalui LRT ya,ask_lrt_destinations
Mau nanya dong sampai ketemu lagi deh,goodbye
Prediksi cuaca besok,ask_unrelated
Maaf mau tanya Keren banget infonya deh,provide_feedback
Mau nanya dong Fasilitas umum di Masjid Agung Palembang apa aja? deh,ask_facilities
Min Harga masuk BKB berapa ya kak nih,ask_ticket_price
Kampung Kapitan ada tempat parkir?,ask_facilities
Maaf mau tanya Makasih ya kak sangat berguna infonya dong kak,goodbye
Halo Cara daftar kuliah?,ask_unrelated
Kayak apa sih SMB?,ask_destination_info
Min test bot dong kak,greet
Bang kenapa orang-orang suka ke Jembatan Ampera? dong kak,ask_destination_info
Bang Bisa bantu saya? sih,greet
Kamu pintar ya,ask_unrelated
Is Taman Kebon Rojo Forest free? dong kak,ask_ticket_price
"Min bye, thanks for everything ya",goodbye
Alamat Jembatan Ampera dimana?,ask_location_access
Mau nanya dong Mau ke tempat yang unik dan sepi? nih,ask_hidden_gems
ada apa aja sih di Amanzi? nih,ask_destination_info
Maaf mau tanya Sore deh,greet
what are the operating hours of Kampung Kapitan forest? please,ask_operating_hours
Maaf mau tanya Wisata taman di Palembang apa aja,ask_category
Kak bisa naik angkot ke Palembang Trade Center? deh,ask_location_access
Lowongan kerja di Palembang?,ask_unrelated
lagi pengen liat pemandangan kota dari atas? ya kak,ask_recommendation
kenapa orang-orang suka ke Al Quran Al Akbar?,ask_destination_info
Min Got it?,provide_feedback
Tempat makan di sekitar Ampera ada?,ask_facilities
Halo LRT bisa ke Al Quran Al Akbar gak? sih,ask_lrt_destinations
Hari ini Kambang Iwak buka gak ya?,ask_operating_hours
Min Ada wisata kuliner di Palembang nih,ask_category
"Min Got it, thanks deh",goodbye
Naik apa ke Benteng Kuto Besak?,ask_location_access
Min cara menuju PIM gimana? ya,ask_location_access
Halo Siapa penemu lampu dong kak,ask_unrelated
How to go to Kampung Kapitan?,ask_location_access
Halo Assalamualaikum? dong,greet
Assalamu'alaikum,greet
Buka jam berapa?,ask_operating_hours
Min Kemana aja bisa naik LRT untuk wisata nih,ask_lrt_destinations
Berapa ya tiket Palembang Square?,ask_ticket_price
Bang Recommended banget aplikasinya? nih,provide_feedback
Kak Oke deh makasih ya,goodbye
Cuaca hari ini gimana?,ask_unrelated
Harga masuk Pasar 16 Ilir berapa ya kak?,ask_ticket_price
Ada fasilitas apa di KI?,ask_facilities
Berapa ya tiket Kampung Kapitan?,ask_ticket_price
Eh Mau tau sejarah SMB sih,ask_destination_info
Mau nanya dong Siapa pemenang Liga Champions?,ask_unrelated
Mau tau sejarah Fantasy Island,ask_destination_info
Mau nanya dong wisata yang paling sering dikunjungi? dong,ask_recommendation
Permisi kamu pintar ya sih,ask_unrelated
Bang hidden gem palembang yang recommended? dong,ask_hidden_gems
PTC ada tempat parkir?,ask_facilities
nature tourism places in Palembang?,ask_category
Min Mau tanya fasilitas di Kampung Kapitan? nih,ask_facilities
Maaf mau tanya Permisi ya,greet
hey bot,greet
Min harga masuk Palembang Icon berapa?,ask_ticket_price
History of Al-Munawar Arab Village?,ask_destination_info
Halo Suka sama aplikasinya ya kak,provide_feedback
Min good answer dong,provide_feedback
Is there WiFi at Kambang Iwak Park?,ask_facilities
Kak Halo ada yang bisa dibantu ya,greet
Halo tempat museum di palembang? sih,ask_category
Maaf mau tanya Terima kasih sudah membantu? dong,goodbye
Info taman Palembang dong,ask_category
Info lokasi Siguntang dong,ask_location_access
Mau nanya dong Jos sih,provide_feedback
Hey what is sultan mahmud badaruddin ii museum? thanks,ask_destination_info
Bang Famous places in Palembang dong,ask_recommendation
Haloo,greet
Bang Oke paham? deh,provide_feedback
Maaf mau tanya Price to enter Taman Kebon Rojo Arab Village? dong kak,ask_ticket_price
Min 5 bintang deh sih,provide_feedback
Mau nanya dong Secret places in Palembang? ya kak,ask_hidden_gems
Fasilitas umum di Siguntang apa aja?,ask_facilities
Maaf mau tanya Amazing response nih,provide_feedback
Eh Wisata yang cocok untuk keluarga? nih,ask_recommendation
Eh Palembang Icon buka hari apa aja?,ask_operating_hours
Eh Halo ada admin? sih,greet
Ceritakan tentang dinosaurus,ask_unrelated
Bang awesome thanks nih,goodbye
Weekday Siguntang buka jam berapa?,ask_operating_hours
Lewat mana ya?,ask_location_access
Punti Kayu lokasinya dimana?,ask_location_access
Min That makes sense deh,provide_feedback
Rating 5 untuk botnya sih,provide_feedback
Halo Wisata Palembang yang LRT friendly? dong kak,ask_lrt_destinations
How to learn programming?,ask_unrelated
Please Is Kawah Tengkurep near an LRT station please,ask_lrt_destinations
Please Can I take LRT to Kawah Tengkurep Bridge?,ask_lrt_destinations
Kak Saran tempat wisata di Palembang? dong,ask_recommendation
"Permisi That's enough, thank you? dong kak",goodbye
opening hours for grand mosque of palembang??,ask_operating_hours
Mau nanya dong non-touristy places in palembang? sih,ask_hidden_gems
Min Recommend tourist places in Palembang? ya kak,ask_recommendation
Bang Wisata yang bisa dikunjungi sehari? dong,ask_recommendation
Maaf mau tanya what time does sultan mahmud badaruddin ii museum close? dong kak,ask_operating_hours
Where to go in Palembang?,ask_recommendation
Eh Tolong kasih tau wisata dekat LRT?,ask_lrt_destinations
Kenapa Kampung Kapitan terkenal?,ask_destination_info
Ada wifi di Jakabaring?,ask_facilities
Kak makasih udah bantu dong,goodbye
Palembang punya wisata alam apa? dong kak,ask_category
Hey there,greet
Mau nanya dong Naik apa ke Kambang Iwak? nih,ask_location_access
Halo Bayar berapa kalo masuk PIM? nih,ask_ticket_price
Halo What's available at Al-Munawar Forest? ya,ask_facilities
Bang Info wisata yang terjangkau LRT deh,ask_lrt_destinations
Hai kak,greet
Maaf mau tanya Jadwal buka SMB kapan ya dong kak,ask_operating_hours
Kak lagi pengen liat pemandangan kota dari atas? dong,ask_recommendation
Min Mau ke tempat yang unik dan sepi? dong kak,ask_hidden_gems
Permisi Wisata yang belum mainstream dong kak,ask_hidden_gems
Permisi Tempat yang belum terkenal di Palembang? dong kak,ask_hidden_gems
Min wisata romantis di palembang?,ask_recommendation
culinary tourism places in Palembang?,ask_category
Kak Mau tanya nih?,greet
Permisi Rute LRT melewati wisata apa nih,ask_lrt_destinations
kamu bot beneran ya?,ask_unrelated
Best places to visit by LRT?,ask_lrt_destinations
Halo jadwal buka Amanzi kapan ya? sih,ask_operating_hours
Kalo hari Sabtu Kemaro buka ya kak,ask_operating_hours
Update harga tiket Palembang Icon dong,ask_ticket_price
Maaf mau tanya Address of Grand Mosque of Palembang dong,ask_location_access
Ceritakan tentang Masjid Cheng Ho,ask_destination_info
Mau nanya dong Ada tempat wisata baru di Palembang ya,ask_hidden_gems
Eh Lokasinya dimana ya?,ask_location_access
aku bosan nih,ask_unrelated
What time does Fantasy Island open? ya kak,ask_operating_hours
history of Taman Kebon Rojo island? nih,ask_destination_info
Mau nanya dong min tolong saran wisata dong nih,ask_recommendation
Mau nanya dong apa obat sakit kepala? dong kak,ask_unrelated
What are the opening hours of Grand Mosque of Palembang?,ask_operating_hours
"Bang Bye, thanks for everything dong kak",goodbye
"Excuse me, what are the best places to visit in palembang? please",ask_recommendation
Bang Tourist spots along LRT route ya kak,ask_lrt_destinations
Halo Ada wisata sejarah di Palembang dong kak,ask_category
Permisi What's the entry fee,ask_ticket_price
Masjid Agung Palembang buka dari jam berapa sampai jam berapa?,ask_operating_hours
Halo saya pengunjung baru,greet
Min Great info? sih,provide_feedback
Bang alamat Fantasy Island dimana? ya kak,ask_location_access
Eh Mau tanya jam operasional KI dong kak,ask_operating_hours
Min kenapa Kampung Kapitan terkenal? deh,ask_destination_info
Mau nanya dong Parkiran KI luas gak sih,ask_facilities
Hari ini Museum Sultan Mahmud Badaruddin II buka gak ya?,ask_operating_hours
Is admission to Ampera Bridge free?,ask_ticket_price
Mau nanya dong great bot,provide_feedback
Apakah Bukit Siguntang buka 24 jam?,ask_operating_hours
Mau tau tentang Ampera,ask_destination_info
Ada wifi di Kampung Arab Al-Munawar?,ask_facilities
Halo Destinasi yang dekat stasiun LRT,ask_lrt_destinations
How much does it cost to enter Kambang Iwak Park?,ask_ticket_price
Siang min,greet
Permisi ada apa aja sih di PIM? sih,ask_destination_info
Permisi Sudah cukup terima kasih? sih,goodbye
Does Monpera open every day?,ask_operating_hours
Bang OK thank you ya,goodbye
Min gimana PTC? ya kak,ask_destination_info
Can you tell me How to learn programming? thanks,ask_unrelated
Halo wisata accessible by lrt? ya,ask_lrt_destinations
Permisi Wisata outdoor Palembang?,ask_category
Min Fasilitas umum di Jembatan Ampera apa aja? ya kak,ask_facilities
Maaf mau tanya Sekarang masih buka sih,ask_operating_hours
Kak ada wisata budaya gak di Palembang?,ask_category
Halo min mau tanya ya kak,greet
Bang ke Amanzi Waterpark bayar berapa ya? ya kak,ask_ticket_price
Info jam buka Punti Kayu dong,ask_operating_hours
Halo Cara menuju Jakabaring gimana? ya,ask_location_access
Kak Dari jam berapa Benteng Kuto Besak buka? sih,ask_operating_hours
ada ide tempat buat nongkrong sore? deh,ask_recommendation
Jawabannya lengkap dong kak,provide_feedback
Maaf mau tanya Info lengkap Taman Kambang Iwak Besak dong dong kak,ask_destination_info
Maaf mau tanya Ada wisata dekat LRT gak? sih,ask_lrt_destinations
Kak fasilitas Masjid Agung Palembang apa aja ya?,ask_facilities
Mau nanya dong Kemaro ramah anak gak? deh,ask_facilities
Eh Apakah ada wisata yang bisa dijangkau LRT sih,ask_lrt_destinations
Kak Berapa ya tiket Kemaro? deh,ask_ticket_price
Maaf mau tanya what's cryptocurrency? ya kak,ask_unrelated
Bang Asalamualaikum ya kak,greet
Maaf mau tanya Wisata yang belum banyak orang tau di Palembang ya,ask_hidden_gems
I want to know What tourism spots are on the LRT line? please,ask_lrt_destinations
Eh mantul kak dong kak,provide_feedback
Kak Amanzi tutup jam berapa? nih,ask_operating_hours
Jakabaring Sport City ada area bermain anak?,ask_facilities
Maaf mau tanya Amanzi ramah anak gak? nih,ask_facilities
aku lagi pengen makan enak sambil liat sungai,ask_recommendation
KI lokasinya dimana?,ask_location_access
Mau nanya dong Info wisata yang terjangkau LRT dong,ask_lrt_destinations
Weekend Palembang Trade Center buka?,ask_operating_hours
"Hi, how to reach grand mosque of palembang?",ask_location_access
Permisi OK bye? ya,goodbye
Eh Kenapa langit biru? nih,ask_unrelated
Is Ampera Bridge open today?,ask_operating_hours
Oke makasih kak sangat membantu sih,goodbye
Is Monpera open in the morning?,ask_operating_hours
Bang Seru gak Al-Munawar? dong kak,ask_destination_info
Masjid Agung Palembang ada spot foto gak?,ask_facilities
Min does sultan mahmud badaruddin ii museum have food stalls? ya,ask_facilities
Kak fasilitas KI apa aja ya?,ask_facilities
Helloo dong,greet
Permisi see you later,goodbye
Min selaamt pagi dong,greet
Halo Mau cari wisata sejarah di Palembang nih,ask_category
Do you have feelings?,ask_unrelated
Permisi PIM ramah anak gak? ya kak,ask_facilities
Love this bot,provide_feedback
"Mau nanya dong got it, thanks",goodbye
Permisi membantu banget kak dong,provide_feedback
Fasilitas apa saja di OPI Mall?,ask_facilities
What nature tourism are in Palembang?,ask_category
Eh 1 2 3 test nih,greet
Eh Ampera itu apa? nih,ask_destination_info
kamu bisa jawab apa aja sih dong kak,ask_unrelated
Kampung Arab Al-Munawar bayar berapa?,ask_ticket_price
Permisi Wisata untuk anak-anak di Palembang? ya,ask_recommendation
wisata anti mainstream palembang? deh,ask_hidden_gems
Hello there,greet
Maaf mau tanya sampai jumpa lagi sih,goodbye
Maaf mau tanya ada gak wisata yang masih asri di palembang? dong,ask_hidden_gems
Bang Tempat keren tapi belum terkenal di Palembang? sih,ask_hidden_gems
What's the address of Sultan Mahmud Badaruddin II Museum?,ask_location_access
Eh Tes tes? ya kak,greet
Can you tell me How much is the admission to Jakabaring please,ask_ticket_price
Bang Jakabaring Sport City fasilitasnya apa aja? nih,ask_facilities
Tiket masuk Kemaro berapa?,ask_ticket_price
"That's all, thanks",goodbye
Mau tanya dong kak harga tiket Hutan Wisata Punti Kayu,ask_ticket_price
Please Is there an entry fee for Siguntang? please,ask_ticket_price
Taman Kebon Rojo hari libur buka gak?,ask_operating_hours
Halo Akses ke Pulau Kemaro mudah gak? dong kak,ask_location_access
Bang LRT berhenti dekat wisata mana,ask_lrt_destinations
"Hi, what destinations are accessible by lrt??",ask_lrt_destinations
Halo Wisata museum di Palembang apa aja,ask_category
Permisi Non-touristy places in Palembang? dong kak,ask_hidden_gems
What makes Benteng Kuto Besak Park unique,ask_destination_info
Is Kampung Kapitan worth visiting?,ask_destination_info
Eh aku lagi pengen makan enak sambil liat sungai dong kak,ask_recommendation
Can you tell me is it free??,ask_ticket_price
Permisi Kenapa langit biru deh,ask_unrelated
Kak Tempat-tempat wisata yang aksesibel LRT? ya kak,ask_lrt_destinations
Mau nanya dong Oke terima kasih jawabannya,provide_feedback
Hey off the beaten path places in palembang? thanks,ask_hidden_gems
Min rekomendasi wisata budaya palembang ya,ask_category
Siguntang buka hari apa aja?,ask_operating_hours
Min bisa naik lrt ke Palembang Icon? nih,ask_lrt_destinations
Maaf mau tanya saran tempat wisata di palembang? deh,ask_recommendation
Min Slmt siang? dong kak,greet
Bang Kak berapa harga tiket Pulau Kemaro? ya kak,ask_ticket_price
Permisi mau tanya,greet
Makasih infonya kak deh,provide_feedback
Mau nanya dong parks places in palembang? dong kak,ask_category
Mau nanya dong Kak ada wisata budaya gak di Palembang? nih,ask_category
Punti Kayu tutup jam berapa? nih,ask_operating_hours
Harga tiket Amanzi Waterpark berapa ya?,ask_ticket_price
Kenapa PTC terkenal?,ask_destination_info
Bang Rekomendasi wisata sejarah Palembang ya kak,ask_category
Maaf mau tanya Cuaca hari ini gimana? deh,ask_unrelated
Ceritakan tentang Taman Kambang Iwak Besak,ask_destination_info
Eh wisata yang gampang dijangkau lrt? deh,ask_lrt_destinations
"Mau nanya dong anakku suka main air, enaknya bawa kemana ya? ya",ask_recommendation
Update harga tiket SMB dong,ask_ticket_price
Maaf mau tanya Palembang Trade Center berbayar atau gratis? nih,ask_ticket_price
Kak Kasih rekomendasi wisata dong kak ya,ask_recommendation
Hey What should I visit in Palembang please,ask_recommendation
Bang cara masak rendang gimana? ya kak,ask_unrelated
Sejarah BKB apa ya?,ask_destination_info
Min lesser known attractions in palembang?,ask_hidden_gems
Kak Kemaro buka jam berapa ya?,ask_operating_hours
Kak jam operasional OPI Mall? ya,ask_operating_hours
Eh siap kak,provide_feedback
What's the entrance fee at Ampera Bridge?,ask_ticket_price
Bang any museums in palembang? nih,ask_category
"Excuse me, Can I take public transport to KI thanks",ask_location_access
Destinasi yang dekat stasiun LRT?,ask_lrt_destinations
Eh Quiet but beautiful places in Palembang? sih,ask_hidden_gems
Slmat pagi,greet
Maaf mau tanya Siapa gubernur Palembang deh,ask_unrelated
OK thank you,goodbye
Bang Pasar 16 Ilir ada tempat parkir? ya,ask_facilities
Halo Kak dong,greet
Must-visit places in Palembang?,ask_recommendation
Bayar berapa kalo masuk Amanzi Waterpark?,ask_ticket_price
Maaf mau tanya What's available at Taman Kambang Iwak Besak sih,ask_facilities
tempat wisata sejarah di palembang? dong,ask_category
Permisi terima kasih nih,goodbye
Bang siapa yang bikin kamu ya,ask_unrelated
Can you tell me Opening hours for Grand Mosque of Palembang,ask_operating_hours
Eh wisata apa yang bisa dijangkau lrt? dong,ask_lrt_destinations
Eh Wisata yang cocok untuk keluarga nih,ask_recommendation
Min alamat Masjid Cheng Ho apa ya?,ask_location_access
Eh Ada rekomendasi wisata gak? deh,ask_recommendation
Mau nanya dong Makasih atas bantuannya sih,goodbye
Amanzi dekat stasiun LRT mana?,ask_lrt_destinations
Alternative tourist spots in Palembang deh,ask_hidden_gems
How to move on?,ask_unrelated
Can you tell me what tourism spots are on the lrt line? thanks,ask_lrt_destinations
"Hello, How do I get to Siguntang?",ask_location_access
Kak thanks for your help deh,goodbye
"Min Hi, I'd like to ask something? dong kak",greet
Mau nanya dong Wisata apa yang recommended di Palembang nih,ask_recommendation
Maaf mau tanya Hai TanyaKito dong kak,greet
Min Mau tau tentang Pulau Kemaro? ya kak,ask_destination_info
"That's enough, thank you",goodbye
Halo Permisi mau tanya harga tiket Masjid Cheng Ho deh,ask_ticket_price
"Excuse me, Thank you for the information please",goodbye
Min Mau cari wisata religi di Palembang deh,ask_category
Please can i reach tourist places by lrt? thanks,ask_lrt_destinations
Maaf mau tanya Understood? nih,provide_feedback
Permisi Tempat wisata yang jarang dikunjungi di Palembang dong,ask_hidden_gems
Maaf mau tanya best universities in indonesia? dong kak,ask_unrelated
"Hi, Tell me a story",ask_unrelated
Dari jam berapa Kambang Iwak buka?,ask_operating_hours
Seru gak Kampung Kapitan?,ask_destination_info
Tempat makan di sekitar Museum Balaputra Dewa ada?,ask_facilities
Kak Rekomendasi masjid Palembang nih,ask_category
Bang Mau tanya nih nih,greet
Kak Mau tau tentang Amanzi Waterpark? deh,ask_destination_info
malam,greet
Info jam buka Kampung Kapitan dong,ask_operating_hours
Kak great bot deh,provide_feedback
Hari ini buka?,ask_operating_hours
Maaf mau tanya Alamat PIM dimana? deh,ask_location_access
Maaf mau tanya What's love? dong,ask_unrelated
Kapan Kampung Arab Al-Munawar buka? sih,ask_operating_hours
Good job,provide_feedback
Bisa bantu saya?,greet
Maaf mau tanya wisata yang belum banyak orang tau di palembang? nih,ask_hidden_gems
Harga tiket PTC berapa ya?,ask_ticket_price
Palembang Icon buka sampai malam gak?,ask_operating_hours
Info tentang Pasar 16 Ilir,ask_destination_info
Tolong kasih tau alamat Kambang Iwak? ya kak,ask_location_access
Mau nanya dong Palembang punya wisata apa aja?,ask_recommendation
Mau nanya dong hotel murah di jakarta? ya kak,ask_unrelated
Eh Stasiun LRT dekat tempat wisata ya kak,ask_lrt_destinations
Bang ada mushola di SMB II? sih,ask_facilities
Kak Taman Kebon Rojo ada area bermain anak? dong kak,ask_facilities
Maaf mau tanya Nature spots in Palembang,ask_category
Hey List of historical sites in Palembang,ask_category
Kasih info Palembang Trade Center ya kak,ask_destination_info
Halo What's special about PTC Bridge? ya kak,ask_destination_info
Permisi Mau minta saran wisata Palembang ya,ask_recommendation
Min stasiun lrt dekat tempat wisata? sih,ask_lrt_destinations
Bang Makasih ya infonya sih,goodbye
Bang Arah ke Museum Sultan Mahmud Badaruddin II gimana ya kak,ask_location_access
Mantap kak,provide_feedback
Halo Fasilitas apa saja di Palembang Square sih,ask_facilities
Gimana Palembang Trade Center?,ask_destination_info
Kak palembang punya wisata sejarah apa? ya kak,ask_category
Eh Palembang tourism recommendations? deh,ask_recommendation
Min Apa bahasa Inggrisnya kucing?,ask_unrelated
Amanzi Waterpark di mana ya?,ask_location_access
Mau nanya dong Oke makasih kak sangat membantu? ya kak,goodbye
Kak Wisata Palembang yang belum banyak orang kunjungi? ya kak,ask_hidden_gems
Posisi Jakabaring dimana ya sih,ask_location_access
Permisi Tips perawatan kulit?,ask_unrelated
Halo Cara daftar kuliah,ask_unrelated
Bang tiket Ampera berapa?,ask_ticket_price
Min Menarik gak Masjid Agung Palembang dong,ask_destination_info
Eh Does OPI Mall have food stalls? nih,ask_facilities
Permisi mau tanya harga tiket KI dong,ask_ticket_price
kenapa orang-orang suka ke Amanzi? nih,ask_destination_info
Min tell me about Fantasy Island island deh,ask_destination_info
Yang termasuk wisata religi apa aja?,ask_category
nature tourism places in Palembang? ya kak,ask_category
Permisi lesser known attractions in palembang? nih,ask_hidden_gems
"Hi, The answer is very detailed",provide_feedback
ada ide tempat buat nongkrong sore?,ask_recommendation
Bang Mau ke tempat yang unik dan sepi? nih,ask_hidden_gems
Appreciate it,goodbye
Min museums places in Palembang? ya,ask_category
Ada fasilitas apa di Kemaro?,ask_facilities
Min Halo mau keliling Palembang nih?,greet
Mau nanya dong Pagi-pagi Jembatan Ampera sudah buka belum dong,ask_operating_hours
Min Dari stasiun LRT bisa ke wisata apa? dong,ask_lrt_destinations
wisata yang belum mainstream? ya,ask_hidden_gems
Maaf mau tanya berapa ya tiket Ampera? dong,ask_ticket_price
Mau nanya dong Baik kak terima kasih dong,goodbye
Maaf mau tanya selamat datang ya,greet
Wisata yang gak pasaran di Palembang,ask_hidden_gems
Update harga tiket Pasar 16 Ilir dong,ask_ticket_price
Kayak apa sih BKB?,ask_destination_info
Permisi berguna banget dong kak,provide_feedback
Python atau Java lebih bagus?,ask_unrelated
Bang Bagaimana cara belajar coding,ask_unrelated
Permisi python atau java lebih bagus? deh,ask_unrelated
Kak Cerita sejarah Masjid Cheng Ho dong? ya,ask_destination_info
PIM buka jam berapa?,ask_operating_hours
Please thank you for the information thanks,goodbye
How to reach Monpera?,ask_location_access
Bayar berapa?,ask_ticket_price
Halo Tell me about dinosaurs nih,ask_unrelated
Thanks for the info,goodbye
Haii,greet
Bye bye deh,goodbye
Permisi kak,greet
Maaf mau tanya Great bot nih,provide_feedback
Mau nanya dong wisata yang bisa dikunjungi sehari nih,ask_recommendation
Dari pusat kota ke Kampung Kapitan berapa lama?,ask_location_access
Fasilitas apa saja di Kampung Kapitan?,ask_facilities
When does Sultan Mahmud Badaruddin II Museum close?,ask_operating_hours
Hey What should I visit in Palembang,ask_recommendation
Min sing me a song nih,ask_unrelated
What's special about Ampera Bridge?,ask_destination_info
cultural tourism places in Palembang?,ask_category
Tempat masjid di Palembang?,ask_category
Can you tell me When is the World Cup please,ask_unrelated
Permisi any parks in palembang? sih,ask_category
Permisi Useful information? ya,provide_feedback
Bang Posisi Kambang Iwak dimana ya ya kak,ask_location_access
"Maaf mau tanya thank you, goodbye ya kak",goodbye
Bang Kenapa langit biru dong kak,ask_unrelated
Halo Info jam buka Palembang Icon dong? dong kak,ask_operating_hours
Halo oke noted makasih nih,goodbye
PIM ada tempat istirahat?,ask_facilities
How much to get into Punti Kayu Forest?,ask_ticket_price
What's 2+2?,ask_unrelated
Halo rekomendasi hidden gems dong kak nih,ask_hidden_gems
Museum Sultan Mahmud Badaruddin II ada kantin gak?,ask_facilities
Min Secret places in Palembang? sih,ask_hidden_gems
oke segitu aja dulu ya,goodbye
Maaf mau tanya recommend museums in palembang ya kak,ask_category
Chatbot nya bagus deh,provide_feedback
Halo Ampera ada tempat parkir? ya kak,ask_facilities
Kak Aku lagi sedih nih dong kak,ask_unrelated
"Kak Mau explore Palembang pakai LRT, kemana aja bisa? dong kak",ask_lrt_destinations
Min Ticket price for Al Quran Al Akbar deh,ask_ticket_price
Harga masuk Bukit Siguntang berapa ya kak?,ask_ticket_price
Amanzi ramah anak gak?,ask_facilities
Permisi great info ya,provide_feedback
Bang assalamu'alaikum nih,greet
What's the ticket price?,ask_ticket_price
Permisi Very informative sih,provide_feedback
Maaf mau tanya saran tempat wisata di palembang? dong,ask_recommendation
Akses ke Museum Sultan Mahmud Badaruddin II mudah gak?,ask_location_access
Permisi Rute ke Masjid Cheng Ho gimana dong kak,ask_location_access
Eh Lengkap banget infonya ya kak,provide_feedback
Maaf mau tanya what's it like? ya,ask_destination_info
Does Kampung Kapitan have parking?,ask_facilities
Hey is Pasar 16 Ilir near an lrt station? thanks,ask_lrt_destinations
Eh min harga masuk Kemaro berapa? ya kak,ask_ticket_price
Halo Oke paham nih,provide_feedback
Kenapa Jakabaring Sport City terkenal?,ask_destination_info
Maaf mau tanya Palembang Icon ada spot foto gak? ya,ask_facilities
Kak Stasiun LRT terdekat ke tempat wisata mana nih,ask_lrt_destinations
Permisi Awesome thanks? deh,goodbye
1+1 berapa?,ask_unrelated
Min alamat Ampera apa ya?,ask_location_access
Mau cari wisata sejarah di Palembang ya,ask_category
ada wisata kuliner di palembang? dong kak,ask_category
Min Wisata sepi tapi bagus di Palembang? ya kak,ask_hidden_gems
Halo Informasinya membantu ya kak,provide_feedback
Ada wisata dekat LRT gak? dong kak,ask_lrt_destinations
Permisi Oke sip mantap? dong kak,provide_feedback
Halo kak saya turis,greet
halloo ya kak,greet
Berapa duit masuk Masjid Agung Palembang?,ask_ticket_price
Halo Destinasi wisata budaya Palembang ya,ask_category
Jembatan Ampera berbayar atau gratis? nih,ask_ticket_price
Kapan sih Monpera buka?,ask_operating_hours
Halo bingung mau bawa keluarga jalan-jalan kemana deh,ask_recommendation
Min Wisata apa yang recommended di Palembang? nih,ask_recommendation
Eh Taxi online di Palembang ya,ask_unrelated
"That's all, thanks ya",goodbye
Wisata Palembang yang populer apa?,ask_recommendation
Bang Kampung Kapitan ada spot foto gak? ya kak,ask_facilities
What makes Kambang Iwak Park unique?,ask_destination_info
How much is the admission to Kemaro Island?,ask_ticket_price
Tempat makan di sekitar Masjid Cheng Ho ada?,ask_facilities
Kampung Kapitan ada tempat istirahat?,ask_facilities
Bang Tempat yang underrated di Palembang? dong,ask_hidden_gems
Maaf mau tanya Very helpful dong,provide_feedback
Wisata Palembang yang populer apa ya kak,ask_recommendation
Mau nanya dong yang termasuk wisata kuliner apa aja? ya kak,ask_category
Halo Any cultural tourism in Palembang? deh,ask_category
Mau nanya dong Suka sama aplikasinya ya,provide_feedback
Min Kampung Kapitan ada tempat istirahat ya kak,ask_facilities
LRT Palembang lewat wisata mana? ya,ask_lrt_destinations
Halo Harga tiket masuk Kambang Iwak sekarang berapa? sih,ask_ticket_price
ada apa aja sih di Monpera?,ask_destination_info
"Hello, what facilities are available at Pasar 16 Ilir island??",ask_facilities
I want to know Can I take LRT to BKB Bridge,ask_lrt_destinations
Nice deh,provide_feedback
Mau nanya dong misi mau tanya nih,greet
Hotels in Jakarta?,ask_unrelated
Halo info wisata yang terjangkau lrt,ask_lrt_destinations
Eh underrated tourist spots in palembang? deh,ask_hidden_gems
Al Quran Al Akbar ada area bermain anak?,ask_facilities
Eh Tempat makan di sekitar Fantasy Island ada sih,ask_facilities
Halo Destinasi wisata alam Palembang?,ask_category
Kampung Arab Al-Munawar tutup jam berapa?,ask_operating_hours
Maaf mau tanya siap kak,provide_feedback
Bye kak makasih ya,goodbye
Apakah Monpera buka hari Minggu?,ask_operating_hours
Kampung Kapitan bagus gak?,ask_destination_info
"Please Hello, I want to explore Palembang please",greet
Halo Ada tempat wisata baru di Palembang,ask_hidden_gems
Min Destinasi favorit di Palembang? ya kak,ask_recommendation
Bang Information about OPI Mall Bridge? dong,ask_destination_info
Bang Bang? ya kak,greet
Tempat wisata yang wajib dikunjungi di Palembang?,ask_recommendation
Ceritakan tentang Ampera,ask_destination_info
Mau nanya dong bingung mau bawa keluarga jalan-jalan kemana? sih,ask_recommendation
Min OPI Mall lokasinya dimana? dong kak,ask_location_access
Bisa naik angkot ke Pasar 16 Ilir?,ask_location_access
Mau nanya dong PIM buka sampai malam gak? ya kak,ask_operating_hours
Permisi tempat-tempat wisata yang aksesibel lrt?,ask_lrt_destinations
Mau nanya dong Apakah KI buka 24 jam?,ask_operating_hours
"Hello, Can I take LRT to Jakabaring Sport City Bridge",ask_lrt_destinations
"Hi, Off the beaten path places in Palembang please",ask_hidden_gems
Maaf mau tanya Wisata yang aksesnya lewat LRT apa aja,ask_lrt_destinations
Permisi Makasih ya infonya? ya,goodbye
Min Sing me a song deh,ask_unrelated
Mau nanya dong Wisata accessible by LRT? deh,ask_lrt_destinations
Permisi Howdy? ya kak,greet
Permisi Siapa presiden Indonesia sih,ask_unrelated
SMB ada spot foto gak?,ask_facilities
I want to know Best things to do in Palembang?,ask_recommendation
Bang helloo nih,greet
Bang Siguntang lokasinya dimana? ya kak,ask_location_access
Kak Tempat wisata yang jarang dikunjungi di Palembang ya,ask_hidden_gems
Bang Kambang Iwak ada tempat istirahat? deh,ask_facilities
Min ping dong,greet
Permisi Ticket price for PIM? deh,ask_ticket_price
Can I reach tourist places by LRT? please,ask_lrt_destinations
Eh Mau liburan di Palembang kemana ya? nih,ask_recommendation
Bang berapa duit masuk Kampung Kapitan? ya kak,ask_ticket_price
Off the beaten path places in Palembang? please,ask_hidden_gems
Maaf mau tanya info wisata yang terjangkau lrt deh,ask_lrt_destinations
Eh Wisata sepi tapi bagus di Palembang? ya,ask_hidden_gems
"Min Got it, thanks ya",goodbye
Pagi-pagi Al-Munawar sudah buka belum?,ask_operating_hours
Kak info jam buka Kambang Iwak dong ya kak,ask_operating_hours
Kak Bukit Siguntang buka jam berapa? nih,ask_operating_hours
Taman Kambang Iwak Besak ada di daerah mana?,ask_location_access
Terima kasih,goodbye
Update harga tiket Bukit Siguntang dong,ask_ticket_price
List of culinary tourism in Palembang?,ask_category
Maaf mau tanya oke noted makasih dong kak,goodbye
Maaf mau tanya Wisata yang bisa pake LRT dong,ask_lrt_destinations
Is Punti Kayu Forest open on Sunday?,ask_operating_hours
Eh kak ada museum gak di palembang? dong,ask_category
Halo tempat wisata unik di palembang? ya kak,ask_hidden_gems
makasih udah bantu,goodbye
Halo What's available at Taman Kambang Iwak Besak? ya kak,ask_facilities
Eh Local favorites in Palembang nih,ask_hidden_gems
Please Is Ampera far from the city center?,ask_location_access
Bang aku lagi ngomong sama komputer ya dong,ask_unrelated
Oke sip makasih deh,goodbye
Please which places can i visit using lrt?,ask_lrt_destinations
Directions to Benteng Kuto Besak?,ask_location_access
What destinations are accessible by LRT?,ask_lrt_destinations
Maaf mau tanya Jawaban yang sangat membantu dong kak,provide_feedback
Maaf mau tanya Wisata yang cocok untuk keluarga dong kak,ask_recommendation
See you dong kak,goodbye
Hey where is Pulau Kemaro arab village?,ask_location_access
Is Grand Mosque of Palembang far from the city center?,ask_location_access
Min Al-Munawar hari libur buka gak? nih,ask_operating_hours
Bang tiket Kawah Tengkurep berapa?,ask_ticket_price
Kak Wisata sungai Palembang sih,ask_category
Kak Makasih banyak sih,goodbye
Weekend Kampung Kapitan buka?,ask_operating_hours
Mau tanya dong kak harga tiket Fantasy Island,ask_ticket_price
Halo LRT accessible tourist spots in Palembang? deh,ask_lrt_destinations
Maaf mau tanya tempat wisata ikonik palembang? ya kak,ask_recommendation
Halo Undiscovered places in Palembang? ya,ask_hidden_gems
Directions?,ask_location_access
Permisi Halo ada admin? sih,greet
Bang lrt friendly tourist destinations?,ask_lrt_destinations
Mau tanya jam operasional Museum Balaputra Dewa,ask_operating_hours
aku butuh tempat healing yang tenang,ask_recommendation
Mau nanya dong Naik apa ke Museum Balaputra Dewa? ya,ask_location_access
Mau nanya dong Terima kasih infonya? nih,goodbye
Permisi What's up,greet
Mau nanya dong Alternative tourist spots in Palembang,ask_hidden_gems
Kak thank you very much ya kak,goodbye
Permisi Kambang Iwak ramah anak gak ya,ask_facilities
Ada wifi di Jembatan Ampera dong kak,ask_facilities
Eh wisata yang bisa dikunjungi sehari nih,ask_recommendation
"Excuse me, What museums are in Palembang? please",ask_category
Bang Bagaimana cara diet? deh,ask_unrelated
Halo Wonderful? ya kak,provide_feedback
Min Pagi-pagi Bukit Siguntang sudah buka belum ya kak,ask_operating_hours
Eh Akses ke Amanzi mudah gak,ask_location_access
local favorites in palembang?,ask_hidden_gems
Halo Secret places in Palembang? sih,ask_hidden_gems
Eh Non-touristy places in Palembang? dong,ask_hidden_gems
Kak Ada hidden gems gak di Palembang ya,ask_hidden_gems
Mau nanya dong Palembang Trade Center fasilitasnya apa aja deh,ask_facilities
Eh Nyanyiin lagu dong?,ask_unrelated
Maaf mau tanya Weekend Monpera buka ya kak,ask_operating_hours
Maaf mau tanya Wisata indoor Palembang dong kak,ask_category
Cara menuju Jakabaring Sport City gimana?,ask_location_access
Mau nanya dong Makasih infonya?,goodbye
OPI Mall ada di daerah mana?,ask_location_access
Halo Ada parkiran?,ask_facilities
Eh Tourist spots along LRT route? nih,ask_lrt_destinations
Bang LRT accessible tourist spots in Palembang dong kak,ask_lrt_destinations
Maaf mau tanya Tips perawatan kulit nih,ask_unrelated
Maaf mau tanya wisata yang bisa dikunjungi sehari ya,ask_recommendation
Kak fasilitas Jembatan Ampera apa aja ya?,ask_facilities
Maaf mau tanya Ada rekomendasi wisata gak dong,ask_recommendation
Eh 5 bintang deh sih,provide_feedback
what's the price of iphone??,ask_unrelated
Halo Cara ke sana gimana sih,ask_location_access
Hey List of nature tourism in Palembang?,ask_category
Maaf mau tanya Fasilitas apa saja di Museum Balaputra Dewa? dong kak,ask_facilities
Cek,greet
Halo Bayar berapa kalo masuk Kampung Arab Al-Munawar? dong,ask_ticket_price
Halo palembang tourism recommendations? ya kak,ask_recommendation
Weekday Palembang Icon buka jam berapa?,ask_operating_hours
Dadah kak,goodbye
Maaf mau tanya Wisata yang gak pasaran di Palembang ya kak,ask_hidden_gems
Eh suka sama jawabannya dong,provide_feedback
Halo Curhatan aku dong? ya kak,ask_unrelated
Maaf mau tanya cukup dulu ya dong kak,goodbye
Mau nanya dong rekomendasi wisata alam palembang dong kak,ask_category
Where is it?,ask_location_access
Bang Sip lanjut kak nih,provide_feedback
Kak underrated tourist spots in palembang? ya,ask_hidden_gems
Min Love this bot dong,provide_feedback
I want to know How to learn programming?,ask_unrelated
Min mau cari wisata religi di palembang,ask_category
Min Ke Kemaro bayar berapa ya? dong,ask_ticket_price
Info fasilitas Fantasy Island dong,ask_facilities
Kak Jakabaring buka jam berapa ya?,ask_operating_hours
Is Kambang Iwak Park free?,ask_ticket_price
Min destinasi yang lrt accessible? ya,ask_lrt_destinations
Jelaskan tentang Siguntang,ask_destination_info
Bang terima kasih infonya sangat berguna deh,provide_feedback
Bang Responnya cepat ya nih,provide_feedback
Mau nanya dong rumah sakit terdekat? nih,ask_unrelated
OPI Mall hari libur buka gak? deh,ask_operating_hours
Min Berapa biaya masuk ke Jakabaring?,ask_ticket_price
Kak kira-kira harga tiket Masjid Agung Palembang berapa? deh,ask_ticket_price
Kak Is Sultan Mahmud Badaruddin II Museum open on Sunday dong,ask_operating_hours
Kak Halo min nih,greet
"Hello, suggest places for sightseeing in palembang?",ask_recommendation
Eh Rekomendasi hidden gems dong kak? ya,ask_hidden_gems
Kak oke makasih,goodbye
Mau nanya dong dari jam berapa Kemaro buka? nih,ask_operating_hours
Where is Sultan Mahmud Badaruddin II Museum?,ask_location_access
Can I take LRT to visit tourist places?,ask_lrt_destinations
Wisata paling bagus di Palembang? dong,ask_recommendation
Slmat pagi ya,greet
Halo Kambang Iwak ramah anak gak? ya kak,ask_facilities
Min tempat wisata yang jarang dikunjungi di palembang? dong kak,ask_hidden_gems
Bang Menarik gak? nih,ask_destination_info
"Hello, What's the ticket price for Amanzi??",ask_ticket_price
Permisi Wah makasih infonya lengkap? dong,provide_feedback
Halo Good job ya kak,provide_feedback
Min Are there tourist attractions near LRT stations? dong,ask_lrt_destinations
Stasiun LRT terdekat ke tempat wisata mana?,ask_lrt_destinations
Tempat museum di Palembang? dong,ask_category
Mau nanya dong Makasih ya nih,goodbye
Maaf mau tanya 1+1 berapa? sih,ask_unrelated
Min mau cari wisata yang seru di palembang ya kak,ask_recommendation
Min wisata tionghoa di palembang? dong,ask_category
Mau nanya dong Tempat yang belum terkenal di Palembang sih,ask_hidden_gems
Tempat-tempat wisata yang aksesibel LRT?,ask_lrt_destinations
Museum Balaputra Dewa mulai buka jam berapa?,ask_operating_hours
Permisi yang termasuk wisata budaya apa aja? ya kak,ask_category
Kak Amanzi Waterpark buka jam berapa ya?,ask_operating_hours
Eh ada mushola? deh,ask_facilities
Kak OPI Mall buka jam berapa ya?,ask_operating_hours
Naik apa ke Jakabaring?,ask_location_access
Ada mushola di SMB II?,ask_facilities
Bang mantul kak,provide_feedback
Kak Rekomendasikan destinasi wisata Palembang? nih,ask_recommendation
What's the entry fee for Monpera?,ask_ticket_price
Min Kamu punya perasaan dong,ask_unrelated
Halo Kak dimana ya Kampung Kapitan? nih,ask_location_access
Permisi Ampera buka setiap hari?,ask_operating_hours
Eh Bagaimana cara belajar coding dong,ask_unrelated
Suka sama jawabannya,provide_feedback
Cara menuju Bukit Siguntang gimana?,ask_location_access
Kak Wisata Bali yang bagus? sih,ask_unrelated
Mau nanya dong Tell me about dinosaurs deh,ask_unrelated
Bang bye ya kak,goodbye
Permisi berapa harga iphone terbaru? deh,ask_unrelated
Mau nanya dong Fasilitas pendukung Masjid Cheng Ho,ask_facilities
Eh Info fasilitas PIM dong? dong,ask_facilities
Eh Kak Palembang Icon buka jam berapa ya? nih,ask_operating_hours
Kak sejarah PTC apa ya? dong,ask_destination_info
What's the weather today?,ask_unrelated
Kenapa langit biru?,ask_unrelated
Halloo,greet
Mau nanya dong Tourist recommendations for Palembang,ask_recommendation
Makasih ya nih,goodbye
I want to know what's the location of Jakabaring bridge??,ask_location_access
Kak Palembang LRT tourism destinations deh,ask_lrt_destinations
Useful information,provide_feedback
Permisi weekend Amanzi buka? nih,ask_operating_hours
Mau nanya dong Kamu robot ya ya kak,ask_unrelated
pagi-pagi Masjid Cheng Ho sudah buka belum? ya kak,ask_operating_hours
Permisi Terima kasih sangat membantu dong,goodbye
Permisi asal usul Palembang Square ini gimana ceritanya?,ask_destination_info
Min Wisata yang bisa pake LRT dong,ask_lrt_destinations
Maaf mau tanya Address of Grand Mosque of Palembang? deh,ask_location_access
Maaf mau tanya Parkiran Amanzi luas gak nih,ask_facilities
Mau nanya dong wisata yang belum mainstream? sih,ask_hidden_gems
Min rekomendasikan destinasi wisata palembang dong kak,ask_recommendation
Bang di dalem situ ada apa aja sih dong kak,ask_destination_info
Kak min rekomendasi wisata palembang apa? ya kak,ask_recommendation
Halo Bagaimana cara diet nih,ask_unrelated
Ada wifi di Pasar 16 Ilir?,ask_facilities
Eh Wisata tersembunyi di Palembang? ya kak,ask_hidden_gems
Bang Oke terima kasih banyak ya? dong kak,goodbye
Halo Permisi mau tanya sih,greet
Permisi Taman Kambang Iwak Besak ada spot foto gak sih,ask_facilities
Eh misi nanya dong ya kak,greet
Halo Kampung Kapitan bagus gak? deh,ask_destination_info
Halo Parkiran Monpera luas gak dong,ask_facilities
Maaf mau tanya Berapa biaya masuk ke Museum Balaputra Dewa? ya kak,ask_ticket_price
How much for Sultan Mahmud Badaruddin II Museum tickets?,ask_ticket_price
Destinasi masjid Palembang?,ask_category
Does Sultan Mahmud Badaruddin II Museum open every day?,ask_operating_hours
Sejarah Jembatan Ampera apa ya?,ask_destination_info
"Kak Great, thanks dong kak",goodbye
Maaf mau tanya mau liburan di palembang kemana ya? deh,ask_recommendation
Eh Ada gak wisata yang masih asri di Palembang sih,ask_hidden_gems
Mau cari wisata yang seru di Palembang,ask_recommendation
Jembatan Ampera bayar berapa?,ask_ticket_price
PTC buka jam berapa?,ask_operating_hours
Kak Berapa ya tiket Amanzi? ya,ask_ticket_price
Eh Buka sampai malam?,ask_operating_hours
Min Apa itu AI?,ask_unrelated
Permisi aku lagi ngomong sama komputer ya? sih,ask_unrelated
Kak Tempat wisata alternatif Palembang?,ask_hidden_gems
Bang What's the weather today? sih,ask_unrelated
Apakah Punti Kayu gratis?,ask_ticket_price
Bang Wisata murah yang bisa naik LRT?,ask_lrt_destinations
"Hi, Hi, can you help me thanks",greet
Min Tell me about Palembang Trade Center? deh,ask_destination_info
Hey is there wifi at grand mosque of palembang?,ask_facilities
Info lengkap Kampung Kapitan dong,ask_destination_info
How to move on? thanks,ask_unrelated
Maaf mau tanya Monpera jauh gak dari pusat kota ya,ask_location_access
Mau nanya dong Ada wisata yang jarang orang tau? nih,ask_hidden_gems
Please how to go to Kampung Kapitan forest? please,ask_location_access
Permisi Saranin wisata di Palembang dong,ask_recommendation
Bang Wisata weekend di Palembang? nih,ask_recommendation
How to go to Punti Kayu Forest?,ask_location_access
Permisi Info museum Palembang dong dong kak,ask_category
Bang selamat sore deh,greet
Min Destinasi rahasia Palembang?,ask_hidden_gems
Is Kambang Iwak Park open on weekends?,ask_operating_hours
Halo apakah Al Quran Al Akbar buka hari minggu?,ask_operating_hours
Halo suka sama jawabannya ya kak,provide_feedback
Alternative tourist spots in Palembang?,ask_hidden_gems
Kak Is Pulau Kemaro Park open on weekends ya kak,ask_operating_hours
Maaf mau tanya jadwal kereta api jakarta? ya,ask_unrelated
What can I see at Benteng Kuto Besak?,ask_destination_info
Halo Bye bye kak ya,goodbye
Harga tiket masuk Ampera sekarang berapa?,ask_ticket_price
Maaf mau tanya excellent information sih,provide_feedback
Weekend Kemaro buka?,ask_operating_hours
Mau nanya dong Membantu banget dong kak,provide_feedback
Mau nanya dong Info lengkap Amanzi dong dong kak,ask_destination_info
Permisi Oke sip mantap? ya,provide_feedback
what is grand mosque of palembang? thanks,ask_destination_info
Min hai selamat siang ya,greet
Ada mushola di Museum Balaputra Dewa?,ask_facilities
Mau nanya dong Pagi? ya kak,greet
Hey list of culinary tourism in palembang? thanks,ask_category
More information please,ask_destination_info
Maaf mau tanya Min kasih tau hidden gems Palembang? dong kak,ask_hidden_gems
Min ada ide tempat buat nongkrong sore? sih,ask_recommendation
Please who is the president of indonesia?,ask_unrelated
Ceritain Kemaro dong kak,ask_destination_info
Permisi Must-visit places in Palembang ya,ask_recommendation
Permisi Ada taman di Palembang dong,ask_category
Mau jalan-jalan pakai LRT bisa kemana?,ask_lrt_destinations
Halo wisata masjid di palembang apa aja?,ask_category
Fasilitas Monpera lengkap gak?,ask_facilities
Ke PIM bayar berapa ya?,ask_ticket_price
Cara masak rendang gimana?,ask_unrelated
Permisi Film terbaru 2024 apa nih,ask_unrelated
Bang numpang tanya dong,greet
Kak Info wisata sejarah Palembang dong? dong kak,ask_category
What's Kemaro Island like?,ask_destination_info
Min Tempat yang belum terkenal di Palembang nih,ask_hidden_gems
Bang informasinya membantu deh,provide_feedback
"Hi, where is sultan mahmud badaruddin ii museum? thanks",ask_location_access
Where is Benteng Kuto Besak?,ask_location_access
Harga masuk Amanzi Waterpark berapa ya kak?,ask_ticket_price
Halo bagaimana cara move on? nih,ask_unrelated
Bang Weekday Siguntang buka jam berapa sih,ask_operating_hours
Halo Perfect dong,provide_feedback
Halo awesome thanks nih,goodbye
Permisi Python atau Java lebih bagus dong,ask_unrelated
Kak dulu tempat ini bekas apa ya,ask_destination_info
Any religious tourism in Palembang?,ask_category
Mau nanya dong What's available at Al Quran Al Akbar dong,ask_facilities
Mau nanya dong Best destinations in Palembang,ask_recommendation
PIM ada tempat parkir?,ask_facilities
"Hello, Best places for tourists in Palembang thanks",ask_recommendation
Info wisata religi Palembang dong,ask_category
Very informative,provide_feedback
Maaf mau tanya stasiun lrt terdekat ke tempat wisata mana? nih,ask_lrt_destinations
Bang Terima kasih? dong,goodbye
Permisi Aku lagi sedih nih ya,ask_unrelated
Sip makasih,goodbye
Kak Ada fasilitas apa di Kampung Arab Al-Munawar? nih,ask_facilities
Min Yo? ya,greet
Please Is there WiFi at Kampung Kapitan Bridge?,ask_facilities
Kak Wisata yang aksesnya lewat LRT apa aja?,ask_lrt_destinations
Details about Monpera?,ask_destination_info
Eh Gimana OPI Mall nih,ask_destination_info
Bisa naik angkot ke Benteng Kuto Besak?,ask_location_access
Bang Mau jalan-jalan pakai LRT bisa kemana deh,ask_lrt_destinations
Bang tempat masjid di palembang? dong,ask_category
Mau nanya dong location of Amanzi park?,ask_location_access
Wisata wisata sejarah di Palembang apa aja sih,ask_category
Review tentang Jakabaring? ya,ask_destination_info
Mau nanya dong enaknya kemana ya di palembang?,ask_recommendation
are there restrooms?,ask_facilities
Ada wisata yang jarang orang tau?,ask_hidden_gems
Permisi Cara daftar kuliah dong,ask_unrelated
Permisi Mantap kak? ya kak,provide_feedback
What's Kambang Iwak Park like?,ask_destination_info
Is Sultan Mahmud Badaruddin II Museum open on Sunday?,ask_operating_hours
Kak Cuaca hari ini gimana? dong kak,ask_unrelated
Apa Kampung Kapitan bisa dijangkau LRT? nih,ask_lrt_destinations
Jam operasional Kambang Iwak?,ask_operating_hours
5 stars? nih,provide_feedback
Permisi Kak Palembang Square buka jam berapa ya? deh,ask_operating_hours
Halo ada yang bisa dibantu?,greet
Apakah Taman Kambang Iwak Besak buka 24 jam?,ask_operating_hours
Min Min mau tanya? ya,greet
Eh terima kasih dong kak,goodbye
Eh any parks in palembang? dong kak,ask_category
Ada wisata budaya di Palembang,ask_category
Permisi Jakabaring itu apa? ya kak,ask_destination_info
Info lokasi Al-Munawar dong,ask_location_access
Maaf mau tanya Apakah Al Quran Al Akbar dekat LRT sih,ask_lrt_destinations
asal usul Al-Munawar ini gimana ceritanya?,ask_destination_info
Can I take public transport to Kampung Kapitan?,ask_location_access
Mau nanya dong halo selamat pagi sih,greet
Maaf mau tanya Address of Kampung Arab Al-Munawar Arab Village? dong,ask_location_access
Infonya akurat,provide_feedback
Permisi Ada rekomendasi wisata gak ya kak,ask_recommendation
Eh wisata accessible by lrt?,ask_lrt_destinations
Halo cerita sejarah KI dong sih,ask_destination_info
Permisi SMB ada tempat istirahat? ya,ask_facilities
Halo Wisata yang bisa pake LRT deh,ask_lrt_destinations
Mau nanya dong Rute LRT melewati wisata apa nih,ask_lrt_destinations
Maaf mau tanya min kasih tau hidden gems palembang deh,ask_hidden_gems
mau tau sejarah Kampung Kapitan nih,ask_destination_info
Pasar 16 Ilir dekat stasiun LRT mana dong,ask_lrt_destinations
Halo Hutan Wisata Punti Kayu fasilitasnya apa aja? ya,ask_facilities
Who are you?,ask_unrelated
Maaf mau tanya Seru gak Palembang Square? ya kak,ask_destination_info
Eh kamu manusia apa robot? dong kak,ask_unrelated
Jos,provide_feedback
Permisi LRT bisa ke Amanzi Waterpark gak,ask_lrt_destinations
Hey Unique places to visit in Palembang?,ask_hidden_gems
Mau nanya dong Ada museum di Palembang?,ask_category
siapa penemu lampu?,ask_unrelated
Mau nanya dong Mau tanya jam operasional Bukit Siguntang? deh,ask_operating_hours
Aku bosan? dong kak,ask_unrelated
Halo Yang termasuk wisata sejarah apa aja? ya,ask_category
Maaf mau tanya Good evening deh,greet
siap kak sih,provide_feedback
Masjid Agung Palembang lokasinya dimana?,ask_location_access
Eh Oke kak noted? sih,provide_feedback
Min jam operasional PTC? deh,ask_operating_hours
Can you tell me does Kampung Kapitan bridge have a mosque? please,ask_facilities
Halo see you later dong,goodbye
Kak Which tourist spots are near LRT stations nih,ask_lrt_destinations
Apa bahasa Inggrisnya kucing?,ask_unrelated
Kak Fasilitas apa saja di Taman Kebon Rojo dong kak,ask_facilities
Maaf mau tanya destinasi wisata lrt palembang? dong,ask_lrt_destinations
Bang Berapa ya tiket Museum Sultan Mahmud Badaruddin II deh,ask_ticket_price
tempat yang bagus buat foto-foto keluarga di mana ya?,ask_recommendation
Ada fasilitas apa di KI,ask_facilities
Info fasilitas Pasar 16 Ilir dong,ask_facilities
Ada wisata dekat LRT gak? dong,ask_lrt_destinations
"Mau nanya dong thanks, see you next time dong",goodbye
I want to know What destinations are accessible by LRT? please,ask_lrt_destinations
Bagus gak tempatnya?,ask_destination_info
Permisi Siapa BTS? nih,ask_unrelated
Mau nanya dong Pagi? deh,greet
Eh excellent information nih,provide_feedback
Mau nanya dong Mau tau tentang Jakabaring Sport City,ask_destination_info
Can you tell me What days is Al Quran Al Akbar open? please,ask_operating_hours
How much is the ticket?,ask_ticket_price
Permisi kenapa orang-orang suka ke Kampung Arab Al-Munawar? deh,ask_destination_info
Halo hey there ya kak,greet
Kode pos Palembang berapa?,ask_unrelated
Halo Parkiran Kambang Iwak luas gak deh,ask_facilities
what cultural tourism are in palembang?,ask_category
Halo kak ada wisata sejarah gak di palembang? ya,ask_category
Permisi That makes sense? nih,provide_feedback
Kak fasilitas Monpera apa aja ya?,ask_facilities
Bisa naik LRT ke BKB?,ask_lrt_destinations
Eh Jembatan Ampera ada kantin gak? dong,ask_facilities
Mau nanya dong Wisata yang belum mainstream? nih,ask_hidden_gems
Halo ada orang?,greet
Halo Cukup dulu ya sih,goodbye
bingung mau bawa keluarga jalan-jalan kemana,ask_recommendation
Kak What's up sih,greet
Min Tempat masjid di Palembang? deh,ask_category
Halo Undiscovered places in Palembang? nih,ask_hidden_gems
Hidden gem Palembang yang recommended?,ask_hidden_gems
Eh ada taman kota di palembang? dong,ask_category
Bang Ceritain Jembatan Ampera dong kak ya kak,ask_destination_info
where can i find parks in palembang? please,ask_category
Ke Benteng Kuto Besak bayar berapa ya?,ask_ticket_price
Min Alright thanks? sih,goodbye
Halo Tempat wisata yang dilalui LRT ya kak,ask_lrt_destinations
Permisi hai hai nih,greet
Kak tiket masuk Al Quran Al Akbar berapa? nih,ask_ticket_price
Maaf mau tanya Local favorites in Palembang deh,ask_hidden_gems
"Hi, how to get a visa? please",ask_unrelated
Sudah cukup terima kasih? sih,goodbye
Halo Aku mau cerita dong,ask_unrelated
Maaf mau tanya siapa penemu lampu? ya,ask_unrelated
Mau nanya dong Wisata yang paling dekat LRT dong,ask_lrt_destinations
Permisi destinasi museum palembang? dong,ask_category
Min Love this bot? deh,provide_feedback
I want to know can i reach tourist places by lrt?,ask_lrt_destinations
Eh Great bot? nih,provide_feedback
best movies of 2024? ya kak,ask_unrelated
Bang Tempat wisata alternatif Palembang ya kak,ask_hidden_gems
Is Punti Kayu Forest child-friendly?,ask_facilities
Does Sultan Mahmud Badaruddin II Museum have food stalls?,ask_facilities
Mau nanya dong min info wisata dekat lrt dong ya kak,ask_lrt_destinations
Kak selamat malam dong,greet
"Excuse me, When is the World Cup? thanks",ask_unrelated
Min Ada wisata yang jarang orang tau ya kak,ask_hidden_gems
Any parks in Palembang sih,ask_category
Halo Recommended banget aplikasinya? ya kak,provide_feedback
Bang dari mana ke Pasar 16 Ilir? deh,ask_location_access
Quiet but beautiful places in Palembang?,ask_hidden_gems
Kak Kawah Tengkurep di mana ya? nih,ask_location_access
Mau nanya dong Pinter ya botnya? sih,provide_feedback
Min tempat makan di sekitar SMB ada? nih,ask_facilities
Min Hidden gem Palembang yang recommended? sih,ask_hidden_gems
Oke bagus,provide_feedback
Bang Dari stasiun LRT bisa ke wisata apa? sih,ask_lrt_destinations
HTM Amanzi berapa?,ask_ticket_price
Permisi Oke mantap kak? dong,goodbye
Permisi rekomendasi masjid palembang nih,ask_category
Halo Jauh gak dari sini sih,ask_location_access
"Halo that's all, thanks ya",goodbye
Ada wisata yang jarang orang tau ya kak,ask_hidden_gems
Eh Ping nih,greet
Maaf mau tanya ada wisata religi di palembang? dong,ask_category
Kak can someone help me? dong,greet
Alamat Palembang Icon dimana?,ask_location_access
Halo nice info,provide_feedback
Halo useful information ya kak,provide_feedback
"Hi, What's the entry fee for PTC? thanks",ask_ticket_price
"Min Got it, thanks?",goodbye
Wisata murah yang bisa naik LRT?,ask_lrt_destinations
Min Kira-kira harga tiket Museum Balaputra Dewa berapa? sih,ask_ticket_price
Halo Got it? ya,provide_feedback
Bang Wisata gratis di Palembang ada gak,ask_recommendation
Maaf mau tanya Halo saya dari Jakarta mau tanya? deh,greet
Mau nanya dong That makes sense sih,provide_feedback
Hey What historical sites are in Palembang please,ask_category
Halo Hai boleh tanya dong kak,greet
What's the address of Sultan Mahmud Badaruddin II Museum please,ask_location_access
Ticket price?,ask_ticket_price
Permisi Smart bot ya kak,provide_feedback
Jawabannya memuaskan,provide_feedback
Maaf mau tanya Oke terima kasih dong kak,goodbye
Permisi Oke segitu dulu? ya kak,goodbye
Dimana lokasi Al Quran Al Akbar?,ask_location_access
Ceritain SMB dong kak,ask_destination_info
Eh Love this bot? dong,provide_feedback
Mau nanya dong asalamualaikum deh,greet
Kak Cara bikin cuko pempek? sih,ask_unrelated
Hutan Wisata Punti Kayu buka setiap hari?,ask_operating_hours
Bang Masuk Palembang Square gratis atau bayar deh,ask_ticket_price
Pasar 16 Ilir di mana ya?,ask_location_access
Maaf mau tanya suka deh,provide_feedback
destinasi masjid palembang? nih,ask_category
Kak Fasilitas pendukung Amanzi Waterpark dong kak,ask_facilities
Ada rekomendasi wisata gak dong,ask_recommendation
Please thanks for the info please,provide_feedback
Naik apa ke Siguntang?,ask_location_access
Eh Ada gak wisata yang masih asri di Palembang? dong kak,ask_hidden_gems
Permisi unexplored attractions in palembang? ya,ask_hidden_gems
woi,greet
Mau nanya dong Hi there sih,greet
mau minta saran wisata palembang deh,ask_recommendation
Can you tell me thank you for the information please,goodbye
Halo Kak ada masjid gak di Palembang? deh,ask_category
Permisi Baik kak terima kasih dong,goodbye
Permisi Does Sultan Mahmud Badaruddin II Museum open every day? dong,ask_operating_hours
Ada rekomendasi wisata gak? dong kak,ask_recommendation
Thank you? dong kak,goodbye
Kak SMB ada tempat istirahat? ya,ask_facilities
Kak any museums in palembang? ya kak,ask_category
Hey best places for tourists in palembang??,ask_recommendation
Halo Mau cari masjid di Palembang nih,ask_category
Eh Does Punti Kayu Forest have parking sih,ask_facilities
Maaf mau tanya howdy sih,greet
Permisi Kayak apa sih Kampung Kapitan ya,ask_destination_info
Mau nanya dong Benteng Kuto Besak ada spot foto gak?,ask_facilities
Wisata paling bagus di Palembang?,ask_recommendation
Mau nanya dong Unexplored attractions in Palembang dong kak,ask_hidden_gems
Can you tell me What is Palembang Trade Center Arab Village?,ask_destination_info
Halo great info sih,provide_feedback
Kak PIM terkenal karena apa? ya kak,ask_destination_info
PIM ada di daerah mana?,ask_location_access
Maaf mau tanya siapa bts? nih,ask_unrelated
Halo What's cryptocurrency? sih,ask_unrelated
apa yang bikin Taman Kambang Iwak Besak ini spesial? sih,ask_destination_info
Mau nanya dong Kampung Arab Al-Munawar buka sampai malam gak?,ask_operating_hours
Kapan Palembang Icon buka?,ask_operating_hours
Mau nanya dong Unexplored attractions in Palembang ya kak,ask_hidden_gems
Min Makasih kak nanti saya tanya lagi ya kak,goodbye
Permisi non-touristy places in palembang? nih,ask_hidden_gems
Bang Very detailed? dong kak,provide_feedback
Hai TanyaKito,greet
Halo kak fasilitas PTC apa aja ya? deh,ask_facilities
Bang goodbye dong,goodbye
Kenapa Kampung Arab Al-Munawar terkenal?,ask_destination_info
Eh greetings dong kak,greet
Why is Sultan Mahmud Badaruddin II Museum famous?,ask_destination_info
Can I take public transport to Jakabaring Sport City?,ask_location_access
Hi there,greet
Eh kamu manusia apa robot ya kak,ask_unrelated
Eh Wisata Palembang yang populer apa nih,ask_recommendation
When is Kambang Iwak Park open?,ask_operating_hours
Wisata yang bernuansa Islami?,ask_category
Does Ampera Bridge have parking?,ask_facilities
Bisa naik angkot ke Hutan Wisata Punti Kayu?,ask_location_access
Is Benteng Kuto Besak far from the city center?,ask_location_access
Min cultural tourism places in Palembang nih,ask_category
Maaf mau tanya Kira-kira berapa ya tiketnya? deh,ask_ticket_price
Permisi that makes sense nih,provide_feedback
Halo Good afternoon? dong kak,greet
Kak Oke makasih kak sangat membantu ya kak,goodbye
Eh Bye for now? dong kak,goodbye
Mau nanya dong Fasilitas pendukung Taman Kambang Iwak Besak,ask_facilities
Kak naik lrt bisa ke wisata mana aja?,ask_lrt_destinations
Eh Unexplored attractions in Palembang? ya,ask_hidden_gems
Eh palembang punya taman apa? dong,ask_category
Min Sip makasih ya kak,goodbye
Halo Tempat-tempat wisata yang aksesibel LRT sih,ask_lrt_destinations
Bang Ada fasilitas apa di KI dong,ask_facilities
Kak Ceritain Palembang Square dong kak ya,ask_destination_info
Bang Kampung Arab Al-Munawar bagus gak? dong kak,ask_destination_info
Maaf mau tanya Bisa naik angkot ke Palembang Square ya kak,ask_location_access
Kak wisata romantis di palembang?,ask_recommendation
"Halo Hi, I'd like to ask something sih",greet
hello tanyakito sih,greet
Halo Hidden gems di Palembang apa,ask_hidden_gems
Kak dari stasiun lrt bisa ke wisata apa?,ask_lrt_destinations
Monpera bayar berapa?,ask_ticket_price
Maaf mau tanya kak fasilitas PIM apa aja ya? ya,ask_facilities
Monpera buka dari jam berapa sampai jam berapa? dong kak,ask_operating_hours
what tourism spots are on the lrt line? thanks,ask_lrt_destinations
Kak Makasih infonya kak?,provide_feedback
Waalaikumsalam? ya,greet
Mau nanya dong malam min ya,greet
Mau nanya dong kayak apa sih Jakabaring Sport City?,ask_destination_info
Eh Facilities at Masjid Cheng Ho,ask_facilities
Monpera itu apa?,ask_destination_info
Permisi Flight tickets to Bali? ya,ask_unrelated
Bang Halo min ya kak,greet
Halo Places that tourists don't usually go dong,ask_hidden_gems
Eh ada apa aja sih di Taman Kambang Iwak Besak ya kak,ask_destination_info
Any hidden gems to visit?,ask_hidden_gems
Alamat Kemaro dimana?,ask_location_access
Bang aku lagi pengen makan enak sambil liat sungai dong,ask_recommendation
Eh LRT bisa ke Al Quran Al Akbar gak sih,ask_lrt_destinations
Maaf mau tanya Palembang LRT tourism destinations dong kak,ask_lrt_destinations
Kak Penjelasannya bagus kak? ya kak,provide_feedback
Mau nanya dong tempat wisata yang bisa diakses lrt? dong,ask_lrt_destinations
Bisa naik angkot ke Amanzi Waterpark?,ask_location_access
Akses ke Punti Kayu mudah gak?,ask_location_access
Min Wisata anti mainstream Palembang,ask_hidden_gems
Kampung Kapitan ada kantin gak? deh,ask_facilities
Maaf mau tanya Recommend tourist places in Palembang?,ask_recommendation
Info lengkap Punti Kayu dong,ask_destination_info
I want to know thanks for the info thanks,provide_feedback
Kamu robot ya?,ask_unrelated
Ampera terkenal karena apa?,ask_destination_info
Min Is Kemaro open today,ask_operating_hours
Eh Taman Kebon Rojo ramah anak gak? dong kak,ask_facilities
Hello TanyaKito,greet
Kasih info Jakabaring ya kak,ask_destination_info
Maaf mau tanya What's the time sih,ask_unrelated
apa yang bikin Ampera ini spesial?,ask_destination_info
Min See you nih,goodbye
Halo Museum Sultan Mahmud Badaruddin II buka sampai malam gak? ya kak,ask_operating_hours
Palembang Square tutup jam berapa?,ask_operating_hours
Halo Berapa harga tiketnya?,ask_ticket_price
Bang wisata palembang yang belum banyak orang kunjungi? deh,ask_hidden_gems
Mau nanya dong Tempat wisata budaya Palembang deh,ask_category
Bang Appreciate it? dong kak,goodbye
Maaf mau tanya dimana lokasi Taman Kebon Rojo? ya kak,ask_location_access
Eh Ada mushola di OPI Mall ya,ask_facilities
kak ada wisata alam gak di palembang? dong,ask_category
Maaf mau tanya update harga tiket Jakabaring Sport City dong sih,ask_ticket_price
Apakah Kampung Arab Al-Munawar buka 24 jam?,ask_operating_hours
Permisi Min kasih tau hidden gems Palembang ya,ask_hidden_gems
Maaf mau tanya htm PTC berapa? ya,ask_ticket_price
Halo Wisata Palembang yang aesthetic tapi sepi sih,ask_hidden_gems
Seru gak Monpera?,ask_destination_info
Tempat wisata yang bisa diakses LRT deh,ask_lrt_destinations
Kak Mau tanya jam operasional KI nih,ask_operating_hours
Kak Ada wisata budaya di Palembang dong kak,ask_category
"Eh that's all, thanks deh",goodbye
Eh Halo saya dari Jakarta mau tanya? dong kak,greet
Kak terima kasih infonya sangat berguna deh,provide_feedback
Apakah Kemaro gratis?,ask_ticket_price
Min Hidden gem Palembang yang recommended? dong kak,ask_hidden_gems
Maaf mau tanya destinasi wisata sejarah palembang? dong kak,ask_category
What days is Grand Mosque of Palembang open?,ask_operating_hours
P,greet
Mau nanya dong Tempat makan di sekitar Benteng Kuto Besak ada sih,ask_facilities
Hey How to go to Museum Balaputra Dewa?,ask_location_access
Kak Bisa bantu saya dong kak,greet
Bang Tempat keren tapi belum terkenal di Palembang? ya kak,ask_hidden_gems
Tiket masuk Palembang Square berapa?,ask_ticket_price
Apotek 24 jam di Palembang?,ask_unrelated
Kak Weekday Hutan Wisata Punti Kayu buka jam berapa? dong,ask_operating_hours
Min Mau cari wisata yang seru di Palembang? sih,ask_recommendation
Min very detailed deh,provide_feedback
Permisi are there tourist attractions near lrt stations?,ask_lrt_destinations
Permisi Siapa BTS sih,ask_unrelated
Akses ke Kawah Tengkurep mudah gak?,ask_location_access
Maaf mau tanya underrated tourist spots in palembang? ya,ask_hidden_gems
Weekday SMB II buka jam berapa?,ask_operating_hours
Hey Where can I find historical sites in Palembang? thanks,ask_category
Maaf mau tanya wisata untuk anak-anak di palembang? ya,ask_recommendation
Bang Yo? dong,greet
Kak Ceritakan tentang SMB II? ya kak,ask_destination_info
"that's enough, thank you sih",goodbye
Halo Destinasi yang LRT accessible? dong,ask_lrt_destinations
Maaf mau tanya Min alamat Palembang Trade Center apa ya nih,ask_location_access
Eh Rekomendasikan tempat wisata di Palembang,ask_recommendation
Kak di Ampera itu kita bisa ngapain aja dong kak,ask_destination_info
Eh kapan Monpera buka? deh,ask_operating_hours
Permisi Assalamualaikum bye? deh,goodbye
How much does it cost?,ask_ticket_price
"Excuse me, Unique places to visit in Palembang??",ask_hidden_gems
Maaf mau tanya Hey there? ya kak,greet
Permisi Recommend cultural tourism in Palembang ya kak,ask_category
is there an entry fee for sultan mahmud badaruddin ii museum?,ask_ticket_price
Kak Oke terima kasih nih,goodbye
Halo PIM buka sampai malam gak?,ask_operating_hours
Maaf mau tanya Film terbaru 2024 apa dong,ask_unrelated
Permisi Bye? dong,goodbye
Alamat Palembang Square dimana?,ask_location_access
Halo Wisata yang bisa pake LRT,ask_lrt_destinations
Dari jam berapa PTC buka?,ask_operating_hours
Eh Misi nih,greet
Halo ada wisata dekat lrt gak? sih,ask_lrt_destinations
Kak Secret places in Palembang? ya kak,ask_hidden_gems
Apakah Jembatan Ampera buka 24 jam?,ask_operating_hours
Eh Siapa presiden Indonesia sih,ask_unrelated
Recommend religious tourism in Palembang,ask_category
Bang ada toilet gak? dong,ask_facilities
Min What's available at OPI Mall? sih,ask_facilities
Bang kapan sih BKB buka? dong kak,ask_operating_hours
Opening hours for Grand Mosque of Palembang?,ask_operating_hours
Kak Rekomendasi wisata Palembang dong?,ask_recommendation
Eh Recommended banget aplikasinya? ya,provide_feedback
Maaf mau tanya Ampera ada di daerah mana sih,ask_location_access
Min Kak ada wisata kuliner gak di Palembang? ya,ask_category
Tempat wisata budaya Palembang nih,ask_category
Eh nature tourism places in palembang?,ask_category
Permisi Ticket price for Kambang Iwak Island ya kak,ask_ticket_price
Eh tempat wisata yang jarang dikunjungi di palembang?,ask_hidden_gems
Min info lengkap KI dong dong,ask_destination_info
Kurs dollar hari ini berapa?,ask_unrelated
Kenapa SMB II terkenal?,ask_destination_info
is Kampung Kapitan park far from the city center??,ask_location_access
Maaf mau tanya Ada fasilitas apa di Jakabaring Sport City,ask_facilities
Weekday Museum Sultan Mahmud Badaruddin II buka jam berapa?,ask_operating_hours
Maaf mau tanya Makasih udah bantu dong kak,goodbye
Mau nanya dong Halo min ya kak,greet
Maaf mau tanya thanks so much dong,goodbye
Mau cari wisata kuliner di Palembang,ask_category
"mau explore palembang pakai lrt, kemana aja bisa? nih",ask_lrt_destinations
Kak oke kak sampai jumpa ya,goodbye
Kak Tempat wisata murah di Palembang? dong kak,ask_recommendation
Permisi mau tanya harga tiket Kampung Kapitan,ask_ticket_price
Mau tau sejarah PIM,ask_destination_info
Mau nanya dong Hotels in Jakarta? nih,ask_unrelated
Kak dimana ya Bukit Siguntang?,ask_location_access
di Monpera itu kita bisa ngapain aja? ya kak,ask_destination_info
Bang Berapa duit masuk Amanzi Waterpark nih,ask_ticket_price
Alamat Kambang Iwak dimana?,ask_location_access
Jos? deh,provide_feedback
Bang Oke terima kasih jawabannya dong,provide_feedback
Religious sites in Palembang ya,ask_category
Ceritakan tentang Al-Munawar,ask_destination_info
Mau nanya dong 5 bintang deh? deh,provide_feedback
Makasih atas bantuannya,goodbye
Eh Sampai ketemu lagi? deh,goodbye
Min does SMB II have parking? sih,ask_facilities
BKB ada di daerah mana?,ask_location_access
Berapa biaya masuk ke Museum Balaputra Dewa?,ask_ticket_price
Berapa ya tiket Kemaro?,ask_ticket_price
Eh Rute LRT melewati wisata apa sih,ask_lrt_destinations
tiket masuk ke Museum Balaputra Dewa sekarang berapa ya? ya kak,ask_ticket_price
Maaf mau tanya Amanzi ada tempat parkir? dong kak,ask_facilities
Wisata alam di Palembang ada apa aja?,ask_category
Keren banget infonya,provide_feedback
Kak Rekomendasi museum Palembang? deh,ask_category
Amanzi Waterpark bagus gak?,ask_destination_info
Is Ampera Bridge child-friendly?,ask_facilities
"Hello, Is SMB near an LRT station",ask_lrt_destinations
Bang mau cari museum di palembang ya kak,ask_category
Sampai jumpa lagi ya kak,goodbye
Halo ok thank you deh,goodbye
Eh Makasih infonya kak deh,provide_feedback
Kak hello mau tanya ya,greet
Please where to go in palembang? thanks,ask_recommendation
Permisi Ceritakan tentang KI? ya kak,ask_destination_info
Permisi Kawah Tengkurep ada di daerah mana dong,ask_location_access
Any cultural tourism in Palembang? deh,ask_category
Permisi Halo apakah ada yang bisa bantu? ya kak,greet
"Hi, Where should I go in Palembang thanks",ask_recommendation
Bang Which tourist spots are near LRT stations? ya,ask_lrt_destinations
Maaf mau tanya jelaskan tentang KI ya,ask_destination_info
Halo Kode pos Palembang berapa? sih,ask_unrelated
When is Jakabaring Sport City open?,ask_operating_hours
Eh Ada gak wisata yang bisa ditempuh LRT dong kak,ask_lrt_destinations
Masjid Agung Palembang bayar berapa?,ask_ticket_price
Min Facilities at Punti Kayu dong,ask_facilities
Eh Well explained nih,provide_feedback
Bang tiket Amanzi Waterpark berapa?,ask_ticket_price
Eh cek ya,greet
Which tourist spots are near LRT stations?,ask_lrt_destinations
What's special about Monpera?,ask_destination_info
Maaf mau tanya posisi Taman Kambang Iwak Besak dimana ya? dong kak,ask_location_access
Kak Fasilitas Palembang Icon lengkap gak? nih,ask_facilities
Min bye bye makasih sih,goodbye
Permisi oke cukup kak makasih banyak nih,goodbye
Ticket price for Kemaro Island?,ask_ticket_price
Maaf mau tanya Sampai ketemu lagi?,goodbye
Bang Nice dong kak,provide_feedback
Eh min rekomendasi wisata palembang apa?,ask_recommendation
Eh Wonderful? ya,provide_feedback
How much is the admission to Punti Kayu Forest?,ask_ticket_price
Maaf mau tanya Udah cukup deh,goodbye
Maaf mau tanya cara menuju Kambang Iwak gimana? ya kak,ask_location_access
Min Halo bang nih,greet
Weekend Fantasy Island buka?,ask_operating_hours
"I want to know Good morning, I have a question thanks",greet
Min info wisata budaya palembang dong sih,ask_category
Permisi Wisata anti mainstream Palembang? deh,ask_hidden_gems
kak dimana ya SMB II? deh,ask_location_access
Can you tell me List of nature tourism in Palembang??,ask_category
asal usul Palembang Square ini gimana ceritanya?,ask_destination_info
Bang cara daftar cpns gimana? deh,ask_unrelated
Bang palembang punya wisata religi apa? dong kak,ask_category
Mau tau tentang Jakabaring,ask_destination_info
Can you tell me best things to do in palembang?,ask_recommendation
Mau nanya dong Kampung Kapitan ada spot foto gak ya,ask_facilities
Bang Oke terima kasih? dong kak,goodbye
What days is Benteng Kuto Besak open?,ask_operating_hours
Apakah Benteng Kuto Besak buka 24 jam?,ask_operating_hours
Kak Kenapa langit biru? dong,ask_unrelated
Kak Weekend KI buka,ask_operating_hours
Min Pulau Kemaro ada kantin gak? nih,ask_facilities
Please Can I take LRT to Jembatan Ampera Bridge please,ask_lrt_destinations
permisi kak ya,greet
Min rekomendasi wisata religi palembang nih,ask_category
Apa Taman Kebon Rojo bayar?,ask_ticket_price
Tell me about Monpera Park dong,ask_destination_info
Maaf mau tanya Berguna banget,provide_feedback
Min harga masuk Bukit Siguntang berapa?,ask_ticket_price
Hai saya wisatawan,greet
Eh Sejarah Taman Kambang Iwak Besak apa ya? dong,ask_destination_info
Permisi Apakah Kemaro buka hari Minggu dong,ask_operating_hours
Bang siang min ya,greet
Min useful information ya,provide_feedback
Kak Wisata masjid di Palembang apa aja? dong kak,ask_category
Kak Bukit Siguntang di mana ya,ask_location_access
Hari ini Siguntang buka gak ya?,ask_operating_hours
Permisi Local favorites in Palembang dong kak,ask_hidden_gems
Is admission to Punti Kayu Forest free?,ask_ticket_price
"Hello, thanks for the help",goodbye
Permisi Berapa biaya masuk ke Pasar 16 Ilir? nih,ask_ticket_price
Kak Ada tempat wisata baru di Palembang? nih,ask_hidden_gems
Eh lrt accessible tourist spots in palembang? dong,ask_lrt_destinations
Kak Mau cari taman di Palembang,ask_category
Min Cara menuju Taman Kebon Rojo gimana? ya kak,ask_location_access
Baiklah terima kasih banyak nih,goodbye
Taxi online di Palembang?,ask_unrelated
Eh who are you? nih,ask_unrelated
Maaf mau tanya aku lagi ngomong sama komputer ya? dong,ask_unrelated
Oke paham,provide_feedback
apa yang bikin Palembang Square ini spesial?,ask_destination_info
Min Directions to Pasar 16 Ilir? ya,ask_location_access
Kak Jakabaring Sport City di mana ya? dong,ask_location_access
Eh Siguntang fasilitasnya apa aja? dong kak,ask_facilities
Bang mau nanya,greet
Halo Rekomendasi wisata untuk liburan singkat ya kak,ask_recommendation
Mau nanya dong apa Masjid Agung Palembang bisa dijangkau lrt?,ask_lrt_destinations
Maaf mau tanya permisi saya mau jalan-jalan di palembang,greet
Min aku bosan dong,ask_unrelated
Fasilitas apa saja di Palembang Square?,ask_facilities
Boleh tanya?,greet
Mau nanya dong Bot nya pintar ya dong kak,provide_feedback
Mau nanya dong infonya oke banget sih,provide_feedback
Eh Responnya cepat ya? deh,provide_feedback
Eh top wisata palembang? deh,ask_recommendation
Oke mantap kak,goodbye
Amanzi Waterpark buka setiap hari?,ask_operating_hours
Eh Kak fasilitas Siguntang apa aja ya,ask_facilities
Kak Dadah kak? ya kak,goodbye
Kak mau ke tempat yang unik dan sepi nih,ask_hidden_gems
Min apa Siguntang bisa dijangkau lrt? ya,ask_lrt_destinations
Wisata weekend di Palembang?,ask_recommendation
Eh Monpera ada tempat parkir? dong kak,ask_facilities
1 2 3 test,greet
Yang termasuk wisata alam apa aja?,ask_category
Aku mau cerita ya kak,ask_unrelated
HTM Al Quran Al Akbar berapa?,ask_ticket_price
What makes Grand Mosque of Palembang unique?,ask_destination_info
Facilities at Kambang Iwak Park?,ask_facilities
Bang mantap sih,provide_feedback
Halo Kemaro ramah anak gak? nih,ask_facilities
"Excuse me, What are the opening hours of Punti Kayu??",ask_operating_hours
Eh Ampera ada area bermain anak? nih,ask_facilities
Halo apakah botnya aktif?,greet
Min Weekday Kemaro buka jam berapa? ya,ask_operating_hours
Naik LRT bisa ke wisata mana aja ya kak,ask_lrt_destinations
Seru gak Pasar 16 Ilir? ya kak,ask_destination_info
Kak kenapa Masjid Cheng Ho terkenal? dong kak,ask_destination_info
Information about Kambang Iwak Park,ask_destination_info
Kapan sih Palembang Trade Center buka?,ask_operating_hours
Permisi Tempat wisata yang gak rame sih,ask_hidden_gems
Apa itu SMB?,ask_destination_info
Maaf mau tanya bingung mau bawa keluarga jalan-jalan kemana dong kak,ask_recommendation
Min Ada wifi di Kampung Kapitan dong kak,ask_facilities
Info jam buka Monpera dong,ask_operating_hours
Pulau Kemaro bagus gak?,ask_destination_info
Maaf mau tanya Wisata murah yang bisa naik LRT? ya kak,ask_lrt_destinations
"Hello, What historical sites are in Palembang please",ask_category
Info museum Palembang dong,ask_category
saranin wisata di palembang dong dong kak,ask_recommendation
Berapa harga tiket masuk Al-Munawar?,ask_ticket_price
Maaf mau tanya Ada wisata yang jarang orang tau?,ask_hidden_gems
Please How to lose weight thanks,ask_unrelated
Min okay thanks dong kak,goodbye
Tell me about Jakabaring Sport City,ask_destination_info
min rekomendasi wisata palembang apa? dong,ask_recommendation
Halo wisata yang gak pasaran di palembang? sih,ask_hidden_gems
"Excuse me, List of historical sites in Palembang??",ask_category
Kasih info Kawah Tengkurep ya kak,ask_destination_info
Kak describe Amanzi Waterpark arab village dong,ask_destination_info
Halo rekomendasi wisata untuk liburan singkat ya kak,ask_recommendation
Penjelasannya bagus kak,provide_feedback
Min Bisa naik LRT ke Monpera ya,ask_lrt_destinations
"Kak that's all, thanks ya kak",goodbye
Taman Kebon Rojo mulai buka jam berapa?,ask_operating_hours
Maaf mau tanya ada wisata kuliner gak di palembang? deh,ask_category
OPI Mall ada tempat parkir?,ask_facilities
Al-Munawar buka sampai malam gak?,ask_operating_hours
Eh What makes Ampera unique nih,ask_destination_info
Alamat lengkap Museum Balaputra Dewa?,ask_location_access
Permisi Mau jalan-jalan pakai LRT bisa kemana? ya kak,ask_lrt_destinations
Info tentang PTC,ask_destination_info
Kak Lokasi Kambang Iwak dimana kak dong kak,ask_location_access
Min tempat makan di sekitar Museum Sultan Mahmud Badaruddin II ada? dong,ask_facilities
Pinter ya botnya ya kak,provide_feedback
Wonderful? sih,provide_feedback
Kak Wisata yang belum mainstream?,ask_hidden_gems
rekomendasi wisata palembang dong ya kak,ask_recommendation
Permisi Any nature tourism in Palembang ya,ask_category
wisata untuk anak-anak di palembang? deh,ask_recommendation
Makasih ya,goodbye
Tempat makan di sekitar Museum Sultan Mahmud Badaruddin II ada?,ask_facilities
Fasilitas apa saja di Hutan Wisata Punti Kayu?,ask_facilities
Permisi Destinasi wisata kuliner Palembang?,ask_category
Permisi aku butuh tempat healing yang tenang? deh,ask_recommendation
Min makasih udah bantu dong kak,goodbye
Gimana Palembang Icon?,ask_destination_info
Min Recommend historical sites in Palembang? deh,ask_category
Permisi cultural tourism places in palembang?,ask_category
Min Wisata murah yang bisa naik LRT? ya kak,ask_lrt_destinations
I want to know Is admission to Palembang Square Park free please,ask_ticket_price
Ceritakan joke dong? deh,ask_unrelated
Maaf mau tanya Kawah Tengkurep ada kantin gak?,ask_facilities
Kak kamu bisa jawab apa aja sih deh,ask_unrelated
siapa gubernur palembang? sih,ask_unrelated
Min stasiun lrt terdekat ke tempat wisata mana? sih,ask_lrt_destinations
Is Kemaro Island far from the city center?,ask_location_access
"Hi, can i reach tourist places by lrt??",ask_lrt_destinations
Very helpful?,provide_feedback
Mau tanya harga tiket Al-Munawar,ask_ticket_price
Perfect nih,provide_feedback
Min rekomendasi wisata untuk liburan singkat dong kak,ask_recommendation
Mau nanya dong Undiscovered places in Palembang,ask_hidden_gems
Halo weekend Al-Munawar buka? dong kak,ask_operating_hours
Berapa duit masuk Monpera?,ask_ticket_price
Assalamualaikum kak,greet
Min dari stasiun lrt bisa ke wisata apa? nih,ask_lrt_destinations
Bang Thanks so much ya,goodbye
Kak Tourist recommendations for Palembang dong,ask_recommendation
Bang Info tentang PTC deh,ask_destination_info
Maaf mau tanya culinary tourism places in Palembang deh,ask_category
Mau nanya dong best universities in indonesia? nih,ask_unrelated
Dari stasiun LRT bisa ke wisata apa ya,ask_lrt_destinations
Permisi harga tiket masuk PTC sekarang berapa? deh,ask_ticket_price
Hey Best things to do in Palembang??,ask_recommendation
Eh weekday SMB buka jam berapa? ya,ask_operating_hours
"Excuse me, Can I take public transport to Kambang Iwak thanks",ask_location_access
How much to get into Al-Munawar Forest,ask_ticket_price
Kak BKB buka jam berapa ya?,ask_operating_hours
Maaf mau tanya Sup?,greet
segitu dulu kak thanks dong kak,goodbye
Halo Palembang Square terkenal karena apa? dong,ask_destination_info
Permisi Wisata Palembang yang populer apa ya kak,ask_recommendation
Eh Does Monpera open every day? nih,ask_operating_hours
Halo Kak Al Quran Al Akbar buka jam berapa ya? sih,ask_operating_hours
Oke terima kasih,goodbye
Maaf mau tanya Kemaro jauh gak dari pusat kota,ask_location_access
Maaf mau tanya Mantap makasih? dong kak,goodbye
Maaf mau tanya pinter ya botnya sih,provide_feedback
Ada mushola di Pulau Kemaro deh,ask_facilities
"Hello, I'm a tourist sih",greet
Is Ampera Bridge open on Sunday?,ask_operating_hours
makasih banyak,goodbye
Maaf mau tanya Ada wisata dekat LRT gak? nih,ask_lrt_destinations
Fasilitas umum di Taman Kebon Rojo apa aja?,ask_facilities
Can I take public transport to Amanzi Waterpark?,ask_location_access
Bang Kampung Arab Al-Munawar ramah anak gak? dong kak,ask_facilities
Bang Ada wifi di Masjid Agung Palembang? dong kak,ask_facilities
Kak posisi Jakabaring Sport City dimana ya? dong,ask_location_access
Permisi kak ada wisata sejarah gak di palembang?,ask_category
Kemaro buka setiap hari?,ask_operating_hours
Info fasilitas Siguntang dong,ask_facilities
Kasih info Masjid Cheng Ho ya kak,ask_destination_info
Halo bang tiket Ampera berapa?,ask_ticket_price
Dari mana ke Kambang Iwak?,ask_location_access
Bang oke kak sampai jumpa,goodbye
Bang Kak dimana ya SMB II,ask_location_access
Kak Min alamat Ampera apa ya? sih,ask_location_access
Halo Destinasi yang LRT accessible dong,ask_lrt_destinations
Amanzi ada tempat istirahat?,ask_facilities
Mau nanya dong Harga masuk Masjid Cheng Ho berapa ya kak dong,ask_ticket_price
Eh Apa arti cinta dong kak,ask_unrelated
Kak Dari pusat kota ke Al-Munawar berapa lama ya kak,ask_location_access
Harga tiket Monpera berapa ya?,ask_ticket_price
Apa BKB bisa dijangkau LRT?,ask_lrt_destinations
What's the time?,ask_unrelated
Eh Kak ada wisata sejarah gak di Palembang? ya,ask_category
Kak Local favorites in Palembang? dong,ask_hidden_gems
Mau nanya dong Local favorites in Palembang? ya,ask_hidden_gems
Halo Mau nanya dong kak? ya,greet
Mau nanya dong Oke mantap kak dong kak,goodbye
What facilities are available at Monpera?,ask_facilities
Min Rekomendasi wisata Palembang dong ya kak,ask_recommendation
Terima kasih atas informasinya dong,goodbye
Makasih infonya,goodbye
Permisi Apa Al Quran Al Akbar bisa dijangkau LRT?,ask_lrt_destinations
Wisata Bali yang bagus?,ask_unrelated
wisata palembang yang aesthetic tapi sepi? ya kak,ask_hidden_gems
Maaf mau tanya Wisata anti mainstream Palembang dong,ask_hidden_gems
Bang Oke mantul? deh,provide_feedback
Kak Wisata terbaik di Palembang apa? ya kak,ask_recommendation
Permisi Info tentang PTC? dong,ask_destination_info
Min best places to visit by lrt? dong kak,ask_lrt_destinations
Kak dimana ya PIM?,ask_location_access
Eh Suka sama jawabannya,provide_feedback
ada museum di palembang? ya,ask_category
Min Membantu banget kak dong,provide_feedback
Bot nya pintar ya,provide_feedback
Mau nanya dong infonya akurat deh,provide_feedback
Eh kenapa Pasar 16 Ilir terkenal? deh,ask_destination_info
Halo Wisata sore hari di Palembang deh,ask_recommendation
Undiscovered places in Palembang? ya,ask_hidden_gems
Kak Tiket pesawat ke Bali berapa? sih,ask_unrelated
Eh tempat yang bagus buat foto-foto keluarga di mana ya? ya kak,ask_recommendation
Wisata wisata religi di Palembang apa aja?,ask_category
Apakah Pulau Kemaro gratis?,ask_ticket_price
Info jam buka SMB dong? ya kak,ask_operating_hours
Noted kak? nih,provide_feedback
Bang Lewat mana ya? sih,ask_location_access
Malam kak dong kak,greet
Chatbot nya bagus nih,provide_feedback
What makes Punti Kayu Forest unique?,ask_destination_info
Mau nanya dong very helpful dong kak,provide_feedback
Permisi Cara masak rendang gimana? dong kak,ask_unrelated
Mau tanya harga tiket Kampung Arab Al-Munawar,ask_ticket_price
kamu manusia apa robot?,ask_unrelated
Hey what are the best places to visit in palembang? thanks,ask_recommendation
Palembang Square ada tempat istirahat?,ask_facilities
Palembang Square deket stasiun LRT mana?,ask_location_access
KI berbayar atau gratis?,ask_ticket_price
Bang Secret places in Palembang? ya kak,ask_hidden_gems
Naik apa ke Amanzi Waterpark?,ask_location_access
Rekomendasi wisata alam Palembang dong kak,ask_category
Halo akses ke KI mudah gak? nih,ask_location_access
Maaf mau tanya Wisata yang belum viral di Palembang,ask_hidden_gems
Permisi Rekomendasi wisata religi Palembang? deh,ask_category
Eh Aku mau cerita? deh,ask_unrelated
Maaf mau tanya Assalamu'alaikum? sih,greet
Kak Fasilitasnya gimana,ask_facilities
Harga tiket masuk BKB sekarang berapa?,ask_ticket_price
Maaf mau tanya Mau jalan-jalan di Palembang kemana ya? dong kak,ask_recommendation
Eh dari jam berapa Kambang Iwak buka? dong,ask_operating_hours
"Hi, What does it cost to visit Benteng Kuto Besak Forest thanks",ask_ticket_price
"Mau nanya dong Hi, I'm visiting Palembang nih",greet
Permisi mau tanya harga tiket Masjid Cheng Ho,ask_ticket_price
Permisi Cukup dulu ya,goodbye
chatbot nya bagus ya,provide_feedback
Halo What's Bitcoin? ya,ask_unrelated
Bang Kapan sih Jakabaring buka? ya kak,ask_operating_hours
Bang tempat keren tapi belum terkenal di palembang? dong kak,ask_hidden_gems
Info fasilitas Bukit Siguntang dong?,ask_facilities
Eh Kira-kira harga tiket Palembang Square berapa? ya,ask_ticket_price
"Hello, list of cultural tourism in palembang?",ask_category
Can I reach tourist places by LRT?,ask_lrt_destinations
Maaf mau tanya Good day dong kak,greet
Eh See you later dong,goodbye
Can you tell me Where should I go in Palembang please,ask_recommendation
Maaf mau tanya tempat wisata yang bisa diakses lrt? sih,ask_lrt_destinations
Eh Ada gak wisata yang masih asri di Palembang? ya,ask_hidden_gems
Museum Sultan Mahmud Badaruddin II fasilitasnya apa aja?,ask_facilities
Min Kambang Iwak deket stasiun lrt mana? deh,ask_location_access
Can you tell me how much does it cost to enter Masjid Agung Palembang park??,ask_ticket_price
Permisi Does Pulau Kemaro have parking? deh,ask_facilities
Hey What's the capital of France??,ask_unrelated
Maaf mau tanya Kemaro ramah anak gak sih,ask_facilities
Min Dadah? nih,goodbye
Bukit Siguntang berbayar atau gratis?,ask_ticket_price
"Mau nanya dong That's enough, thank you? ya",goodbye
What's the entry fee for Al-Munawar Arab Village?,ask_ticket_price
Hai,greet
Mau nanya dong Min rekomendasi wisata Palembang apa?,ask_recommendation
Kapan sih Punti Kayu buka?,ask_operating_hours
Permisi Rumus pythagoras? dong kak,ask_unrelated
SMB II ada area bermain anak?,ask_facilities
"Hello, when is the world cup??",ask_unrelated
Min halo bang ya,greet
Mau nanya dong Pagi-pagi Amanzi Waterpark sudah buka belum? dong kak,ask_operating_hours
How much to get into Kampung Kapitan?,ask_ticket_price
Bang Palembang Icon fasilitasnya apa aja? dong kak,ask_facilities
PTC hari libur buka gak?,ask_operating_hours
Halo Wisata off the beaten path Palembang? deh,ask_hidden_gems
Review tentang Kampung Kapitan,ask_destination_info
Permisi Bisa naik LRT ke SMB,ask_lrt_destinations
Bang Tempat yang underrated di Palembang,ask_hidden_gems
ceritakan tentang Punti Kayu nih,ask_destination_info
Maaf mau tanya Stasiun LRT dekat tempat wisata?,ask_lrt_destinations
Eh Monpera ramah anak gak? sih,ask_facilities
apa yang bikin Taman Kambang Iwak Besak ini spesial?,ask_destination_info
Permisi siapa pemenang liga champions? sih,ask_unrelated
Wassalamualaikum,goodbye
Eh BKB lokasinya dimana deh,ask_location_access
Mau nanya dong Museum Balaputra Dewa ada spot foto gak ya,ask_facilities
Halo sampai jumpa ya,goodbye
Maaf mau tanya Hai kak? nih,greet
Where can I go by LRT for sightseeing?,ask_lrt_destinations
Halo Best places to visit by LRT? dong,ask_lrt_destinations
Mau nanya dong Sejarahnya gimana? deh,ask_destination_info
Min hi sih,greet
Hari ini Masjid Agung Palembang buka gak ya?,ask_operating_hours
Oke segitu dulu,goodbye
Pagi-pagi Taman Kambang Iwak Besak sudah buka belum?,ask_operating_hours
Mau nanya dong Sup? nih,greet
Halo Naik LRT bisa ke wisata mana aja ya kak,ask_lrt_destinations
Makasih atas bantuannya? dong,goodbye
Bang apa Amanzi bayar? ya kak,ask_ticket_price
How much is the admission to Sultan Mahmud Badaruddin II Museum?,ask_ticket_price
Bang Malam kak deh,greet
Kak dimana ya OPI Mall?,ask_location_access
Halo Is Monpera worth visiting?,ask_destination_info
I want to know what are the best places to visit in palembang?,ask_recommendation
Hidden gems di Palembang apa? dong,ask_hidden_gems
Apakah ada wisata yang bisa dijangkau LRT?,ask_lrt_destinations
When is Al-Munawar Arab Village open?,ask_operating_hours
Kak Ada gak wisata yang masih asri di Palembang? sih,ask_hidden_gems
Bang Halo permisi,greet
Kenapa Pasar 16 Ilir terkenal?,ask_destination_info
Hey How to cook an egg??,ask_unrelated
Mau nanya dong Palembang Icon terkenal karena apa ya,ask_destination_info
Bisa naik apa ke sana?,ask_location_access
Permisi ada tempat wisata baru di palembang? deh,ask_hidden_gems
Permisi unexplored attractions in palembang? dong,ask_hidden_gems
Eh mau cari wisata sejarah di palembang dong kak,ask_category
Pagi-pagi Kampung Arab Al-Munawar sudah buka belum?,ask_operating_hours
rekomendasi wisata untuk liburan singkat dong,ask_recommendation
Eh Selamat datang ya kak,greet
Wisata sore hari di Palembang?,ask_recommendation
Permisi hidden gems di palembang apa? ya,ask_hidden_gems
Halo wassalamualaikum sih,goodbye
Eh Religious sites in Palembang ya kak,ask_category
Monpera mulai buka jam berapa?,ask_operating_hours
Eh Min tolong saran wisata dong ya,ask_recommendation
Min makasih ya kak sangat berguna infonya ya kak,goodbye
Maaf mau tanya Bye bye makasih ya,goodbye
Halo Mantul kak dong,provide_feedback
Eh Alternative tourist spots in Palembang? dong kak,ask_hidden_gems
Kak Sip terima kasih kak? deh,goodbye
Min Benteng Kuto Besak hari libur buka gak ya,ask_operating_hours
"Excuse me, Unique places to visit in Palembang? please",ask_hidden_gems
Permisi famous places in palembang? nih,ask_recommendation
Permisi Mau minta saran wisata Palembang,ask_recommendation
Permisi Anime yang bagus apa? sih,ask_unrelated
Kak destinasi yang dekat stasiun lrt? sih,ask_lrt_destinations
Kak is Palembang Square child-friendly? ya kak,ask_facilities
cara mengobati flu? dong,ask_unrelated
Maaf mau tanya Fasilitas apa saja di OPI Mall,ask_facilities
Eh biaya masuknya berapa? deh,ask_ticket_price
Halo Location of Al-Munawar Forest dong kak,ask_location_access
Kambang Iwak ada tempat parkir?,ask_facilities
Maaf mau tanya Halo halo? dong kak,greet
Bang Cukup dulu ya sih,goodbye
"Kak Hi, first time in Palembang? nih",greet
"Hi, list of museums in palembang? please",ask_category
Mau nanya dong Describe it nih,ask_destination_info
Mau nanya dong Info museum Palembang dong dong,ask_category
Min rute ke Palembang Trade Center gimana? nih,ask_location_access
asal usul Kambang Iwak ini gimana ceritanya?,ask_destination_info
Can you tell me The answer is very detailed please,provide_feedback
aku lagi pengen makan enak sambil liat sungai deh,ask_recommendation
Min Palembang punya wisata apa aja? dong,ask_recommendation
"Excuse me, What can I see at Grand Mosque of Palembang please",ask_destination_info
Permisi mau liburan di palembang kemana ya? nih,ask_recommendation
Hai saya baru ke Palembang,greet
Eh Permisi mau tanya harga tiket Museum Sultan Mahmud Badaruddin II deh,ask_ticket_price
Permisi Oi deh,greet
Eh local favorites in palembang?,ask_hidden_gems
Tempat wisata murah di Palembang?,ask_recommendation
Maaf mau tanya info wisata yang terjangkau lrt dong kak,ask_lrt_destinations
Halo Stasiun LRT terdekat ke tempat wisata mana nih,ask_lrt_destinations
Bang Best places to visit by LRT? dong kak,ask_lrt_destinations
Amanzi Waterpark fasilitasnya apa aja?,ask_facilities
Review tentang Pasar 16 Ilir,ask_destination_info
History of Monpera?,ask_destination_info
Kak dari jam berapa Kampung Kapitan buka? sih,ask_operating_hours
Monpera di mana ya?,ask_location_access
Seru gak Al Quran Al Akbar?,ask_destination_info
"Hi, How much is the ticket please",ask_ticket_price
Wisata air di Palembang ada? ya,ask_category
Min tourist spots along lrt route? nih,ask_lrt_destinations
Mau nanya dong Tempat makan di sekitar Museum Sultan Mahmud Badaruddin II ada dong kak,ask_facilities
Mau nanya dong Berapa biaya masuk ke Taman Kebon Rojo ya kak,ask_ticket_price
Min kamu bodoh nih,ask_unrelated
Halo hello mau tanya ya kak,greet
Kak Sip lanjut kak ya,provide_feedback
Bang Mau tanya jam operasional Ampera? ya,ask_operating_hours
Monpera hari libur buka gak?,ask_operating_hours
Wisata untuk anak-anak di Palembang ya,ask_recommendation
Good info,provide_feedback
Nyanyiin lagu dong,ask_unrelated
I want to know what is ai? please,ask_unrelated
Min Sing me a song dong kak,ask_unrelated
Berapa harga tiket masuk BKB?,ask_ticket_price
how much to get into Kampung Kapitan?,ask_ticket_price
Non-touristy places in Palembang?,ask_hidden_gems
Al Quran Al Akbar ada di daerah mana?,ask_location_access
Halo Makasih infonya kak? dong kak,provide_feedback
List of cultural tourism in Palembang?,ask_category
Kayak apa sih Jembatan Ampera?,ask_destination_info
Mau nanya dong ada ide tempat buat nongkrong sore dong kak,ask_recommendation
Permisi tempat-tempat wisata yang aksesibel lrt? deh,ask_lrt_destinations
Min Jadwal buka Kambang Iwak kapan ya? deh,ask_operating_hours
Eh Dadah kak,goodbye
"Eh Hi, first time in Palembang dong",greet
Min Dadah?,goodbye
Kapan kiamat deh,ask_unrelated
Bang Nice sih,provide_feedback
Eh oke thanks ya kak,goodbye
"thanks, see you next time nih",goodbye
Maaf mau tanya Taman Kambang Iwak Besak ada kantin gak sih,ask_facilities
Maaf mau tanya LRT berhenti dekat wisata mana dong,ask_lrt_destinations
Halo Test dong kak,greet
Makasih ya kak sangat berguna infonya,goodbye
Min alamat SMB apa ya?,ask_location_access
Permisi kasih info Monpera ya kak ya,ask_destination_info
apa yang bikin Fantasy Island ini spesial?,ask_destination_info
oke sip makasih dong,goodbye
Maaf mau tanya sore min ya,greet
Bang Bukit Siguntang berbayar atau gratis? deh,ask_ticket_price
Permisi sangat membantu ya kak,provide_feedback
Palembang punya wisata budaya apa?,ask_category
Eh Berapa harga iPhone terbaru deh,ask_unrelated
BKB buka jam berapa? dong,ask_operating_hours
Mau nanya dong Is PTC Park free? sih,ask_ticket_price
Berapa duit masuk BKB?,ask_ticket_price
Permisi infonya oke banget ya,provide_feedback
"Excuse me, What's the capital of France thanks",ask_unrelated
Hey Suggest places for sightseeing in Palembang??,ask_recommendation
Min pinter ya botnya ya,provide_feedback
What are the best places to visit in Palembang thanks,ask_recommendation
details about Hutan Wisata Punti Kayu? sih,ask_destination_info
Mau tanya jam operasional Masjid Cheng Ho,ask_operating_hours
Eh min rekomendasi wisata palembang apa? deh,ask_recommendation
Fasilitas SMB lengkap gak?,ask_facilities
Maaf mau tanya OK thank you? ya,goodbye
Dari pusat kota ke Palembang Trade Center berapa lama?,ask_location_access
"Hi, How to reach Museum Balaputra Dewa Park? please",ask_location_access
LRT Palembang stop di wisata mana dong kak,ask_lrt_destinations
Min Sampai jumpa? ya,goodbye
Bang Hutan Wisata Punti Kayu ada tempat parkir,ask_facilities
Bang Suka deh?,provide_feedback
Eh Hello there deh,greet
Halo Weekday Kampung Arab Al-Munawar buka jam berapa ya kak,ask_operating_hours
What makes Benteng Kuto Besak unique?,ask_destination_info
Akses ke Pulau Kemaro mudah gak?,ask_location_access
Maaf mau tanya wisata terbaik di palembang apa? nih,ask_recommendation
Maaf mau tanya Tempat yang underrated di Palembang? dong,ask_hidden_gems
lagi pengen liat pemandangan kota dari atas ya,ask_recommendation
Mau cari taman di Palembang,ask_category
Min gambar kucing dong,ask_unrelated
Halo halo saya dari jakarta mau tanya,greet
Maaf mau tanya info fasilitas Kambang Iwak dong nih,ask_facilities
Eh cuaca hari ini gimana? dong kak,ask_unrelated
Kak Best movies of 2024? nih,ask_unrelated
Eh Underrated tourist spots in Palembang? deh,ask_hidden_gems
Siang kak,greet
Is Monpera worth visiting?,ask_destination_info
What days is Kampung Arab Al-Munawar open? please,ask_operating_hours
Please What are the operating hours of Palembang Square thanks,ask_operating_hours
Permisi Kak mau tanya? nih,greet
Mau tanya jam operasional Amanzi,ask_operating_hours
Eh Apakah ada wisata yang bisa dijangkau LRT? sih,ask_lrt_destinations
"Hello, How do I get to SMB Park please",ask_location_access
Are you a robot?,ask_unrelated
Ke Pulau Kemaro bayar berapa ya?,ask_ticket_price
Terima kasih atas informasinya,goodbye
Akses ke Monpera mudah gak?,ask_location_access
Kak Wisata murah yang bisa naik LRT dong,ask_lrt_destinations
"Hi, planning to visit Palembang",greet
Kak fasilitas SMB apa aja ya?,ask_facilities
I want to know what tourism spots are on the lrt line? thanks,ask_lrt_destinations
oke sip mantap dong kak,provide_feedback
Mau nanya dong Underrated tourist spots in Palembang? ya kak,ask_hidden_gems
Min sip makasih deh,goodbye
Eh Sangat membantu? dong kak,provide_feedback
good info dong kak,provide_feedback
Info fasilitas Taman Kambang Iwak Besak dong,ask_facilities
Berapa harga iPhone terbaru?,ask_unrelated
Eh Wassalamualaikum? ya kak,goodbye
Maaf mau tanya Slmt siang dong,greet
Halo Wisata apa aja yang dekat jalur LRT dong,ask_lrt_destinations
Bang wisata weekend di palembang? sih,ask_recommendation
Min Wisata yang bisa pake LRT? sih,ask_lrt_destinations
"Maaf mau tanya Hello, I'm a tourist?",greet
Kak Udah itu aja kak makasih ya,goodbye
Mau nanya dong Tempat-tempat wisata yang aksesibel LRT? ya kak,ask_lrt_destinations
SMB mulai buka jam berapa?,ask_operating_hours
Min oke paham dong kak,provide_feedback
Halo Destinasi wisata LRT Palembang ya,ask_lrt_destinations
Min Mantap ya kak,provide_feedback
Maaf mau tanya Sore min? ya,greet
I want to know what are the best places to visit in palembang? please,ask_recommendation
Kak Tempat keren tapi belum terkenal di Palembang? deh,ask_hidden_gems
Oke deh kak sampai jumpa,goodbye
Film terbaru 2024 apa? sih,ask_unrelated
Mau tanya harga tiket Kawah Tengkurep,ask_ticket_price
Permisi Baik kak terima kasih ya,goodbye
Arah ke Amanzi Waterpark gimana?,ask_location_access
Alamatnya dimana?,ask_location_access
Apakah Fantasy Island dekat LRT?,ask_lrt_destinations
Halo apakah botnya aktif? deh,greet
Kira-kira harga tiket Kambang Iwak berapa?,ask_ticket_price
Permisi location of Taman Kambang Iwak Besak? deh,ask_location_access
Masih buka gak ya?,ask_operating_hours
Naik apa ke SMB?,ask_location_access
I want to know Where to go in Palembang? please,ask_recommendation
Apa aja fasilitas di sana?,ask_facilities
Permisi di Punti Kayu itu kita bisa ngapain aja? dong kak,ask_destination_info
Mau nanya dong Informasinya membantu? ya,provide_feedback
Bang Tiket masuk Masjid Agung Palembang berapa? deh,ask_ticket_price
Tolong kasih tau alamat Punti Kayu? ya,ask_location_access
Mau nanya dong Rute ke SMB gimana? ya,ask_location_access
Halo Akses ke KI mudah gak nih,ask_location_access
Amanzi Waterpark ada area bermain anak?,ask_facilities
Eh Jembatan Ampera ada tempat istirahat? ya kak,ask_facilities
Bang Mantap,provide_feedback
"Hey Hi, can you help me??",greet
PTC ada tempat istirahat?,ask_facilities
Min mau tanya dong kak harga tiket Bukit Siguntang,ask_ticket_price
Mau nanya dong Apa itu AI ya kak,ask_unrelated
Kampung Kapitan deket stasiun LRT mana dong,ask_location_access
Eh Anime yang bagus apa? deh,ask_unrelated
Kak apa yang bikin Al-Munawar ini spesial? ya kak,ask_destination_info
Is it open today? please,ask_operating_hours
Kemaro tutup jam berapa? ya,ask_operating_hours
Akses ke KI mudah gak?,ask_location_access
Eh kak ada wisata kuliner gak di palembang? deh,ask_category
What time does it open?,ask_operating_hours
Maaf mau tanya wisata palembang yang lrt friendly? ya kak,ask_lrt_destinations
What's the capital of France?,ask_unrelated
Kak Resep kue bolu nih,ask_unrelated
Info tentang Jakabaring,ask_destination_info
Bang Kamu punya perasaan? ya kak,ask_unrelated
LRT bisa ke Monpera gak?,ask_lrt_destinations
Maaf mau tanya Menarik gak Kemaro,ask_destination_info
Min kak ada wisata alam gak di palembang? deh,ask_category
Seru gak Taman Kebon Rojo?,ask_destination_info
Jadwal buka KI kapan ya?,ask_operating_hours
Tiket Pulau Kemaro berapa sih?,ask_ticket_price
Halo Ceritakan tentang dinosaurus? ya,ask_unrelated
Kapan kiamat?,ask_unrelated
What to see in Palembang?,ask_recommendation
Mau nanya dong Kasih rekomendasi wisata dong kak? sih,ask_recommendation
Mau nanya dong Ada gak wisata yang masih asri di Palembang? deh,ask_hidden_gems
Ceritain Hutan Wisata Punti Kayu dong kak,ask_destination_info
Kak Ada wifi di Masjid Agung Palembang,ask_facilities
Kenapa Punti Kayu terkenal?,ask_destination_info
Cara ke sana gimana?,ask_location_access
"Maaf mau tanya mau explore palembang pakai lrt, kemana aja bisa?",ask_lrt_destinations
Maaf mau tanya Tempat paling menarik di Palembang,ask_recommendation
Eh Tourist spots along LRT route ya,ask_lrt_destinations
Mau nanya dong Canggih botnya,provide_feedback
What is it?,ask_destination_info
Min kayak apa sih Palembang Icon? dong kak,ask_destination_info
Halo mau jalan-jalan pakai lrt bisa kemana? deh,ask_lrt_destinations
Can you tell me Can I take LRT to visit tourist places please,ask_lrt_destinations
Pagi-pagi KI sudah buka belum?,ask_operating_hours
Kak Ada yang aktif deh,greet
Halo segitu dulu kak thanks ya kak,goodbye
Mau nanya dong Jam operasional Jakabaring? nih,ask_operating_hours
Fasilitas Fantasy Island lengkap gak?,ask_facilities
Halo Lewat mana ya? ya kak,ask_location_access
di dalem situ ada apa aja sih?,ask_destination_info
Bang Review tentang Jakabaring? deh,ask_destination_info
Arah ke Al-Munawar gimana?,ask_location_access
Benteng Kuto Besak di mana ya?,ask_location_access
Halo Awesome thanks? deh,goodbye
Halo History of BKB? nih,ask_destination_info
Jam operasional Jakabaring?,ask_operating_hours
Mau nanya dong Makasih sih,goodbye
Who is the president of Indonesia?,ask_unrelated
Mau nanya dong Salam kenal dong kak,greet
Kak destinasi rahasia palembang? sih,ask_hidden_gems
Halo Min tolong saran wisata dong deh,ask_recommendation
Does Ampera Bridge open every day?,ask_operating_hours
Please tell me a joke thanks,ask_unrelated
Wisata yang aksesnya lewat LRT apa aja,ask_lrt_destinations
Tempat wisata yang jarang dikunjungi di Palembang?,ask_hidden_gems
Ke Museum Balaputra Dewa bayar berapa ya?,ask_ticket_price
"Hello, What are the iconic places in Palembang??",ask_recommendation
"Hi, How to reach Al-Munawar?",ask_location_access
thanks for the info,goodbye
Maaf mau tanya Kak ada masjid gak di Palembang? dong,ask_category
Palembang LRT tourism destinations dong kak,ask_lrt_destinations
Very detailed,provide_feedback
Apa obat sakit kepala?,ask_unrelated
Bang Makasih ya sih,goodbye
Bye for now deh,goodbye
Maaf mau tanya bisa naik lrt ke Palembang Icon?,ask_lrt_destinations
Jakabaring terkenal karena apa?,ask_destination_info
Halo hidden gem palembang yang recommended? sih,ask_hidden_gems
Halo Wisata apa yang cocok untuk foto-foto deh,ask_recommendation
Mau nanya dong ceritain dong kenapa tempat ini viral? dong kak,ask_destination_info
Bang any religious tourism in palembang? dong kak,ask_category
wisata apa yang bisa dijangkau lrt? sih,ask_lrt_destinations
Mau nanya dong Update harga tiket Kemaro dong? ya,ask_ticket_price
Sejarah OPI Mall apa ya?,ask_destination_info
Halo selamat datang dong kak,greet
Kak jawabannya lengkap ya,provide_feedback
Kapan sih Kemaro buka?,ask_operating_hours
Permisi Tempat-tempat wisata yang aksesibel LRT? ya kak,ask_lrt_destinations
How much is it?,ask_ticket_price
Malam min,greet
Mau nanya dong pagi-pagi OPI Mall sudah buka belum? ya,ask_operating_hours
How to lose weight?,ask_unrelated
Mau nanya dong tempat wisata unik di palembang?,ask_hidden_gems
Maaf mau tanya Jelas banget penjelasannya deh,provide_feedback
Are there toilets at Sultan Mahmud Badaruddin II Museum? thanks,ask_facilities
Location of Jakabaring Sport City?,ask_location_access
Mau tau sejarah Jembatan Ampera,ask_destination_info
Halo Kalo hari Sabtu Pasar 16 Ilir buka deh,ask_operating_hours
Fasilitasnya apa aja?,ask_facilities
Maaf mau tanya Kode pos Palembang berapa? ya,ask_unrelated
Local favorites in Palembang?,ask_hidden_gems
Permisi Hai kak ya kak,greet
Min Tempat wisata yang bisa diakses LRT?,ask_lrt_destinations
Bang info fasilitas Jembatan Ampera dong deh,ask_facilities
Rekomendasi wisata alam Palembang,ask_category
Halo Thanks infonya? dong kak,goodbye
Aku mau cerita,ask_unrelated
Kamu bodoh? deh,ask_unrelated
Dimana lokasi OPI Mall?,ask_location_access
Mau nanya dong misi,greet
Mau nanya dong Is Kampung Kapitan Bridge worth visiting,ask_destination_info
Please what nature tourism are in palembang? thanks,ask_category
Permisi alamat Museum Balaputra Dewa dimana?,ask_location_access
Mau cari wisata yang seru di Palembang dong kak,ask_recommendation
I want to know how to lose weight?,ask_unrelated
slmat pagi ya kak,greet
Kak Rekomendasi hidden gems dong kak deh,ask_hidden_gems
Maaf mau tanya destinasi tersembunyi palembang ada gak? deh,ask_hidden_gems
Maaf mau tanya Wisata religi Palembang apa aja ya kak,ask_category
Halo Very accurate dong,provide_feedback
Maaf mau tanya infonya oke banget nih,provide_feedback
Kak kamu manusia apa robot? dong kak,ask_unrelated
Permisi SMB II dekat stasiun LRT mana dong,ask_lrt_destinations
Kak Dadah?,goodbye
"Excuse me, Where to go in Palembang? thanks",ask_recommendation
Min harga masuk Pasar 16 Ilir berapa?,ask_ticket_price
Mau nanya dong Jelaskan tentang OPI Mall? dong,ask_destination_info
Ada mushola di Hutan Wisata Punti Kayu?,ask_facilities
Permisi Hello dong,greet
Bang Any museums in Palembang dong kak,ask_category
Thanks,goodbye
Eh Any parks in Palembang nih,ask_category
Min Mau liburan di Palembang kemana ya? ya kak,ask_recommendation
Mau nanya dong Siapa presiden Indonesia dong,ask_unrelated
Halo Very helpful? sih,provide_feedback
Jam operasional OPI Mall?,ask_operating_hours
Kak Kambang Iwak hari libur buka gak deh,ask_operating_hours
Bang info tentang Amanzi Waterpark ya,ask_destination_info
Halo Mantap dong,provide_feedback
"bye, thanks for everything dong kak",goodbye
thanks for the info?,goodbye
Kak ada apa aja sih di Kampung Kapitan? dong,ask_destination_info
Halo hey bot,greet
Please How do I get there,ask_location_access
Kak Ada wisata yang jarang orang tau? ya kak,ask_hidden_gems
Permisi Oi dong kak,greet
How do I get to Jakabaring Sport City?,ask_location_access
Kak Lagu hits 2024 apa? dong,ask_unrelated
Best places for tourists in Palembang?,ask_recommendation
Monpera buka dari jam berapa sampai jam berapa?,ask_operating_hours
PIM hari libur buka gak?,ask_operating_hours
suka sama jawabannya sih,provide_feedback
Permisi Weekend Kemaro buka? deh,ask_operating_hours
Dari mana ke Monpera?,ask_location_access
Min min info wisata dekat lrt dong dong kak,ask_lrt_destinations
Min Dari pusat kota ke Palembang Icon berapa lama? deh,ask_location_access
Is there an entry fee for Jakabaring Sport City?,ask_ticket_price
Bang see you later nih,goodbye
Eh Wisata tersembunyi di Palembang? nih,ask_hidden_gems
Bang Good job? ya kak,provide_feedback
Does Al-Munawar Arab Village have parking?,ask_facilities
Bang Chatbot nya bagus?,provide_feedback
Kak describe Taman Kambang Iwak Besak nih,ask_destination_info
Bang Mau tau sejarah Masjid Cheng Ho? deh,ask_destination_info
Kak info fasilitas Kemaro dong deh,ask_facilities
Halo ada ide tempat buat nongkrong sore deh,ask_recommendation
Bang waalaikumsalam deh,greet
Bang Hi chatbot? ya kak,greet
Bang Is Palembang Trade Center Island free,ask_ticket_price
masjid bersejarah di palembang? deh,ask_category
Permisi Cara menuju Bukit Siguntang gimana?,ask_location_access
BKB bayar berapa?,ask_ticket_price
Eh Naik apa ke Pasar 16 Ilir? ya kak,ask_location_access
I want to know how much does it cost??,ask_ticket_price
Palembang punya wisata religi apa?,ask_category
Rekomendasi wisata religi Palembang,ask_category
Kambang Iwak buka setiap hari?,ask_operating_hours
cara mengobati flu? deh,ask_unrelated
Harga tiket Bukit Siguntang berapa ya?,ask_ticket_price
Maaf mau tanya Palembang punya wisata alam apa? deh,ask_category
Eh Jawabannya memuaskan nih,provide_feedback
Harga tiket masuk Palembang Trade Center sekarang berapa?,ask_ticket_price
Min Terima kasih sangat membantu ya kak,goodbye
What's the entry fee for Sultan Mahmud Badaruddin II Museum?,ask_ticket_price
Maaf mau tanya oke deh kak sampai jumpa ya kak,goodbye
Halo siang dong kak,greet
Waalaikumsalam,goodbye
Permisi nanti tanya lagi ya kak,goodbye
Menarik gak Amanzi?,ask_destination_info
Halo Pulau Kemaro hari libur buka gak? ya,ask_operating_hours
Min saran tempat wisata di palembang? dong kak,ask_recommendation
Bayar berapa kalo masuk Palembang Trade Center?,ask_ticket_price
Undiscovered places in Palembang?,ask_hidden_gems
Permisi Recommend cultural tourism in Palembang?,ask_category
Is there WiFi at Grand Mosque of Palembang?,ask_facilities
Can someone help me?,greet
Mau nanya dong asal usul Palembang Trade Center ini gimana ceritanya?,ask_destination_info
Wisata Palembang yang belum banyak orang kunjungi?,ask_hidden_gems
Halo Oke sip makasih? ya,goodbye
Canggih botnya,provide_feedback
KI tutup jam berapa?,ask_operating_hours
Palembang punya wisata alam apa?,ask_category
Ada wisata alam di Palembang? ya kak,ask_category
Eh Halo saya mau bertanya nih,greet
Details about Kampung Kapitan?,ask_destination_info
palembang punya masjid apa? dong,ask_category
Eh Bayar berapa kalo masuk PIM ya kak,ask_ticket_price
Rekomendasi masjid Palembang,ask_category
Can you tell me Thank you for the information please,goodbye
What's the entrance fee at Monpera?,ask_ticket_price
Halo Wisata off the beaten path Palembang? ya kak,ask_hidden_gems
Bang harga tiket masuk Jakabaring Sport City sekarang berapa? sih,ask_ticket_price
Min Tiket pesawat ke Bali berapa? sih,ask_unrelated
"Kak hi there, i need some information ya",greet
Bang Kemaro fasilitasnya apa aja? ya kak,ask_facilities
Bang Kampung Kapitan ada tempat istirahat?,ask_facilities
Can you tell me Where can I go by LRT for sightseeing? please,ask_lrt_destinations
Monpera ada tempat istirahat?,ask_facilities
Eh Mau jalan-jalan di Palembang kemana ya?,ask_recommendation
Ke Kampung Kapitan bayar berapa ya?,ask_ticket_price
"Hello, Thanks for the info?",goodbye
Maaf mau tanya oke mantul sih,provide_feedback
Harga tiket masuk Kawah Tengkurep sekarang berapa?,ask_ticket_price
Info lokasi Kemaro dong,ask_location_access
Kak Stasiun LRT terdekat ke tempat wisata mana? ya,ask_lrt_destinations
Bang Halo halo? deh,greet
Kak Okay thanks ya,goodbye
Apotek 24 jam di Palembang dong,ask_unrelated
Min harga masuk Palembang Square berapa?,ask_ticket_price
I want to know Where is Kemaro Forest?,ask_location_access
Permisi ini jawaban template ya ya,ask_unrelated
Jam operasional Palembang Trade Center?,ask_operating_hours
Eh Destinasi tersembunyi Palembang ada gak? dong kak,ask_hidden_gems
Halo Wisata yang bisa pake LRT?,ask_lrt_destinations
Maaf mau tanya hidden gems di palembang apa?,ask_hidden_gems
Halo Fasilitas Hutan Wisata Punti Kayu lengkap gak? nih,ask_facilities
SMB di mana ya?,ask_location_access
Maaf mau tanya dari jam berapa Kampung Arab Al-Munawar buka? ya,ask_operating_hours
Maaf mau tanya Halo bang? deh,greet
Permisi Nyanyiin lagu dong nih,ask_unrelated
"Hello, Do you have feelings please",ask_unrelated
Tell me a joke,ask_unrelated
Permisi Oke paham,provide_feedback
Destinasi wisata kuliner Palembang?,ask_category
Min Fasilitas umum di Taman Kambang Iwak Besak apa aja? ya kak,ask_facilities
Eh Non-touristy places in Palembang? ya,ask_hidden_gems
Tell me about dinosaurs,ask_unrelated
Min Destinasi kategori alam? dong,ask_category
Taman Kebon Rojo tutup jam berapa?,ask_operating_hours
Kak stasiun lrt dekat tempat wisata? dong kak,ask_lrt_destinations
Bang when does KI close? dong,ask_operating_hours
Maaf mau tanya Wisata sepi tapi bagus di Palembang deh,ask_hidden_gems
Halo LRT friendly tourist destinations ya,ask_lrt_destinations
Min Wisata yang paling sering dikunjungi ya,ask_recommendation
"Kak Hello, I need help dong kak",greet
Bang Masjid Agung Palembang itu tempat apa sih? ya kak,ask_destination_info
Please what are the iconic places in palembang? please,ask_recommendation
Permisi Bang tiket Punti Kayu berapa dong kak,ask_ticket_price
Tiket Masjid Cheng Ho berapa sih?,ask_ticket_price
"Halo Mau explore Palembang pakai LRT, kemana aja bisa? ya kak",ask_lrt_destinations
Halo infonya akurat,provide_feedback
"Eh Mau explore Palembang pakai LRT, kemana aja bisa ya",ask_lrt_destinations
"Mau explore Palembang pakai LRT, kemana aja bisa? ya",ask_lrt_destinations
ok that's all i needed deh,goodbye
Berapa duit masuk Pasar 16 Ilir? nih,ask_ticket_price
Hey what are the iconic places in palembang?,ask_recommendation
Min Jam operasionalnya? deh,ask_operating_hours
Jauh gak dari sini?,ask_location_access
Bang ada wisata dekat lrt gak? sih,ask_lrt_destinations
Halo cara mengobati flu? ya kak,ask_unrelated
Mau nanya dong Amazing response? nih,provide_feedback
Halo Jakabaring mulai buka jam berapa? ya,ask_operating_hours
Bang Wisata baru yang belum terkenal? sih,ask_hidden_gems
Very accurate,provide_feedback
Eh Makasih ya infonya? deh,goodbye
Min Selamat pagi deh,greet
Punti Kayu deket stasiun LRT mana deh,ask_location_access
Rekomendasi wisata untuk liburan singkat? ya kak,ask_recommendation
Min Jos?,provide_feedback
Wisata sepi tapi bagus di Palembang?,ask_hidden_gems
Rekomendasi hidden gems dong kak dong,ask_hidden_gems
Mau nanya dong Tempat wisata sejarah di Palembang ya kak,ask_category
Are there tourist attractions near LRT stations? ya kak,ask_lrt_destinations
Mau nanya dong lrt palembang lewat wisata mana? deh,ask_lrt_destinations
Mau nanya dong tempat yang underrated di palembang? nih,ask_hidden_gems
Hey What to see in Palembang please,ask_recommendation
Eh Wisata yang belum banyak orang tau di Palembang sih,ask_hidden_gems
Permisi Ceritakan tentang dinosaurus ya kak,ask_unrelated
"Halo hello, i'm looking for help",greet
Halo Membantu banget? dong,provide_feedback
Permisi Cara daftar CPNS gimana? ya kak,ask_unrelated
Mau nanya dong Rekomendasi hidden gems dong kak? nih,ask_hidden_gems
Mau tau tentang Masjid Cheng Ho,ask_destination_info
museums places in Palembang?,ask_category
Maaf mau tanya sip makasih,goodbye
Bye for now,goodbye
"Bang Hey, anyone there ya kak",greet
Mau tanya jam operasional PIM,ask_operating_hours
Halo Museum Sultan Mahmud Badaruddin II jauh gak dari pusat kota dong kak,ask_location_access
Maaf mau tanya Any culinary tourism in Palembang? dong,ask_category
Min Wisata sepi tapi bagus di Palembang? nih,ask_hidden_gems
Suka deh,provide_feedback
Bang Kampung Kapitan bayar berapa? sih,ask_ticket_price
Eh Info tentang Fantasy Island dong kak,ask_destination_info
Maaf mau tanya What time does Jakabaring open? sih,ask_operating_hours
Halo wisata apa yang cocok untuk foto-foto? nih,ask_recommendation
Eh Terima kasih infonya sangat berguna ya,provide_feedback
Permisi Dadah kak nih,goodbye
Eh bot nya pintar ya ya kak,provide_feedback
Kak Wisata sepi tapi bagus di Palembang sih,ask_hidden_gems
"Excuse me, what's the address of OPI Mall arab village? thanks",ask_location_access
Bang Kambang Iwak deket stasiun LRT mana dong kak,ask_location_access
Halo pagi-pagi Museum Balaputra Dewa sudah buka belum? ya kak,ask_operating_hours
Kambang Iwak ramah anak gak?,ask_facilities
Halo HTM Pulau Kemaro berapa?,ask_ticket_price
Permisi Kapan kiamat? dong,ask_unrelated
Min dari jam berapa Museum Balaputra Dewa buka? ya,ask_operating_hours
SMB II tutup jam berapa? nih,ask_operating_hours
Min Tell me about dinosaurs ya,ask_unrelated
Bang Jelas banget penjelasannya nih,provide_feedback
Bang wisata romantis di palembang?,ask_recommendation
Mau nanya dong Fasilitasnya apa aja? nih,ask_facilities
Kak ada orang? dong,greet
Bang rute ke BKB gimana?,ask_location_access
Maaf mau tanya Secret places in Palembang? ya kak,ask_hidden_gems
Eh quiet but beautiful places in palembang? nih,ask_hidden_gems
Halo Popular tourist spots in Palembang,ask_recommendation
Permisi Kemaro berbayar atau gratis? ya,ask_ticket_price
Kak Wisata off the beaten path Palembang? dong kak,ask_hidden_gems
Mau tanya jam operasional SMB,ask_operating_hours
Location of Monpera?,ask_location_access
Kak does Jembatan Ampera have food stalls? deh,ask_facilities
Jadwal buka Jembatan Ampera kapan ya?,ask_operating_hours
Dari jam berapa Masjid Cheng Ho buka?,ask_operating_hours
Mau nanya dong assalamualaikum kak dong kak,greet
Min Wisata murah yang bisa naik LRT dong kak,ask_lrt_destinations
Eh Ke Al Quran Al Akbar bayar berapa ya? ya,ask_ticket_price
Apakah Masjid Agung Palembang buka hari Minggu?,ask_operating_hours
"Maaf mau tanya Hello, I'm looking for help dong kak",greet
Oke deh makasih? nih,goodbye
Permisi tourist spots along lrt route?,ask_lrt_destinations
Rekomendasi wisata kuliner Palembang,ask_category
Permisi mau tanya harga tiket PIM,ask_ticket_price
Curhatan aku dong nih,ask_unrelated
Min Must-visit places in Palembang deh,ask_recommendation
Permisi saya ingin bertanya,greet
"Halo That's all, thanks dong kak",goodbye
Permisi Oke paham? sih,provide_feedback
Mau nanya dong nice info ya,provide_feedback
Bang apotek 24 jam di palembang? sih,ask_unrelated
Mau nanya dong ini jawaban template ya? deh,ask_unrelated
Menarik gak Amanzi Waterpark?,ask_destination_info
Halo naik apa ke Punti Kayu? nih,ask_location_access
Rute ke Jembatan Ampera gimana?,ask_location_access
Kawah Tengkurep tutup jam berapa?,ask_operating_hours
Secret places in Palembang ya,ask_hidden_gems
Mau tanya dong kak harga tiket Jakabaring,ask_ticket_price
Eh wah keren infonya,provide_feedback
Mau nanya dong Facilities at Monpera? ya,ask_facilities
Min LRT accessible tourist spots in Palembang? sih,ask_lrt_destinations
Wisata anti mainstream Palembang ya,ask_hidden_gems
Hey can i take lrt to visit tourist places?,ask_lrt_destinations
Eh bismillah mau tanya dong,greet
Min kasih pantun dong deh,ask_unrelated
Min I'm bored? deh,ask_unrelated
Mau nanya dong Wisata murah yang bisa naik LRT dong kak,ask_lrt_destinations
are you a robot? please,ask_unrelated
Mantap kak? ya kak,provide_feedback
any hidden gems to visit? dong kak,ask_hidden_gems
What's the address of Museum Sultan Mahmud Badaruddin II Bridge??,ask_location_access
Min Permisi mau tanya harga tiket Museum Balaputra Dewa? dong,ask_ticket_price
Museum Sultan Mahmud Badaruddin II fasilitasnya apa aja? ya kak,ask_facilities
Bang ada taman kota di palembang? sih,ask_category
Wisata yang belum banyak orang tau di Palembang dong kak,ask_hidden_gems
Harga masuk Monpera berapa ya kak?,ask_ticket_price
Halo lesser known attractions in palembang? dong kak,ask_hidden_gems
Permisi wisata terbaik di palembang apa? ya,ask_recommendation
Min Kambang Iwak buka jam berapa deh,ask_operating_hours
Kak Info wisata religi Palembang dong sih,ask_category
Maaf mau tanya good info ya kak,provide_feedback
What's the address of Grand Mosque of Palembang?,ask_location_access
Bang ada wisata alam di palembang?,ask_category
"Hi, Hi, can you help me",greet
Min Misi mau tanya ya kak,greet
Kak kasih pantun dong ya,ask_unrelated
Eh Ada rekomendasi wisata gak ya kak,ask_recommendation
Mau nanya dong palembang punya masjid apa? ya kak,ask_category
Mau nanya dong Film terbaru 2024 apa? deh,ask_unrelated
ceritain dong kenapa tempat ini viral,ask_destination_info
asal usul BKB ini gimana ceritanya?,ask_destination_info
Min Ada tempat wisata baru di Palembang? dong kak,ask_hidden_gems
Eh Quiet but beautiful places in Palembang? nih,ask_hidden_gems
Kak mau cari wisata alam di palembang sih,ask_category
Mau nanya dong Oke deh bye? ya,goodbye
Min apakah Jembatan Ampera buka 24 jam? ya,ask_operating_hours
Kak Take care? nih,goodbye
Ada museum di Palembang?,ask_category
Halo Mau tau tentang Masjid Agung Palembang?,ask_destination_info
Amazing response,provide_feedback
Min Local favorites in Palembang dong,ask_hidden_gems
Naik apa ke Ampera?,ask_location_access
Min Kak fasilitas Pulau Kemaro apa aja ya nih,ask_facilities
Min wisata apa yang bisa dijangkau lrt? ya kak,ask_lrt_destinations
Permisi Mau jalan-jalan di Palembang kemana ya,ask_recommendation
Maaf mau tanya Jawaban yang memuaskan? ya kak,provide_feedback
Halo Destinasi tersembunyi Palembang ada gak? ya,ask_hidden_gems
Min jam operasional Jakabaring? ya kak,ask_operating_hours
Harga tiket Palembang Icon berapa ya?,ask_ticket_price
Eh aku butuh tempat healing yang tenang dong,ask_recommendation
Bang Bagaimana cara belajar coding? dong,ask_unrelated
Bang Hai kak deh,greet
"Hey, anyone there?",greet
Halo Wisata romantis di Palembang? dong kak,ask_recommendation
Kak mantul kak sih,provide_feedback
"Hello, list of museums in palembang?",ask_category
Palembang punya wisata kuliner apa?,ask_category
Can you tell me off the beaten path places in palembang?,ask_hidden_gems
Well explained,provide_feedback
Mau tanya fasilitas di Siguntang? ya kak,ask_facilities
Mau nanya dong apa Pasar 16 Ilir bayar? dong kak,ask_ticket_price
Hey What are the operating hours of Kambang Iwak thanks,ask_operating_hours
OPI Mall berbayar atau gratis?,ask_ticket_price
Permisi is there parking? sih,ask_facilities
Maaf mau tanya ceritakan tentang Taman Kebon Rojo nih,ask_destination_info
Can you tell me which places can i visit using lrt??,ask_lrt_destinations
Alright thanks? dong,goodbye
Monpera ramah anak gak?,ask_facilities
Is it free?,ask_ticket_price
"Eh Thanks, see you next time? ya",goodbye
Mau nanya dong Permisi saya ingin bertanya dong,greet
ada apa aja sih di BKB? dong kak,ask_destination_info
Maaf mau tanya Does Kampung Arab Al-Munawar Bridge open every day? nih,ask_operating_hours
Mau nanya dong mau tanya jam operasional BKB nih,ask_operating_hours
Kak kasih rekomendasi wisata dong kak nih,ask_recommendation
Apakah Punti Kayu buka hari Minggu?,ask_operating_hours
Al-Munawar hari libur buka gak? ya kak,ask_operating_hours
Apakah Kawah Tengkurep buka 24 jam?,ask_operating_hours
Recommended banget aplikasinya,provide_feedback
Mau nanya dong useful information,provide_feedback
Permisi thank you very much ya kak,goodbye
Eh Info fasilitas Kampung Kapitan dong?,ask_facilities
Min info fasilitas Al Quran Al Akbar dong dong,ask_facilities
Buka setiap hari?,ask_operating_hours
Permisi address of Kambang Iwak island? ya,ask_location_access
Maaf mau tanya Rekomendasi wisata sejarah Palembang? sih,ask_category
Bang Destinasi favorit di Palembang? ya kak,ask_recommendation
Info lebih lanjut dong,ask_destination_info
Menarik gak Kambang Iwak?,ask_destination_info
Eh apakah Taman Kambang Iwak Besak gratis? ya,ask_ticket_price
di Kambang Iwak itu kita bisa ngapain aja?,ask_destination_info
"Eh Hi there, I need some information? nih",greet
Permisi Tourist spots along LRT route? sih,ask_lrt_destinations
"Hi, where should i go in palembang?",ask_recommendation
Kak ada masjid gak di Palembang? dong,ask_category
Permisi Mau tau tentang Al-Munawar,ask_destination_info
Maaf mau tanya Kurs dollar hari ini berapa sih,ask_unrelated
Undiscovered places in Palembang ya,ask_hidden_gems
Kak Wah keren infonya ya,provide_feedback
Kak Info wisata kuliner Palembang dong? sih,ask_category
How to reach Kambang Iwak Park?,ask_location_access
Eh Kemaro mulai buka jam berapa? dong kak,ask_operating_hours
Hey what cultural tourism are in palembang? thanks,ask_category
Eh jawabannya lengkap ya,provide_feedback
Bang Tourist spots along LRT route dong,ask_lrt_destinations
Bismillah mau tanya,greet
Famous places in Palembang?,ask_recommendation
ceritakan tentang dinosaurus ya,ask_unrelated
Bang any cultural tourism in palembang? nih,ask_category
Eh Siapa BTS dong,ask_unrelated
Wisata untuk anak-anak di Palembang? nih,ask_recommendation
Mau nanya dong dari jam berapa Museum Sultan Mahmud Badaruddin II buka? nih,ask_operating_hours
Tiket Benteng Kuto Besak berapa sih?,ask_ticket_price
Bukit Siguntang ada kantin gak?,ask_facilities
Maaf mau tanya Top wisata Palembang deh,ask_recommendation
Mau cari wisata kuliner di Palembang ya,ask_category
Mau nanya dong Saranin wisata di Palembang dong ya kak,ask_recommendation
How much to get into Ampera Bridge?,ask_ticket_price
Eh Ceritain Kawah Tengkurep dong kak dong kak,ask_destination_info
Harga tiket masuk Amanzi Waterpark sekarang berapa?,ask_ticket_price
apa itu cryptocurrency? nih,ask_unrelated
Slmt siang,greet
Halo Wisata Palembang yang aesthetic tapi sepi nih,ask_hidden_gems
Eh Bot aktif? ya kak,greet
Halo Review tentang Benteng Kuto Besak deh,ask_destination_info
Bang Rekomendasikan tempat wisata di Palembang? ya,ask_recommendation
Mau tanya dong kak harga tiket Benteng Kuto Besak,ask_ticket_price
Maaf mau tanya Naik LRT bisa ke wisata mana aja? nih,ask_lrt_destinations
Min Punti Kayu ada tempat parkir?,ask_facilities
What's available at Monpera?,ask_facilities
Hey How much is the admission to Sultan Mahmud Badaruddin II Museum please,ask_ticket_price
Maaf mau tanya Aku bosan?,ask_unrelated
Wisata yang belum mainstream?,ask_hidden_gems
Bayar berapa kalo masuk Monpera?,ask_ticket_price
Mau nanya dong siapa gubernur palembang? sih,ask_unrelated
Info lengkap Benteng Kuto Besak dong,ask_destination_info
Min sejarah Punti Kayu apa ya? ya kak,ask_destination_info
Please How to move on? thanks,ask_unrelated
Tell me about Benteng Kuto Besak,ask_destination_info
Kak apakah Masjid Cheng Ho dekat lrt? ya,ask_lrt_destinations
Halo Halo bisa tanya sesuatu? dong kak,greet
Apa Jakabaring bayar?,ask_ticket_price
Min Keren sih ini botnya ya kak,provide_feedback
Permisi Palembang Square gratis gak sih? sih,ask_ticket_price
What is Grand Mosque of Palembang?,ask_destination_info
Min apa obat sakit kepala? nih,ask_unrelated
Makasih infonya kak,provide_feedback
Permisi Bot aktif? ya,greet
Bukit Siguntang di mana ya? deh,ask_location_access
undiscovered places in palembang? ya,ask_hidden_gems
Min siang min ya,greet
Palembang Icon berbayar atau gratis?,ask_ticket_price
Very accurate ya,provide_feedback
Hey best things to do in palembang? thanks,ask_recommendation
What's the price of iPhone?,ask_unrelated
Helo,greet
Dari jam berapa Jakabaring buka?,ask_operating_hours
Eh Bukit Siguntang hari libur buka gak? ya kak,ask_operating_hours
Bang Sip terima kasih kak deh,goodbye
Siap kak ya,provide_feedback
Mau nanya dong Tempat wisata murah di Palembang? nih,ask_recommendation
Fasilitas Taman Kebon Rojo lengkap gak?,ask_facilities
lagi pengen liat pemandangan kota dari atas? deh,ask_recommendation
Eh SMB II ramah anak gak? ya,ask_facilities
Kak Ada wisata yang jarang orang tau dong,ask_hidden_gems
Mau nanya dong Wisata yang belum viral di Palembang ya,ask_hidden_gems
Maaf mau tanya wassalamualaikum sih,goodbye
Kak PIM buka jam berapa ya? dong,ask_operating_hours
Thanks for the info,provide_feedback
Permisi Great bot? dong kak,provide_feedback
Mau nanya dong Punti Kayu itu apa nih,ask_destination_info
Membantu banget kak,provide_feedback
Eh Destinasi yang LRT accessible? dong kak,ask_lrt_destinations
Min halo bisa tanya sesuatu? ya kak,greet
Do I need to pay to enter Grand Mosque of Palembang?,ask_ticket_price
Halo Pagi kak? deh,greet
Kak responnya cepat ya deh,provide_feedback
Maaf mau tanya Tempat makan di sekitar Palembang Icon ada? nih,ask_facilities
Mau nanya dong Apakah Pulau Kemaro dekat stasiun LRT ya kak,ask_lrt_destinations
Maaf mau tanya rekomendasikan tempat wisata di palembang sih,ask_recommendation
Eh ceritakan tentang Jembatan Ampera dong,ask_destination_info
Selamat malam,greet
Info lengkap Jakabaring Sport City dong,ask_destination_info
Mau nanya dong Tempat wisata alternatif Palembang deh,ask_hidden_gems
Tes tes,greet
"Permisi mau explore palembang pakai lrt, kemana aja bisa? deh",ask_lrt_destinations
Eh Alright thanks? nih,goodbye
"Hi, How do I get to Kampung Kapitan? thanks",ask_location_access
Tempat wisata sejarah di Palembang?,ask_category
Eh Curhatan aku dong?,ask_unrelated
Bang Bisa bantu saya dong kak,greet
Min what's cryptocurrency? deh,ask_unrelated
LRT accessible tourist spots in Palembang?,ask_lrt_destinations
Mau nanya dong wisata yang bisa pake lrt? deh,ask_lrt_destinations
Dari mana ke Fantasy Island?,ask_location_access
Kak Jelas banget penjelasannya ya kak,provide_feedback
"Bang anakku suka main air, enaknya bawa kemana ya? nih",ask_recommendation
Kak Ada gak wisata yang masih asri di Palembang dong kak,ask_hidden_gems
Kak kapan sih Benteng Kuto Besak buka? nih,ask_operating_hours
Min bisa naik angkot ke Kemaro?,ask_location_access
List of historical sites in Palembang?,ask_category
Min alamat Pasar 16 Ilir apa ya?,ask_location_access
Min Destinasi yang LRT accessible nih,ask_lrt_destinations
Eh smart bot nih,provide_feedback
Jakabaring Sport City fasilitasnya apa aja?,ask_facilities
Kak Alternative tourist spots in Palembang? nih,ask_hidden_gems
Kasih info Kampung Arab Al-Munawar ya kak,ask_destination_info
Permisi Assalamualaikum min? ya,greet
Kapan Museum Sultan Mahmud Badaruddin II buka?,ask_operating_hours
What is Sultan Mahmud Badaruddin II Museum?,ask_destination_info
Bang naik lrt bisa ke wisata mana aja? dong kak,ask_lrt_destinations
How much is the ticket to Grand Mosque of Palembang?,ask_ticket_price
Mau nanya dong Rekomendasi wisata Palembang dong deh,ask_recommendation
Min What time does Masjid Agung Palembang Bridge close,ask_operating_hours
Kak goodbye dong,goodbye
"Hello, Thanks for the info thanks",goodbye
Bang is Jakabaring Sport City bridge child-friendly? dong,ask_facilities
Maaf mau tanya Wisata tersembunyi di Palembang? dong,ask_hidden_gems
Halo Very accurate deh,provide_feedback
Permisi Test bot? sih,greet
Eh siapa penemu lampu? ya kak,ask_unrelated
Location of Kambang Iwak Park?,ask_location_access
Apakah Kemaro dekat stasiun LRT? sih,ask_lrt_destinations
Mau nanya dong Good job? deh,provide_feedback
Tempat wisata bertema budaya Melayu?,ask_category
Mau nanya dong destinasi rahasia palembang? sih,ask_hidden_gems
Mau nanya dong selamat siang dong,greet
Info lokasi Kambang Iwak dong,ask_location_access
OK that's all I needed,goodbye
Hey Best places for tourists in Palembang?,ask_recommendation
Perfect,provide_feedback
Are there restrooms?,ask_facilities
Eh destinasi yang dekat stasiun lrt? nih,ask_lrt_destinations
Kak Sejarah Pulau Kemaro apa ya? sih,ask_destination_info
Wisata tersembunyi di Palembang?,ask_hidden_gems
Permisi Info lokasi Jakabaring dong? nih,ask_location_access
Maaf mau tanya Mau liburan di Palembang kemana ya deh,ask_recommendation
Can you tell me How much does it cost to enter Museum Balaputra Dewa Island?,ask_ticket_price
PTC ramah anak gak?,ask_facilities
Mau tanya harga tiket Taman Kambang Iwak Besak,ask_ticket_price
Kak Ke Taman Kebon Rojo bayar berapa ya? nih,ask_ticket_price
Kak Kamu bodoh? ya kak,ask_unrelated
Min Thank you very much dong,goodbye
Halo popular tourist spots in palembang? dong kak,ask_recommendation
Address of Sultan Mahmud Badaruddin II Museum?,ask_location_access
Permisi wisata accessible by lrt? sih,ask_lrt_destinations
Information about Punti Kayu Forest,ask_destination_info
Permisi Recipe for chocolate cake dong kak,ask_unrelated
Eh Cara menghilangkan jerawat?,ask_unrelated
Where is Al-Munawar Arab Village?,ask_location_access
Can you tell me List of religious tourism in Palembang please,ask_category
Min wisata taman di palembang apa aja? dong,ask_category
Maaf mau tanya Kak dimana ya Fantasy Island ya kak,ask_location_access
Min Suka sama jawabannya? sih,provide_feedback
Min destinasi rahasia palembang? ya,ask_hidden_gems
Mau tanya harga tiket BKB,ask_ticket_price
Weekend Punti Kayu buka?,ask_operating_hours
Min Yang termasuk taman apa aja dong kak,ask_category
"Hi, what facilities are there??",ask_facilities
Al Quran Al Akbar buka jam berapa?,ask_operating_hours
Are there toilets at Kemaro Island?,ask_facilities
Mau nanya dong Recommend nature tourism in Palembang?,ask_category
Jawabannya lengkap,provide_feedback
Permisi Rating 5 untuk botnya? sih,provide_feedback
Kak Masjid Cheng Ho bayar berapa?,ask_ticket_price
hidden gem palembang yang recommended?,ask_hidden_gems
"Hello, what is ai??",ask_unrelated
"Bang That's enough, thank you",goodbye
Permisi information about PTC island dong,ask_destination_info
Permisi Jawabannya cepat dong,provide_feedback
Kak info wisata alam palembang dong dong,ask_category
Min Terima kasih infonya? ya,goodbye
Maaf mau tanya Cara menuju Masjid Agung Palembang gimana? dong,ask_location_access
Can you tell me can i take lrt to visit tourist places??,ask_lrt_destinations
What's the address?,ask_location_access
Eh Very informative deh,provide_feedback
Kak Min kasih tau hidden gems Palembang? ya kak,ask_hidden_gems
Min Thanks for your help,goodbye
Permisi bingung mau bawa keluarga jalan-jalan kemana sih,ask_recommendation
Mau nanya dong Mau liburan di Palembang kemana ya? ya,ask_recommendation
Cukup dulu ya,goodbye
Halo Pasar 16 Ilir buka dari jam berapa sampai jam berapa? dong,ask_operating_hours
Maaf mau tanya Ada fasilitas apa di Museum Balaputra Dewa ya,ask_facilities
Kak gambar kucing dong,ask_unrelated
Please Where can I find nature tourism in Palembang? please,ask_category
Mau nanya dong Al-Munawar ada area bermain anak? ya kak,ask_facilities
Mau nanya dong mantul kak deh,provide_feedback
Pagi kak,greet
Mau nanya dong Gimana Masjid Agung Palembang? nih,ask_destination_info
Halo Destinasi favorit di Palembang? dong,ask_recommendation
Halo saya mau bertanya,greet
Eh Destinasi yang dekat stasiun LRT? dong kak,ask_lrt_destinations
Benteng Kuto Besak tutup jam berapa?,ask_operating_hours
Gimana Ampera?,ask_destination_info
Maaf mau tanya Palembang punya wisata religi apa,ask_category
Permisi hidden gem palembang yang recommended?,ask_hidden_gems
Kak oke sip makasih dong kak,goodbye
Mau nanya dong Ada wisata yang jarang orang tau? ya,ask_hidden_gems
Is Ampera Bridge free?,ask_ticket_price
Kak? dong kak,greet
Ada masjid di Palembang?,ask_category
"Hi, How to go to Museum Balaputra Dewa Bridge?",ask_location_access
Destinasi tersembunyi Palembang ada gak deh,ask_hidden_gems
Permisi Kode pos Palembang berapa? sih,ask_unrelated
Min pinter ya botnya sih,provide_feedback
sampai ketemu lagi dong kak,goodbye
Min Kasih info OPI Mall ya kak nih,ask_destination_info
Bang Masjid Cheng Ho ada area bermain anak? ya,ask_facilities
Alamat Fantasy Island dimana?,ask_location_access
Halo Assalamualaikum kak dong kak,greet
Permisi Apa bahasa Inggrisnya kucing? ya kak,ask_unrelated
Alamat Jakabaring dimana?,ask_location_access
What does it cost to visit Kampung Kapitan?,ask_ticket_price
Kak Wisata yang belum mainstream? ya,ask_hidden_gems
Halo Wisata yang gak pasaran di Palembang? ya,ask_hidden_gems
Suggest places for sightseeing in Palembang??,ask_recommendation
Permisi Siap kak deh,provide_feedback
dimana lokasinya? deh,ask_location_access
"Bang Thank you, goodbye? sih",goodbye
Eh top wisata palembang? nih,ask_recommendation
Min wisata apa yang bisa dijangkau lrt? dong kak,ask_lrt_destinations
Sejarah Palembang Square apa ya?,ask_destination_info
Assalamualaikum min,greet
Bang Pasar 16 Ilir deket stasiun lrt mana?,ask_location_access
Bang historical sites places in Palembang? nih,ask_category
Arah ke SMB II gimana,ask_location_access
Halo fasilitas umum di Jakabaring apa aja? dong kak,ask_facilities
Bang Good answer dong kak,provide_feedback
Kak Apakah ada wisata yang bisa dijangkau LRT ya kak,ask_lrt_destinations
When does Al-Munawar Arab Village close?,ask_operating_hours
jam operasional Palembang Icon? sih,ask_operating_hours
Mau nanya dong Kamu bodoh?,ask_unrelated
Eh Halo saya mau bertanya? dong kak,greet
Maaf mau tanya kamu robot ya? sih,ask_unrelated
Hey Is there WiFi at Grand Mosque of Palembang??,ask_facilities
Kemaro deket stasiun LRT mana?,ask_location_access
"Hello, how to reach grand mosque of palembang?",ask_location_access
Eh Selaamt pagi dong,greet
Mau nanya dong Prediksi cuaca besok,ask_unrelated
LRT friendly tourist destinations?,ask_lrt_destinations
Bang Wisata gratis di Palembang ada gak sih,ask_recommendation
Eh Destinasi wisata LRT Palembang? sih,ask_lrt_destinations
Maaf mau tanya harga tiket masuk Kemaro sekarang berapa? dong kak,ask_ticket_price
Min hello bot ya,greet
Numpang tanya dong,greet
Maaf mau tanya local favorites in palembang? dong kak,ask_hidden_gems
Mau nanya dong hello bot dong,greet
Amanzi deket stasiun LRT mana? ya,ask_location_access
Mantul kak,provide_feedback
Maaf mau tanya Kambang Iwak lokasinya dimana nih,ask_location_access
Permisi Secret places in Palembang? ya,ask_hidden_gems
