text,label
Maaf mau tanya Benteng Kuto Besak buka jam berapa? sih,ask_operating_hours
Universitas terbaik Indonesia?,ask_unrelated
Bang Palembang punya museum apa? sih,ask_category
Bang Help me please,greet
Kak Cara daftar CPNS gimana?,ask_unrelated
Mau nanya dong Bye kak ya,goodbye
Halo Lesser known attractions in Palembang? dong,ask_hidden_gems
Eh Hai kak masih aktif? dong,greet
Halo Min kasih tau hidden gems Palembang sih,ask_hidden_gems
Cerita sejarah Kambang Iwak dong,ask_destination_info
Ada wisata budaya di Palembang?,ask_category
Min Hlo dong kak,greet
Kak ada museum gak di Palembang? sih,ask_category
Bang Address of Ampera Bridge? ya kak,ask_location_access
Jadwal kereta api Jakarta? ya kak,ask_unrelated
Bang Pagi kak ya,greet
Permisi Enaknya kemana ya di Palembang? sih,ask_recommendation
Oke noted makasih,goodbye
Apa Masjid Agung Palembang bayar?,ask_ticket_price
Siang min,greet
Eh Food tourism in Palembang? ya kak,ask_category
Fantasy Island bagus gak?,ask_destination_info
Mantul kak,provide_feedback
Does Monpera have food stalls?,ask_facilities
Bang Benteng Kuto Besak buka jam berapa? sih,ask_operating_hours
Mau nanya dong Cara daftar CPNS gimana? ya,ask_unrelated
Bang Destinasi yang LRT accessible? ya,ask_lrt_destinations
Hari ini Kampung Kapitan buka gak ya?,ask_operating_hours
Kamu bodoh,ask_unrelated
Kak Apakah Jakabaring gratis?,ask_ticket_price
I want to know Do I need to pay to enter Monpera??,ask_ticket_price
Halo Info wisata budaya Palembang dong dong,ask_category
Kak Bye kak dong kak,goodbye
Wonderful,provide_feedback
Halo Museum Sultan Mahmud Badaruddin II lokasinya dimana? dong,ask_location_access
Does Jakabaring Sport City have a mosque? please,ask_facilities
Museum Sultan Mahmud Badaruddin II lokasinya dimana? dong,ask_location_access
Hey Is Kampung Kapitan open in the morning?,ask_operating_hours
Bang Masjid Cheng Ho ada spot foto gak? ya,ask_facilities
Mau nanya dong Suka sama jawabannya ya,provide_feedback
Hai saya wisatawan,greet
Min Min kasih tau hidden gems Palembang ya,ask_hidden_gems
"Excuse me, Do I need to pay to enter Monpera?",ask_ticket_price
Mau tanya dong kak harga tiket Benteng Kuto Besak?,ask_ticket_price
Deskripsi Kampung Kapitan,ask_destination_info
Infonya detail banget,provide_feedback
Eh Info lengkap Punti Kayu dong dong kak,ask_destination_info
Wisata Palembang yang aesthetic tapi sepi? dong,ask_hidden_gems
Halo Any hidden gems to visit? dong kak,ask_hidden_gems
What's Kampung Kapitan like?,ask_destination_info
Tell me about dinosaurs,ask_unrelated
Enaknya kemana ya di Palembang? dong kak,ask_recommendation
I want to know What's the location of Ampera Bridge??,ask_location_access
Halo PIM gratis gak sih? ya,ask_ticket_price
Wisata apa yang recommended di Palembang? dong,ask_recommendation
Min Suka deh ya,provide_feedback
Benteng Kuto Besak buka jam berapa,ask_operating_hours
Info lengkap Jembatan Ampera dong,ask_destination_info
Kambang Iwak di mana ya?,ask_location_access
Maaf mau tanya Tess,greet
Mau nanya dong Wisata apa yang recommended di Palembang? nih,ask_recommendation
Min Tess dong,greet
Info jam buka Kampung Kapitan dong,ask_operating_hours
Flight tickets to Bali?,ask_unrelated
Halo Wisata apa yang recommended di Palembang? sih,ask_recommendation
Cultural attractions in Palembang?,ask_category
Eh PIM ada tempat parkir? dong,ask_facilities
Kak Deskripsi Bukit Siguntang,ask_destination_info
Kak Destinasi yang LRT accessible? sih,ask_lrt_destinations
info jam buka smb ii dong,ask_operating_hours
Bang Chatbot nya bagus,provide_feedback
Halo Hai kak masih aktif? deh,greet
Masjid Agung Palembang hari libur buka gak?,ask_operating_hours
apakah jakabaring gratis?,ask_ticket_price
Halo selamat pagi,greet
Rekomendasi wisata alam Palembang,ask_category
Kak dimana ya Jakabaring?,ask_location_access
Eh KI itu apa?,ask_destination_info
Mau nanya dong Bye kak dong,goodbye
What's special about Jakabaring Sport City?,ask_destination_info
rekomendasi wisata yang dekat stasiun lrt,ask_lrt_destinations
What facilities are there?,ask_facilities
What's the entry fee?,ask_ticket_price
Bang Min kasih tau hidden gems Palembang dong kak,ask_hidden_gems
Eh Best destinations in Palembang? ya kak,ask_recommendation
Min LRT friendly tourist destinations? dong,ask_lrt_destinations
Min Oke cukup kak makasih banyak dong,goodbye
Apa yang menarik dari Al-Munawar?,ask_destination_info
Min Hlo,greet
Bang Tess dong,greet
Jam operasionalnya,ask_operating_hours
Maaf mau tanya Makasih dong kak,goodbye
Kak ada hidden gems gak?,ask_hidden_gems
Kak Tourist spots along LRT route? ya,ask_lrt_destinations
Permisi Thank you very much ya kak,goodbye
Min Makasih,goodbye
Halo Wisata tersembunyi di Palembang? ya,ask_hidden_gems
What days is Kambang Iwak Park open?,ask_operating_hours
I need assistance,greet
Mau nanya dong Masjid Cheng Ho ada spot foto gak? dong kak,ask_facilities
Bang Apakah Jakabaring gratis? nih,ask_ticket_price
Maaf mau tanya Help me please sih,greet
Eh Palembang punya museum apa?,ask_category
Recommended banget aplikasinya,provide_feedback
Museum di Palembang apa aja?,ask_category
Permisi Alternative tourist spots in Palembang? ya,ask_hidden_gems
Kak Kak ada museum gak di Palembang? ya,ask_category
Mau ke Kampung Kapitan bayar berapa?,ask_ticket_price
Permisi Alternative tourist spots in Palembang? nih,ask_hidden_gems
Kak Jadwal kereta api Jakarta? sih,ask_unrelated
Halo Taxi online di Palembang? deh,ask_unrelated
Halo Hlo dong kak,greet
Kak Min tolong saran wisata dong ya,ask_recommendation
Amanzi Waterpark ada toilet gak?,ask_facilities
Min Suka deh,provide_feedback
Maaf mau tanya Oke makasih kak sangat membantu,goodbye
Kak Ada wifi di Jembatan Ampera? sih,ask_facilities
Mau nanya dong Numpang tanya dong sih,greet
Maaf mau tanya Destinasi yang LRT accessible? sih,ask_lrt_destinations
Kak Hai kak masih aktif? ya kak,greet
Cerita sejarah PIM dong,ask_destination_info
Kak Oke makasih kak sangat membantu,goodbye
Location of Jakabaring Sport City?,ask_location_access
Ada hidden gems gak di Palembang?,ask_hidden_gems
Kawah Tengkurep buka hari apa aja?,ask_operating_hours
Min Palembang punya museum apa? ya,ask_category
Kampung Arab Al-Munawar ada di daerah mana? ya,ask_location_access
Mau nanya dong Kampung Arab Al-Munawar ada di daerah mana? ya,ask_location_access
Where to go in Palembang?,ask_recommendation
Mau nanya dong Kampung Arab Al-Munawar ada di daerah mana? dong,ask_location_access
Mau nanya dong Info wisata budaya Palembang dong dong kak,ask_category
Museum Balaputra Dewa buka jam berapa?,ask_operating_hours
Kasih tau deskripsinya,ask_destination_info
Bang Any hidden gems to visit? ya kak,ask_hidden_gems
Mau nanya dong Info lengkap Punti Kayu dong,ask_destination_info
Can you tell me What facilities are available at Jakabaring Sport City??,ask_facilities
Eh Rekomendasi wisata Palembang dong ya kak,ask_recommendation
Mau nanya dong Mau ke tempat bersejarah di Palembang nih,ask_category
Maaf mau tanya Jembatan Ampera di mana ya? dong,ask_location_access
Permisi Oke cukup kak makasih banyak nih,goodbye
masjid cheng ho ada spot foto gak?,ask_facilities
Dari mana ke Kawah Tengkurep?,ask_location_access
Is Sultan Mahmud Badaruddin II Museum far from the city center?,ask_location_access
Info tentang Masjid Cheng Ho,ask_destination_info
Maaf mau tanya Masjid Cheng Ho ada spot foto gak? dong kak,ask_facilities
Eh Jam operasionalnya? nih,ask_operating_hours
Halo Thank you very much nih,goodbye
Kak Resep nasi goreng dong,ask_unrelated
Berapa ya tiket Bukit Siguntang?,ask_ticket_price
Wisata Palembang yang aesthetic tapi sepi? dong kak,ask_hidden_gems
Bang Excellent information nih,provide_feedback
Halo Mau ke tempat bersejarah di Palembang,ask_category
Eh Tourist spots along LRT route? dong kak,ask_lrt_destinations
Maaf mau tanya Deskripsi Bukit Siguntang deh,ask_destination_info
Mau nanya dong Min tolong saran wisata dong ya kak,ask_recommendation
"Hello, What facilities are available at Jakabaring Sport City? please",ask_facilities
Bisa naik angkot ke Jembatan Ampera?,ask_location_access
Bang Hai kak masih aktif? ya,greet
BKB itu tempat apa sih? ya,ask_destination_info
Bang Rekomendasi hidden gems dong kak deh,ask_hidden_gems
Halo Thank you very much dong kak,goodbye
Kak Any hidden gems to visit? dong kak,ask_hidden_gems
Posisi Siguntang dimana ya?,ask_location_access
Kak Permisi kak dong kak,greet
Min tolong saran wisata dong?,ask_recommendation
Permisi Chatbot nya bagus ya,provide_feedback
Can you tell me Do I need to pay to enter Monpera??,ask_ticket_price
Bang Suka deh ya kak,provide_feedback
Bang Mau tanya dong kak harga tiket Benteng Kuto Besak ya,ask_ticket_price
Tolong kasih tau wisata dekat LRT ya,ask_lrt_destinations
Please How to move on? please,ask_unrelated
Kapan sih Palembang Trade Center buka?,ask_operating_hours
Bisa naik LRT ke Kambang Iwak?,ask_lrt_destinations
Chatbot nya bagus nih,provide_feedback
Bang Kamu siapa? sih,ask_unrelated
Permisi Jelas banget penjelasannya sih,provide_feedback
Bang Alternative tourist spots in Palembang? dong kak,ask_hidden_gems
Help me please?,greet
Very helpful,provide_feedback
Permisi Makasih ya,goodbye
Min Recipe for chocolate cake? ya kak,ask_unrelated
Permisi Excellent information sih,provide_feedback
Details about Kambang Iwak Park? dong kak,ask_destination_info
Tolong kasih tau wisata dekat LRT,ask_lrt_destinations
Min Kampung Arab Al-Munawar ada di daerah mana? dong,ask_location_access
Eh Recipe for chocolate cake? deh,ask_unrelated
Mau nanya dong Makasih ya,goodbye
Min Wisata apa yang recommended di Palembang? deh,ask_recommendation
Min PIM ada tempat parkir? nih,ask_facilities
SMB jauh gak dari pusat kota?,ask_location_access
Maaf mau tanya Numpang tanya dong,greet
Maaf mau tanya Cara daftar CPNS gimana? dong,ask_unrelated
Pagi kak,greet
Maaf mau tanya Rekomendasi wisata untuk liburan singkat,ask_recommendation
Maaf mau tanya Wisata Palembang yang aesthetic tapi sepi? deh,ask_hidden_gems
Bang Lesser known attractions in Palembang? dong,ask_hidden_gems
Bang Terima kasih infonya sih,goodbye
Bisa naik LRT ke BKB? sih,ask_lrt_destinations
Kak Taxi online di Palembang? ya kak,ask_unrelated
Mau tanya harga tiket PIM,ask_ticket_price
Kak Rekomendasi hidden gems dong kak,ask_hidden_gems
Cara daftar kuliah?,ask_unrelated
Hey Exactly what I needed please,provide_feedback
Kak Taxi online di Palembang?,ask_unrelated
KI itu apa,ask_destination_info
"Maaf mau tanya That's enough, thank you",goodbye
Lewat mana ya?,ask_location_access
Permisi Wisata tersembunyi di Palembang? ya kak,ask_hidden_gems
Permisi Mau ke tempat bersejarah di Palembang ya,ask_category
Bye kak ya,goodbye
Permisi Pagi kak ya,greet
Mau nanya dong Details about Kambang Iwak Park?,ask_destination_info
Permisi Suka sama jawabannya sih,provide_feedback
Halo Jelas banget penjelasannya deh,provide_feedback
Ada masjid di Palembang?,ask_category
Halo Museum Sultan Mahmud Badaruddin II lokasinya dimana? deh,ask_location_access
Recommend culinary tourism in Palembang,ask_category
Bye kak nih,goodbye
Parkiran Ampera luas gak?,ask_facilities
Min What time does Kampung Kapitan close? ya,ask_operating_hours
Kak Jam operasionalnya? dong,ask_operating_hours
Mau nanya dong Thank you very much dong kak,goodbye
Eh Suka deh ya,provide_feedback
Halo Cara main saham?,ask_unrelated
Min Excellent information nih,provide_feedback
How much does it cost to enter Benteng Kuto Besak?,ask_ticket_price
Kak Kamu siapa? deh,ask_unrelated
Eh Numpang tanya dong dong,greet
Mau nanya dong Mau tanya dong kak harga tiket Benteng Kuto Besak sih,ask_ticket_price
Permisi Details about Kambang Iwak Park? dong kak,ask_destination_info
Numpang tanya dong deh,greet
Kak ada museum gak di Palembang?,ask_category
"Eh That's enough, thank you ya",goodbye
Rekomendasi wisata untuk liburan singkat,ask_recommendation
Kira-kira harga tiket Kawah Tengkurep berapa?,ask_ticket_price
Kapan sih Taman Kebon Rojo buka?,ask_operating_hours
Kampung Kapitan terkenal karena apa?,ask_destination_info
Are there toilets at Ampera Bridge?,ask_facilities
Jelas banget penjelasannya dong,provide_feedback
Min Help me please ya kak,greet
Eh Wisata Palembang yang aesthetic tapi sepi? nih,ask_hidden_gems
Eh Wisata apa yang recommended di Palembang? sih,ask_recommendation
Best places for tourists in Palembang?,ask_recommendation
Kak Numpang tanya dong dong kak,greet
Rekomendasi wisata untuk liburan singkat dong,ask_recommendation
Eh Info jam buka SMB II dong,ask_operating_hours
Maaf mau tanya Apakah Jakabaring gratis? dong,ask_ticket_price
Kak Mau tanya dong kak harga tiket Benteng Kuto Besak deh,ask_ticket_price
Permisi Destinasi yang LRT accessible? sih,ask_lrt_destinations
Kambang Iwak buka dari jam berapa sampai jam berapa?,ask_operating_hours
Bang Permisi kak nih,greet
Segitu dulu kak thanks,goodbye
What time does Kampung Kapitan open?,ask_operating_hours
Mau nanya dong Chatbot nya bagus ya kak,provide_feedback
Kak Museum Sultan Mahmud Badaruddin II lokasinya dimana? sih,ask_location_access
Kamu siapa,ask_unrelated
Masjid Agung Palembang gratis gak sih?,ask_ticket_price
Jadwal buka OPI Mall kapan ya?,ask_operating_hours
PIM ada tempat parkir? ya,ask_facilities
Bang Bye kak ya,goodbye
Maaf mau tanya Apakah Jakabaring gratis? nih,ask_ticket_price
"Hello, Do I need to pay to enter Monpera? please",ask_ticket_price
Min Tourist spots along LRT route? dong,ask_lrt_destinations
Kak Deskripsi Bukit Siguntang nih,ask_destination_info
I want to know What parks are in Palembang??,ask_category
Min Info lengkap Punti Kayu dong nih,ask_destination_info
Halo,greet
Kak Benteng Kuto Besak buka jam berapa? ya,ask_operating_hours
Mau nanya dong Taxi online di Palembang? dong kak,ask_unrelated
Destinasi yang LRT accessible? ya,ask_lrt_destinations
Permisi Food tourism in Palembang? nih,ask_category
Seru gak Jakabaring Sport City?,ask_destination_info
Kak Hlo,greet
Maaf mau tanya Bye kak nih,goodbye
Min Chatbot nya bagus ya,provide_feedback
Lokasi SMB dimana kak?,ask_location_access
"Excuse me, How to move on? thanks",ask_unrelated
Min Suka sama jawabannya deh,provide_feedback
Tempat makan di sekitar Palembang Icon ada?,ask_facilities
Maaf mau tanya Rekomendasi hidden gems dong kak,ask_hidden_gems
Kak Oke makasih kak sangat membantu sih,goodbye
Palembang punya wisata sejarah apa?,ask_category
Ceritakan tentang PIM,ask_destination_info
Maaf mau tanya Suka deh ya kak,provide_feedback
Kak Rekomendasi wisata yang dekat stasiun LRT dong kak,ask_lrt_destinations
I want to know How much is the ticket to Kampung Kapitan? thanks,ask_ticket_price
Min BKB itu tempat apa sih? dong,ask_destination_info
Bang Chatbot nya bagus deh,provide_feedback
Maaf mau tanya Any hidden gems to visit?,ask_hidden_gems
Min Apakah Jakabaring gratis? deh,ask_ticket_price
Bang Jembatan Ampera di mana ya? sih,ask_location_access
"Maaf mau tanya That's enough, thank you ya",goodbye
Kak Museum Balaputra Dewa buka jam berapa ya?,ask_operating_hours
Kamu robot ya?,ask_unrelated
Opening hours for Grand Mosque of Palembang?,ask_operating_hours
Kak berapa harga tiket Al Quran Al Akbar?,ask_ticket_price
Bang LRT friendly tourist destinations? deh,ask_lrt_destinations
Maaf mau tanya Info jam buka SMB II dong dong kak,ask_operating_hours
Min That's helpful nih,provide_feedback
Halo Min tolong saran wisata dong,ask_recommendation
Permisi Jembatan Ampera di mana ya? nih,ask_location_access
Jam tutup SMB II kapan?,ask_operating_hours
Maaf mau tanya Bisa naik LRT ke BKB? deh,ask_lrt_destinations
Hey How much is the ticket to Kampung Kapitan? thanks,ask_ticket_price
That's helpful dong,provide_feedback
Kak Suka deh dong kak,provide_feedback
Min Excellent information ya,provide_feedback
Min Rekomendasi wisata yang dekat stasiun LRT ya kak,ask_lrt_destinations
Min Bye kak,goodbye
Mau nanya dong Chatbot nya bagus sih,provide_feedback
Bang Hidden gems in Palembang? deh,ask_hidden_gems
Bang Permisi kak sih,greet
Kak Benteng Kuto Besak buka jam berapa? nih,ask_operating_hours
Museum Sultan Mahmud Badaruddin II bagus gak?,ask_destination_info
Thank you very much sih,goodbye
Permisi Oke cukup kak makasih banyak,goodbye
Jelaskan tentang Museum Balaputra Dewa,ask_destination_info
Maaf mau tanya Famous places in Palembang? deh,ask_recommendation
Kak Excellent information dong kak,provide_feedback
Permisi Recipe for chocolate cake? ya kak,ask_unrelated
Info lengkap Punti Kayu dong nih,ask_destination_info
Maaf mau tanya PIM gratis gak sih? nih,ask_ticket_price
Eh Famous places in Palembang? dong,ask_recommendation
Tempat wisata alternatif Palembang?,ask_hidden_gems
Bang Hai kak masih aktif? dong,greet
Maaf mau tanya Deskripsi Bukit Siguntang ya,ask_destination_info
Bang Cara main saham?,ask_unrelated
Maaf mau tanya Makasih ya kak,goodbye
Min harga masuk BKB berapa?,ask_ticket_price
Bagaimana cara ke Jembatan Ampera?,ask_location_access
Min What time does Kampung Kapitan close?,ask_operating_hours
Which tourist spots are near LRT stations?,ask_lrt_destinations
Tess deh,greet
Permisi Best destinations in Palembang? deh,ask_recommendation
Kak Suka sama jawabannya ya kak,provide_feedback
Halo Bisa naik LRT ke BKB? nih,ask_lrt_destinations
What parks are in Palembang,ask_category
Siguntang buka jam berapa?,ask_operating_hours
Maaf mau tanya Destinasi yang dekat stasiun LRT?,ask_lrt_destinations
Does Sultan Mahmud Badaruddin II Museum have parking?,ask_facilities
Directions to Monpera?,ask_location_access
Permisi Resep nasi goreng dong dong,ask_unrelated
Bang Best destinations in Palembang? ya kak,ask_recommendation
Pasar 16 Ilir deket stasiun LRT mana?,ask_location_access
Maaf mau tanya Apakah Jakabaring gratis? dong kak,ask_ticket_price
Bang Kamu siapa? nih,ask_unrelated
Hlo dong kak,greet
Museum Balaputra Dewa fasilitasnya apa aja? ya,ask_facilities
Kak Apakah Jakabaring gratis? ya kak,ask_ticket_price
Kak Min kasih tau hidden gems Palembang ya kak,ask_hidden_gems
Mau nanya dong Jembatan Ampera di mana ya? deh,ask_location_access
Kak Info wisata budaya Palembang dong ya,ask_category
Permisi Destinasi wisata sejarah Palembang? nih,ask_category
Kak Wonderful ya,provide_feedback
"Excuse me, What should I visit in Palembang? thanks",ask_recommendation
What amenities does Kambang Iwak Park offer?,ask_facilities
Kasih tau dong tentang PIM,ask_destination_info
Mau nanya dong Oke makasih kak sangat membantu,goodbye
Eh Min tolong saran wisata dong dong kak,ask_recommendation
Permisi kak deh,greet
What's cryptocurrency?,ask_unrelated
Kalo hari Sabtu Bukit Siguntang buka?,ask_operating_hours
Bayar berapa kalo masuk BKB?,ask_ticket_price
Menarik gak?,ask_destination_info
Mau tau sejarah PIM,ask_destination_info
Directions to Grand Mosque of Palembang?,ask_location_access
Jadwal kereta api Jakarta? nih,ask_unrelated
Describe Jakabaring Sport City,ask_destination_info
Mau nanya dong Ada wifi di Jembatan Ampera? dong,ask_facilities
Gimana Palembang Square?,ask_destination_info
Kak Oke makasih kak sangat membantu deh,goodbye
Kak Hlo nih,greet
What's the meaning of life?,ask_unrelated
Bang Rekomendasi wisata untuk liburan singkat sih,ask_recommendation
What's the address of Al-Munawar Arab Village?,ask_location_access
Siang,greet
Eh Suka sama jawabannya nih,provide_feedback
Halo Lesser known attractions in Palembang? sih,ask_hidden_gems
Bang Makasih nih,goodbye
Eh Recipe for chocolate cake? nih,ask_unrelated
thank you very much,goodbye
Kak Cara daftar CPNS gimana? ya,ask_unrelated
Min Palembang punya museum apa? sih,ask_category
Kak LRT friendly tourist destinations? dong kak,ask_lrt_destinations
Mau nanya dong Jam operasionalnya? dong,ask_operating_hours
Sejarah Hutan Wisata Punti Kayu apa ya?,ask_destination_info
Sampai ketemu lagi,goodbye
Eh Jadwal kereta api Jakarta? sih,ask_unrelated
Kak ada wisata kuliner gak di Palembang?,ask_category
Halo KI itu apa? deh,ask_destination_info
Bang Apakah Ampera dekat stasiun LRT? ya kak,ask_lrt_destinations
Kak Suka deh nih,provide_feedback
Excellent information sih,provide_feedback
I want to know How much is the ticket to Kampung Kapitan?,ask_ticket_price
Maaf mau tanya Details about Kambang Iwak Park? dong kak,ask_destination_info
Kak Cara main saham? ya kak,ask_unrelated
Eh Help me please nih,greet
Min Min kasih tau hidden gems Palembang sih,ask_hidden_gems
Kemaro buka dari jam berapa sampai jam berapa?,ask_operating_hours
Halo Kamu siapa? ya,ask_unrelated
Halo Hlo ya kak,greet
Min Resep nasi goreng dong dong kak,ask_unrelated
Eh Suka sama jawabannya ya kak,provide_feedback
Kampung Kapitan ada di daerah mana?,ask_location_access
Mau nanya dong Help me please dong,greet
How much does it cost to enter Jakabaring Sport City?,ask_ticket_price
Min Excellent information dong kak,provide_feedback
Min Jadwal kereta api Jakarta? sih,ask_unrelated
Mau cari wisata sejarah di Palembang,ask_category
"Mau nanya dong That's enough, thank you nih",goodbye
Kak Jam operasionalnya?,ask_operating_hours
Ceritakan tentangnya,ask_destination_info
Min Mau ke tempat bersejarah di Palembang sih,ask_category
That's helpful dong kak,provide_feedback
Hai boleh tanya?,greet
What historical sites are in Palembang?,ask_category
Permisi kak?,greet
Eh BKB itu tempat apa sih? dong,ask_destination_info
Describe Grand Mosque of Palembang,ask_destination_info
I want to know What should I visit in Palembang??,ask_recommendation
Mau nanya dong Suka deh ya kak,provide_feedback
Kak Tess ya kak,greet
Eh Help me please,greet
Bang PIM gratis gak sih? sih,ask_ticket_price
Wisata Palembang yang aesthetic tapi sepi? ya kak,ask_hidden_gems
Kak Rekomendasi wisata Palembang dong nih,ask_recommendation
Mau nanya dong That's helpful dong,provide_feedback
Maaf mau tanya Apakah Ampera dekat stasiun LRT?,ask_lrt_destinations
Permisi Tess deh,greet
Are there toilets at Kampung Kapitan?,ask_facilities
Any cultural tourism in Palembang?,ask_category
Tempat wisata religi di Palembang?,ask_category
Bang Museum Balaputra Dewa fasilitasnya apa aja? ya,ask_facilities
Yang termasuk taman apa aja?,ask_category
Permisi Address of Ampera Bridge? ya kak,ask_location_access
Destinasi yang dekat stasiun LRT? nih,ask_lrt_destinations
Min Wisata Palembang yang aesthetic tapi sepi? sih,ask_hidden_gems
Kira-kira harga tiket Taman Kebon Rojo berapa?,ask_ticket_price
Permisi Deskripsi Bukit Siguntang ya,ask_destination_info
Hey What facilities are available at Jakabaring Sport City? thanks,ask_facilities
Are there toilets at Monpera?,ask_facilities
Bang Masjid Cheng Ho ada spot foto gak? deh,ask_facilities
Hey What should I visit in Palembang??,ask_recommendation
Maaf mau tanya Mau ke tempat bersejarah di Palembang ya,ask_category
Min Rekomendasi wisata yang dekat stasiun LRT dong,ask_lrt_destinations
Kalo hari Sabtu Kampung Kapitan buka?,ask_operating_hours
Destinasi yang dekat stasiun LRT? ya kak,ask_lrt_destinations
Bang Destinasi wisata sejarah Palembang? ya,ask_category
Mau tau tentang Pasar 16 Ilir,ask_destination_info
When is the World Cup?,ask_unrelated
Min Deskripsi Bukit Siguntang nih,ask_destination_info
Permisi Wonderful dong,provide_feedback
Masjid Cheng Ho hari libur buka gak?,ask_operating_hours
SMB ada kantin gak?,ask_facilities
Maaf mau tanya Tess sih,greet
Kak Kampung Arab Al-Munawar ada di daerah mana? sih,ask_location_access
Deskripsi Pasar 16 Ilir,ask_destination_info
Bang Cara main saham? dong kak,ask_unrelated
"Hello, is anyone available?",greet
Eh Chatbot nya bagus dong,provide_feedback
Min Apakah Jakabaring gratis? ya kak,ask_ticket_price
Maaf mau tanya Wisata apa yang recommended di Palembang? deh,ask_recommendation
Mau nanya dong Tourist spots along LRT route? dong kak,ask_lrt_destinations
Directions to Sultan Mahmud Badaruddin II Museum?,ask_location_access
Palembang Icon ada kantin gak?,ask_facilities
Permisi Museum Sultan Mahmud Badaruddin II lokasinya dimana? dong,ask_location_access
Permisi Tolong kasih tau wisata dekat LRT deh,ask_lrt_destinations
Bang LRT friendly tourist destinations? ya kak,ask_lrt_destinations
Ada mushola di Monpera?,ask_facilities
Good morning,greet
Thank you very much nih,goodbye
Hai saya pertama kali ke Palembang,greet
Bang Wisata Palembang yang aesthetic tapi sepi? nih,ask_hidden_gems
Please What should I visit in Palembang? please,ask_recommendation
Halo Destinasi yang LRT accessible?,ask_lrt_destinations
Apa itu?,ask_destination_info
Mau nanya dong Hidden gems in Palembang?,ask_hidden_gems
Eh Masjid Cheng Ho ada spot foto gak? dong kak,ask_facilities
Halo Wisata Palembang yang aesthetic tapi sepi? deh,ask_hidden_gems
Halo Oke cukup kak makasih banyak deh,goodbye
Mau nanya dong Address of Ampera Bridge? dong kak,ask_location_access
Mau nanya dong Museum Sultan Mahmud Badaruddin II lokasinya dimana? dong kak,ask_location_access
Eh Wisata apa yang recommended di Palembang? nih,ask_recommendation
Eh PIM ada tempat parkir? ya,ask_facilities
Halo Recipe for chocolate cake? deh,ask_unrelated
Maaf mau tanya Tourist spots along LRT route? ya,ask_lrt_destinations
PIM ada tempat parkir? deh,ask_facilities
Berapa harga tiketnya?,ask_ticket_price
Kak Mau tanya dong kak harga tiket Benteng Kuto Besak ya,ask_ticket_price
Eh Destinasi yang LRT accessible? dong,ask_lrt_destinations
Bang Jelas banget penjelasannya dong,provide_feedback
"Mau naik LRT, wisata apa yang dekat?",ask_lrt_destinations
Kak Kamu siapa?,ask_unrelated
Fantasy Island ada tempat istirahat?,ask_facilities
Halo Lesser known attractions in Palembang? ya,ask_hidden_gems
Amanzi Waterpark hari libur buka gak?,ask_operating_hours
Bang Mau ke tempat bersejarah di Palembang dong kak,ask_category
Is there an entry fee for Kampung Kapitan?,ask_ticket_price
Min Recipe for chocolate cake? deh,ask_unrelated
Maaf mau tanya Benteng Kuto Besak buka jam berapa?,ask_operating_hours
Bang Masjid Cheng Ho ada spot foto gak? ya kak,ask_facilities
Permisi Thank you very much,goodbye
Where is it?,ask_location_access
Chatbot nya bagus dong kak,provide_feedback
KI itu apa? dong kak,ask_destination_info
Min Kamu siapa? deh,ask_unrelated
Kak Wonderful dong,provide_feedback
Bang Bisa naik LRT ke BKB?,ask_lrt_destinations
Min LRT friendly tourist destinations? nih,ask_lrt_destinations
Mau tanya dong kak harga tiket Benteng Kuto Besak deh,ask_ticket_price
Mau nanya dong BKB itu tempat apa sih? ya kak,ask_destination_info
Info wisata budaya Palembang dong ya kak,ask_category
Min Numpang tanya dong ya kak,greet
Min tolong saran wisata dong nih,ask_recommendation
Thank you for the information,goodbye
Halo Hidden gems in Palembang? ya kak,ask_hidden_gems
Wonderful ya kak,provide_feedback
Min Museum Sultan Mahmud Badaruddin II lokasinya dimana? nih,ask_location_access
Halo Apakah Ampera dekat stasiun LRT? dong kak,ask_lrt_destinations
Thank you very much dong,goodbye
PIM gratis gak sih? ya kak,ask_ticket_price
Halo Rekomendasi wisata yang dekat stasiun LRT nih,ask_lrt_destinations
Halo Alternative tourist spots in Palembang?,ask_hidden_gems
Permisi Mau ke tempat bersejarah di Palembang nih,ask_category
Halo Kak ada museum gak di Palembang? nih,ask_category
Taxi online di Palembang?,ask_unrelated
Facilities at Kemaro Island?,ask_facilities
Hlo dong,greet
Eh BKB itu tempat apa sih?,ask_destination_info
"Hello, Does Jakabaring Sport City have a mosque??",ask_facilities
Permisi Kamu siapa? nih,ask_unrelated
Min Alternative tourist spots in Palembang? sih,ask_hidden_gems
Permisi Mau ke tempat bersejarah di Palembang deh,ask_category
Bang Destinasi yang dekat stasiun LRT? deh,ask_lrt_destinations
Halo Suka deh sih,provide_feedback
Maaf mau tanya Destinasi yang LRT accessible? nih,ask_lrt_destinations
Permisi Cara main saham? ya kak,ask_unrelated
How much to get into Ampera Bridge?,ask_ticket_price
Halo Benteng Kuto Besak buka jam berapa? sih,ask_operating_hours
Eh Cara main saham? dong,ask_unrelated
Berapa harga tiket masuk Jembatan Ampera?,ask_ticket_price
Bang BKB itu tempat apa sih?,ask_destination_info
Please Does Jakabaring Sport City have a mosque?,ask_facilities
Bang Oke makasih kak sangat membantu nih,goodbye
Eh Info lengkap Punti Kayu dong ya kak,ask_destination_info
Responnya cepat ya,provide_feedback
Min Cara main saham? sih,ask_unrelated
Permisi Cara daftar CPNS gimana? dong,ask_unrelated
Undiscovered places in Palembang?,ask_hidden_gems
Mau nanya dong LRT friendly tourist destinations? dong kak,ask_lrt_destinations
Eh Hidden gems in Palembang? dong kak,ask_hidden_gems
Kak Wisata tersembunyi di Palembang?,ask_hidden_gems
Yang termasuk masjid apa aja?,ask_category
Eh Destinasi wisata sejarah Palembang? sih,ask_category
Oke terima kasih banyak ya,goodbye
Jam bukanya kapan?,ask_operating_hours
does jakabaring sport city have a mosque?,ask_facilities
Permisi Lesser known attractions in Palembang? sih,ask_hidden_gems
Jakabaring ada toilet gak?,ask_facilities
Ada fasilitas apa?,ask_facilities
Chatbot nya bagus sih,provide_feedback
Halo Enaknya kemana ya di Palembang? ya kak,ask_recommendation
Mau nanya dong Makasih,goodbye
Eh Wisata tersembunyi di Palembang? dong kak,ask_hidden_gems
Kak Oke cukup kak makasih banyak ya,goodbye
Halo Suka deh ya,provide_feedback
Halo Numpang tanya dong dong kak,greet
Does Sultan Mahmud Badaruddin II Museum have food stalls?,ask_facilities
Rekomendasi wisata Palembang dong ya kak,ask_recommendation
Permisi Masjid Cheng Ho ada spot foto gak? ya kak,ask_facilities
Dari mana ke Taman Kambang Iwak Besak?,ask_location_access
Halo Wisata Palembang yang aesthetic tapi sepi? ya,ask_hidden_gems
Bang Numpang tanya dong dong kak,greet
Maaf mau tanya Enaknya kemana ya di Palembang? sih,ask_recommendation
Permisi Museum Balaputra Dewa fasilitasnya apa aja? ya kak,ask_facilities
Is Al-Munawar Arab Village open in the morning?,ask_operating_hours
Maaf mau tanya Info jam buka SMB II dong ya kak,ask_operating_hours
Off the beaten path places in Palembang?,ask_hidden_gems
Permisi Famous places in Palembang?,ask_recommendation
Permisi Address of Ampera Bridge? sih,ask_location_access
Kak Numpang tanya dong dong,greet
Permisi kak sih,greet
Kak Rekomendasi wisata untuk liburan singkat dong,ask_recommendation
Halo saya mau bertanya,greet
Bang Hidden gems in Palembang?,ask_hidden_gems
Permisi Best destinations in Palembang? ya kak,ask_recommendation
Fasilitas apa saja di PIM?,ask_facilities
Maaf mau tanya Rekomendasi hidden gems dong kak ya,ask_hidden_gems
Maaf mau tanya Museum Sultan Mahmud Badaruddin II lokasinya dimana? nih,ask_location_access
Oke makasih kak sangat membantu deh,goodbye
Info harga tiket Monpera dong kak,ask_ticket_price
Min Rekomendasi wisata untuk liburan singkat ya,ask_recommendation
Kayak apa sih Taman Kebon Rojo?,ask_destination_info
Bang Masjid Cheng Ho ada spot foto gak? nih,ask_facilities
Bang Pagi kak deh,greet
Permisi Hidden gems in Palembang? dong,ask_hidden_gems
Hai saya baru ke Palembang,greet
Hutan Wisata Punti Kayu buka setiap hari?,ask_operating_hours
Permisi Wisata apa yang recommended di Palembang? ya kak,ask_recommendation
Mau ke BKB bayar berapa?,ask_ticket_price
Makasih kak nanti saya tanya lagi,goodbye
Mau nanya dong Excellent information ya kak,provide_feedback
"Hi, What should I visit in Palembang?",ask_recommendation
Berapa duit masuk Jakabaring Sport City?,ask_ticket_price
Min Numpang tanya dong nih,greet
Suka deh ya,provide_feedback
Maaf mau tanya Permisi kak ya kak,greet
Where is Al-Munawar Arab Village located?,ask_location_access
Harga tiket masuknya berapa?,ask_ticket_price
Mau nanya dong Help me please,greet
I want to know What should I visit in Palembang? please,ask_recommendation
destinasi yang dekat stasiun lrt?,ask_lrt_destinations
Kak Apakah Jakabaring gratis? sih,ask_ticket_price
Eh Details about Kambang Iwak Park? nih,ask_destination_info
Bang Address of Ampera Bridge? sih,ask_location_access
"Hi, How much is the ticket to Kampung Kapitan??",ask_ticket_price
"Hi, Is Kampung Kapitan open in the morning??",ask_operating_hours
Bang Cara main saham? sih,ask_unrelated
Min Rekomendasi wisata Palembang dong dong,ask_recommendation
Halo Rekomendasi wisata yang dekat stasiun LRT dong kak,ask_lrt_destinations
Bang tiket Ampera berapa?,ask_ticket_price
Kak Palembang punya museum apa? sih,ask_category
Min Masjid Cheng Ho ada spot foto gak? ya kak,ask_facilities
Min Any hidden gems to visit? ya,ask_hidden_gems
Halo Best destinations in Palembang? sih,ask_recommendation
Prediksi cuaca besok?,ask_unrelated
Min Museum Balaputra Dewa fasilitasnya apa aja? dong,ask_facilities
Mau tanya dong kak harga tiket Benteng Kuto Besak dong,ask_ticket_price
Halo That's helpful ya kak,provide_feedback
"Hi, Does Jakabaring Sport City have a mosque? please",ask_facilities
Details about Benteng Kuto Besak?,ask_destination_info
Jakabaring Sport City ada tempat istirahat?,ask_facilities
Kak Hai kak masih aktif? sih,greet
Eh Jadwal kereta api Jakarta? nih,ask_unrelated
"Maaf mau tanya That's enough, thank you nih",goodbye
Mau nanya dong Any hidden gems to visit? dong kak,ask_hidden_gems
Benteng Kuto Besak buka jam berapa? dong kak,ask_operating_hours
Halo Destinasi wisata sejarah Palembang? ya kak,ask_category
Permisi Kamu siapa? dong,ask_unrelated
What time does Kampung Kapitan close? dong,ask_operating_hours
Mahal gak tiketnya?,ask_ticket_price
Min Cara main saham? dong,ask_unrelated
Halo Rekomendasi wisata yang dekat stasiun LRT sih,ask_lrt_destinations
Halo Museum Balaputra Dewa fasilitasnya apa aja? ya kak,ask_facilities
Suka sama jawabannya ya kak,provide_feedback
Permisi Hidden gems in Palembang? deh,ask_hidden_gems
Min Min kasih tau hidden gems Palembang ya kak,ask_hidden_gems
Eh Ada wifi di Jembatan Ampera? ya kak,ask_facilities
Eh PIM gratis gak sih? ya,ask_ticket_price
Permisi PIM ada tempat parkir? ya kak,ask_facilities
Do you have feelings?,ask_unrelated
Bot nya pintar ya,provide_feedback
Mau nanya dong Famous places in Palembang? deh,ask_recommendation
Min Rekomendasi hidden gems dong kak sih,ask_hidden_gems
Halo Permisi kak dong kak,greet
List of nature tourism in Palembang?,ask_category
What does it cost to visit Kampung Kapitan?,ask_ticket_price
Halo Jam operasionalnya? deh,ask_operating_hours
Apa arti cinta?,ask_unrelated
how much is the ticket to kampung kapitan?,ask_ticket_price
Tell me about Sultan Mahmud Badaruddin II Museum,ask_destination_info
When is Punti Kayu Forest open?,ask_operating_hours
Please What facilities are available at Jakabaring Sport City??,ask_facilities
Kak That's helpful dong kak,provide_feedback
Kak What time does Kampung Kapitan close? nih,ask_operating_hours
Weekend Masjid Cheng Ho buka?,ask_operating_hours
museum balaputra dewa fasilitasnya apa aja?,ask_facilities
Min Naik apa ke Pasar 16 Ilir? ya,ask_location_access
Hey bot,greet
Biaya tiket Kampung Arab Al-Munawar berapa kak?,ask_ticket_price
Bang Any hidden gems to visit? sih,ask_hidden_gems
Kak Jelas banget penjelasannya sih,provide_feedback
Fantasy Island ada toilet gak?,ask_facilities
Kak Destinasi yang dekat stasiun LRT? dong kak,ask_lrt_destinations
Permisi Tourist spots along LRT route? nih,ask_lrt_destinations
Akses ke Masjid Agung Palembang mudah gak?,ask_location_access
Eh Ada wifi di Jembatan Ampera? sih,ask_facilities
Eh Taxi online di Palembang? nih,ask_unrelated
Wisata Palembang yang aesthetic tapi sepi? sih,ask_hidden_gems
Permisi Permisi kak deh,greet
Maaf mau tanya Masjid Cheng Ho ada spot foto gak? deh,ask_facilities
Kak Oke makasih kak sangat membantu nih,goodbye
Berapa biaya masuk ke PTC?,ask_ticket_price
Min LRT friendly tourist destinations? ya,ask_lrt_destinations
Wisata Palembang yang LRT friendly?,ask_lrt_destinations
Halo What time does Kampung Kapitan close? ya kak,ask_operating_hours
Mau tanya jam operasional Al-Munawar,ask_operating_hours
Dari mana ke Masjid Cheng Ho?,ask_location_access
Is Kampung Kapitan open in the morning?,ask_operating_hours
Kak Terima kasih infonya dong kak,goodbye
Mau nanya dong Destinasi yang LRT accessible? ya,ask_lrt_destinations
Bang LRT friendly tourist destinations? sih,ask_lrt_destinations
Mau nanya dong Rekomendasi wisata untuk liburan singkat dong,ask_recommendation
Min Jadwal kereta api Jakarta? deh,ask_unrelated
Oke kak noted,provide_feedback
Min Naik apa ke Pasar 16 Ilir? sih,ask_location_access
Kak Makasih deh,goodbye
Taxi online di Palembang? deh,ask_unrelated
Bisa naik LRT ke BKB? ya,ask_lrt_destinations
Min mau tanya,greet
Maaf mau tanya Rekomendasi wisata untuk liburan singkat deh,ask_recommendation
Info lokasi Bukit Siguntang dong,ask_location_access
Eh Rekomendasi wisata untuk liburan singkat,ask_recommendation
Tiket masuk Jakabaring Sport City berapa?,ask_ticket_price
LRT friendly tourist destinations? ya,ask_lrt_destinations
Kak Thank you very much nih,goodbye
Any hidden gems to visit? sih,ask_hidden_gems
Bang Info wisata budaya Palembang dong ya,ask_category
Min Enaknya kemana ya di Palembang? deh,ask_recommendation
Apakah Ampera dekat LRT?,ask_lrt_destinations
Maaf mau tanya Terima kasih infonya,goodbye
Oke terima kasih jawabannya,provide_feedback
Maaf mau tanya Rekomendasi wisata Palembang dong dong,ask_recommendation
Akses ke Palembang Icon mudah gak?,ask_location_access
I want to know Is Kampung Kapitan open in the morning? please,ask_operating_hours
kak ada museum gak di palembang?,ask_category
Kak Naik apa ke Pasar 16 Ilir? dong kak,ask_location_access
Kak dimana ya Amanzi?,ask_location_access
Maaf mau tanya Destinasi yang dekat stasiun LRT? deh,ask_lrt_destinations
Eh Kak ada museum gak di Palembang? sih,ask_category
Bang Jam operasionalnya? deh,ask_operating_hours
Bang Tourist spots along LRT route?,ask_lrt_destinations
Halo Food tourism in Palembang? sih,ask_category
Chatbot nya bagus ya,provide_feedback
Min Tolong kasih tau wisata dekat LRT,ask_lrt_destinations
mau ke tempat bersejarah di palembang,ask_category
Permisi Mau ke tempat bersejarah di Palembang sih,ask_category
Maaf mau tanya LRT friendly tourist destinations? dong,ask_lrt_destinations
Halo Best destinations in Palembang? dong,ask_recommendation
Permisi Apakah Ampera dekat stasiun LRT? ya,ask_lrt_destinations
Min Tourist spots along LRT route? nih,ask_lrt_destinations
Halo Info jam buka SMB II dong nih,ask_operating_hours
Bang Min tolong saran wisata dong nih,ask_recommendation
Tess dong kak,greet
Maaf mau tanya BKB itu tempat apa sih? dong kak,ask_destination_info
Describe Kambang Iwak Park,ask_destination_info
Film terbaru 2024 apa?,ask_unrelated
Min Recipe for chocolate cake?,ask_unrelated
Jadwal kereta api Jakarta? ya,ask_unrelated
Al-Munawar buka sampai malam gak?,ask_operating_hours
Min Kalo hari Sabtu Kawah Tengkurep buka?,ask_operating_hours
Permisi Address of Ampera Bridge? nih,ask_location_access
Wonderful dong,provide_feedback
Kapan sih BKB buka?,ask_operating_hours
What's the ticket price for Kemaro Island?,ask_ticket_price
Bang Food tourism in Palembang? ya,ask_category
Maaf mau tanya Masjid Cheng Ho ada spot foto gak? sih,ask_facilities
Facilities at Benteng Kuto Besak?,ask_facilities
Min KI itu apa? nih,ask_destination_info
Permisi Jelas banget penjelasannya ya,provide_feedback
Kak Bisa naik LRT ke BKB? deh,ask_lrt_destinations
Min Bye kak nih,goodbye
Palembang punya wisata religi apa?,ask_category
Destinasi wisata sejarah Palembang? ya,ask_category
Permisi Any hidden gems to visit? ya kak,ask_hidden_gems
KI jauh gak dari pusat kota?,ask_location_access
Mau nanya dong Info lengkap Punti Kayu dong deh,ask_destination_info
Address of Ampera Bridge? dong kak,ask_location_access
Kak berapa harga tiket Kambang Iwak?,ask_ticket_price
Maaf mau tanya Kamu siapa? ya,ask_unrelated
Halo Permisi kak ya,greet
Kak Wisata apa yang recommended di Palembang? dong,ask_recommendation
Maaf mau tanya Jelas banget penjelasannya ya kak,provide_feedback
Bagaimana cara ke Museum Sultan Mahmud Badaruddin II?,ask_location_access
Maaf mau tanya Address of Ampera Bridge? ya kak,ask_location_access
Tips belajar bahasa Inggris?,ask_unrelated
Bang Bye kak,goodbye
Mau nanya dong Destinasi yang LRT accessible? nih,ask_lrt_destinations
Permisi Masjid Cheng Ho ada spot foto gak? dong kak,ask_facilities
Min Thank you ya,goodbye
What days is Punti Kayu Forest open?,ask_operating_hours
What facilities are available at Sultan Mahmud Badaruddin II Museum?,ask_facilities
tourist spots along lrt route?,ask_lrt_destinations
Eh Jam operasionalnya? ya,ask_operating_hours
Lengkap gak fasilitasnya?,ask_facilities
Permisi Makasih nih,goodbye
Kak Lesser known attractions in Palembang? deh,ask_hidden_gems
Ke Monpera bayar berapa ya?,ask_ticket_price
Eh Info wisata budaya Palembang dong ya,ask_category
Maaf mau tanya Info lengkap Punti Kayu dong dong kak,ask_destination_info
Permisi Tourist spots along LRT route? ya kak,ask_lrt_destinations
Biaya tiket Al Quran Al Akbar berapa kak?,ask_ticket_price
Mau nanya dong BKB itu tempat apa sih? dong kak,ask_destination_info
Is Monpera open in the morning?,ask_operating_hours
Rekomendasi wisata untuk liburan singkat nih,ask_recommendation
Bang Destinasi yang dekat stasiun LRT? dong kak,ask_lrt_destinations
Permisi Tolong kasih tau wisata dekat LRT nih,ask_lrt_destinations
Min Oke makasih kak sangat membantu ya,goodbye
Mau nanya dong Wisata tersembunyi di Palembang? ya kak,ask_hidden_gems
Tolong kasih tau alamat Amanzi Waterpark,ask_location_access
Bang Wisata Palembang yang aesthetic tapi sepi? deh,ask_hidden_gems
Hlo ya kak,greet
Maaf mau tanya Help me please dong,greet
Kak Jembatan Ampera buka jam berapa ya?,ask_operating_hours
Bagaimana cara ke OPI Mall?,ask_location_access
Posisi BKB dimana ya?,ask_location_access
Kak Hidden gems in Palembang? sih,ask_hidden_gems
Permisi KI itu apa? ya kak,ask_destination_info
Bang Thank you very much ya,goodbye
Mau nanya dong Deskripsi Bukit Siguntang ya,ask_destination_info
Halo Min tolong saran wisata dong ya,ask_recommendation
Permisi Resep nasi goreng dong dong kak,ask_unrelated
Halo Famous places in Palembang? dong,ask_recommendation
Bang Taxi online di Palembang? deh,ask_unrelated
Maaf mau tanya Destinasi yang LRT accessible?,ask_lrt_destinations
Permisi Destinasi wisata sejarah Palembang? deh,ask_category
Min Details about Kambang Iwak Park?,ask_destination_info
Min Details about Kambang Iwak Park? dong,ask_destination_info
Min Mau ke tempat bersejarah di Palembang dong kak,ask_category
Permisi Help me please ya kak,greet
Eh Cara daftar CPNS gimana? dong kak,ask_unrelated
Cara daftar CPNS gimana? nih,ask_unrelated
Permisi Resep nasi goreng dong,ask_unrelated
"Hi, Does Jakabaring Sport City have a mosque? thanks",ask_facilities
Halo Resep nasi goreng dong deh,ask_unrelated
Kak Pagi kak dong kak,greet
Eh Benteng Kuto Besak buka jam berapa? sih,ask_operating_hours
Hidden gems in Palembang? dong,ask_hidden_gems
Kapan Benteng Kuto Besak buka?,ask_operating_hours
Fantasy Island hari libur buka gak?,ask_operating_hours
Eh Museum Sultan Mahmud Badaruddin II lokasinya dimana? dong,ask_location_access
Permisi Jam operasionalnya? ya,ask_operating_hours
Mau nanya dong Kamu siapa? dong,ask_unrelated
Masjid bersejarah di Palembang?,ask_category
Min Kamu siapa? ya,ask_unrelated
"Hi, Is Kampung Kapitan open in the morning? please",ask_operating_hours
KI deket stasiun LRT mana?,ask_location_access
Destinasi wisata alam Palembang?,ask_category
Kak Chatbot nya bagus,provide_feedback
Kak Jam operasionalnya? sih,ask_operating_hours
Min Rekomendasi hidden gems dong kak ya kak,ask_hidden_gems
What time does Jakabaring Sport City close?,ask_operating_hours
How much to get into Sultan Mahmud Badaruddin II Museum?,ask_ticket_price
HTM Kemaro berapa?,ask_ticket_price
What parks are in Palembang?,ask_category
Bang Wisata apa yang recommended di Palembang? nih,ask_recommendation
Kak Help me please ya kak,greet
What's the capital of France?,ask_unrelated
Bang Apakah Ampera dekat stasiun LRT? ya,ask_lrt_destinations
Wah keren infonya,provide_feedback
"Hi, What's the location of Ampera Bridge?",ask_location_access
Maaf mau tanya Suka sama jawabannya ya kak,provide_feedback
Mau nanya dong Wisata apa yang recommended di Palembang?,ask_recommendation
Halo BKB itu tempat apa sih?,ask_destination_info
Maaf mau tanya PIM ada tempat parkir? nih,ask_facilities
Halo Taxi online di Palembang? dong,ask_unrelated
Bang Rekomendasi wisata yang dekat stasiun LRT,ask_lrt_destinations
Maaf mau tanya Numpang tanya dong sih,greet
Alamat Monpera dimana?,ask_location_access
Min PIM ada tempat parkir? dong kak,ask_facilities
Kak Address of Ampera Bridge? dong,ask_location_access
Operating hours?,ask_operating_hours
HTM Al-Munawar berapa?,ask_ticket_price
Eh Bye kak ya,goodbye
Maaf mau tanya KI itu apa? dong,ask_destination_info
Bang BKB itu tempat apa sih? dong,ask_destination_info
Min Tolong kasih tau wisata dekat LRT dong,ask_lrt_destinations
Jakabaring bagus gak?,ask_destination_info
Tess ya kak,greet
Mau nanya dong Ada wifi di Jembatan Ampera? sih,ask_facilities
Bang Destinasi wisata sejarah Palembang? dong kak,ask_category
Wisata edukasi di Palembang?,ask_category
Min Kampung Arab Al-Munawar ada di daerah mana?,ask_location_access
Bang Details about Kambang Iwak Park? dong kak,ask_destination_info
"Halo That's enough, thank you ya",goodbye
Fasilitasnya apa aja?,ask_facilities
rekomendasi wisata untuk liburan singkat,ask_recommendation
Bang Excellent information dong kak,provide_feedback
Min Jadwal kereta api Jakarta? ya,ask_unrelated
Bang Thank you very much dong kak,goodbye
Kak Famous places in Palembang? ya,ask_recommendation
Halo Famous places in Palembang? dong kak,ask_recommendation
Mau nanya dong Tess dong kak,greet
Please Is Kampung Kapitan open in the morning??,ask_operating_hours
Permisi mau tanya,greet
Min Numpang tanya dong deh,greet
Mau nanya dong KI itu apa? ya,ask_destination_info
Kak PIM ada tempat parkir? deh,ask_facilities
Bang PIM gratis gak sih? deh,ask_ticket_price
Permisi,greet
Halo Museum Balaputra Dewa fasilitasnya apa aja? ya,ask_facilities
Oke cukup kak makasih banyak dong kak,goodbye
Mau nanya dong Mau tanya dong kak harga tiket Benteng Kuto Besak ya kak,ask_ticket_price
Bang Jam operasionalnya?,ask_operating_hours
Maaf mau tanya Suka sama jawabannya dong,provide_feedback
How to make money online?,ask_unrelated
Info jam buka SMB II dong?,ask_operating_hours
Min Wonderful,provide_feedback
Eh Enaknya kemana ya di Palembang? ya kak,ask_recommendation
Any religious tourism in Palembang?,ask_category
Mau nanya dong Wonderful nih,provide_feedback
Kak Benteng Kuto Besak buka jam berapa?,ask_operating_hours
Kak Recipe for chocolate cake? dong,ask_unrelated
Mau nanya dong Wonderful dong,provide_feedback
Maaf mau tanya Best destinations in Palembang? nih,ask_recommendation
Kak Kalo hari Sabtu Kawah Tengkurep buka? dong,ask_operating_hours
Bayar berapa kalo masuk Kampung Kapitan?,ask_ticket_price
Bang Alternative tourist spots in Palembang? nih,ask_hidden_gems
Seru gak Amanzi Waterpark?,ask_destination_info
What's the address of Monpera?,ask_location_access
Destinasi yang LRT accessible? ya kak,ask_lrt_destinations
Pulau Kemaro lokasinya dimana?,ask_location_access
Halo Taxi online di Palembang? ya kak,ask_unrelated
Eh What time does Kampung Kapitan close? nih,ask_operating_hours
Can you tell me Do I need to pay to enter Monpera?,ask_ticket_price
Min LRT friendly tourist destinations? sih,ask_lrt_destinations
Recipe for chocolate cake,ask_unrelated
Info lengkap Punti Kayu dong?,ask_destination_info
Min KI itu apa? ya,ask_destination_info
Kak Wisata apa yang recommended di Palembang? sih,ask_recommendation
"Mau nanya dong That's enough, thank you",goodbye
Permisi Info jam buka SMB II dong nih,ask_operating_hours
Maaf mau tanya Museum Balaputra Dewa fasilitasnya apa aja? deh,ask_facilities
Maaf mau tanya Tolong kasih tau wisata dekat LRT ya,ask_lrt_destinations
Kak KI itu apa? dong,ask_destination_info
Kak ada wisata religi gak di Palembang?,ask_category
Halo Rekomendasi wisata yang dekat stasiun LRT ya kak,ask_lrt_destinations
Min Oke makasih kak sangat membantu nih,goodbye
Mau nanya dong Ada wifi di Jembatan Ampera? ya,ask_facilities
Maaf mau tanya Oke makasih kak sangat membantu ya,goodbye
Ada toilet gak?,ask_facilities
Bang Ada wifi di Jembatan Ampera? dong kak,ask_facilities
Min Naik apa ke Pasar 16 Ilir?,ask_location_access
Mau nanya dong Recipe for chocolate cake? deh,ask_unrelated
Mau nanya dong Wisata tersembunyi di Palembang? deh,ask_hidden_gems
Min Bye kak sih,goodbye
Masjid Agung Palembang buka sampai malam gak?,ask_operating_hours
Describe Monpera,ask_destination_info
Mau cari wisata yang seru di Palembang,ask_recommendation
Cara main saham? dong kak,ask_unrelated
Tell me about Kampung Kapitan,ask_destination_info
parks places in Palembang?,ask_category
Maaf mau tanya Taxi online di Palembang? dong,ask_unrelated
Maaf mau tanya Jembatan Ampera di mana ya? sih,ask_location_access
"Thank you, goodbye",goodbye
Maaf mau tanya Food tourism in Palembang?,ask_category
Permisi Chatbot nya bagus,provide_feedback
Weekend Palembang Trade Center buka?,ask_operating_hours
Bang LRT friendly tourist destinations? ya,ask_lrt_destinations
Mau nanya dong Tourist spots along LRT route? dong,ask_lrt_destinations
Bang Hidden gems in Palembang? nih,ask_hidden_gems
Excellent information dong kak,provide_feedback
Eh Rekomendasi hidden gems dong kak nih,ask_hidden_gems
Halo Info jam buka SMB II dong ya kak,ask_operating_hours
Halo Alternative tourist spots in Palembang? dong kak,ask_hidden_gems
Info taman Palembang dong,ask_category
Can you tell me Is Kampung Kapitan open in the morning?,ask_operating_hours
"Good morning, I have a question",greet
Min Kak ada museum gak di Palembang? dong,ask_category
Min Resep nasi goreng dong,ask_unrelated
Taxi online di Palembang? nih,ask_unrelated
Maaf mau tanya Jelas banget penjelasannya dong,provide_feedback
Mau nanya dong Min kasih tau hidden gems Palembang dong,ask_hidden_gems
Tolong kasih tau alamat Siguntang,ask_location_access
Are there tourist attractions near LRT stations?,ask_lrt_destinations
Maaf mau tanya Destinasi wisata sejarah Palembang? sih,ask_category
"Hi, Do I need to pay to enter Monpera??",ask_ticket_price
Kak KI itu apa? dong kak,ask_destination_info
Details about Kambang Iwak Park? deh,ask_destination_info
Maaf mau tanya Jembatan Ampera di mana ya? ya,ask_location_access
That makes sense,provide_feedback
Berapa duit masuk Kampung Kapitan?,ask_ticket_price
Bang Terima kasih infonya dong kak,goodbye
Maaf mau tanya That's helpful,provide_feedback
Kalo hari Sabtu Palembang Icon buka?,ask_operating_hours
Maaf mau tanya Destinasi yang LRT accessible? dong,ask_lrt_destinations
Permisi Bisa naik LRT ke BKB? ya kak,ask_lrt_destinations
Bang Resep nasi goreng dong ya kak,ask_unrelated
Permisi Apakah Ampera dekat stasiun LRT? dong kak,ask_lrt_destinations
PIM ada tempat istirahat?,ask_facilities
Halo Museum Balaputra Dewa fasilitasnya apa aja? nih,ask_facilities
Monpera buka dari jam berapa sampai jam berapa?,ask_operating_hours
Hidden gems in Palembang? ya,ask_hidden_gems
Ceritakan tentang Masjid Cheng Ho,ask_destination_info
Dari jam berapa Museum Sultan Mahmud Badaruddin II buka?,ask_operating_hours
Mau nanya dong Min kasih tau hidden gems Palembang nih,ask_hidden_gems
That's helpful ya,provide_feedback
Bayar berapa kalo masuk Kemaro?,ask_ticket_price
Permisi Bisa naik LRT ke BKB? dong kak,ask_lrt_destinations
Bang Kak ada museum gak di Palembang? dong kak,ask_category
Hai kak masih aktif? ya kak,greet
Kak Recipe for chocolate cake? ya,ask_unrelated
Halo Destinasi yang dekat stasiun LRT?,ask_lrt_destinations
Maaf mau tanya That's helpful ya kak,provide_feedback
culinary tourism places in Palembang?,ask_category
Eh Address of Ampera Bridge? ya kak,ask_location_access
address of ampera bridge?,ask_location_access
Mau nanya dong BKB itu tempat apa sih? sih,ask_destination_info
Is admission to Ampera Bridge free?,ask_ticket_price
Kayak apa sih Kampung Kapitan?,ask_destination_info
Naik apa ke Amanzi?,ask_location_access
Mau nanya dong Oke cukup kak makasih banyak,goodbye
Bang Cara main saham? dong,ask_unrelated
Opening hours for Punti Kayu Forest?,ask_operating_hours
Permisi Tess ya,greet
Any nature tourism in Palembang?,ask_category
Akar kuadrat dari 144?,ask_unrelated
Eh Excellent information ya kak,provide_feedback
Halo bot,greet
Kak KI itu apa?,ask_destination_info
Cukup dulu ya,goodbye
Halo Cara daftar CPNS gimana? ya,ask_unrelated
Eh Food tourism in Palembang? sih,ask_category
Min Hlo nih,greet
Permisi Cara daftar CPNS gimana?,ask_unrelated
Ke Amanzi bayar berapa ya?,ask_ticket_price
Bang What time does Kampung Kapitan close? dong,ask_operating_hours
Halo Info wisata budaya Palembang dong sih,ask_category
Curhatan aku dong,ask_unrelated
What nature tourism are in Palembang?,ask_category
Eh Suka deh dong kak,provide_feedback
Permisi Wisata Palembang yang aesthetic tapi sepi? dong,ask_hidden_gems
Bang Min kasih tau hidden gems Palembang sih,ask_hidden_gems
Aku mau cerita,ask_unrelated
Min Wisata Palembang yang aesthetic tapi sepi? dong,ask_hidden_gems
Kak Mau ke tempat bersejarah di Palembang ya kak,ask_category
Bang Mau ke tempat bersejarah di Palembang ya,ask_category
Eh Address of Ampera Bridge? deh,ask_location_access
Permisi Benteng Kuto Besak buka jam berapa? sih,ask_operating_hours
Benteng Kuto Besak buka jam berapa? deh,ask_operating_hours
"Mau keliling Palembang naik LRT, kemana aja?",ask_lrt_destinations
Mau nanya dong Benteng Kuto Besak buka jam berapa?,ask_operating_hours
Eh Wisata Palembang yang aesthetic tapi sepi? deh,ask_hidden_gems
Can you tell me Does Jakabaring Sport City have a mosque?,ask_facilities
Jelas banget penjelasannya sih,provide_feedback
Bang Mau ke tempat bersejarah di Palembang ya kak,ask_category
Permisi KI itu apa? nih,ask_destination_info
Kenapa langit biru?,ask_unrelated
Infonya akurat,provide_feedback
Permisi kak nih,greet
Ceritakan tentang Hutan Wisata Punti Kayu,ask_destination_info
Maaf mau tanya Museum Balaputra Dewa fasilitasnya apa aja? nih,ask_facilities
Rekomendasi wisata yang dekat stasiun LRT,ask_lrt_destinations
Posisi Kemaro dimana ya?,ask_location_access
Bang Bisa naik LRT ke BKB? dong kak,ask_lrt_destinations
Tiket masuk Jakabaring berapa?,ask_ticket_price
Address of Ampera Bridge? nih,ask_location_access
Hai chatbot,greet
Hidden gems in Palembang? dong kak,ask_hidden_gems
Eh Jam operasionalnya? dong,ask_operating_hours
Lesser known attractions in Palembang? deh,ask_hidden_gems
Min Wisata tersembunyi di Palembang? deh,ask_hidden_gems
Permisi Kak ada museum gak di Palembang? ya,ask_category
Maaf mau tanya Wonderful nih,provide_feedback
Mau nanya dong Wisata apa yang recommended di Palembang? ya kak,ask_recommendation
Halo Thank you very much,goodbye
Maaf mau tanya Ada wifi di Jembatan Ampera? ya,ask_facilities
Min Famous places in Palembang? deh,ask_recommendation
Mau tanya nih,greet
Halo Kak ada museum gak di Palembang? deh,ask_category
Mau nanya dong Bisa naik LRT ke BKB? deh,ask_lrt_destinations
Fasilitas apa saja di Kambang Iwak?,ask_facilities
Permisi Rekomendasi wisata yang dekat stasiun LRT dong,ask_lrt_destinations
Min tolong saran wisata dong deh,ask_recommendation
Kak Resep nasi goreng dong ya,ask_unrelated
what's the location of ampera bridge?,ask_location_access
Bang Info jam buka SMB II dong sih,ask_operating_hours
Permisi Benteng Kuto Besak buka jam berapa? dong kak,ask_operating_hours
Min Min tolong saran wisata dong ya kak,ask_recommendation
Maaf mau tanya What time does Kampung Kapitan close? sih,ask_operating_hours
Can you tell me What should I visit in Palembang?,ask_recommendation
Mau nanya dong Masjid Cheng Ho ada spot foto gak? ya,ask_facilities
Akses ke OPI Mall mudah gak?,ask_location_access
Bang Suka deh dong kak,provide_feedback
Permisi Ada wifi di Jembatan Ampera? ya,ask_facilities
Min Destinasi yang LRT accessible? dong,ask_lrt_destinations
wisata palembang yang aesthetic tapi sepi?,ask_hidden_gems
"Hi, What facilities are available at Jakabaring Sport City?",ask_facilities
Mau tanya dong kak harga tiket Benteng Kuto Besak nih,ask_ticket_price
Bang Wonderful dong kak,provide_feedback
Mau nanya dong Destinasi yang LRT accessible? sih,ask_lrt_destinations
Info museum Palembang dong,ask_category
Permisi What time does Kampung Kapitan close? dong kak,ask_operating_hours
Permisi Benteng Kuto Besak buka jam berapa? dong,ask_operating_hours
Min Address of Ampera Bridge? dong kak,ask_location_access
Hutan Wisata Punti Kayu lokasinya dimana?,ask_location_access
Mau tau tentang Kambang Iwak,ask_destination_info
Eh PIM gratis gak sih? dong kak,ask_ticket_price
Mau nanya dong Famous places in Palembang? dong,ask_recommendation
Cara daftar CPNS gimana? deh,ask_unrelated
Min Deskripsi Bukit Siguntang dong,ask_destination_info
Min Museum Balaputra Dewa fasilitasnya apa aja? nih,ask_facilities
Mau tanya harga tiket Jakabaring,ask_ticket_price
Howdy,greet
Cara main saham?,ask_unrelated
Permisi Mau ke tempat bersejarah di Palembang ya kak,ask_category
Bang LRT friendly tourist destinations? nih,ask_lrt_destinations
Mau nanya dong Rekomendasi hidden gems dong kak ya,ask_hidden_gems
Maaf mau tanya PIM ada tempat parkir? sih,ask_facilities
Mau nanya dong Rekomendasi wisata yang dekat stasiun LRT dong,ask_lrt_destinations
What are the opening hours of Grand Mosque of Palembang?,ask_operating_hours
Please Exactly what I needed thanks,provide_feedback
Maaf mau tanya Food tourism in Palembang? nih,ask_category
Berapa biaya masuk ke Amanzi Waterpark?,ask_ticket_price
Mau nanya dong Rekomendasi wisata untuk liburan singkat,ask_recommendation
Does Al-Munawar Arab Village have food stalls?,ask_facilities
Rumah sakit terdekat?,ask_unrelated
Kak Hlo deh,greet
Anime yang bagus apa?,ask_unrelated
Maaf mau tanya Help me please dong kak,greet
Min Excellent information sih,provide_feedback
Bang Wisata tersembunyi di Palembang?,ask_hidden_gems
Jembatan Ampera di mana ya? deh,ask_location_access
Min Apakah Ampera dekat stasiun LRT? deh,ask_lrt_destinations
What's the ticket price for Grand Mosque of Palembang?,ask_ticket_price
Cara masak rendang gimana?,ask_unrelated
Min kasih tau hidden gems Palembang nih,ask_hidden_gems
What time does Kambang Iwak Park open?,ask_operating_hours
taxi online di palembang?,ask_unrelated
"Min That's enough, thank you dong kak",goodbye
Halo Hidden gems in Palembang? deh,ask_hidden_gems
Bang Min tolong saran wisata dong ya,ask_recommendation
Ceritain Kambang Iwak dong kak,ask_destination_info
Berapa ya tiket Jakabaring Sport City?,ask_ticket_price
Bang Rekomendasi wisata yang dekat stasiun LRT nih,ask_lrt_destinations
Bang BKB itu tempat apa sih? sih,ask_destination_info
Permisi Palembang punya museum apa?,ask_category
Kawah Tengkurep bagus gak?,ask_destination_info
Bang Numpang tanya dong deh,greet
Min Lesser known attractions in Palembang? sih,ask_hidden_gems
I want to know Does Jakabaring Sport City have a mosque?,ask_facilities
Permisi Any hidden gems to visit? nih,ask_hidden_gems
Hutan Wisata Punti Kayu ada di daerah mana?,ask_location_access
Min Oke cukup kak makasih banyak nih,goodbye
Bang Best destinations in Palembang? dong kak,ask_recommendation
Mau nanya dong That's helpful deh,provide_feedback
Halo Tolong kasih tau wisata dekat LRT sih,ask_lrt_destinations
Halo Facilities at Benteng Kuto Besak? ya,ask_facilities
Bang Best destinations in Palembang? deh,ask_recommendation
Maaf mau tanya Min kasih tau hidden gems Palembang dong,ask_hidden_gems
Kak Taxi online di Palembang? deh,ask_unrelated
Can you tell me What should I visit in Palembang? thanks,ask_recommendation
Kak Suka deh ya,provide_feedback
Bang Hlo,greet
Do I need to pay to enter Monpera??,ask_ticket_price
Halo Benteng Kuto Besak buka jam berapa? dong,ask_operating_hours
Min Jadwal kereta api Jakarta? nih,ask_unrelated
Kak Mau ke tempat bersejarah di Palembang ya,ask_category
Eh Bisa naik LRT ke BKB? deh,ask_lrt_destinations
Permisi Best destinations in Palembang?,ask_recommendation
Maaf mau tanya Suka sama jawabannya dong kak,provide_feedback
Halo Info jam buka SMB II dong deh,ask_operating_hours
rekomendasi hidden gems dong kak,ask_hidden_gems
Tell me more,ask_destination_info
How to reach Kemaro Island?,ask_location_access
Halo Destinasi yang LRT accessible? dong,ask_lrt_destinations
Min Makasih dong,goodbye
Hlo nih,greet
Jam operasional Al Quran Al Akbar?,ask_operating_hours
Bukit Siguntang itu apa?,ask_destination_info
Permisi Min tolong saran wisata dong sih,ask_recommendation
Halo Info lengkap Punti Kayu dong dong kak,ask_destination_info
Maaf mau tanya Cara main saham? nih,ask_unrelated
Eh Recipe for chocolate cake? sih,ask_unrelated
Maaf mau tanya Kak ada museum gak di Palembang? ya kak,ask_category
Halo Terima kasih infonya ya kak,goodbye
Eh Bye kak dong,goodbye
Enaknya kemana ya di Palembang? deh,ask_recommendation
Palembang punya museum apa? deh,ask_category
Mau nanya dong Museum Balaputra Dewa fasilitasnya apa aja? ya kak,ask_facilities
Kak That's helpful sih,provide_feedback
Permisi Destinasi yang LRT accessible? dong kak,ask_lrt_destinations
Maaf mau tanya Palembang punya museum apa?,ask_category
Mau nanya dong Kampung Arab Al-Munawar ada di daerah mana?,ask_location_access
Mau nanya dong PIM ada tempat parkir? dong,ask_facilities
Kak Cara main saham?,ask_unrelated
Bang Jembatan Ampera di mana ya? deh,ask_location_access
Ada wisata kuliner di Palembang?,ask_category
Oke mantap kak,goodbye
Maaf mau tanya Help me please ya kak,greet
Min Suka sama jawabannya sih,provide_feedback
Bang Best destinations in Palembang? dong,ask_recommendation
Hari ini Siguntang buka gak ya?,ask_operating_hours
Permisi Destinasi yang LRT accessible? ya,ask_lrt_destinations
Maaf mau tanya Wisata tersembunyi di Palembang? nih,ask_hidden_gems
Are you a robot?,ask_unrelated
Harga tiket masuk Taman Kambang Iwak Besak sekarang berapa?,ask_ticket_price
Hey How much is the ticket to Kampung Kapitan??,ask_ticket_price
Kak Kak ada museum gak di Palembang? deh,ask_category
Min Destinasi yang dekat stasiun LRT? deh,ask_lrt_destinations
Is Sultan Mahmud Badaruddin II Museum child-friendly?,ask_facilities
I want to know What parks are in Palembang? thanks,ask_category
Eh Destinasi yang dekat stasiun LRT? deh,ask_lrt_destinations
Bang Ada wifi di Jembatan Ampera? sih,ask_facilities
Eh Permisi kak dong kak,greet
Ada taman di Palembang?,ask_category
Hari ini Punti Kayu buka gak ya?,ask_operating_hours
Harga tiket masuk Ampera sekarang berapa?,ask_ticket_price
Parkiran Kawah Tengkurep luas gak?,ask_facilities
Jelaskan tentang PTC,ask_destination_info
Halo LRT friendly tourist destinations? dong kak,ask_lrt_destinations
Kak Tempat wisata murah di Palembang? dong kak,ask_recommendation
Mau nanya dong Info lengkap Punti Kayu dong ya,ask_destination_info
Eh Best destinations in Palembang? dong kak,ask_recommendation
min kasih tau hidden gems palembang,ask_hidden_gems
Kak Permisi kak sih,greet
Halo Terima kasih infonya deh,goodbye
Kapan piala dunia?,ask_unrelated
Permisi Deskripsi Bukit Siguntang sih,ask_destination_info
Biaya tiket Amanzi Waterpark berapa kak?,ask_ticket_price
Halo Suka sama jawabannya sih,provide_feedback
Halo Any hidden gems to visit? sih,ask_hidden_gems
Kak Min tolong saran wisata dong,ask_recommendation
Cara main saham,ask_unrelated
Address of Ampera Bridge,ask_location_access
Mau nanya dong Destinasi yang dekat stasiun LRT?,ask_lrt_destinations
Maaf mau tanya Hidden gems in Palembang? ya,ask_hidden_gems
Chatbot nya bagus deh,provide_feedback
Where can I find museums in Palembang?,ask_category
Dimana lokasi Kawah Tengkurep?,ask_location_access
"Permisi That's enough, thank you dong",goodbye
Min Ada wifi di Jembatan Ampera? nih,ask_facilities
I want to know What should I visit in Palembang? thanks,ask_recommendation
Permisi Destinasi wisata sejarah Palembang? dong kak,ask_category
Tolong kasih tau wisata dekat LRT dong,ask_lrt_destinations
KI itu apa? ya kak,ask_destination_info
Eh Oke cukup kak makasih banyak sih,goodbye
Thanks for the info,provide_feedback
What time does Kampung Kapitan close?,ask_operating_hours
Kampung Arab Al-Munawar ada di daerah mana?,ask_location_access
Info wisata budaya Palembang dong deh,ask_category
Mau nanya dong Cara main saham? sih,ask_unrelated
Min Hidden gems in Palembang?,ask_hidden_gems
Kak Enaknya kemana ya di Palembang? dong kak,ask_recommendation
Mau nanya dong Bisa naik LRT ke BKB? nih,ask_lrt_destinations
Dari pusat kota ke Al Quran Al Akbar berapa lama?,ask_location_access
Bang Pagi kak dong kak,greet
Permisi Destinasi wisata sejarah Palembang? dong,ask_category
Kampung Kapitan di mana ya?,ask_location_access
Min Museum Balaputra Dewa fasilitasnya apa aja?,ask_facilities
Parkiran Amanzi luas gak?,ask_facilities
Halo Rekomendasi wisata Palembang dong dong,ask_recommendation
Eh Oke cukup kak makasih banyak dong,goodbye
Kak Tess dong,greet
I want to know Does Jakabaring Sport City have a mosque? thanks,ask_facilities
Jauh gak dari sini?,ask_location_access
Jawaban yang sangat membantu,provide_feedback
Kak Resep nasi goreng dong deh,ask_unrelated
Halo apakah botnya aktif?,greet
"Min That's enough, thank you sih",goodbye
What museums are in Palembang?,ask_category
Mau nanya dong Palembang punya museum apa? ya kak,ask_category
Min harga masuk SMB berapa?,ask_ticket_price
Permisi Cara main saham?,ask_unrelated
Kak rekomendasiin dong wisata di Palembang,ask_recommendation
Benteng Kuto Besak buka jam berapa? nih,ask_operating_hours
Mau tanya harga tiket OPI Mall,ask_ticket_price
Jawaban yang memuaskan,provide_feedback
Jelas banget penjelasannya,provide_feedback
"Excuse me, How to move on?",ask_unrelated
Facilities at Kampung Kapitan?,ask_facilities
Kak Terima kasih infonya ya,goodbye
Berapa ya tiket Amanzi?,ask_ticket_price
Mau nanya dong Hidden gems in Palembang? dong,ask_hidden_gems
Mau nanya dong Wonderful,provide_feedback
Famous places in Palembang?,ask_recommendation
"Excuse me, How to move on??",ask_unrelated
Eh Permisi kak ya kak,greet
Arah ke SMB II gimana?,ask_location_access
Hai kak masih aktif? ya,greet
Maaf mau tanya Jelas banget penjelasannya sih,provide_feedback
Maaf mau tanya Suka sama jawabannya ya,provide_feedback
Halo Makasih,goodbye
Food tourism in Palembang? sih,ask_category
Min harga masuk SMB II berapa?,ask_ticket_price
Halo Min kasih tau hidden gems Palembang ya,ask_hidden_gems
Bang BKB itu tempat apa sih? deh,ask_destination_info
"Excuse me, What facilities are available at Jakabaring Sport City?",ask_facilities
Maaf mau tanya Terima kasih infonya nih,goodbye
Mau tanya jam operasional Museum Sultan Mahmud Badaruddin II,ask_operating_hours
Maaf mau tanya Details about Kambang Iwak Park? nih,ask_destination_info
Bang Museum Sultan Mahmud Badaruddin II lokasinya dimana? dong kak,ask_location_access
Makasih ya infonya,goodbye
Eh Address of Ampera Bridge? nih,ask_location_access
Permisi Any hidden gems to visit? dong kak,ask_hidden_gems
Lengkap banget infonya,provide_feedback
Bye for now,goodbye
Bang Kak ada museum gak di Palembang? nih,ask_category
Kak Apakah Jakabaring gratis? nih,ask_ticket_price
Eh Oke cukup kak makasih banyak,goodbye
SMB ada toilet gak?,ask_facilities
Eh Min kasih tau hidden gems Palembang,ask_hidden_gems
Eh Destinasi wisata sejarah Palembang? deh,ask_category
Jadwal buka Palembang Icon kapan ya?,ask_operating_hours
Bang Details about Kambang Iwak Park? dong,ask_destination_info
Maaf mau tanya Lesser known attractions in Palembang? nih,ask_hidden_gems
Kapan Amanzi Waterpark buka?,ask_operating_hours
Min harga masuk Kampung Kapitan berapa?,ask_ticket_price
Min Mau ke tempat bersejarah di Palembang nih,ask_category
Maaf mau tanya Hidden gems in Palembang? dong,ask_hidden_gems
Maaf mau tanya Wisata apa yang recommended di Palembang? sih,ask_recommendation
Eh Destinasi yang LRT accessible? deh,ask_lrt_destinations
Min Rekomendasi wisata untuk liburan singkat deh,ask_recommendation
Ada fasilitas apa di Kampung Kapitan?,ask_facilities
Kak Destinasi yang LRT accessible? ya,ask_lrt_destinations
lrt friendly tourist destinations?,ask_lrt_destinations
Is Kambang Iwak Park open on weekends?,ask_operating_hours
Kak Info jam buka SMB II dong,ask_operating_hours
Min Cara daftar CPNS gimana? sih,ask_unrelated
Bang Facilities at Benteng Kuto Besak? deh,ask_facilities
Maaf mau tanya PIM gratis gak sih? ya kak,ask_ticket_price
Mau nanya dong Food tourism in Palembang? dong,ask_category
Mau nanya dong Hidden gems in Palembang? ya kak,ask_hidden_gems
Halo PIM ada tempat parkir? dong kak,ask_facilities
Makasih dong,goodbye
Maaf mau tanya Jam operasionalnya? ya,ask_operating_hours
Halo PIM ada tempat parkir?,ask_facilities
Kak Chatbot nya bagus ya kak,provide_feedback
I want to know What's the location of Ampera Bridge? thanks,ask_location_access
Permisi Wonderful dong kak,provide_feedback
Rekomendasi hidden gems dong kak dong kak,ask_hidden_gems
Where is Monpera located?,ask_location_access
Berapa duit masuk Amanzi?,ask_ticket_price
Permisi Destinasi yang LRT accessible? deh,ask_lrt_destinations
Kak ada museum gak di Palembang? nih,ask_category
Jelaskan tentang Palembang Icon,ask_destination_info
Price to enter Punti Kayu Forest?,ask_ticket_price
Kak What time does Kampung Kapitan close? sih,ask_operating_hours
Min Famous places in Palembang? dong,ask_recommendation
Halo Jam operasionalnya? ya,ask_operating_hours
Permisi Kak ada museum gak di Palembang? deh,ask_category
Berapa duit tiketnya?,ask_ticket_price
Bang Museum Balaputra Dewa fasilitasnya apa aja?,ask_facilities
Min Oke makasih kak sangat membantu dong,goodbye
Taman Kebon Rojo buka setiap hari?,ask_operating_hours
Kak Excellent information,provide_feedback
Permisi LRT friendly tourist destinations? dong,ask_lrt_destinations
Min Cara daftar CPNS gimana? ya,ask_unrelated
Bang Alternative tourist spots in Palembang?,ask_hidden_gems
Mau nanya dong Wisata apa yang recommended di Palembang? sih,ask_recommendation
Min Destinasi wisata sejarah Palembang?,ask_category
Kak Museum Sultan Mahmud Badaruddin II lokasinya dimana? dong,ask_location_access
Eh Thank you very much ya kak,goodbye
Min Kak ada museum gak di Palembang? nih,ask_category
Eh LRT friendly tourist destinations? deh,ask_lrt_destinations
Halo Jelas banget penjelasannya nih,provide_feedback
Terima kasih infonya ya kak,goodbye
Destinasi museum Palembang?,ask_category
Min Info lengkap Punti Kayu dong dong kak,ask_destination_info
Halo Cara daftar CPNS gimana? deh,ask_unrelated
Min PIM ada tempat parkir? sih,ask_facilities
Permisi Info lengkap Punti Kayu dong ya,ask_destination_info
Punti Kayu ada kantin gak?,ask_facilities
Min Mau ke tempat bersejarah di Palembang dong,ask_category
Mau cari wisata alam di Palembang,ask_category
Maaf mau tanya Alternative tourist spots in Palembang? deh,ask_hidden_gems
Maaf mau tanya PIM gratis gak sih? dong kak,ask_ticket_price
Kak Museum Balaputra Dewa fasilitasnya apa aja? dong kak,ask_facilities
BKB ada tempat parkir?,ask_facilities
Wonderful nih,provide_feedback
Eh Suka deh,provide_feedback
Rekomendasi wisata Palembang dong deh,ask_recommendation
Mau jalan-jalan di Palembang kemana ya?,ask_recommendation
Info wisata sejarah Palembang dong,ask_category
Mau nanya dong Deskripsi Bukit Siguntang,ask_destination_info
Masuk Taman Kambang Iwak Besak gratis atau bayar?,ask_ticket_price
Bang Apakah Ampera dekat stasiun LRT?,ask_lrt_destinations
Mau nanya dong Taxi online di Palembang? ya kak,ask_unrelated
SMB II deket stasiun LRT mana?,ask_location_access
Kak Rekomendasi wisata Palembang dong sih,ask_recommendation
Eh Wisata Palembang yang aesthetic tapi sepi? sih,ask_hidden_gems
Eh Cara daftar CPNS gimana? deh,ask_unrelated
Weekend Kampung Kapitan buka?,ask_operating_hours
Bang Mau ke tempat bersejarah di Palembang,ask_category
Min Recipe for chocolate cake? dong,ask_unrelated
Monpera ada kantin gak?,ask_facilities
Info jam buka Fantasy Island dong,ask_operating_hours
Naik apa ke Pasar 16 Ilir?,ask_location_access
Halo Museum Sultan Mahmud Badaruddin II lokasinya dimana? ya,ask_location_access
Bang Cara main saham? nih,ask_unrelated
Eh Jelas banget penjelasannya ya kak,provide_feedback
Kak Help me please dong,greet
Bang Hai kak masih aktif? sih,greet
Eh Jembatan Ampera di mana ya? dong,ask_location_access
I want to know Exactly what I needed thanks,provide_feedback
Permisi Apakah Jakabaring gratis? dong,ask_ticket_price
"Hello, Is Kampung Kapitan open in the morning? thanks",ask_operating_hours
Is Kemaro Island free?,ask_ticket_price
Kak Famous places in Palembang? dong kak,ask_recommendation
How much is the ticket to Punti Kayu Forest?,ask_ticket_price
Halo Kak ada museum gak di Palembang? ya kak,ask_category
Permisi Hlo ya kak,greet
Permisi Rekomendasi wisata yang dekat stasiun LRT ya kak,ask_lrt_destinations
Kak Oke cukup kak makasih banyak nih,goodbye
Permisi Tolong kasih tau wisata dekat LRT ya kak,ask_lrt_destinations
Eh Tourist spots along LRT route? ya kak,ask_lrt_destinations
HTM Kampung Kapitan berapa?,ask_ticket_price
Min Jam operasionalnya? sih,ask_operating_hours
Permisi Destinasi wisata sejarah Palembang? ya,ask_category
Kak Naik apa ke Pasar 16 Ilir?,ask_location_access
Mau nanya dong Tolong kasih tau wisata dekat LRT ya kak,ask_lrt_destinations
BKB itu tempat apa sih? sih,ask_destination_info
Kenapa Jembatan Ampera terkenal?,ask_destination_info
Maaf mau tanya What time does Kampung Kapitan close? ya,ask_operating_hours
Bang Food tourism in Palembang?,ask_category
Min Wonderful dong,provide_feedback
Mau nanya dong Bye kak sih,goodbye
Eh Info wisata budaya Palembang dong nih,ask_category
Kemana aja bisa naik LRT untuk wisata?,ask_lrt_destinations
Gimana Jembatan Ampera?,ask_destination_info
Kak Mau ke tempat bersejarah di Palembang dong,ask_category
Bagaimana cara memasak telur?,ask_unrelated
Mau nanya dong BKB itu tempat apa sih? nih,ask_destination_info
Min Min kasih tau hidden gems Palembang dong,ask_hidden_gems
Eh Rekomendasi hidden gems dong kak ya,ask_hidden_gems
Mau nanya dong Hai kak masih aktif? dong kak,greet
How much is the ticket to Kampung Kapitan?,ask_ticket_price
Mau nanya dong Oke makasih kak sangat membantu dong kak,goodbye
Permisi Bye kak dong kak,goodbye
Min Hai kak masih aktif? ya,greet
Halo Suka sama jawabannya ya,provide_feedback
Mau nanya dong Any hidden gems to visit? ya kak,ask_hidden_gems
Min Details about Kambang Iwak Park? ya kak,ask_destination_info
Hari ini Monpera buka gak ya?,ask_operating_hours
Ada wifi di Jembatan Ampera,ask_facilities
"That's enough, thank you dong kak",goodbye
Recipe for chocolate cake? nih,ask_unrelated
Min Rekomendasi hidden gems dong kak dong,ask_hidden_gems
Halo Chatbot nya bagus dong kak,provide_feedback
Hari ini PIM buka gak ya?,ask_operating_hours
Mau nanya dong Destinasi wisata sejarah Palembang? ya,ask_category
Taxi online di Palembang? dong,ask_unrelated
Halo Benteng Kuto Besak buka jam berapa? deh,ask_operating_hours
Cek,greet
Bang Suka deh dong,provide_feedback
Dadah,goodbye
Bang Mau tanya dong kak harga tiket Benteng Kuto Besak nih,ask_ticket_price
"Kak That's enough, thank you sih",goodbye
Bang Museum Balaputra Dewa fasilitasnya apa aja? dong,ask_facilities
Mau nanya dong Recipe for chocolate cake? dong,ask_unrelated
Min Famous places in Palembang?,ask_recommendation
Kak Help me please nih,greet
Maaf mau tanya Rekomendasi wisata Palembang dong ya,ask_recommendation
Eh Tourist spots along LRT route?,ask_lrt_destinations
Bang Alternative tourist spots in Palembang? deh,ask_hidden_gems
Kira-kira harga tiket Siguntang berapa?,ask_ticket_price
Maaf mau tanya Numpang tanya dong ya kak,greet
Permisi LRT friendly tourist destinations? deh,ask_lrt_destinations
BKB itu tempat apa sih? deh,ask_destination_info
Min Cara main saham? nih,ask_unrelated
Mau nanya dong Lesser known attractions in Palembang? dong,ask_hidden_gems
Bang Museum Balaputra Dewa fasilitasnya apa aja? nih,ask_facilities
Kak Oke cukup kak makasih banyak ya kak,goodbye
Maaf mau tanya That's helpful deh,provide_feedback
Berapa harga tiket masuk Taman Kebon Rojo?,ask_ticket_price
Apa itu Amanzi?,ask_destination_info
Eh Taxi online di Palembang? dong kak,ask_unrelated
Min Best destinations in Palembang? dong,ask_recommendation
Halo Tess deh,greet
Permisi Kampung Arab Al-Munawar ada di daerah mana? ya,ask_location_access
Eh Lesser known attractions in Palembang? sih,ask_hidden_gems
Bang Jelas banget penjelasannya,provide_feedback
Berapa harga tiket masuk Jakabaring Sport City?,ask_ticket_price
Kak That's helpful deh,provide_feedback
Min Jembatan Ampera di mana ya?,ask_location_access
Eh Destinasi yang LRT accessible? dong kak,ask_lrt_destinations
Bang Bisa naik LRT ke BKB? sih,ask_lrt_destinations
Eh Hidden gems in Palembang? ya,ask_hidden_gems
Mau nanya dong KI itu apa? ya kak,ask_destination_info
Maaf mau tanya Benteng Kuto Besak buka jam berapa? dong,ask_operating_hours
Help me please deh,greet
Halo Mau tanya dong kak harga tiket Benteng Kuto Besak ya,ask_ticket_price
Pulau Kemaro buka sampai malam gak?,ask_operating_hours
Min BKB itu tempat apa sih?,ask_destination_info
Selamat datang,greet
Halo Hlo,greet
Bang Info jam buka SMB II dong,ask_operating_hours
Eh LRT friendly tourist destinations?,ask_lrt_destinations
What should I visit in Palembang?,ask_recommendation
Mau nanya dong Chatbot nya bagus deh,provide_feedback
Maaf mau tanya Rekomendasi wisata yang dekat stasiun LRT ya kak,ask_lrt_destinations
Kak Makasih sih,goodbye
Mau nanya dong Excellent information ya,provide_feedback
Recipe for chocolate cake?,ask_unrelated
Maaf mau tanya Oke cukup kak makasih banyak deh,goodbye
Min KI itu apa?,ask_destination_info
Bang Palembang punya museum apa? deh,ask_category
Arah ke Punti Kayu gimana?,ask_location_access
Who invented electricity?,ask_unrelated
Jam operasionalnya? deh,ask_operating_hours
Kak berapa harga tiket Ampera?,ask_ticket_price
Palembang Icon bisa ditempuh pakai apa?,ask_location_access
Boleh tanya?,greet
Maaf mau tanya Jadwal kereta api Jakarta? dong kak,ask_unrelated
Eh Mau tanya dong kak harga tiket Benteng Kuto Besak deh,ask_ticket_price
Halo Hlo ya,greet
Is Kemaro Island open on weekends?,ask_operating_hours
Bang Destinasi yang LRT accessible? nih,ask_lrt_destinations
Halo Kampung Arab Al-Munawar ada di daerah mana? ya,ask_location_access
Maaf mau tanya Address of Ampera Bridge? nih,ask_location_access
Eh Ada wifi di Jembatan Ampera? nih,ask_facilities
Min Hai kak masih aktif? nih,greet
Where is Kambang Iwak Park?,ask_location_access
Thanks for the info,goodbye
Bye,goodbye
Bang Mau tanya dong kak harga tiket Benteng Kuto Besak dong,ask_ticket_price
Min Rekomendasi wisata untuk liburan singkat dong,ask_recommendation
Eh Museum Balaputra Dewa fasilitasnya apa aja? ya kak,ask_facilities
Kak Jembatan Ampera di mana ya? sih,ask_location_access
Maaf mau tanya Cara daftar CPNS gimana? sih,ask_unrelated
Mau nanya dong Terima kasih infonya dong kak,goodbye
Min Wisata Palembang yang aesthetic tapi sepi? ya,ask_hidden_gems
Kak Enaknya kemana ya di Palembang? ya,ask_recommendation
Tiketnya mahal gak?,ask_ticket_price
Bang mau nanya,greet
Kak Kampung Arab Al-Munawar ada di daerah mana? ya,ask_location_access
Halo Wonderful ya kak,provide_feedback
Sore,greet
Mau nanya dong Kak ada museum gak di Palembang? sih,ask_category
Kak Info wisata budaya Palembang dong dong kak,ask_category
Posisi Kambang Iwak dimana ya?,ask_location_access
Maaf mau tanya Wisata tersembunyi di Palembang? ya,ask_hidden_gems
Siguntang hari libur buka gak?,ask_operating_hours
Halo Numpang tanya dong sih,greet
Mau nanya dong Help me please deh,greet
Maaf mau tanya Hidden gems in Palembang? nih,ask_hidden_gems
"Excuse me, Exactly what I needed",provide_feedback
Palembang Square bisa ditempuh pakai apa?,ask_location_access
Eh Info jam buka SMB II dong sih,ask_operating_hours
Halo Alternative tourist spots in Palembang? dong,ask_hidden_gems
Kak Kampung Arab Al-Munawar ada di daerah mana?,ask_location_access
Wisata yang belum banyak orang tau di Palembang?,ask_hidden_gems
Please Do I need to pay to enter Monpera?,ask_ticket_price
Help me please dong,greet
Gimana Kambang Iwak?,ask_destination_info
Halo Mau tanya dong kak harga tiket Benteng Kuto Besak,ask_ticket_price
Mau nanya dong Rekomendasi hidden gems dong kak nih,ask_hidden_gems
Min Tourist spots along LRT route? dong kak,ask_lrt_destinations
Maaf mau tanya Chatbot nya bagus ya kak,provide_feedback
Kak Kampung Arab Al-Munawar ada di daerah mana? dong,ask_location_access
Taman di Palembang ada apa aja?,ask_category
Mau nanya dong Rekomendasi wisata yang dekat stasiun LRT sih,ask_lrt_destinations
Wisata instagramable Palembang?,ask_recommendation
Min Address of Ampera Bridge?,ask_location_access
What makes Al-Munawar Arab Village unique?,ask_destination_info
Eh Rekomendasi wisata Palembang dong dong,ask_recommendation
Eh Apakah Jakabaring gratis? dong,ask_ticket_price
Bang Food tourism in Palembang? sih,ask_category
Apakah Taman Kambang Iwak Besak gratis?,ask_ticket_price
Destinasi yang dekat stasiun LRT? sih,ask_lrt_destinations
Bang PIM gratis gak sih?,ask_ticket_price
Is Ampera Bridge free?,ask_ticket_price
palembang punya museum apa?,ask_category
Maaf mau tanya Kampung Arab Al-Munawar ada di daerah mana? sih,ask_location_access
Mau nanya dong Bye kak deh,goodbye
Cara main saham? dong,ask_unrelated
Eh Tess dong,greet
Kak Wisata Palembang yang aesthetic tapi sepi? dong kak,ask_hidden_gems
Ke Pasar 16 Ilir bayar berapa ya?,ask_ticket_price
Oke deh bye,goodbye
Maaf mau tanya Tess deh,greet
Lokasinya dimana ya?,ask_location_access
Kak Alternative tourist spots in Palembang? deh,ask_hidden_gems
Kak Resep nasi goreng dong dong kak,ask_unrelated
Maaf mau tanya Museum Sultan Mahmud Badaruddin II lokasinya dimana? dong,ask_location_access
Maaf mau tanya Wonderful sih,provide_feedback
Bang Hai kak masih aktif? ya kak,greet
Kak ada wisata budaya gak di Palembang?,ask_category
Min kasih tau hidden gems Palembang?,ask_hidden_gems
Kak fasilitas Benteng Kuto Besak apa aja ya?,ask_facilities
Permisi Numpang tanya dong ya kak,greet
Kamu siapa? nih,ask_unrelated
Halo Apakah Ampera dekat stasiun LRT? deh,ask_lrt_destinations
Siguntang jauh gak dari pusat kota?,ask_location_access
Mau nanya dong Jembatan Ampera di mana ya? dong kak,ask_location_access
Eh Hlo,greet
"Hello, What's the location of Ampera Bridge? thanks",ask_location_access
Tempat makan di sekitar Kawah Tengkurep ada?,ask_facilities
Halo Address of Ampera Bridge? ya kak,ask_location_access
Halo Wisata tersembunyi di Palembang?,ask_hidden_gems
Maaf mau tanya Help me please nih,greet
Details about Sultan Mahmud Badaruddin II Museum?,ask_destination_info
Maaf mau tanya Jelas banget penjelasannya,provide_feedback
Oke sip,provide_feedback
Do I need to pay to enter Monpera?,ask_ticket_price
Mau nanya dong Museum Balaputra Dewa fasilitasnya apa aja? nih,ask_facilities
Kak That's helpful nih,provide_feedback
Maaf mau tanya Jadwal kereta api Jakarta? dong,ask_unrelated
Bayar berapa kalo masuk Palembang Square?,ask_ticket_price
Lagu hits 2024 apa?,ask_unrelated
Halo Min kasih tau hidden gems Palembang deh,ask_hidden_gems
Kambang Iwak ada tempat parkir?,ask_facilities
Eh Info jam buka SMB II dong nih,ask_operating_hours
Min Food tourism in Palembang?,ask_category
Halo Rekomendasi hidden gems dong kak deh,ask_hidden_gems
Permisi Details about Kambang Iwak Park?,ask_destination_info
Permisi Ada wifi di Jembatan Ampera? dong kak,ask_facilities
Min LRT friendly tourist destinations? dong kak,ask_lrt_destinations
Is Benteng Kuto Besak worth visiting?,ask_destination_info
Udah itu aja kak makasih,goodbye
Eh Palembang punya museum apa? ya,ask_category
Mau nanya dong Benteng Kuto Besak buka jam berapa? nih,ask_operating_hours
Maaf mau tanya Mau tanya dong kak harga tiket Benteng Kuto Besak deh,ask_ticket_price
Min Wisata Palembang yang aesthetic tapi sepi? ya kak,ask_hidden_gems
Jam operasional Masjid Agung Palembang?,ask_operating_hours
Maaf mau tanya Destinasi yang LRT accessible? ya,ask_lrt_destinations
Mau tanya dong kak harga tiket Al-Munawar,ask_ticket_price
Hey What should I visit in Palembang? please,ask_recommendation
Aku bosan,ask_unrelated
What's special about Kemaro Island?,ask_destination_info
Maaf mau tanya Any hidden gems to visit? ya kak,ask_hidden_gems
Kak Min tolong saran wisata dong nih,ask_recommendation
Tiket masuk SMB berapa?,ask_ticket_price
"Excuse me, Exactly what I needed please",provide_feedback
Kak Hlo dong,greet
Min Min kasih tau hidden gems Palembang nih,ask_hidden_gems
How much does it cost?,ask_ticket_price
Mau ke tempat bersejarah di Palembang,ask_category
Min Tempat wisata murah di Palembang? ya,ask_recommendation
Bang Makasih deh,goodbye
Eh Numpang tanya dong,greet
Wisata tersembunyi di Palembang? nih,ask_hidden_gems
Bang PIM ada tempat parkir? deh,ask_facilities
Misi nanya dong,greet
Mau nanya dong Destinasi yang dekat stasiun LRT? sih,ask_lrt_destinations
Kamu punya perasaan?,ask_unrelated
Permisi Info wisata budaya Palembang dong,ask_category
how to move on?,ask_unrelated
Biaya tiket Palembang Square berapa kak?,ask_ticket_price
Halo Details about Kambang Iwak Park? ya kak,ask_destination_info
cara daftar cpns gimana?,ask_unrelated
Bang Help me please ya kak,greet
Eh BKB itu tempat apa sih? deh,ask_destination_info
What's Bitcoin?,ask_unrelated
"Hello, I need help",greet
Halo Hlo dong,greet
Mau nanya dong Jelas banget penjelasannya nih,provide_feedback
Halo Info wisata budaya Palembang dong dong kak,ask_category
What should I visit in Palembang,ask_recommendation
Maaf mau tanya Cara main saham? dong kak,ask_unrelated
Permisi Apakah Jakabaring gratis? deh,ask_ticket_price
"Excuse me, What's the location of Ampera Bridge?",ask_location_access
Permisi Hlo sih,greet
Kak Suka deh,provide_feedback
Tes,greet
tolong kasih tau wisata dekat lrt,ask_lrt_destinations
Min Info lengkap Punti Kayu dong,ask_destination_info
I want to know How much is the ticket to Kampung Kapitan??,ask_ticket_price
Halo Palembang punya museum apa? dong kak,ask_category
Apa yang menarik dari Museum Balaputra Dewa?,ask_destination_info
Bye kak dong kak,goodbye
SMB II tutup jam berapa?,ask_operating_hours
Eh Hlo nih,greet
Halo What time does Kampung Kapitan close? nih,ask_operating_hours
Food tourism in Palembang? nih,ask_category
Apakah Kambang Iwak buka 24 jam?,ask_operating_hours
Permisi Deskripsi Bukit Siguntang dong,ask_destination_info
Jelas banget penjelasannya nih,provide_feedback
Eh Hai kak masih aktif? ya kak,greet
Please What's the location of Ampera Bridge? please,ask_location_access
Info fasilitas Siguntang dong,ask_facilities
Fasilitas Punti Kayu lengkap gak?,ask_facilities
Halo Terima kasih infonya,goodbye
Permisi PIM gratis gak sih? nih,ask_ticket_price
Min Resep nasi goreng dong sih,ask_unrelated
Al-Munawar itu apa?,ask_destination_info
Kak Wisata tersembunyi di Palembang? nih,ask_hidden_gems
Eh Famous places in Palembang? ya,ask_recommendation
Maaf mau tanya Mau ke tempat bersejarah di Palembang ya kak,ask_category
5 bintang deh,provide_feedback
Can you tell me What parks are in Palembang? please,ask_category
Terima kasih infonya ya,goodbye
Min Rekomendasi wisata yang dekat stasiun LRT nih,ask_lrt_destinations
wisata apa yang recommended di palembang?,ask_recommendation
Kak Enaknya kemana ya di Palembang? nih,ask_recommendation
Info wisata budaya Palembang dong dong,ask_category
Permisi Details about Kambang Iwak Park? deh,ask_destination_info
Eh Recipe for chocolate cake? dong kak,ask_unrelated
Mau liburan di Palembang kemana ya?,ask_recommendation
Weekend Benteng Kuto Besak buka?,ask_operating_hours
Kak Kampung Arab Al-Munawar ada di daerah mana? deh,ask_location_access
What time does Kampung Kapitan close? ya kak,ask_operating_hours
Fantasy Island ada tempat parkir?,ask_facilities
Kak Recipe for chocolate cake? nih,ask_unrelated
Halo Info wisata budaya Palembang dong,ask_category
Halo Info wisata budaya Palembang dong ya kak,ask_category
Jawabannya memuaskan,provide_feedback
Permisi Suka sama jawabannya nih,provide_feedback
Is Benteng Kuto Besak far from the city center?,ask_location_access
Halo Jembatan Ampera di mana ya? dong kak,ask_location_access
Eh Mau ke tempat bersejarah di Palembang,ask_category
Kak Lesser known attractions in Palembang? sih,ask_hidden_gems
Alamat PIM dimana?,ask_location_access
Haloo,greet
Oke cukup kak makasih banyak,goodbye
Wisata anti mainstream Palembang?,ask_hidden_gems
Alamat Kampung Kapitan dimana?,ask_location_access
Bang Thank you very much deh,goodbye
Apa BKB bisa dijangkau LRT?,ask_lrt_destinations
Kak Deskripsi Bukit Siguntang dong,ask_destination_info
Permisi Permisi kak dong kak,greet
Permisi Info lengkap Punti Kayu dong ya kak,ask_destination_info
Bang Destinasi yang LRT accessible? deh,ask_lrt_destinations
"Hi, planning to visit Palembang",greet
info lengkap punti kayu dong,ask_destination_info
Maaf mau tanya Wisata Palembang yang aesthetic tapi sepi?,ask_hidden_gems
Min Apakah Jakabaring gratis? sih,ask_ticket_price
Min Jadwal kereta api Jakarta?,ask_unrelated
Kak Tess nih,greet
Wisata alam di Palembang ada apa aja?,ask_category
Kak Masjid Agung Palembang buka jam berapa ya?,ask_operating_hours
Rekomendasi wisata Palembang dong,ask_recommendation
Mau tau sejarah Monpera,ask_destination_info
Can I take LRT to visit tourist places?,ask_lrt_destinations
I want to know How to move on? please,ask_unrelated
"Hello, How much is the ticket to Kampung Kapitan?",ask_ticket_price
Is Kambang Iwak Park open today?,ask_operating_hours
Amanzi Waterpark deket stasiun LRT mana?,ask_location_access
Halo Suka deh deh,provide_feedback
Kak Tourist spots along LRT route? sih,ask_lrt_destinations
Kak Destinasi wisata sejarah Palembang? ya kak,ask_category
Eh Rekomendasi wisata yang dekat stasiun LRT nih,ask_lrt_destinations
"Excuse me, Is Kampung Kapitan open in the morning? please",ask_operating_hours
Mau nanya dong Cara daftar CPNS gimana? deh,ask_unrelated
Apa keunikan Palembang Square?,ask_destination_info
Mau nanya dong Hai kak masih aktif? dong,greet
Min Facilities at Benteng Kuto Besak? deh,ask_facilities
What's the location of Ampera Bridge? thanks,ask_location_access
Rekomendasi wisata religi Palembang,ask_category
Halo Jembatan Ampera di mana ya? deh,ask_location_access
Permisi Min kasih tau hidden gems Palembang deh,ask_hidden_gems
Kapan Al Quran Al Akbar buka?,ask_operating_hours
Eh Terima kasih infonya sih,goodbye
Apa keunikan PTC?,ask_destination_info
Permisi Hidden gems in Palembang? nih,ask_hidden_gems
Permisi Mau tanya dong kak harga tiket Benteng Kuto Besak nih,ask_ticket_price
Bang Terima kasih infonya dong,goodbye
Bang Jelas banget penjelasannya nih,provide_feedback
Kak Suka deh dong,provide_feedback
Museum Balaputra Dewa buka dari jam berapa sampai jam berapa?,ask_operating_hours
Jam tutup Kampung Kapitan kapan?,ask_operating_hours
Permisi Enaknya kemana ya di Palembang? dong,ask_recommendation
Mau nanya dong Enaknya kemana ya di Palembang? dong kak,ask_recommendation
Kak Any hidden gems to visit? nih,ask_hidden_gems
Bang Any hidden gems to visit? dong kak,ask_hidden_gems
Bisa naik angkot ke Bukit Siguntang?,ask_location_access
Bang Famous places in Palembang? nih,ask_recommendation
Permisi Permisi kak,greet
Halo Bye kak ya kak,goodbye
Dari mana ke BKB?,ask_location_access
Dimana lokasi Al Quran Al Akbar?,ask_location_access
Permisi Oke makasih kak sangat membantu,goodbye
Ke BKB bayar berapa ya?,ask_ticket_price
Secret places in Palembang?,ask_hidden_gems
Eh Ada wifi di Jembatan Ampera? dong kak,ask_facilities
Halo Jam operasionalnya? dong,ask_operating_hours
Hutan Wisata Punti Kayu buka hari apa aja?,ask_operating_hours
Permisi Rekomendasi wisata untuk liburan singkat sih,ask_recommendation
Kak What time does Kampung Kapitan close? ya,ask_operating_hours
Kak Wisata Palembang yang aesthetic tapi sepi? sih,ask_hidden_gems
Kira-kira harga tiket Jakabaring berapa?,ask_ticket_price
Eh Rekomendasi wisata yang dekat stasiun LRT dong kak,ask_lrt_destinations
Kak Thank you ya kak,goodbye
Mau nanya dong That's helpful nih,provide_feedback
Min Destinasi yang dekat stasiun LRT? nih,ask_lrt_destinations
Akses ke PIM mudah gak?,ask_location_access
Sampai nanti kak,goodbye
Keren,provide_feedback
Wisata Palembang yang populer apa?,ask_recommendation
Permisi Oke cukup kak makasih banyak ya kak,goodbye
Akses ke Jakabaring Sport City mudah gak?,ask_location_access
Bang That's helpful deh,provide_feedback
Oke makasih kak sangat membantu dong kak,goodbye
Mau nanya dong Palembang punya museum apa?,ask_category
Permisi What time does Kampung Kapitan close? dong,ask_operating_hours
Maaf mau tanya Permisi kak dong,greet
Halo Recipe for chocolate cake?,ask_unrelated
Maaf mau tanya Wisata apa yang recommended di Palembang? ya kak,ask_recommendation
Kak Tourist spots along LRT route?,ask_lrt_destinations
"Hello, Is Kampung Kapitan open in the morning??",ask_operating_hours
Mau nanya dong Hai kak masih aktif? ya kak,greet
Oi,greet
Local favorites in Palembang?,ask_hidden_gems
Kak Hidden gems in Palembang? dong,ask_hidden_gems
Jembatan Ampera di mana ya? sih,ask_location_access
Bang PIM gratis gak sih? nih,ask_ticket_price
Kalo hari Sabtu SMB buka?,ask_operating_hours
Rekomendasi hidden gems dong kak dong,ask_hidden_gems
Min Mau tanya dong kak harga tiket Benteng Kuto Besak ya kak,ask_ticket_price
Halo Any hidden gems to visit?,ask_hidden_gems
Understood,provide_feedback
Kak Cara main saham? deh,ask_unrelated
Eh Any hidden gems to visit?,ask_hidden_gems
Ada mushola di Kambang Iwak?,ask_facilities
Eh Destinasi yang LRT accessible? nih,ask_lrt_destinations
Mau tau sejarah Siguntang,ask_destination_info
Kak KI itu apa? ya,ask_destination_info
Rekomendasi hidden gems dong kak ya kak,ask_hidden_gems
"Excuse me, How much is the ticket to Kampung Kapitan? please",ask_ticket_price
Tempat wisata yang bisa diakses LRT?,ask_lrt_destinations
Eh Suka deh deh,provide_feedback
Min Palembang punya museum apa? nih,ask_category
Masjid Cheng Ho buka jam berapa?,ask_operating_hours
Kak Numpang tanya dong nih,greet
Chatbot nya bagus?,provide_feedback
Permisi Address of Ampera Bridge? dong,ask_location_access
Mau nanya dong Permisi kak ya kak,greet
Ada wifi di KI?,ask_facilities
Bang Address of Ampera Bridge? dong kak,ask_location_access
Punti Kayu bayar berapa?,ask_ticket_price
Halo Kak ada museum gak di Palembang? sih,ask_category
Destinasi yang LRT accessible? deh,ask_lrt_destinations
Permisi Suka sama jawabannya,provide_feedback
Permisi Wisata tersembunyi di Palembang? deh,ask_hidden_gems
Famous places in Palembang? deh,ask_recommendation
Jam operasionalnya? sih,ask_operating_hours
Mau tau sejarah Masjid Cheng Ho,ask_destination_info
Min Hai kak masih aktif? dong,greet
Bang Info wisata budaya Palembang dong sih,ask_category
Bang Info lengkap Punti Kayu dong deh,ask_destination_info
Maaf mau tanya Address of Ampera Bridge? dong kak,ask_location_access
Min Destinasi yang LRT accessible? sih,ask_lrt_destinations
Can you tell me What's the location of Ampera Bridge??,ask_location_access
Seru gak Benteng Kuto Besak?,ask_destination_info
Ada taman kota di Palembang?,ask_category
Min Apakah Jakabaring gratis? dong,ask_ticket_price
Kak Naik apa ke Pasar 16 Ilir? deh,ask_location_access
best destinations in palembang?,ask_recommendation
Resep pempek palembang,ask_unrelated
Info jam buka Al-Munawar dong,ask_operating_hours
Eh Bisa naik LRT ke BKB?,ask_lrt_destinations
Permisi Museum Sultan Mahmud Badaruddin II lokasinya dimana? ya kak,ask_location_access
What does it cost to visit Sultan Mahmud Badaruddin II Museum?,ask_ticket_price
Eh Rekomendasi hidden gems dong kak sih,ask_hidden_gems
Info harga tiket Al Quran Al Akbar dong kak,ask_ticket_price
Permisi Lesser known attractions in Palembang? ya,ask_hidden_gems
Eh Enaknya kemana ya di Palembang? dong,ask_recommendation
Permisi Details about Kambang Iwak Park? ya,ask_destination_info
Eh Info jam buka SMB II dong ya kak,ask_operating_hours
Min Lesser known attractions in Palembang?,ask_hidden_gems
Wisata tersembunyi di Palembang? sih,ask_hidden_gems
Posisi Museum Sultan Mahmud Badaruddin II dimana ya?,ask_location_access
Kak Ada wifi di Jembatan Ampera? dong,ask_facilities
Apa yang menarik dari Amanzi?,ask_destination_info
"Hi, Exactly what I needed",provide_feedback
Kampung Arab Al-Munawar mulai buka jam berapa?,ask_operating_hours
Min Masjid Cheng Ho ada spot foto gak? deh,ask_facilities
Siapa presiden Indonesia?,ask_unrelated
Permisi Resep nasi goreng dong nih,ask_unrelated
Halo Wisata apa yang recommended di Palembang? dong,ask_recommendation
Ampera deket stasiun LRT mana?,ask_location_access
Kak Oke makasih kak sangat membantu ya kak,goodbye
Permisi Jadwal kereta api Jakarta?,ask_unrelated
Min Pagi kak deh,greet
Describe it,ask_destination_info
Mau tau tentang Al Quran Al Akbar,ask_destination_info
Permisi Kampung Arab Al-Munawar ada di daerah mana? ya kak,ask_location_access
Maaf mau tanya Info jam buka SMB II dong,ask_operating_hours
Maaf mau tanya Hai kak masih aktif? dong kak,greet
Bang That's helpful,provide_feedback
Ada mushola di PIM?,ask_facilities
Eh Tolong kasih tau wisata dekat LRT ya kak,ask_lrt_destinations
Bang Benteng Kuto Besak buka jam berapa?,ask_operating_hours
Min Resep nasi goreng dong dong,ask_unrelated
Maaf mau tanya Info lengkap Punti Kayu dong sih,ask_destination_info
List of museums in Palembang?,ask_category
Maaf mau tanya Min tolong saran wisata dong dong,ask_recommendation
"Hello, How to move on?",ask_unrelated
Eh Tolong kasih tau wisata dekat LRT dong,ask_lrt_destinations
Ticket price for Ampera Bridge?,ask_ticket_price
Eh BKB itu tempat apa sih? sih,ask_destination_info
Maaf mau tanya Thank you very much ya,goodbye
Information about Monpera,ask_destination_info
Is there WiFi at Sultan Mahmud Badaruddin II Museum?,ask_facilities
Maaf mau tanya Apakah Ampera dekat stasiun LRT? dong kak,ask_lrt_destinations
Kak Kampung Arab Al-Munawar ada di daerah mana? ya kak,ask_location_access
Bayar berapa kalo masuk Fantasy Island?,ask_ticket_price
Eh Hlo ya kak,greet
nature tourism places in Palembang?,ask_category
Maaf mau tanya Destinasi wisata sejarah Palembang? dong,ask_category
exactly what i needed,provide_feedback
Weekend Siguntang buka?,ask_operating_hours
Min PIM gratis gak sih? dong,ask_ticket_price
Mau nanya dong Museum Sultan Mahmud Badaruddin II lokasinya dimana?,ask_location_access
Halo Facilities at Benteng Kuto Besak? ya kak,ask_facilities
Eh Permisi kak,greet
Bang Details about Kambang Iwak Park? sih,ask_destination_info
Eh PIM ada tempat parkir?,ask_facilities
Min Apakah Ampera dekat stasiun LRT? ya kak,ask_lrt_destinations
Kak Apakah Ampera dekat stasiun LRT? nih,ask_lrt_destinations
Min Ada wifi di Jembatan Ampera? ya,ask_facilities
"Maaf mau tanya That's enough, thank you dong kak",goodbye
Min Min tolong saran wisata dong dong,ask_recommendation
Halo Cara main saham? dong,ask_unrelated
Are there toilets at Jakabaring Sport City?,ask_facilities
Apa Jembatan Ampera bayar?,ask_ticket_price
Kenapa Hutan Wisata Punti Kayu terkenal?,ask_destination_info
Is Kampung Kapitan open in the morning??,ask_operating_hours
Halo Rekomendasi hidden gems dong kak dong,ask_hidden_gems
Min Museum Balaputra Dewa fasilitasnya apa aja? dong kak,ask_facilities
Pulau Kemaro fasilitasnya apa aja?,ask_facilities
Halo Numpang tanya dong nih,greet
Ada fasilitas apa di Al Quran Al Akbar?,ask_facilities
"Excuse me, What parks are in Palembang? thanks",ask_category
Halo Jadwal kereta api Jakarta? sih,ask_unrelated
Halo Jam operasionalnya? ya kak,ask_operating_hours
Kak Rekomendasi wisata untuk liburan singkat ya kak,ask_recommendation
Sing me a song,ask_unrelated
Halo Numpang tanya dong,greet
Eh Kak ada museum gak di Palembang? deh,ask_category
What can I see at Sultan Mahmud Badaruddin II Museum?,ask_destination_info
Bang That's helpful ya,provide_feedback
Halo Permisi kak dong,greet
Kak Masjid Cheng Ho ada spot foto gak? deh,ask_facilities
Bang Jadwal kereta api Jakarta? ya,ask_unrelated
Maaf mau tanya Oke cukup kak makasih banyak dong,goodbye
Halo Kamu siapa? deh,ask_unrelated
"That's enough, thank you?",goodbye
Permisi Tourist spots along LRT route? ya,ask_lrt_destinations
Numpang tanya dong sih,greet
Kak Destinasi yang dekat stasiun LRT? deh,ask_lrt_destinations
Permisi Lesser known attractions in Palembang?,ask_hidden_gems
Kak Wisata Palembang yang aesthetic tapi sepi? nih,ask_hidden_gems
Kak Jembatan Ampera di mana ya? ya kak,ask_location_access
Min Terima kasih infonya dong,goodbye
Info harga tiket Palembang Trade Center dong kak,ask_ticket_price
Kak Thank you dong kak,goodbye
Top tourist attractions in Palembang?,ask_recommendation
Bang Hidden gems in Palembang? ya kak,ask_hidden_gems
What facilities are available at Benteng Kuto Besak?,ask_facilities
Min Chatbot nya bagus ya kak,provide_feedback
Kak Museum Balaputra Dewa fasilitasnya apa aja? deh,ask_facilities
Kak Resep nasi goreng dong ya kak,ask_unrelated
Permisi Suka deh,provide_feedback
Destinasi wisata sejarah Palembang? dong kak,ask_category
Assalamualaikum mau tanya,greet
Permisi Suka sama jawabannya ya kak,provide_feedback
Bang Chatbot nya bagus nih,provide_feedback
Hey What parks are in Palembang? please,ask_category
Kak What time does Kampung Kapitan close? dong kak,ask_operating_hours
Bang Alternative tourist spots in Palembang? sih,ask_hidden_gems
Destinasi wisata kuliner Palembang?,ask_category
Eh Benteng Kuto Besak buka jam berapa? dong,ask_operating_hours
Tell me a story,ask_unrelated
Bang Min tolong saran wisata dong dong kak,ask_recommendation
Permisi Info jam buka SMB II dong dong kak,ask_operating_hours
Eh Mau tanya dong kak harga tiket Benteng Kuto Besak sih,ask_ticket_price
Min Destinasi yang dekat stasiun LRT? dong kak,ask_lrt_destinations
Eh KI itu apa? ya kak,ask_destination_info
Maaf mau tanya Tourist spots along LRT route? dong,ask_lrt_destinations
Permisi Tolong kasih tau wisata dekat LRT,ask_lrt_destinations
How to move on?,ask_unrelated
Eh Lesser known attractions in Palembang?,ask_hidden_gems
Info fasilitas BKB dong,ask_facilities
Akses ke Masjid Cheng Ho mudah gak?,ask_location_access
Bang Kak ada museum gak di Palembang? deh,ask_category
Min Enaknya kemana ya di Palembang?,ask_recommendation
Info wisata yang terjangkau LRT,ask_lrt_destinations
Mau tanya jam operasional Palembang Icon,ask_operating_hours
Kak fasilitas Ampera apa aja ya?,ask_facilities
Bang LRT friendly tourist destinations?,ask_lrt_destinations
Hey How to move on? please,ask_unrelated
Permisi Wonderful ya kak,provide_feedback
Mau nanya dong Jadwal kereta api Jakarta? sih,ask_unrelated
Halo What time does Kampung Kapitan close? dong kak,ask_operating_hours
Maaf mau tanya That's helpful dong kak,provide_feedback
Min That's helpful dong kak,provide_feedback
Halo Famous places in Palembang? nih,ask_recommendation
LRT friendly tourist destinations? nih,ask_lrt_destinations
Bang Oke cukup kak makasih banyak dong kak,goodbye
Jakabaring buka sampai malam gak?,ask_operating_hours
Halo That's helpful dong,provide_feedback
Mau nanya dong Jadwal kereta api Jakarta?,ask_unrelated
Is Kampung Kapitan child-friendly?,ask_facilities
Bang Enaknya kemana ya di Palembang?,ask_recommendation
Permisi Oke makasih kak sangat membantu dong kak,goodbye
Mau nanya dong Jembatan Ampera di mana ya? sih,ask_location_access
How to reach Kampung Kapitan?,ask_location_access
Maaf mau tanya Oke makasih kak sangat membantu deh,goodbye
Permisi Cara main saham? nih,ask_unrelated
Maaf mau tanya Suka sama jawabannya sih,provide_feedback
Please Exactly what I needed?,provide_feedback
Min Rekomendasi hidden gems dong kak,ask_hidden_gems
Maaf mau tanya Lesser known attractions in Palembang? deh,ask_hidden_gems
Mau nanya dong Apakah Jakabaring gratis? nih,ask_ticket_price
Bang Famous places in Palembang? deh,ask_recommendation
Mau ke Al Quran Al Akbar lewat mana?,ask_location_access
Okay thanks,goodbye
Ticket price for Kemaro Island?,ask_ticket_price
Min Bye kak ya kak,goodbye
Bang Tolong kasih tau wisata dekat LRT ya,ask_lrt_destinations
Maaf mau tanya Wonderful dong,provide_feedback
Mau nanya dong Palembang punya museum apa? sih,ask_category
Kak Apakah Ampera dekat stasiun LRT? ya,ask_lrt_destinations
Mau nanya dong Museum Sultan Mahmud Badaruddin II lokasinya dimana? nih,ask_location_access
Eh Apakah Jakabaring gratis? sih,ask_ticket_price
Permisi Apakah Ampera dekat stasiun LRT? nih,ask_lrt_destinations
"Eh That's enough, thank you dong",goodbye
Eh Best destinations in Palembang?,ask_recommendation
Maaf mau tanya Apakah Jakabaring gratis? deh,ask_ticket_price
Bang Info jam buka SMB II dong nih,ask_operating_hours
Halo Rekomendasi wisata yang dekat stasiun LRT ya,ask_lrt_destinations
Min Jam operasionalnya? ya,ask_operating_hours
Excellent information dong,provide_feedback
Ke Jakabaring Sport City bayar berapa ya?,ask_ticket_price
Info lokasi Benteng Kuto Besak dong,ask_location_access
Taxi online di Palembang,ask_unrelated
Min Any hidden gems to visit? ya kak,ask_hidden_gems
"Hello, What's the location of Ampera Bridge??",ask_location_access
Maaf mau tanya Terima kasih infonya ya kak,goodbye
Halo What time does Kampung Kapitan close?,ask_operating_hours
Hidden gems in Palembang? ya kak,ask_hidden_gems
Mau nanya dong Enaknya kemana ya di Palembang? deh,ask_recommendation
PIM ada di daerah mana?,ask_location_access
Bang Hlo dong,greet
Bang Kamu siapa? dong kak,ask_unrelated
Hlo?,greet
Amanzi bagus gak?,ask_destination_info
Eh Mau ke tempat bersejarah di Palembang dong,ask_category
Apakah Benteng Kuto Besak buka 24 jam?,ask_operating_hours
Permisi PIM gratis gak sih? dong,ask_ticket_price
List of culinary tourism in Palembang?,ask_category
Kak PIM gratis gak sih? nih,ask_ticket_price
Halo Details about Kambang Iwak Park? ya,ask_destination_info
Mau nanya dong Ada wifi di Jembatan Ampera? ya kak,ask_facilities
Bang Deskripsi Bukit Siguntang dong kak,ask_destination_info
Mau nanya dong Any hidden gems to visit?,ask_hidden_gems
Al-Munawar ada tempat istirahat?,ask_facilities
Mau tanya harga tiket Masjid Agung Palembang,ask_ticket_price
Seru gak Kampung Arab Al-Munawar?,ask_destination_info
Halo Help me please,greet
Pulau Kemaro buka setiap hari?,ask_operating_hours
Ada wifi di Jakabaring?,ask_facilities
Kak berapa harga tiket Monpera?,ask_ticket_price
Bang Bye kak deh,goodbye
Maaf mau tanya Ada wifi di Jembatan Ampera?,ask_facilities
How to lose weight?,ask_unrelated
Lesser known attractions in Palembang,ask_hidden_gems
Permisi Rekomendasi hidden gems dong kak sih,ask_hidden_gems
Min Facilities at Benteng Kuto Besak? ya,ask_facilities
Pulau Kemaro buka hari apa aja?,ask_operating_hours
info wisata budaya palembang dong,ask_category
Kira-kira harga tiket Al Quran Al Akbar berapa?,ask_ticket_price
Kak Amanzi Waterpark buka jam berapa ya?,ask_operating_hours
Akses ke Museum Balaputra Dewa mudah gak?,ask_location_access
Mau nanya dong Apakah Jakabaring gratis? sih,ask_ticket_price
What's the entry fee for Sultan Mahmud Badaruddin II Museum?,ask_ticket_price
Maaf mau tanya Destinasi wisata sejarah Palembang? dong kak,ask_category
jembatan ampera di mana ya?,ask_location_access
Mau nanya dong Suka sama jawabannya nih,provide_feedback
Please Do I need to pay to enter Monpera??,ask_ticket_price
Eh Palembang punya museum apa? deh,ask_category
Kak Oke makasih kak sangat membantu dong,goodbye
KI itu apa? dong,ask_destination_info
Kamu siapa? sih,ask_unrelated
"Excuse me, How much is the ticket to Kampung Kapitan??",ask_ticket_price
Halo Rekomendasi hidden gems dong kak ya,ask_hidden_gems
Kak Details about Kambang Iwak Park? dong kak,ask_destination_info
Halo Resep nasi goreng dong,ask_unrelated
Is Monpera open on Sunday?,ask_operating_hours
Permisi Enaknya kemana ya di Palembang? deh,ask_recommendation
Wisata untuk anak-anak di Palembang?,ask_recommendation
Halo Oke makasih kak sangat membantu nih,goodbye
"Permisi That's enough, thank you",goodbye
Halo Benteng Kuto Besak buka jam berapa? ya,ask_operating_hours
Maaf mau tanya Thank you very much dong kak,goodbye
Bang Address of Ampera Bridge?,ask_location_access
What does it cost to visit Jakabaring Sport City?,ask_ticket_price
Mau nanya dong Oke makasih kak sangat membantu deh,goodbye
Mau nanya dong Apakah Jakabaring gratis?,ask_ticket_price
SMB buka hari apa aja?,ask_operating_hours
Oke deh kak sampai jumpa,goodbye
Min Cara daftar CPNS gimana? ya kak,ask_unrelated
Min Mau tanya dong kak harga tiket Benteng Kuto Besak,ask_ticket_price
Kak Suka sama jawabannya dong kak,provide_feedback
Bang Suka deh deh,provide_feedback
Masjid Cheng Ho terkenal karena apa?,ask_destination_info
Permisi Any hidden gems to visit? sih,ask_hidden_gems
Eh Taxi online di Palembang?,ask_unrelated
Best destinations in Palembang? nih,ask_recommendation
Exactly what I needed please,provide_feedback
Harga tiket masuk KI sekarang berapa?,ask_ticket_price
Tiket masuk Palembang Icon berapa?,ask_ticket_price
Mau nanya dong Lesser known attractions in Palembang? dong kak,ask_hidden_gems
Terima kasih,goodbye
Min Food tourism in Palembang? ya kak,ask_category
Permisi Wisata apa yang recommended di Palembang? sih,ask_recommendation
Oke makasih,goodbye
Kambang Iwak terkenal karena apa?,ask_destination_info
HTM Kambang Iwak berapa?,ask_ticket_price
What facilities are available at Jakabaring Sport City,ask_facilities
Siap kak,provide_feedback
Mau nanya dong Excellent information,provide_feedback
Halo What time does Kampung Kapitan close? dong,ask_operating_hours
Apa itu Jembatan Ampera?,ask_destination_info
Halo Enaknya kemana ya di Palembang? dong kak,ask_recommendation
Eh Jam operasionalnya? sih,ask_operating_hours
Is it worth visiting?,ask_destination_info
Permisi LRT friendly tourist destinations? ya kak,ask_lrt_destinations
Permisi Apakah Jakabaring gratis? ya kak,ask_ticket_price
Assalamualaikum kak,greet
Min Tess dong kak,greet
Rekomendasi wisata untuk liburan singkat sih,ask_recommendation
Min Rekomendasi wisata Palembang dong deh,ask_recommendation
Hai hai,greet
Mau nanya dong Hlo ya kak,greet
What parks are in Palembang? please,ask_category
That's helpful sih,provide_feedback
Kak That's helpful ya,provide_feedback
Amanzi fasilitasnya apa aja?,ask_facilities
Bang Masjid Cheng Ho ada spot foto gak? sih,ask_facilities
Mau nanya dong Jelas banget penjelasannya deh,provide_feedback
Maaf mau tanya Jadwal kereta api Jakarta? nih,ask_unrelated
Tempat wisata unik di Palembang?,ask_hidden_gems
Min Jelas banget penjelasannya nih,provide_feedback
Kak Excellent information ya,provide_feedback
Permisi Rekomendasi wisata untuk liburan singkat deh,ask_recommendation
Min Hai kak masih aktif? deh,greet
Halo Destinasi wisata sejarah Palembang?,ask_category
Taxi online di Palembang? ya,ask_unrelated
Eh Chatbot nya bagus nih,provide_feedback
Permisi Min kasih tau hidden gems Palembang nih,ask_hidden_gems
Kak Cara daftar CPNS gimana? dong kak,ask_unrelated
Address of Ampera Bridge? dong,ask_location_access
Kak Kambang Iwak buka jam berapa ya?,ask_operating_hours
Eh Rekomendasi wisata untuk liburan singkat ya,ask_recommendation
Mau nanya dong Makasih sih,goodbye
Min Masjid Cheng Ho ada spot foto gak?,ask_facilities
Maaf mau tanya Address of Ampera Bridge?,ask_location_access
Mau nanya dong Destinasi yang LRT accessible?,ask_lrt_destinations
Mau nanya dong Wonderful ya kak,provide_feedback
Halo Chatbot nya bagus ya,provide_feedback
Kak Enaknya kemana ya di Palembang? dong,ask_recommendation
Destinasi yang LRT accessible? nih,ask_lrt_destinations
KI ada tempat parkir?,ask_facilities
Unique places to visit in Palembang?,ask_hidden_gems
Apakah Palembang Trade Center buka hari Minggu?,ask_operating_hours
Eh Info lengkap Punti Kayu dong ya,ask_destination_info
Permisi BKB itu tempat apa sih? dong,ask_destination_info
Maaf mau tanya Hai kak masih aktif?,greet
Chatbot nya bagus dong,provide_feedback
Min Rekomendasi wisata yang dekat stasiun LRT sih,ask_lrt_destinations
Info jam buka OPI Mall dong,ask_operating_hours
Kak berapa harga tiket Taman Kebon Rojo?,ask_ticket_price
Dari mana ke Jembatan Ampera?,ask_location_access
Kak Bisa naik LRT ke BKB? ya,ask_lrt_destinations
Permisi Food tourism in Palembang?,ask_category
Bang Pagi kak ya kak,greet
Permisi Oke makasih kak sangat membantu ya kak,goodbye
Museum Sultan Mahmud Badaruddin II tutup jam berapa?,ask_operating_hours
Bang Enaknya kemana ya di Palembang? dong,ask_recommendation
Wisata Bali yang bagus?,ask_unrelated
Tell me about Grand Mosque of Palembang,ask_destination_info
Permisi Wonderful,provide_feedback
Kak Naik apa ke Pasar 16 Ilir? ya kak,ask_location_access
Eh Wisata apa yang recommended di Palembang? dong kak,ask_recommendation
Eh Benteng Kuto Besak buka jam berapa?,ask_operating_hours
Kak Suka deh ya kak,provide_feedback
Bang Oke cukup kak makasih banyak dong,goodbye
Min Bisa naik LRT ke BKB? nih,ask_lrt_destinations
Permisi Rekomendasi hidden gems dong kak nih,ask_hidden_gems
Eh Jelas banget penjelasannya sih,provide_feedback
What's the ticket price for Jakabaring Sport City?,ask_ticket_price
Permisi Rekomendasi wisata untuk liburan singkat ya,ask_recommendation
Kak dimana ya Kampung Kapitan?,ask_location_access
Kenapa Ampera terkenal?,ask_destination_info
Permisi Mau tanya dong kak harga tiket Benteng Kuto Besak,ask_ticket_price
Mau ke tempat bersejarah di Palembang ya kak,ask_category
Eh Info wisata budaya Palembang dong deh,ask_category
Kak Apakah Jakabaring gratis? ya,ask_ticket_price
Maaf mau tanya Wisata tersembunyi di Palembang? sih,ask_hidden_gems
Please How to move on? thanks,ask_unrelated
Halo Museum Balaputra Dewa fasilitasnya apa aja? deh,ask_facilities
Unexplored attractions in Palembang?,ask_hidden_gems
Mau nanya dong Destinasi yang LRT accessible? dong,ask_lrt_destinations
Mau nanya dong Min tolong saran wisata dong nih,ask_recommendation
Eh Wisata tersembunyi di Palembang? ya,ask_hidden_gems
Is admission to Al-Munawar Arab Village free?,ask_ticket_price
jadwal kereta api jakarta?,ask_unrelated
Min harga masuk PIM berapa?,ask_ticket_price
Kak Benteng Kuto Besak buka jam berapa? deh,ask_operating_hours
"Hi, Exactly what I needed?",provide_feedback
Tempat wisata murah di Palembang?,ask_recommendation
Palembang punya museum apa?,ask_category
Permisi Tourist spots along LRT route? dong kak,ask_lrt_destinations
Maaf mau tanya Info jam buka SMB II dong deh,ask_operating_hours
Mau tanya jam operasional Amanzi Waterpark,ask_operating_hours
Bang Hai kak masih aktif? deh,greet
Info jam buka SMB II dong ya,ask_operating_hours
Mau nanya dong Jembatan Ampera di mana ya? ya,ask_location_access
Kak Destinasi wisata sejarah Palembang? deh,ask_category
Tiket masuk KI berapa?,ask_ticket_price
Kambang Iwak mulai buka jam berapa?,ask_operating_hours
Permisi Kamu siapa? ya,ask_unrelated
Kak Masjid Cheng Ho ada spot foto gak?,ask_facilities
Halo Kak ada museum gak di Palembang? dong,ask_category
Bang Permisi kak dong kak,greet
Mau nanya dong Cara main saham? dong,ask_unrelated
Info jam buka SMB II dong deh,ask_operating_hours
Eh Makasih,goodbye
KI itu apa? deh,ask_destination_info
Bang Benteng Kuto Besak buka jam berapa? deh,ask_operating_hours
Min Rekomendasi hidden gems dong kak dong kak,ask_hidden_gems
Kampung Kapitan deket stasiun LRT mana?,ask_location_access
Eh Destinasi yang dekat stasiun LRT? sih,ask_lrt_destinations
Eh Details about Kambang Iwak Park? dong,ask_destination_info
"Hello, Is Kampung Kapitan open in the morning?",ask_operating_hours
Mau tau tentang Palembang Icon,ask_destination_info
Min Cara main saham? ya,ask_unrelated
Jembatan Ampera di mana ya? nih,ask_location_access
OK that's all I needed,goodbye
Kak Bisa naik LRT ke BKB? ya kak,ask_lrt_destinations
PIM terkenal karena apa?,ask_destination_info
Kak Hlo ya,greet
Ada wifi di Jembatan Ampera? deh,ask_facilities
Eh Wisata apa yang recommended di Palembang? deh,ask_recommendation
Mau nanya dong Taxi online di Palembang?,ask_unrelated
Eh Cara daftar CPNS gimana? ya,ask_unrelated
Masuk Kambang Iwak gratis atau bayar?,ask_ticket_price
Maaf mau tanya Alternative tourist spots in Palembang? ya kak,ask_hidden_gems
Info harga tiket PTC dong kak,ask_ticket_price
What facilities are available at Jakabaring Sport City??,ask_facilities
Jelas banget penjelasannya dong kak,provide_feedback
oke makasih kak sangat membantu,goodbye
Min Hlo dong,greet
Destinasi yang LRT accessible,ask_lrt_destinations
Permisi Bye kak sih,goodbye
Punti Kayu buka jam berapa?,ask_operating_hours
suka sama jawabannya,provide_feedback
Can you tell me Exactly what I needed please,provide_feedback
Apa obat sakit kepala?,ask_unrelated
Kak Any hidden gems to visit? ya kak,ask_hidden_gems
Weekend BKB buka?,ask_operating_hours
Halo BKB itu tempat apa sih? deh,ask_destination_info
Maaf mau tanya Apakah Jakabaring gratis? ya kak,ask_ticket_price
Halo Any hidden gems to visit? ya kak,ask_hidden_gems
Halo Suka sama jawabannya deh,provide_feedback
Kak Info jam buka SMB II dong ya kak,ask_operating_hours
Eh Food tourism in Palembang? deh,ask_category
Kak Apakah Jakabaring gratis? dong kak,ask_ticket_price
Permisi Apakah Jakabaring gratis? ya,ask_ticket_price
Kak Tolong kasih tau wisata dekat LRT ya,ask_lrt_destinations
Eh Benteng Kuto Besak buka jam berapa? deh,ask_operating_hours
cultural tourism places in Palembang?,ask_category
Makasih ya kak sangat berguna infonya,goodbye
Eh Ada wifi di Jembatan Ampera?,ask_facilities
How far is it?,ask_location_access
Mau nanya dong Suka deh dong kak,provide_feedback
Halo Help me please dong,greet
Kak Ada wifi di Jembatan Ampera? deh,ask_facilities
Permisi Permisi kak ya kak,greet
How to reach Monpera?,ask_location_access
Mau nanya dong Suka deh ya,provide_feedback
Eh Museum Balaputra Dewa fasilitasnya apa aja? sih,ask_facilities
Maaf mau tanya Palembang punya museum apa? deh,ask_category
Maaf mau tanya Tess nih,greet
bisa naik lrt ke bkb?,ask_lrt_destinations
Permisi Destinasi yang dekat stasiun LRT?,ask_lrt_destinations
Permisi Wisata Palembang yang aesthetic tapi sepi? deh,ask_hidden_gems
Min Rekomendasi wisata yang dekat stasiun LRT ya,ask_lrt_destinations
Min Info jam buka SMB II dong ya kak,ask_operating_hours
Thanks a lot,goodbye
Eh Info jam buka SMB II dong dong,ask_operating_hours
Bang Permisi kak ya,greet
Mau nanya dong Wisata tersembunyi di Palembang? ya,ask_hidden_gems
Min Rekomendasi wisata untuk liburan singkat ya kak,ask_recommendation
Maaf mau tanya Numpang tanya dong deh,greet
Kak Makasih dong,goodbye
Min Destinasi wisata sejarah Palembang? ya kak,ask_category
Eh Tess ya,greet
Kak Suka sama jawabannya,provide_feedback
Maaf mau tanya Makasih ya,goodbye
Kak Min kasih tau hidden gems Palembang nih,ask_hidden_gems
Maaf mau tanya Ada wifi di Jembatan Ampera? sih,ask_facilities
Masjid Cheng Ho mulai buka jam berapa?,ask_operating_hours
Mau nanya dong What time does Kampung Kapitan close? ya kak,ask_operating_hours
Jakabaring Sport City itu apa?,ask_destination_info
Mau tanya jam operasional OPI Mall,ask_operating_hours
Halo Info jam buka SMB II dong dong,ask_operating_hours
Is it open today?,ask_operating_hours
Bang Kampung Arab Al-Munawar ada di daerah mana? dong kak,ask_location_access
Halo Rekomendasi wisata Palembang dong ya kak,ask_recommendation
Bang Suka sama jawabannya ya kak,provide_feedback
Permisi Wonderful ya,provide_feedback
Wisata baru yang belum terkenal?,ask_hidden_gems
Permisi Kak ada museum gak di Palembang? nih,ask_category
Halo Info lengkap Punti Kayu dong deh,ask_destination_info
Permisi Jadwal kereta api Jakarta? dong,ask_unrelated
Kak Tempat wisata murah di Palembang? ya kak,ask_recommendation
Mau nanya dong Jelas banget penjelasannya dong,provide_feedback
Mau tanya dong kak harga tiket Benteng Kuto Besak sih,ask_ticket_price
Maaf mau tanya Museum Balaputra Dewa fasilitasnya apa aja? ya,ask_facilities
Min Naik apa ke Pasar 16 Ilir? nih,ask_location_access
Does Grand Mosque of Palembang have food stalls?,ask_facilities
Eh Terima kasih infonya deh,goodbye
Min Terima kasih infonya dong kak,goodbye
Kak Permisi kak,greet
Oke kak sampai jumpa,goodbye
Info harga tiket Museum Sultan Mahmud Badaruddin II dong kak,ask_ticket_price
Maaf mau tanya Kampung Arab Al-Munawar ada di daerah mana?,ask_location_access
LRT friendly tourist destinations?,ask_lrt_destinations
Halo Bye kak dong,goodbye
Parkiran Kampung Kapitan luas gak?,ask_facilities
Min harga masuk Monpera berapa?,ask_ticket_price
"Excuse me, What's the location of Ampera Bridge? thanks",ask_location_access
Maaf mau tanya Rekomendasi wisata untuk liburan singkat ya,ask_recommendation
Mau nanya dong Hai kak masih aktif?,greet
Bang Details about Kambang Iwak Park?,ask_destination_info
Min PIM gratis gak sih? deh,ask_ticket_price
Mau nanya dong PIM ada tempat parkir? sih,ask_facilities
Greetings,greet
Bukit Siguntang ada spot foto gak?,ask_facilities
Kak Lesser known attractions in Palembang?,ask_hidden_gems
"That's enough, thank you deh",goodbye
Permisi Recipe for chocolate cake? ya,ask_unrelated
Maaf mau tanya Mau ke tempat bersejarah di Palembang nih,ask_category
Rekomendasi hidden gems dong kak,ask_hidden_gems
Kak Jadwal kereta api Jakarta?,ask_unrelated
Permisi Kak ada museum gak di Palembang? ya kak,ask_category
What's the location of Kemaro Island?,ask_location_access
Kak Info lengkap Punti Kayu dong dong kak,ask_destination_info
Permisi Ada wifi di Jembatan Ampera? nih,ask_facilities
Bang Facilities at Benteng Kuto Besak? ya kak,ask_facilities
Eh Suka sama jawabannya sih,provide_feedback
Permisi Destinasi yang dekat stasiun LRT? nih,ask_lrt_destinations
Eh Kak ada museum gak di Palembang? nih,ask_category
Eh Rekomendasi wisata Palembang dong ya,ask_recommendation
Maaf mau tanya Famous places in Palembang? dong,ask_recommendation
Lesser known attractions in Palembang? dong,ask_hidden_gems
Palembang Trade Center bisa ditempuh pakai apa?,ask_location_access
Halo Oke cukup kak makasih banyak dong kak,goodbye
Halo Info wisata budaya Palembang dong ya,ask_category
Eh Jembatan Ampera di mana ya? ya,ask_location_access
Tes tes,greet
Maaf mau tanya Suka deh dong kak,provide_feedback
Bang Destinasi yang dekat stasiun LRT?,ask_lrt_destinations
Dimana lokasi SMB II?,ask_location_access
Info lebih lanjut dong,ask_destination_info
Well explained,provide_feedback
Museum Balaputra Dewa fasilitasnya apa aja,ask_facilities
Permisi Min tolong saran wisata dong deh,ask_recommendation
Biaya tiket Kambang Iwak berapa kak?,ask_ticket_price
Min Oke makasih kak sangat membantu deh,goodbye
Halo LRT friendly tourist destinations? sih,ask_lrt_destinations
Min PIM ada tempat parkir? ya,ask_facilities
Halo Benteng Kuto Besak buka jam berapa?,ask_operating_hours
Kapan Pulau Kemaro buka?,ask_operating_hours
Naik apa ke Al-Munawar?,ask_location_access
Eh Info lengkap Punti Kayu dong nih,ask_destination_info
Permisi Rekomendasi wisata untuk liburan singkat ya kak,ask_recommendation
Bang Masjid Cheng Ho ada spot foto gak?,ask_facilities
Enaknya kemana ya di Palembang? nih,ask_recommendation
Maaf mau tanya Excellent information deh,provide_feedback
Kak Kak ada museum gak di Palembang? dong,ask_category
Eh Ada wifi di Jembatan Ampera? deh,ask_facilities
"Mau nanya dong That's enough, thank you dong kak",goodbye
How much is the ticket to Kampung Kapitan? thanks,ask_ticket_price
Maaf mau tanya Terima kasih infonya sih,goodbye
Mau nanya dong Kampung Arab Al-Munawar ada di daerah mana? deh,ask_location_access
Maaf mau tanya Chatbot nya bagus nih,provide_feedback
Kalo hari Sabtu KI buka?,ask_operating_hours
Bang Rekomendasi wisata untuk liburan singkat,ask_recommendation
Mau nanya dong PIM ada tempat parkir? nih,ask_facilities
Halo Resep nasi goreng dong ya kak,ask_unrelated
Address of Ampera Bridge? ya kak,ask_location_access
Halo Rekomendasi wisata Palembang dong deh,ask_recommendation
"Great, thanks",goodbye
Eh Numpang tanya dong sih,greet
Cara daftar CPNS gimana? ya kak,ask_unrelated
Destinasi rahasia Palembang?,ask_hidden_gems
"Hello, What parks are in Palembang?",ask_category
Min Palembang punya museum apa? deh,ask_category
Bismillah mau tanya,greet
Halo Hlo sih,greet
Hey Is Kampung Kapitan open in the morning? thanks,ask_operating_hours
Rekomendasi hidden gems dong kak sih,ask_hidden_gems
Eh Makasih dong,goodbye
Permisi Rekomendasi wisata Palembang dong,ask_recommendation
Where can I go by LRT for sightseeing?,ask_lrt_destinations
Min PIM ada tempat parkir? deh,ask_facilities
Fasilitas pendukung Siguntang?,ask_facilities
Halo Min kasih tau hidden gems Palembang,ask_hidden_gems
Baik terima kasih,goodbye
Eh Wonderful,provide_feedback
Permisi Rekomendasi wisata yang dekat stasiun LRT dong kak,ask_lrt_destinations
Kak Chatbot nya bagus ya,provide_feedback
Rekomendasi wisata untuk liburan singkat ya,ask_recommendation
Halo PIM ada tempat parkir? ya,ask_facilities
Palembang Icon lokasinya dimana?,ask_location_access
Kak Rekomendasi wisata Palembang dong ya,ask_recommendation
Min alamat Masjid Cheng Ho apa ya?,ask_location_access
Is Grand Mosque of Palembang far from the city center?,ask_location_access
Bang Info lengkap Punti Kayu dong,ask_destination_info
Eh Address of Ampera Bridge? dong,ask_location_access
Min Help me please dong kak,greet
Kasih rekomendasi wisata dong kak,ask_recommendation
Halo Numpang tanya dong dong,greet
Kak Museum Balaputra Dewa fasilitasnya apa aja? ya,ask_facilities
Yang termasuk wisata alam apa aja?,ask_category
Halo Rekomendasi wisata Palembang dong dong kak,ask_recommendation
Min Food tourism in Palembang? dong kak,ask_category
Halo Apakah Jakabaring gratis? dong kak,ask_ticket_price
Eh Min kasih tau hidden gems Palembang ya kak,ask_hidden_gems
Bang Cara daftar CPNS gimana? deh,ask_unrelated
Mau nanya dong Benteng Kuto Besak buka jam berapa? dong kak,ask_operating_hours
Kak Museum Balaputra Dewa fasilitasnya apa aja? dong,ask_facilities
Info wisata budaya Palembang dong dong kak,ask_category
Baik kak terima kasih,goodbye
Mau tanya dong kak harga tiket Jakabaring Sport City,ask_ticket_price
Mau nanya dong Destinasi yang dekat stasiun LRT? ya,ask_lrt_destinations
Kak Help me please dong kak,greet
Bang Facilities at Benteng Kuto Besak? ya,ask_facilities
Permisi Food tourism in Palembang? dong,ask_category
Slmat pagi,greet
Eh Kampung Arab Al-Munawar ada di daerah mana? dong kak,ask_location_access
Mau nanya dong Makasih dong,goodbye
Kak Bisa naik LRT ke BKB? nih,ask_lrt_destinations
Min Museum Balaputra Dewa fasilitasnya apa aja? sih,ask_facilities
Min What time does Kampung Kapitan close? sih,ask_operating_hours
Makasih ya,goodbye
Wisata apa yang recommended di Palembang? ya,ask_recommendation
Halo Deskripsi Bukit Siguntang sih,ask_destination_info
Ceritakan tentang Kampung Kapitan,ask_destination_info
Min Help me please,greet
Mau nanya dong Address of Ampera Bridge? dong,ask_location_access
Min Alternative tourist spots in Palembang? ya kak,ask_hidden_gems
Permisi Famous places in Palembang? deh,ask_recommendation
Halo Rekomendasi wisata untuk liburan singkat,ask_recommendation
Permisi KI itu apa? deh,ask_destination_info
Halo Jembatan Ampera di mana ya? nih,ask_location_access
Thank you very much dong kak,goodbye
Info jam buka Hutan Wisata Punti Kayu dong,ask_operating_hours
Ceritakan tentang Kawah Tengkurep,ask_destination_info
Maaf mau tanya Destinasi yang LRT accessible? ya kak,ask_lrt_destinations
Eh Mau tanya dong kak harga tiket Benteng Kuto Besak ya kak,ask_ticket_price
Mau nanya dong Kamu siapa? ya kak,ask_unrelated
Kak Resep nasi goreng dong dong,ask_unrelated
Mau nanya dong Jadwal kereta api Jakarta? nih,ask_unrelated
Bang Famous places in Palembang? ya,ask_recommendation
Tolong kasih tau alamat Monpera,ask_location_access
Maaf mau tanya Any hidden gems to visit? dong,ask_hidden_gems
Bisa naik LRT ke BKB,ask_lrt_destinations
Apakah Museum Sultan Mahmud Badaruddin II buka 24 jam?,ask_operating_hours
Can you tell me Exactly what I needed?,provide_feedback
How do I get to Grand Mosque of Palembang?,ask_location_access
Halo Help me please ya kak,greet
Ada wisata religi di Palembang?,ask_category
Kak Museum Sultan Mahmud Badaruddin II lokasinya dimana? deh,ask_location_access
"Min That's enough, thank you ya kak",goodbye
Makasih atas bantuannya,goodbye
Bang Cara main saham? ya,ask_unrelated
Makasih infonya kak,provide_feedback
Eh Oke cukup kak makasih banyak deh,goodbye
Maaf mau tanya Address of Ampera Bridge? ya,ask_location_access
Maaf mau tanya Cara daftar CPNS gimana?,ask_unrelated
Mau nanya dong Destinasi wisata sejarah Palembang? ya kak,ask_category
Bang Any hidden gems to visit? nih,ask_hidden_gems
Thank you very much ya kak,goodbye
Bang Mau tanya dong kak harga tiket Benteng Kuto Besak dong kak,ask_ticket_price
Bang Lesser known attractions in Palembang? deh,ask_hidden_gems
Dari pusat kota ke Punti Kayu berapa lama?,ask_location_access
LRT accessible tourist spots in Palembang?,ask_lrt_destinations
"Excuse me, What facilities are available at Jakabaring Sport City? thanks",ask_facilities
Destinasi wisata LRT Palembang?,ask_lrt_destinations
Bang Wisata tersembunyi di Palembang? deh,ask_hidden_gems
Min KI itu apa? dong kak,ask_destination_info
Eh Wisata tersembunyi di Palembang? deh,ask_hidden_gems
Kemaro itu apa?,ask_destination_info
Bang Cara main saham? ya kak,ask_unrelated
Halo Food tourism in Palembang? ya,ask_category
Maaf mau tanya Min tolong saran wisata dong,ask_recommendation
Maaf mau tanya Benteng Kuto Besak buka jam berapa? dong kak,ask_operating_hours
Mau nanya dong Mau tanya dong kak harga tiket Benteng Kuto Besak nih,ask_ticket_price
what parks are in palembang?,ask_category
Min Info wisata budaya Palembang dong sih,ask_category
"Hello, Exactly what I needed please",provide_feedback
Berapa biaya masuk ke Benteng Kuto Besak?,ask_ticket_price
Maaf mau tanya Jembatan Ampera di mana ya? ya kak,ask_location_access
Selamat tinggal,goodbye
Kak Facilities at Benteng Kuto Besak? nih,ask_facilities
Bang Museum Balaputra Dewa fasilitasnya apa aja? deh,ask_facilities
Permisi Info jam buka SMB II dong ya kak,ask_operating_hours
PIM gratis gak sih?,ask_ticket_price
Cuaca hari ini gimana?,ask_unrelated
Bang Details about Kambang Iwak Park? deh,ask_destination_info
Eh Wonderful nih,provide_feedback
Kak Wisata apa yang recommended di Palembang?,ask_recommendation
Tourist spots along LRT route?,ask_lrt_destinations
Kak Any hidden gems to visit? ya,ask_hidden_gems
Maaf mau tanya Rekomendasi wisata yang dekat stasiun LRT dong kak,ask_lrt_destinations
what facilities are available at jakabaring sport city?,ask_facilities
"Bang That's enough, thank you dong",goodbye
Bang Wisata Palembang yang aesthetic tapi sepi? sih,ask_hidden_gems
Bayar berapa kalo masuk Museum Sultan Mahmud Badaruddin II?,ask_ticket_price
Maaf mau tanya Lesser known attractions in Palembang? sih,ask_hidden_gems
Min Wisata apa yang recommended di Palembang? dong,ask_recommendation
Bang That's helpful sih,provide_feedback
Permisi Museum Balaputra Dewa fasilitasnya apa aja? nih,ask_facilities
What's available at Sultan Mahmud Badaruddin II Museum?,ask_facilities
Tempat yang underrated di Palembang?,ask_hidden_gems
Cerita sejarah Kampung Kapitan dong,ask_destination_info
Kak BKB itu tempat apa sih? ya,ask_destination_info
Tiket masuk Kambang Iwak berapa?,ask_ticket_price
Bang Hidden gems in Palembang? dong,ask_hidden_gems
What is Punti Kayu Forest?,ask_destination_info
historical sites places in Palembang?,ask_category
Bang Rekomendasi hidden gems dong kak sih,ask_hidden_gems
What parks are in Palembang??,ask_category
Halo Famous places in Palembang? sih,ask_recommendation
Please What facilities are available at Jakabaring Sport City?,ask_facilities
Min Oke cukup kak makasih banyak,goodbye
Eh Wisata tersembunyi di Palembang? dong,ask_hidden_gems
Eh Kamu siapa? nih,ask_unrelated
Halo Min kasih tau hidden gems Palembang nih,ask_hidden_gems
Hidden gems in Palembang?,ask_hidden_gems
Tempat wisata yang gak rame?,ask_hidden_gems
"Hi, What's the location of Ampera Bridge? thanks",ask_location_access
Bang Enaknya kemana ya di Palembang? deh,ask_recommendation
Museum Sultan Mahmud Badaruddin II lokasinya dimana? ya,ask_location_access
Hello,greet
Mau nanya dong Best destinations in Palembang? sih,ask_recommendation
Kak Rekomendasi wisata yang dekat stasiun LRT deh,ask_lrt_destinations
Maaf mau tanya Details about Kambang Iwak Park? ya kak,ask_destination_info
Why is Sultan Mahmud Badaruddin II Museum famous?,ask_destination_info
Kak Apakah Jakabaring gratis? deh,ask_ticket_price
Kak LRT friendly tourist destinations?,ask_lrt_destinations
Parkiran Kemaro luas gak?,ask_facilities
Kak Pagi kak,greet
P,greet
Bang Rekomendasi wisata Palembang dong deh,ask_recommendation
Bang Recipe for chocolate cake? sih,ask_unrelated
Mau nanya dong Wisata Palembang yang aesthetic tapi sepi? dong,ask_hidden_gems
Halo Museum Balaputra Dewa fasilitasnya apa aja? dong kak,ask_facilities
Bang Recipe for chocolate cake? dong,ask_unrelated
Does Kampung Kapitan have a mosque?,ask_facilities
help me please,greet
Any hidden gems to visit? nih,ask_hidden_gems
Bang Jelas banget penjelasannya dong kak,provide_feedback
Kak Deskripsi Bukit Siguntang dong kak,ask_destination_info
Min Thank you very much,goodbye
Oke cukup kak makasih banyak sih,goodbye
Permisi Museum Sultan Mahmud Badaruddin II lokasinya dimana? deh,ask_location_access
Jam operasionalnya? nih,ask_operating_hours
Hey Does Jakabaring Sport City have a mosque??,ask_facilities
Permisi Info wisata budaya Palembang dong ya,ask_category
Permisi Rekomendasi hidden gems dong kak dong kak,ask_hidden_gems
Halo Thank you very much deh,goodbye
Kak Tempat wisata murah di Palembang? sih,ask_recommendation
Kak Destinasi yang dekat stasiun LRT? ya kak,ask_lrt_destinations
Halo Excellent information ya,provide_feedback
Min kasih tau hidden gems Palembang,ask_hidden_gems
Bang Rekomendasi wisata yang dekat stasiun LRT dong kak,ask_lrt_destinations
How much does it cost to enter Monpera?,ask_ticket_price
Bang Apakah Jakabaring gratis? dong,ask_ticket_price
Halo Permisi kak nih,greet
Eh Tourist spots along LRT route? sih,ask_lrt_destinations
Kak Tourist spots along LRT route? dong,ask_lrt_destinations
Bang Cara daftar CPNS gimana? dong,ask_unrelated
Halo Any hidden gems to visit? dong,ask_hidden_gems
Clear explanation,provide_feedback
Palembang punya masjid apa?,ask_category
Mau nanya dong Rekomendasi wisata Palembang dong ya kak,ask_recommendation
Kak Oke makasih kak sangat membantu dong kak,goodbye
Kak Info jam buka SMB II dong ya,ask_operating_hours
How much is the ticket to Benteng Kuto Besak?,ask_ticket_price
Oke makasih kak sangat membantu nih,goodbye
Halo Min tolong saran wisata dong dong,ask_recommendation
Slmt siang,greet
Halo PIM ada tempat parkir? sih,ask_facilities
Min Apakah Ampera dekat stasiun LRT?,ask_lrt_destinations
Information about Jakabaring Sport City,ask_destination_info
Eh Wisata Palembang yang aesthetic tapi sepi?,ask_hidden_gems
Ada wifi di Taman Kambang Iwak Besak?,ask_facilities
Gimana PIM?,ask_destination_info
Pulau Kemaro terkenal karena apa?,ask_destination_info
Bang PIM ada tempat parkir? ya kak,ask_facilities
Min Hidden gems in Palembang? ya kak,ask_hidden_gems
Kak Jam operasionalnya? deh,ask_operating_hours
Mau nanya dong Hlo deh,greet
"Excuse me, How much is the ticket to Kampung Kapitan?",ask_ticket_price
Min Resep nasi goreng dong ya,ask_unrelated
I want to know Exactly what I needed,provide_feedback
Kambang Iwak bisa ditempuh pakai apa?,ask_location_access
Min Thank you very much sih,goodbye
Halo Resep nasi goreng dong nih,ask_unrelated
Kak Pagi kak sih,greet
Kak Rekomendasi wisata untuk liburan singkat sih,ask_recommendation
Kak Mau tanya dong kak harga tiket Benteng Kuto Besak dong,ask_ticket_price
Masuk Kemaro gratis atau bayar?,ask_ticket_price
Jam tutup Kampung Arab Al-Munawar kapan?,ask_operating_hours
Min Makasih ya,goodbye
Eh Tourist spots along LRT route? deh,ask_lrt_destinations
Maaf mau tanya Jelas banget penjelasannya dong kak,provide_feedback
Min Info wisata budaya Palembang dong dong kak,ask_category
Maaf mau tanya Kak ada museum gak di Palembang? dong,ask_category
Eh Bisa naik LRT ke BKB? nih,ask_lrt_destinations
What's the entrance fee at Kampung Kapitan?,ask_ticket_price
Halo LRT friendly tourist destinations? deh,ask_lrt_destinations
Eh Rekomendasi wisata Palembang dong dong kak,ask_recommendation
Halo Terima kasih infonya sih,goodbye
Tempat wisata ikonik Palembang?,ask_recommendation
Maaf mau tanya Wonderful,provide_feedback
Min Details about Kambang Iwak Park? dong kak,ask_destination_info
Assalamualaikum,greet
Maaf mau tanya Kak ada museum gak di Palembang? nih,ask_category
Min Permisi kak,greet
Oke bagus,provide_feedback
Min Numpang tanya dong ya,greet
Eh Rekomendasi wisata untuk liburan singkat dong kak,ask_recommendation
Halo Benteng Kuto Besak buka jam berapa? ya kak,ask_operating_hours
Kayak apa sih Amanzi Waterpark?,ask_destination_info
Haii,greet
Eh Recipe for chocolate cake?,ask_unrelated
Halo Recipe for chocolate cake? sih,ask_unrelated
Halo Makasih ya kak,goodbye
Eh Food tourism in Palembang? dong kak,ask_category
Info fasilitas Fantasy Island dong,ask_facilities
Kak Chatbot nya bagus nih,provide_feedback
Is Grand Mosque of Palembang worth visiting?,ask_destination_info
Hari ini buka?,ask_operating_hours
Halo Wisata Palembang yang aesthetic tapi sepi? sih,ask_hidden_gems
Halo Address of Ampera Bridge? dong,ask_location_access
Halo Cara daftar CPNS gimana? ya kak,ask_unrelated
Kambang Iwak gratis gak sih?,ask_ticket_price
Min BKB itu tempat apa sih? deh,ask_destination_info
Is Kampung Kapitan open in the morning,ask_operating_hours
Halo Info lengkap Punti Kayu dong dong,ask_destination_info
Min BKB itu tempat apa sih? dong kak,ask_destination_info
Bang Ada wifi di Jembatan Ampera? ya,ask_facilities
Mau nanya dong Jam operasionalnya? dong kak,ask_operating_hours
Maaf mau tanya Destinasi yang LRT accessible? deh,ask_lrt_destinations
Min Benteng Kuto Besak buka jam berapa? dong,ask_operating_hours
Kak Tess deh,greet
Recommend historical sites in Palembang,ask_category
Eh Tolong kasih tau wisata dekat LRT nih,ask_lrt_destinations
Hlo,greet
Makasih banyak,goodbye
Suggest places for sightseeing in Palembang,ask_recommendation
Kak Enaknya kemana ya di Palembang? sih,ask_recommendation
Maaf mau tanya Numpang tanya dong ya,greet
Min Suka sama jawabannya nih,provide_feedback
Min Excellent information dong,provide_feedback
Jam operasional Hutan Wisata Punti Kayu?,ask_operating_hours
Permisi Bye kak ya,goodbye
Halo Jadwal kereta api Jakarta? dong kak,ask_unrelated
Eh Terima kasih infonya,goodbye
Min KI itu apa? deh,ask_destination_info
Jelas banget penjelasannya ya,provide_feedback
Bang Recipe for chocolate cake? deh,ask_unrelated
Maaf mau tanya Taxi online di Palembang? ya,ask_unrelated
Min Oke cukup kak makasih banyak ya,goodbye
Mau nanya dong Famous places in Palembang?,ask_recommendation
Tourist spots along LRT route? dong kak,ask_lrt_destinations
Min Info wisata budaya Palembang dong,ask_category
That's helpful deh,provide_feedback
How much for Jakabaring Sport City tickets?,ask_ticket_price
What's the address of Jakabaring Sport City?,ask_location_access
Wisata terbaik di Palembang apa?,ask_recommendation
Eh Tolong kasih tau wisata dekat LRT ya,ask_lrt_destinations
Mau tanya dong kak harga tiket Benteng Kuto Besak ya kak,ask_ticket_price
Apa Jakabaring bayar?,ask_ticket_price
Info tentang Museum Balaputra Dewa,ask_destination_info
Kak Alternative tourist spots in Palembang? ya kak,ask_hidden_gems
Maaf mau tanya Bye kak,goodbye
Fasilitas apa saja di Al Quran Al Akbar?,ask_facilities
Kak Kalo hari Sabtu Kawah Tengkurep buka? ya kak,ask_operating_hours
Destinasi wisata sejarah Palembang? dong,ask_category
Eh Museum Balaputra Dewa fasilitasnya apa aja? dong kak,ask_facilities
"That's enough, thank you dong",goodbye
Mau nanya dong LRT friendly tourist destinations?,ask_lrt_destinations
Mau nanya dong Museum Sultan Mahmud Badaruddin II lokasinya dimana? ya kak,ask_location_access
Kak Hai kak masih aktif? dong kak,greet
Bagaimana cara ke Jakabaring Sport City?,ask_location_access
Bisa naik angkot ke PTC?,ask_location_access
Maaf mau tanya Thank you very much nih,goodbye
Hi there,greet
Kalo hari Sabtu Fantasy Island buka?,ask_operating_hours
Mau nanya dong Hlo ya,greet
Assalamualaikum min,greet
"Maaf mau tanya That's enough, thank you dong",goodbye
Apakah Palembang Icon gratis?,ask_ticket_price
Mau nanya dong Info jam buka SMB II dong sih,ask_operating_hours
Benteng Kuto Besak ada spot foto gak?,ask_facilities
Palembang punya museum apa? ya kak,ask_category
Bang KI itu apa?,ask_destination_info
Rekomendasi wisata yang dekat stasiun LRT ya,ask_lrt_destinations
Halo Jadwal kereta api Jakarta?,ask_unrelated
Mau nanya dong Alternative tourist spots in Palembang? nih,ask_hidden_gems
Mau ke tempat bersejarah di Palembang dong,ask_category
Apakah Al-Munawar buka hari Minggu?,ask_operating_hours
Min Taxi online di Palembang? ya kak,ask_unrelated
Bang Lesser known attractions in Palembang? ya kak,ask_hidden_gems
Bang Palembang punya museum apa? dong kak,ask_category
Seru gak Al Quran Al Akbar?,ask_destination_info
Maaf mau tanya Ada wifi di Jembatan Ampera? nih,ask_facilities
Ada fasilitas apa di Jakabaring Sport City?,ask_facilities
Mau nanya dong Numpang tanya dong dong kak,greet
I want to know Do I need to pay to enter Monpera?,ask_ticket_price
Permisi Details about Kambang Iwak Park? dong,ask_destination_info
Permisi Details about Kambang Iwak Park? ya kak,ask_destination_info
Maaf mau tanya Any hidden gems to visit? deh,ask_hidden_gems
Halo Wisata Palembang yang aesthetic tapi sepi? ya kak,ask_hidden_gems
Museum Sultan Mahmud Badaruddin II lokasinya dimana? sih,ask_location_access
Jadwal kereta api Jakarta,ask_unrelated
Min Destinasi yang LRT accessible? nih,ask_lrt_destinations
Bang What time does Kampung Kapitan close? deh,ask_operating_hours
Bang Resep nasi goreng dong deh,ask_unrelated
Posisi Masjid Agung Palembang dimana ya?,ask_location_access
How much to get into Benteng Kuto Besak?,ask_ticket_price
What should I visit in Palembang? thanks,ask_recommendation
Maaf mau tanya Benteng Kuto Besak buka jam berapa? nih,ask_operating_hours
Mau nanya dong Info jam buka SMB II dong dong,ask_operating_hours
"That's enough, thank you sih",goodbye
Kapan sih Hutan Wisata Punti Kayu buka?,ask_operating_hours
Hey there,greet
Mau nanya dong Mau tanya dong kak harga tiket Benteng Kuto Besak ya,ask_ticket_price
Bang Destinasi wisata sejarah Palembang? sih,ask_category
Bang Makasih sih,goodbye
wonderful,provide_feedback
PIM gratis gak sih? sih,ask_ticket_price
Permisi Ada wifi di Jembatan Ampera? sih,ask_facilities
Kak Suka sama jawabannya nih,provide_feedback
Apakah Palembang Icon buka 24 jam?,ask_operating_hours
Halo Jelas banget penjelasannya ya,provide_feedback
Min Rekomendasi wisata Palembang dong dong kak,ask_recommendation
Halo Mau ke tempat bersejarah di Palembang deh,ask_category
Numpang tanya dong dong,greet
Mau nanya dong Thank you very much ya,goodbye
Recipe for chocolate cake? ya kak,ask_unrelated
Kak Facilities at Benteng Kuto Besak? deh,ask_facilities
Mau nanya dong Tolong kasih tau wisata dekat LRT dong,ask_lrt_destinations
Permisi Taxi online di Palembang? ya,ask_unrelated
Halo Wonderful,provide_feedback
Maaf mau tanya Kak ada museum gak di Palembang?,ask_category
Bisa naik angkot ke Jakabaring Sport City?,ask_location_access
Min Info wisata budaya Palembang dong deh,ask_category
Permisi Min kasih tau hidden gems Palembang dong,ask_hidden_gems
How much is it?,ask_ticket_price
Mau nanya dong Wisata tersembunyi di Palembang?,ask_hidden_gems
Can you tell me What parks are in Palembang? thanks,ask_category
Halo Bisa naik LRT ke BKB? ya,ask_lrt_destinations
Halo Jelas banget penjelasannya,provide_feedback
Bang Jam operasionalnya? dong,ask_operating_hours
Min Pagi kak ya,greet
Kak Tolong kasih tau wisata dekat LRT dong kak,ask_lrt_destinations
Mau tanya dong kak harga tiket Siguntang,ask_ticket_price
Biaya tiket Kawah Tengkurep berapa kak?,ask_ticket_price
Permisi Taxi online di Palembang? sih,ask_unrelated
Min Kamu siapa? sih,ask_unrelated
Mau nanya dong Mau ke tempat bersejarah di Palembang,ask_category
Halo Details about Kambang Iwak Park? sih,ask_destination_info
Halo Taxi online di Palembang? nih,ask_unrelated
Kak Rekomendasi wisata Palembang dong ya kak,ask_recommendation
Min Wisata Palembang yang aesthetic tapi sepi? nih,ask_hidden_gems
Kak Kamu siapa? dong kak,ask_unrelated
Kak Cara main saham? ya,ask_unrelated
Maaf mau tanya LRT friendly tourist destinations? nih,ask_lrt_destinations
Bang Rekomendasi wisata Palembang dong sih,ask_recommendation
Jelaskan tentang Kampung Kapitan,ask_destination_info
Mau nanya dong Tourist spots along LRT route? ya kak,ask_lrt_destinations
Permisi Jadwal kereta api Jakarta? deh,ask_unrelated
Eh Details about Kambang Iwak Park? sih,ask_destination_info
Mau tanya jam operasional BKB,ask_operating_hours
Kak Cara main saham? nih,ask_unrelated
Min Palembang punya museum apa? dong kak,ask_category
Halo LRT friendly tourist destinations?,ask_lrt_destinations
Halo Destinasi wisata sejarah Palembang? ya,ask_category
Kak Cara main saham? dong kak,ask_unrelated
Halo Info lengkap Punti Kayu dong nih,ask_destination_info
Bang Terima kasih infonya deh,goodbye
Wonderful ya,provide_feedback
Helloo,greet
Mau nanya dong Lesser known attractions in Palembang? sih,ask_hidden_gems
Mau nanya dong Hai kak masih aktif? ya,greet
Permisi Apakah Ampera dekat stasiun LRT? deh,ask_lrt_destinations
Al Quran Al Akbar bisa ditempuh pakai apa?,ask_location_access
Mau ke tempat bersejarah di Palembang nih,ask_category
Eh Destinasi wisata sejarah Palembang?,ask_category
what time does kampung kapitan close?,ask_operating_hours
Eh Numpang tanya dong deh,greet
Mau nanya dong What time does Kampung Kapitan close? sih,ask_operating_hours
Permisi Bisa naik LRT ke BKB? nih,ask_lrt_destinations
Halo Kamu siapa? dong kak,ask_unrelated
Halo Oke makasih kak sangat membantu dong,goodbye
Permisi Rekomendasi wisata Palembang dong nih,ask_recommendation
Bye kak makasih ya,goodbye
Bang Oke cukup kak makasih banyak sih,goodbye
Permisi Hai kak masih aktif? nih,greet
Bang Jadwal kereta api Jakarta? dong,ask_unrelated
Min Info jam buka SMB II dong,ask_operating_hours
Min Destinasi yang dekat stasiun LRT?,ask_lrt_destinations
Maaf mau tanya Numpang tanya dong dong kak,greet
Can you tell me Is Kampung Kapitan open in the morning? thanks,ask_operating_hours
Hidden spots in Palembang?,ask_hidden_gems
Taman Kebon Rojo buka hari apa aja?,ask_operating_hours
Taman Kambang Iwak Besak buka hari apa aja?,ask_operating_hours
Halo Kak ada museum gak di Palembang?,ask_category
Best destinations in Palembang,ask_recommendation
Kak Any hidden gems to visit? dong,ask_hidden_gems
Min Cara daftar CPNS gimana? deh,ask_unrelated
Can you tell me How to move on?,ask_unrelated
Details about Kambang Iwak Park? ya kak,ask_destination_info
Maaf mau tanya Jam operasionalnya? dong kak,ask_operating_hours
Halo Suka deh ya kak,provide_feedback
Can you tell me Is Kampung Kapitan open in the morning? please,ask_operating_hours
Eh Hidden gems in Palembang? dong,ask_hidden_gems
Permisi LRT friendly tourist destinations? ya,ask_lrt_destinations
Tempat wisata yang wajib dikunjungi di Palembang?,ask_recommendation
Halo Wonderful dong,provide_feedback
Bang Mau ke tempat bersejarah di Palembang sih,ask_category
Maaf mau tanya What time does Kampung Kapitan close? nih,ask_operating_hours
Kenapa Museum Sultan Mahmud Badaruddin II terkenal?,ask_destination_info
Halo Tourist spots along LRT route? dong kak,ask_lrt_destinations
Excellent information,provide_feedback
Min Address of Ampera Bridge? dong,ask_location_access
Halo Details about Kambang Iwak Park? dong kak,ask_destination_info
Halo Food tourism in Palembang?,ask_category
Kak Chatbot nya bagus sih,provide_feedback
How to move on? please,ask_unrelated
Min Hlo sih,greet
Bang Bisa naik LRT ke BKB? nih,ask_lrt_destinations
Eh Wonderful ya,provide_feedback
Kampung Kapitan bagus gak?,ask_destination_info
Hey How much is the ticket to Kampung Kapitan?,ask_ticket_price
Is there an entry fee for Kambang Iwak Park?,ask_ticket_price
Maaf mau tanya Hidden gems in Palembang? deh,ask_hidden_gems
Maaf mau tanya Oke cukup kak makasih banyak sih,goodbye
Assalamualaikum bye,goodbye
Min BKB itu tempat apa sih? nih,ask_destination_info
Kak LRT friendly tourist destinations? ya kak,ask_lrt_destinations
Halo Alternative tourist spots in Palembang? deh,ask_hidden_gems
Halo Rekomendasi hidden gems dong kak,ask_hidden_gems
Min Taxi online di Palembang?,ask_unrelated
Bang Rekomendasi wisata yang dekat stasiun LRT dong,ask_lrt_destinations
Min Rekomendasi wisata Palembang dong sih,ask_recommendation
Kak PIM ada tempat parkir? dong kak,ask_facilities
Min kasih tau hidden gems Palembang dong kak,ask_hidden_gems
Min PIM gratis gak sih? ya kak,ask_ticket_price
Permisi Terima kasih infonya,goodbye
Bang Cara daftar CPNS gimana? dong kak,ask_unrelated
Hey Does Jakabaring Sport City have a mosque? thanks,ask_facilities
Eh Permisi kak ya,greet
How much is the ticket to Kampung Kapitan??,ask_ticket_price
Maaf mau tanya Min tolong saran wisata dong deh,ask_recommendation
Suka sama jawabannya,provide_feedback
Maaf mau tanya Hai kak masih aktif? deh,greet
Apa Kemaro bayar?,ask_ticket_price
Eh Oke cukup kak makasih banyak ya,goodbye
Maaf mau tanya Min tolong saran wisata dong sih,ask_recommendation
"Hi, I'm visiting Palembang",greet
Eh Apakah Jakabaring gratis? ya kak,ask_ticket_price
Halo Recipe for chocolate cake? dong,ask_unrelated
Museum Balaputra Dewa fasilitasnya apa aja? ya kak,ask_facilities
Tolong kasih tau alamat PTC,ask_location_access
What facilities are available at Jakabaring Sport City?,ask_facilities
Maaf mau tanya Destinasi yang dekat stasiun LRT? ya,ask_lrt_destinations
Mau nanya dong Any hidden gems to visit? ya,ask_hidden_gems
Bang Numpang tanya dong sih,greet
Any hidden gems to visit?,ask_hidden_gems
Ceritain Hutan Wisata Punti Kayu dong kak,ask_destination_info
Help me please,greet
Mau tanya harga tiket Amanzi,ask_ticket_price
Awesome thanks,goodbye
Alternative tourist spots in Palembang?,ask_hidden_gems
Maaf mau tanya LRT friendly tourist destinations? dong kak,ask_lrt_destinations
Wisata apa yang recommended di Palembang? ya kak,ask_recommendation
Kalo hari Sabtu BKB buka?,ask_operating_hours
Location of Al-Munawar Arab Village?,ask_location_access
Tempat makan di sekitar Kampung Kapitan ada?,ask_facilities
Arah ke Kambang Iwak gimana?,ask_location_access
Hey How to move on? thanks,ask_unrelated
Kampung Arab Al-Munawar bagus gak?,ask_destination_info
Maaf mau tanya Famous places in Palembang? nih,ask_recommendation
Min Wonderful deh,provide_feedback
Permisi Excellent information deh,provide_feedback
Min tolong saran wisata dong dong kak,ask_recommendation
Mau nanya dong Rekomendasi wisata Palembang dong deh,ask_recommendation
Bang Enaknya kemana ya di Palembang? ya,ask_recommendation
Review tentang Taman Kebon Rojo,ask_destination_info
Permisi Any hidden gems to visit? dong,ask_hidden_gems
Where can I find nature tourism in Palembang?,ask_category
Eh Hai kak masih aktif? dong kak,greet
Maaf mau tanya Min kasih tau hidden gems Palembang deh,ask_hidden_gems
Can I take public transport to Ampera Bridge?,ask_location_access
Apa itu Al-Munawar?,ask_destination_info
Halo Help me please sih,greet
Maaf mau tanya Info jam buka SMB II dong nih,ask_operating_hours
Halo Destinasi yang LRT accessible? ya,ask_lrt_destinations
Harga tiket masuk Palembang Square sekarang berapa?,ask_ticket_price
What amenities does Monpera offer?,ask_facilities
Apa keunikan Pulau Kemaro?,ask_destination_info
Kak Kak ada museum gak di Palembang?,ask_category
Bang Museum Sultan Mahmud Badaruddin II lokasinya dimana? ya,ask_location_access
Hai kak masih aktif,greet
Min Taxi online di Palembang? deh,ask_unrelated
Mau nanya dong Any hidden gems to visit? sih,ask_hidden_gems
Bang Rekomendasi wisata Palembang dong nih,ask_recommendation
Eh Jembatan Ampera di mana ya? deh,ask_location_access
Eh Help me please ya kak,greet
Eh Taxi online di Palembang? deh,ask_unrelated
Dari jam berapa SMB buka?,ask_operating_hours
Permisi Jelas banget penjelasannya ya kak,provide_feedback
Halo Cara daftar CPNS gimana? sih,ask_unrelated
Any hidden gems to visit? dong kak,ask_hidden_gems
Bang Help me please dong,greet
Eh Info jam buka SMB II dong deh,ask_operating_hours
Ceritakan tentang Taman Kebon Rojo,ask_destination_info
Maaf mau tanya Info wisata budaya Palembang dong ya kak,ask_category
Min Museum Sultan Mahmud Badaruddin II lokasinya dimana? dong,ask_location_access
Kak Palembang Trade Center buka jam berapa ya?,ask_operating_hours
Min Makasih sih,goodbye
Bang Help me please sih,greet
Mau nanya dong Details about Kambang Iwak Park? sih,ask_destination_info
Bang Help me please ya,greet
Eh Chatbot nya bagus sih,provide_feedback
Permisi Kak ada museum gak di Palembang?,ask_category
Halo Suka sama jawabannya nih,provide_feedback
Kak Palembang punya museum apa? nih,ask_category
Mau nanya dong Makasih ya kak,goodbye
Maaf mau tanya Apakah Ampera dekat stasiun LRT? dong,ask_lrt_destinations
Min Excellent information,provide_feedback
Jembatan Ampera di mana ya? ya kak,ask_location_access
Eh Suka sama jawabannya dong,provide_feedback
Permisi Mau ke tempat bersejarah di Palembang,ask_category
Maaf mau tanya Wisata Palembang yang aesthetic tapi sepi? sih,ask_hidden_gems
Monpera itu apa?,ask_destination_info
Kak Rekomendasi hidden gems dong kak ya,ask_hidden_gems
Maaf mau tanya Museum Sultan Mahmud Badaruddin II lokasinya dimana? deh,ask_location_access
Bang Info wisata budaya Palembang dong dong kak,ask_category
Mau nanya dong Alternative tourist spots in Palembang? dong,ask_hidden_gems
Min Deskripsi Bukit Siguntang,ask_destination_info
Mau nanya dong Alternative tourist spots in Palembang? sih,ask_hidden_gems
Min Wisata tersembunyi di Palembang? dong kak,ask_hidden_gems
Maaf mau tanya Address of Ampera Bridge? sih,ask_location_access
Hlo deh,greet
Eh PIM gratis gak sih? sih,ask_ticket_price
Min Bisa naik LRT ke BKB? dong kak,ask_lrt_destinations
Saran tempat wisata di Palembang?,ask_recommendation
Halo Masjid Cheng Ho ada spot foto gak? dong,ask_facilities
Permisi Apakah Jakabaring gratis?,ask_ticket_price
What destinations are accessible by LRT?,ask_lrt_destinations
Bang Kak ada museum gak di Palembang? dong,ask_category
Kak Hlo ya kak,greet
Enaknya kemana ya di Palembang? sih,ask_recommendation
Bang tiket Palembang Icon berapa?,ask_ticket_price
Bye kak,goodbye
When is Monpera open?,ask_operating_hours
Kak Jembatan Ampera di mana ya? nih,ask_location_access
Eh Excellent information ya,provide_feedback
Bang Resep nasi goreng dong nih,ask_unrelated
Halo Oke makasih kak sangat membantu dong kak,goodbye
Permisi Oke makasih kak sangat membantu sih,goodbye
Permisi Chatbot nya bagus deh,provide_feedback
Halo Hlo nih,greet
hlo,greet
Hey What facilities are available at Jakabaring Sport City? please,ask_facilities
Harga masuknya berapa kak?,ask_ticket_price
Bagaimana cara ke Kambang Iwak?,ask_location_access
Mau nanya dong Best destinations in Palembang? nih,ask_recommendation
Bang Resep nasi goreng dong ya,ask_unrelated
Wisata apa yang cocok untuk foto-foto?,ask_recommendation
Mau nanya dong Suka sama jawabannya ya kak,provide_feedback
Info lengkap Masjid Agung Palembang dong,ask_destination_info
Mau nanya dong Min kasih tau hidden gems Palembang ya,ask_hidden_gems
Any historical sites in Palembang?,ask_category
kampung arab al-munawar ada di daerah mana?,ask_location_access
Min kasih tau hidden gems Palembang ya,ask_hidden_gems
Bang Jam operasionalnya? ya,ask_operating_hours
Min Info lengkap Punti Kayu dong ya,ask_destination_info
Permisi Suka deh deh,provide_feedback
Apakah ada wisata yang bisa dijangkau LRT?,ask_lrt_destinations
Eh Lesser known attractions in Palembang? nih,ask_hidden_gems
Bang BKB itu tempat apa sih? ya kak,ask_destination_info
Pulau Kemaro ada tempat parkir?,ask_facilities
Eh Destinasi wisata sejarah Palembang? dong kak,ask_category
Min Jam operasionalnya?,ask_operating_hours
Min Min kasih tau hidden gems Palembang deh,ask_hidden_gems
Eh Bye kak ya kak,goodbye
Permisi Min kasih tau hidden gems Palembang sih,ask_hidden_gems
Permisi Jembatan Ampera di mana ya?,ask_location_access
Maaf mau tanya Cara daftar CPNS gimana? nih,ask_unrelated
Min Permisi kak nih,greet
Eh That's helpful sih,provide_feedback
Min Rekomendasi hidden gems dong kak ya,ask_hidden_gems
Maaf mau tanya Info lengkap Punti Kayu dong deh,ask_destination_info
How much is the admission to Al-Munawar Arab Village?,ask_ticket_price
Halo KI itu apa? ya kak,ask_destination_info
Kak Rekomendasi wisata Palembang dong,ask_recommendation
Bang Numpang tanya dong,greet
Bang Deskripsi Bukit Siguntang ya kak,ask_destination_info
Cara mengobati flu?,ask_unrelated
LRT friendly tourist destinations? sih,ask_lrt_destinations
Mau nanya dong Recipe for chocolate cake? ya kak,ask_unrelated
Please What parks are in Palembang?,ask_category
Permisi Destinasi yang dekat stasiun LRT? dong kak,ask_lrt_destinations
Eh Hai kak masih aktif? deh,greet
Bang Hidden gems in Palembang? dong kak,ask_hidden_gems
Do I need to pay to enter Kambang Iwak Park?,ask_ticket_price
Mau tanya harga tiket Kambang Iwak,ask_ticket_price
PIM ada tempat parkir,ask_facilities
Min Ada wifi di Jembatan Ampera? ya kak,ask_facilities
Eh Rekomendasi wisata Palembang dong sih,ask_recommendation
Maaf mau tanya Help me please deh,greet
Kampung Arab Al-Munawar ada di daerah mana? nih,ask_location_access
Halo Tourist spots along LRT route? deh,ask_lrt_destinations
Is Kampung Kapitan worth visiting?,ask_destination_info
Bang Wonderful dong,provide_feedback
Min That's helpful,provide_feedback
Eh Suka sama jawabannya deh,provide_feedback
Mau nanya dong Jelas banget penjelasannya,provide_feedback
Eh Mau tanya dong kak harga tiket Benteng Kuto Besak ya,ask_ticket_price
Kamu siapa?,ask_unrelated
What does it cost to visit Monpera?,ask_ticket_price
Kira-kira harga tiket Kambang Iwak berapa?,ask_ticket_price
Halo Min tolong saran wisata dong nih,ask_recommendation
Eh Wonderful dong,provide_feedback
Museum Balaputra Dewa fasilitasnya apa aja? dong,ask_facilities
How much does it cost to enter Kemaro Island?,ask_ticket_price
Halo Oke cukup kak makasih banyak,goodbye
Kak Numpang tanya dong deh,greet
Kak fasilitas SMB apa aja ya?,ask_facilities
Tess sih,greet
Bang Taxi online di Palembang? sih,ask_unrelated
Kak Destinasi wisata sejarah Palembang?,ask_category
Kak BKB itu tempat apa sih? ya kak,ask_destination_info
Halo Museum Balaputra Dewa fasilitasnya apa aja? sih,ask_facilities
Maaf mau tanya Food tourism in Palembang? dong,ask_category
Mau nanya dong Bisa naik LRT ke BKB?,ask_lrt_destinations
Maaf mau tanya Oke cukup kak makasih banyak nih,goodbye
recipe for chocolate cake?,ask_unrelated
Museum Sultan Mahmud Badaruddin II lokasinya dimana? nih,ask_location_access
I want to know What facilities are available at Jakabaring Sport City??,ask_facilities
Kak Oke cukup kak makasih banyak dong,goodbye
Min Bye kak deh,goodbye
Mau nanya dong Suka deh deh,provide_feedback
Kak Tourist spots along LRT route? nih,ask_lrt_destinations
Halo Tess sih,greet
Mau nanya dong Bye kak dong kak,goodbye
Min Any hidden gems to visit? deh,ask_hidden_gems
Kasih tau dong tentang Museum Sultan Mahmud Badaruddin II,ask_destination_info
Min Chatbot nya bagus nih,provide_feedback
Wisata Palembang yang belum banyak orang kunjungi?,ask_hidden_gems
Halo Suka deh dong kak,provide_feedback
Info fasilitas Amanzi dong,ask_facilities
Permisi Museum Sultan Mahmud Badaruddin II lokasinya dimana? dong kak,ask_location_access
Maaf mau tanya Jadwal kereta api Jakarta?,ask_unrelated
Kak Min kasih tau hidden gems Palembang dong kak,ask_hidden_gems
Halo Help me please dong kak,greet
Min Wisata tersembunyi di Palembang?,ask_hidden_gems
Kak Rekomendasi hidden gems dong kak dong kak,ask_hidden_gems
Bang Wisata tersembunyi di Palembang? sih,ask_hidden_gems
"Hi, Does Jakabaring Sport City have a mosque??",ask_facilities
Can I take LRT to Ampera Bridge?,ask_lrt_destinations
Ampera jauh gak dari pusat kota?,ask_location_access
Eh Lesser known attractions in Palembang? ya,ask_hidden_gems
Berapa ya tiket Al Quran Al Akbar?,ask_ticket_price
Maaf mau tanya What time does Kampung Kapitan close? ya kak,ask_operating_hours
Information about Al-Munawar Arab Village,ask_destination_info
Help me please nih,greet
Does Grand Mosque of Palembang open every day?,ask_operating_hours
Is it free?,ask_ticket_price
"Hello, Does Jakabaring Sport City have a mosque? please",ask_facilities
Where can I find culinary tourism in Palembang?,ask_category
Halo Deskripsi Bukit Siguntang ya,ask_destination_info
Eh Mau ke tempat bersejarah di Palembang deh,ask_category
OPI Mall deket stasiun LRT mana?,ask_location_access
Test bot,greet
Min What time does Kampung Kapitan close? nih,ask_operating_hours
Mau nanya dong Thank you very much deh,goodbye
SMB II di mana ya?,ask_location_access
Kak Wisata tersembunyi di Palembang? dong,ask_hidden_gems
Permisi Famous places in Palembang? nih,ask_recommendation
Min Ada wifi di Jembatan Ampera? sih,ask_facilities
Bang That's helpful dong kak,provide_feedback
Permisi Hidden gems in Palembang? ya kak,ask_hidden_gems
Permisi BKB itu tempat apa sih? dong kak,ask_destination_info
Eh Rekomendasi hidden gems dong kak deh,ask_hidden_gems
Mau nanya dong BKB itu tempat apa sih?,ask_destination_info
Maaf mau tanya KI itu apa? ya,ask_destination_info
Halo BKB itu tempat apa sih? ya,ask_destination_info
Kak Palembang punya museum apa?,ask_category
PIM gratis gak sih? dong kak,ask_ticket_price
Min alamat Pulau Kemaro apa ya?,ask_location_access
Halo Rekomendasi wisata yang dekat stasiun LRT deh,ask_lrt_destinations
Bang Wonderful deh,provide_feedback
Bang Terima kasih infonya nih,goodbye
Ada mushola di Fantasy Island?,ask_facilities
Kak Lesser known attractions in Palembang? ya kak,ask_hidden_gems
Kampung Arab Al-Munawar ada di daerah mana? dong kak,ask_location_access
Mau nanya dong Rekomendasi wisata yang dekat stasiun LRT dong kak,ask_lrt_destinations
Kak Jembatan Ampera di mana ya? ya,ask_location_access
Alright thanks,goodbye
Tolong kasih tau alamat Museum Balaputra Dewa,ask_location_access
Eh Alternative tourist spots in Palembang? ya,ask_hidden_gems
Halo Destinasi yang dekat stasiun LRT? nih,ask_lrt_destinations
What amenities are available?,ask_facilities
Kasih tau dong tentang Amanzi Waterpark,ask_destination_info
Permisi Tess dong,greet
Wisata apa yang recommended di Palembang,ask_recommendation
Bagaimana cara ke Monpera?,ask_location_access
Tutup jam berapa?,ask_operating_hours
Dimana lokasinya?,ask_location_access
Hai,greet
rekomendasi wisata palembang dong,ask_recommendation
Does Benteng Kuto Besak open every day?,ask_operating_hours
Permisi Alternative tourist spots in Palembang?,ask_hidden_gems
Permisi Rekomendasi wisata Palembang dong deh,ask_recommendation
Halo Hai kak masih aktif? ya kak,greet
Palembang punya wisata kuliner apa?,ask_category
Kak Oke cukup kak makasih banyak,goodbye
Mau nanya dong Tolong kasih tau wisata dekat LRT,ask_lrt_destinations
Min Pagi kak dong kak,greet
Permisi Hai kak masih aktif? ya kak,greet
"Hi, How much is the ticket to Kampung Kapitan?",ask_ticket_price
Maaf mau tanya BKB itu tempat apa sih? deh,ask_destination_info
Benteng Kuto Besak bayar berapa?,ask_ticket_price
Min alamat Kambang Iwak apa ya?,ask_location_access
Maaf mau tanya Address of Ampera Bridge? dong,ask_location_access
Halo Numpang tanya dong ya,greet
Kemaro ada spot foto gak?,ask_facilities
How much for Kampung Kapitan tickets?,ask_ticket_price
Mau ke tempat bersejarah di Palembang deh,ask_category
Eh Enaknya kemana ya di Palembang? nih,ask_recommendation
Destinasi favorit di Palembang?,ask_recommendation
Mau nanya dong BKB itu tempat apa sih? deh,ask_destination_info
"Eh That's enough, thank you",goodbye
Bang Jembatan Ampera di mana ya? dong,ask_location_access
Kak PIM gratis gak sih? ya kak,ask_ticket_price
Lokasi Museum Balaputra Dewa dimana kak?,ask_location_access
Is Sultan Mahmud Badaruddin II Museum open on weekends?,ask_operating_hours
Wisata indoor Palembang?,ask_category
Bang Jadwal kereta api Jakarta? dong kak,ask_unrelated
Mau nanya dong Bisa naik LRT ke BKB? dong,ask_lrt_destinations
Wisata tersembunyi di Palembang? ya,ask_hidden_gems
Maaf mau tanya Apakah Jakabaring gratis? sih,ask_ticket_price
Maaf mau tanya Chatbot nya bagus deh,provide_feedback
Eh Any hidden gems to visit? nih,ask_hidden_gems
Permisi Enaknya kemana ya di Palembang? ya kak,ask_recommendation
Bang Wisata tersembunyi di Palembang? ya kak,ask_hidden_gems
Dari pusat kota ke Palembang Icon berapa lama?,ask_location_access
Permisi Jam operasionalnya? dong,ask_operating_hours
Halo Cara main saham? sih,ask_unrelated
Kak Jelas banget penjelasannya ya,provide_feedback
Bang Wisata apa yang recommended di Palembang? sih,ask_recommendation
Min Help me please deh,greet
Rekomendasi wisata Palembang dong ya,ask_recommendation
Kak Wonderful,provide_feedback
Kak Pagi kak nih,greet
Halo Oke makasih kak sangat membantu ya kak,goodbye
Mau nanya dong Address of Ampera Bridge? ya,ask_location_access
Apa keunikan Siguntang?,ask_destination_info
Maaf mau tanya Rekomendasi wisata yang dekat stasiun LRT nih,ask_lrt_destinations
Mau nanya dong Alternative tourist spots in Palembang? deh,ask_hidden_gems
Mau nanya dong Wisata Palembang yang aesthetic tapi sepi? dong kak,ask_hidden_gems
Halo Deskripsi Bukit Siguntang nih,ask_destination_info
Kak Min kasih tau hidden gems Palembang ya,ask_hidden_gems
Permisi Best destinations in Palembang? dong,ask_recommendation
Permisi Numpang tanya dong deh,greet
Permisi Masjid Cheng Ho ada spot foto gak? deh,ask_facilities
Min Famous places in Palembang? ya,ask_recommendation
Suka sama aplikasinya,provide_feedback
Bang,greet
Details about Kambang Iwak Park? sih,ask_destination_info
Maaf mau tanya Makasih sih,goodbye
Eh Kak ada museum gak di Palembang? dong,ask_category
What time does Kampung Kapitan close? nih,ask_operating_hours
What facilities are available at Jakabaring Sport City? thanks,ask_facilities
Numpang tanya dong dong kak,greet
Permisi Excellent information nih,provide_feedback
Bang Tess ya,greet
Halo Chatbot nya bagus nih,provide_feedback
Tess?,greet
Eh Hlo ya,greet
Best destinations in Palembang? sih,ask_recommendation
Bang Info jam buka SMB II dong ya,ask_operating_hours
Bang tiket Hutan Wisata Punti Kayu berapa?,ask_ticket_price
Mau nanya dong Ada wifi di Jembatan Ampera?,ask_facilities
Mau nanya dong Cara main saham?,ask_unrelated
Mau nanya dong Suka deh dong,provide_feedback
Mau nanya dong Chatbot nya bagus,provide_feedback
Gimana Monpera?,ask_destination_info
Permisi Cara daftar CPNS gimana? dong kak,ask_unrelated
Maaf mau tanya Info wisata budaya Palembang dong deh,ask_category
Info masjid Palembang dong,ask_category
Mau nanya dong Hai kak masih aktif? nih,greet
What's up,greet
Lokasi Fantasy Island dimana kak?,ask_location_access
Eh Rekomendasi wisata yang dekat stasiun LRT deh,ask_lrt_destinations
"Excuse me, Exactly what I needed?",provide_feedback
Mau nanya dong Rekomendasi hidden gems dong kak dong,ask_hidden_gems
"Permisi That's enough, thank you dong kak",goodbye
Kak Min tolong saran wisata dong deh,ask_recommendation
Tiket masuk Jembatan Ampera berapa?,ask_ticket_price
Kak Wisata apa yang recommended di Palembang? ya kak,ask_recommendation
Mau ke tempat bersejarah di Palembang?,ask_category
How much for Ampera Bridge tickets?,ask_ticket_price
Permisi Hlo nih,greet
Maaf mau tanya Info wisata budaya Palembang dong,ask_category
Mau nanya dong Famous places in Palembang? sih,ask_recommendation
Min Tess nih,greet
Permisi BKB itu tempat apa sih? ya,ask_destination_info
Recipe for chocolate cake? sih,ask_unrelated
See you later,goodbye
Maaf mau tanya Min kasih tau hidden gems Palembang nih,ask_hidden_gems
Halo PIM gratis gak sih? dong kak,ask_ticket_price
Bang Facilities at Benteng Kuto Besak? dong,ask_facilities
Permisi Suka deh sih,provide_feedback
Permisi Jam operasionalnya?,ask_operating_hours
Maaf mau tanya Kamu siapa? dong kak,ask_unrelated
Maaf mau tanya Bye kak ya,goodbye
Maaf mau tanya KI itu apa? nih,ask_destination_info
Permisi What time does Kampung Kapitan close? ya kak,ask_operating_hours
Eh Min kasih tau hidden gems Palembang dong kak,ask_hidden_gems
Kak BKB itu tempat apa sih? nih,ask_destination_info
Halo Tourist spots along LRT route? sih,ask_lrt_destinations
Halo That's helpful nih,provide_feedback
Numpang tanya dong ya kak,greet
Maaf mau tanya Mau ke tempat bersejarah di Palembang sih,ask_category
Bang Wonderful sih,provide_feedback
Alamat Museum Balaputra Dewa dimana?,ask_location_access
Halo Kamu siapa? ya kak,ask_unrelated
Bang Rekomendasi wisata untuk liburan singkat deh,ask_recommendation
Eh Hlo dong,greet
Min Oke makasih kak sangat membantu ya kak,goodbye
Bang Pagi kak nih,greet
Bang Apakah Jakabaring gratis?,ask_ticket_price
Can you tell me Does Jakabaring Sport City have a mosque? please,ask_facilities
Jawabannya lengkap,provide_feedback
Facilities at Jakabaring Sport City?,ask_facilities
"Hi, How to move on? please",ask_unrelated
Keren sih ini botnya,provide_feedback
Kak Masjid Cheng Ho ada spot foto gak? dong kak,ask_facilities
Maaf mau tanya Tolong kasih tau wisata dekat LRT dong,ask_lrt_destinations
Mau nanya dong Recipe for chocolate cake? ya,ask_unrelated
Noted kak,provide_feedback
Bang Best destinations in Palembang? ya,ask_recommendation
Bang Oke makasih kak sangat membantu dong,goodbye
"Bang That's enough, thank you dong kak",goodbye
Bang Rekomendasi wisata yang dekat stasiun LRT ya kak,ask_lrt_destinations
"Min That's enough, thank you ya",goodbye
Bang Pagi kak sih,greet
Permisi Info wisata budaya Palembang dong ya kak,ask_category
Maaf mau tanya Rekomendasi wisata Palembang dong dong kak,ask_recommendation
Bang BKB itu tempat apa sih? dong kak,ask_destination_info
Bang Oke makasih kak sangat membantu dong kak,goodbye
KI itu apa? nih,ask_destination_info
"Hi, How to move on??",ask_unrelated
Fasilitas pendukung OPI Mall?,ask_facilities
Maaf mau tanya Wisata tersembunyi di Palembang? ya kak,ask_hidden_gems
Min That's helpful sih,provide_feedback
Kak Rekomendasi wisata untuk liburan singkat ya,ask_recommendation
Permisi Taxi online di Palembang? deh,ask_unrelated
Sejarah Kawah Tengkurep apa ya?,ask_destination_info
Eh Destinasi wisata sejarah Palembang? ya kak,ask_category
Mau tau tentang Palembang Trade Center,ask_destination_info
Kak Thank you very much,goodbye
Kak Apakah Ampera dekat stasiun LRT? dong kak,ask_lrt_destinations
Lokasi Al Quran Al Akbar dimana kak?,ask_location_access
Permisi Kampung Arab Al-Munawar ada di daerah mana? dong kak,ask_location_access
Bang Help me please deh,greet
Min Wisata tersembunyi di Palembang? ya,ask_hidden_gems
Kira-kira harga tiket Taman Kambang Iwak Besak berapa?,ask_ticket_price
Fasilitas pendukung PTC?,ask_facilities
Halo Oke makasih kak sangat membantu deh,goodbye
Tempat makan di sekitar Jakabaring ada?,ask_facilities
Love this bot,provide_feedback
Permisi Deskripsi Bukit Siguntang ya kak,ask_destination_info
Halo Details about Kambang Iwak Park?,ask_destination_info
Bagaimana cara diet?,ask_unrelated
Min Naik apa ke Pasar 16 Ilir? deh,ask_location_access
Eh Chatbot nya bagus,provide_feedback
Maaf mau tanya Museum Balaputra Dewa fasilitasnya apa aja?,ask_facilities
Rekomendasikan destinasi wisata Palembang,ask_recommendation
Bang What time does Kampung Kapitan close? dong kak,ask_operating_hours
Bang Chatbot nya bagus dong kak,provide_feedback
Kemaro jauh gak dari pusat kota?,ask_location_access
Tell me a joke,ask_unrelated
Min Jelas banget penjelasannya ya kak,provide_feedback
Is there WiFi at Monpera?,ask_facilities
Buka hari apa aja?,ask_operating_hours
Maaf mau tanya Suka deh deh,provide_feedback
Maaf mau tanya Oke cukup kak makasih banyak ya kak,goodbye
Kapan sih Jakabaring Sport City buka?,ask_operating_hours
Maaf mau tanya BKB itu tempat apa sih? ya kak,ask_destination_info
Kak Thank you very much ya kak,goodbye
Bang Taxi online di Palembang? ya,ask_unrelated
"Kak That's enough, thank you dong kak",goodbye
Bye kak?,goodbye
Eh Benteng Kuto Besak buka jam berapa? dong kak,ask_operating_hours
Halo Jembatan Ampera di mana ya? ya kak,ask_location_access
Eh Min kasih tau hidden gems Palembang sih,ask_hidden_gems
PIM ada tempat parkir? dong,ask_facilities
Kak Facilities at Benteng Kuto Besak?,ask_facilities
Where is Ampera Bridge?,ask_location_access
Apa itu cryptocurrency?,ask_unrelated
Halo ada yang bisa dibantu?,greet
What should I visit in Palembang??,ask_recommendation
Maaf mau tanya Famous places in Palembang? ya,ask_recommendation
1+1 berapa?,ask_unrelated
Halo Address of Ampera Bridge? dong kak,ask_location_access
Kak Tempat wisata murah di Palembang? dong,ask_recommendation
Famous places in Palembang? sih,ask_recommendation
Info lokasi Monpera dong,ask_location_access
Palembang punya taman apa?,ask_category
Halo Food tourism in Palembang? ya kak,ask_category
hai kak masih aktif?,greet
Halo Rekomendasi wisata untuk liburan singkat deh,ask_recommendation
Maaf mau tanya Museum Sultan Mahmud Badaruddin II lokasinya dimana?,ask_location_access
Kak Jadwal kereta api Jakarta? ya kak,ask_unrelated
Mau nanya dong What time does Kampung Kapitan close? dong kak,ask_operating_hours
Min Pagi kak dong,greet
Maaf mau tanya Mau ke tempat bersejarah di Palembang dong kak,ask_category
Min Min tolong saran wisata dong,ask_recommendation
Destinasi yang LRT accessible? sih,ask_lrt_destinations
Mau tanya dong kak harga tiket Benteng Kuto Besak,ask_ticket_price
Jadwal kereta api Jakarta? dong,ask_unrelated
Bang Kak ada museum gak di Palembang? ya,ask_category
Tourist spots along LRT route? ya,ask_lrt_destinations
Maaf mau tanya Kamu siapa? dong,ask_unrelated
Jadwal kereta api Jakarta? sih,ask_unrelated
Bang Jadwal kereta api Jakarta? sih,ask_unrelated
Berapa biaya masuk ke Taman Kambang Iwak Besak?,ask_ticket_price
Permisi Kamu siapa? sih,ask_unrelated
Permisi Wonderful sih,provide_feedback
Best movies of 2024?,ask_unrelated
Bang Thank you very much sih,goodbye
Halo Bye kak sih,goodbye
Jakabaring buka setiap hari?,ask_operating_hours
Bang Rekomendasi wisata Palembang dong ya kak,ask_recommendation
Apa Fantasy Island bayar?,ask_ticket_price
Kak Min kasih tau hidden gems Palembang sih,ask_hidden_gems
Permisi Rekomendasi wisata Palembang dong ya,ask_recommendation
Permisi Tourist spots along LRT route? sih,ask_lrt_destinations
Maaf mau tanya Kak ada museum gak di Palembang? dong kak,ask_category
Eh Enaknya kemana ya di Palembang? deh,ask_recommendation
Mau nanya dong Wisata tersembunyi di Palembang? sih,ask_hidden_gems
Maaf mau tanya Taxi online di Palembang? ya kak,ask_unrelated
Min Palembang punya museum apa? ya kak,ask_category
Pasar 16 Ilir ada di daerah mana?,ask_location_access
Maaf mau tanya Destinasi wisata sejarah Palembang? deh,ask_category
Kak Rekomendasi wisata yang dekat stasiun LRT dong,ask_lrt_destinations
Museum Balaputra Dewa bayar berapa?,ask_ticket_price
Kak Makasih,goodbye
Maaf mau tanya Min kasih tau hidden gems Palembang ya kak,ask_hidden_gems
Mau nanya dong Oke cukup kak makasih banyak deh,goodbye
Eh Tolong kasih tau wisata dekat LRT dong kak,ask_lrt_destinations
Bang PIM ada tempat parkir? dong,ask_facilities
Min Cara main saham?,ask_unrelated
Halo Lesser known attractions in Palembang? ya kak,ask_hidden_gems
Permisi Info jam buka SMB II dong dong,ask_operating_hours
Info wisata budaya Palembang dong,ask_category
Apa itu Kampung Kapitan?,ask_destination_info
Yo,greet
Benteng Kuto Besak buka jam berapa?,ask_operating_hours
Min Suka deh sih,provide_feedback
Kemaro ada tempat parkir?,ask_facilities
Permisi Rekomendasi wisata Palembang dong dong kak,ask_recommendation
Where can I find cultural tourism in Palembang?,ask_category
Mau nanya dong Rekomendasi wisata untuk liburan singkat ya kak,ask_recommendation
Halo Hai kak masih aktif? dong kak,greet
Halo Cara daftar CPNS gimana? nih,ask_unrelated
Min Pagi kak sih,greet
Min Alternative tourist spots in Palembang? ya,ask_hidden_gems
Halo Jadwal kereta api Jakarta? ya kak,ask_unrelated
Recommend parks in Palembang,ask_category
Bang Kamu siapa? dong,ask_unrelated
Min Tess ya,greet
Destinasi yang dekat stasiun LRT,ask_lrt_destinations
Bisa naik angkot ke Kambang Iwak?,ask_location_access
Kak What time does Kampung Kapitan close? deh,ask_operating_hours
Bang Food tourism in Palembang? dong,ask_category
Jelaskan dong,ask_destination_info
Kak BKB buka jam berapa ya?,ask_operating_hours
Permisi Mau tanya dong kak harga tiket Benteng Kuto Besak dong,ask_ticket_price
Museum Balaputra Dewa fasilitasnya apa aja? dong kak,ask_facilities
Eh Mau ke tempat bersejarah di Palembang ya kak,ask_category
Bang Apakah Jakabaring gratis? dong kak,ask_ticket_price
Permisi Terima kasih infonya dong kak,goodbye
Exactly what I needed,provide_feedback
Destinasi wisata sejarah Palembang? ya kak,ask_category
I'm bored,ask_unrelated
Maaf mau tanya Museum Balaputra Dewa fasilitasnya apa aja? dong kak,ask_facilities
Oke thanks,goodbye
Kak LRT friendly tourist destinations? dong,ask_lrt_destinations
Kapan sih Benteng Kuto Besak buka?,ask_operating_hours
Min Address of Ampera Bridge? deh,ask_location_access
Min Enaknya kemana ya di Palembang? ya,ask_recommendation
Mau nanya dong Benteng Kuto Besak buka jam berapa? deh,ask_operating_hours
Mau nanya dong Enaknya kemana ya di Palembang? nih,ask_recommendation
Halo Lesser known attractions in Palembang?,ask_hidden_gems
"Excuse me, What should I visit in Palembang?",ask_recommendation
I want to know What parks are in Palembang?,ask_category
Halo Tourist spots along LRT route?,ask_lrt_destinations
Eh Cara main saham? ya,ask_unrelated
Recommend museums in Palembang,ask_category
Halo Facilities at Benteng Kuto Besak?,ask_facilities
Is there WiFi at Al-Munawar Arab Village?,ask_facilities
Halo Kamu siapa? sih,ask_unrelated
Mau nanya dong Details about Kambang Iwak Park? nih,ask_destination_info
Please What facilities are available at Jakabaring Sport City? please,ask_facilities
Maaf mau tanya Info wisata budaya Palembang dong sih,ask_category
Permisi Famous places in Palembang? dong,ask_recommendation
Mau nanya dong LRT friendly tourist destinations? ya,ask_lrt_destinations
"Min That's enough, thank you dong",goodbye
Maaf mau tanya Best destinations in Palembang? sih,ask_recommendation
Tempat taman di Palembang?,ask_category
Bisa bantu saya?,greet
Please What should I visit in Palembang? thanks,ask_recommendation
Halo Famous places in Palembang? deh,ask_recommendation
Bang tiket OPI Mall berapa?,ask_ticket_price
Permisi Resep nasi goreng dong deh,ask_unrelated
Wisata yang belum viral di Palembang?,ask_hidden_gems
Bye kak deh,goodbye
Does Punti Kayu Forest have food stalls?,ask_facilities
Bang Cara daftar CPNS gimana? ya,ask_unrelated
Maaf mau tanya Hai kak masih aktif? sih,greet
Lesser known attractions in Palembang? nih,ask_hidden_gems
Bang Oke makasih kak sangat membantu deh,goodbye
Bang Destinasi wisata sejarah Palembang? ya kak,ask_category
Kak Deskripsi Bukit Siguntang sih,ask_destination_info
Eh Apakah Jakabaring gratis?,ask_ticket_price
Min Mau tanya dong kak harga tiket Benteng Kuto Besak sih,ask_ticket_price
Benteng Kuto Besak buka jam berapa? dong,ask_operating_hours
Min Museum Sultan Mahmud Badaruddin II lokasinya dimana? dong kak,ask_location_access
Mau nanya dong Hidden gems in Palembang? ya,ask_hidden_gems
Alamat Palembang Square dimana?,ask_location_access
Mau nanya dong Rekomendasi hidden gems dong kak,ask_hidden_gems
Min Kampung Arab Al-Munawar ada di daerah mana? ya,ask_location_access
Maaf mau tanya Jadwal kereta api Jakarta? ya kak,ask_unrelated
Kenapa Jakabaring Sport City terkenal?,ask_destination_info
Maaf mau tanya Masjid Cheng Ho ada spot foto gak? nih,ask_facilities
Mau nanya dong Chatbot nya bagus ya,provide_feedback
Bang Rekomendasi hidden gems dong kak dong,ask_hidden_gems
Maaf mau tanya Masjid Cheng Ho ada spot foto gak? ya,ask_facilities
Mau nanya dong Min tolong saran wisata dong dong,ask_recommendation
Mau nanya dong Bisa naik LRT ke BKB? ya kak,ask_lrt_destinations
Bang LRT friendly tourist destinations? dong,ask_lrt_destinations
Eh Jadwal kereta api Jakarta? ya kak,ask_unrelated
Kak Any hidden gems to visit? deh,ask_hidden_gems
Famous places in Palembang? ya,ask_recommendation
Halo Hidden gems in Palembang? sih,ask_hidden_gems
SMB II ada di daerah mana?,ask_location_access
Maaf mau tanya Cara daftar CPNS gimana? ya,ask_unrelated
Facilities at Al-Munawar Arab Village?,ask_facilities
Permisi Famous places in Palembang? ya,ask_recommendation
Bang Pagi kak,greet
Tolong kasih tau wisata dekat LRT ya kak,ask_lrt_destinations
Maaf mau tanya Rekomendasi wisata yang dekat stasiun LRT dong,ask_lrt_destinations
food tourism in palembang?,ask_category
Eh Destinasi yang LRT accessible? ya,ask_lrt_destinations
Mau nanya dong Thank you very much sih,goodbye
Mau nanya dong Museum Balaputra Dewa fasilitasnya apa aja? sih,ask_facilities
Bang Suka deh nih,provide_feedback
Mau nanya dong What time does Kampung Kapitan close? nih,ask_operating_hours
Permisi Address of Ampera Bridge? dong kak,ask_location_access
Mau ke Kampung Arab Al-Munawar bayar berapa?,ask_ticket_price
Permisi Recipe for chocolate cake? sih,ask_unrelated
Terima kasih infonya sangat berguna,provide_feedback
Kak berapa harga tiket Kemaro?,ask_ticket_price
Halo Palembang punya museum apa? ya kak,ask_category
Thanks for your help,goodbye
Apa itu Bukit Siguntang?,ask_destination_info
Min Enaknya kemana ya di Palembang? dong kak,ask_recommendation
Permisi Hai kak masih aktif? sih,greet
Kayak apa sih tempatnya?,ask_destination_info
Halo Kampung Arab Al-Munawar ada di daerah mana? dong kak,ask_location_access
Tolong kasih tau wisata dekat LRT sih,ask_lrt_destinations
Rumus pythagoras?,ask_unrelated
Maaf mau tanya Best destinations in Palembang? dong,ask_recommendation
Bisa rekomendasikan tempat wisata?,ask_recommendation
Eh Jam operasionalnya? dong kak,ask_operating_hours
Min Apakah Ampera dekat stasiun LRT? sih,ask_lrt_destinations
Cerita sejarah Kampung Arab Al-Munawar dong,ask_destination_info
Bang PIM gratis gak sih? dong kak,ask_ticket_price
What's the entrance fee at Punti Kayu Forest?,ask_ticket_price
Mau nanya dong Museum Sultan Mahmud Badaruddin II lokasinya dimana? dong,ask_location_access
Berapa duit masuk Jakabaring?,ask_ticket_price
Mau nanya dong Oke cukup kak makasih banyak dong kak,goodbye
"Maaf mau tanya That's enough, thank you ya kak",goodbye
Cukup sekian,goodbye
Min Lesser known attractions in Palembang? nih,ask_hidden_gems
Kak Destinasi yang dekat stasiun LRT? nih,ask_lrt_destinations
Halo What time does Kampung Kapitan close? deh,ask_operating_hours
Eh Hlo deh,greet
Eh Mau ke tempat bersejarah di Palembang sih,ask_category
Mau nanya dong KI itu apa? deh,ask_destination_info
Resep nasi goreng dong,ask_unrelated
Permisi Destinasi yang dekat stasiun LRT? ya kak,ask_lrt_destinations
Destinasi yang LRT accessible? dong kak,ask_lrt_destinations
Maaf mau tanya Recipe for chocolate cake? dong,ask_unrelated
Can you tell me What facilities are available at Jakabaring Sport City? please,ask_facilities
Kak Info wisata budaya Palembang dong deh,ask_category
Bang Lesser known attractions in Palembang? ya,ask_hidden_gems
Min Kampung Arab Al-Munawar ada di daerah mana? deh,ask_location_access
Permisi KI itu apa?,ask_destination_info
Permisi BKB itu tempat apa sih? sih,ask_destination_info
Asalamualaikum,greet
Permisi Bye kak dong,goodbye
Ticket price?,ask_ticket_price
Maaf mau tanya Rekomendasi wisata yang dekat stasiun LRT sih,ask_lrt_destinations
Bang Tolong kasih tau wisata dekat LRT nih,ask_lrt_destinations
Halo What time does Kampung Kapitan close? ya,ask_operating_hours
Halo Palembang punya museum apa? ya,ask_category
Kak KI itu apa? deh,ask_destination_info
Ada fasilitas apa di Palembang Trade Center?,ask_facilities
Permisi Destinasi yang LRT accessible? dong,ask_lrt_destinations
Makasih udah bantu,goodbye
Kak Cara daftar CPNS gimana? sih,ask_unrelated
Eh What time does Kampung Kapitan close? dong,ask_operating_hours
Halo Thank you very much ya kak,goodbye
Kak What time does Kampung Kapitan close? ya kak,ask_operating_hours
Makasih ya kak,goodbye
Mau nanya dong Kak ada museum gak di Palembang?,ask_category
Mau nanya dong Wisata Palembang yang aesthetic tapi sepi? ya kak,ask_hidden_gems
Terima kasih atas informasinya,goodbye
Hidden gems in Palembang? deh,ask_hidden_gems
Bang Rekomendasi hidden gems dong kak ya,ask_hidden_gems
Bang Hlo dong kak,greet
Permisi Info wisata budaya Palembang dong dong,ask_category
5 stars,provide_feedback
Apakah Kambang Iwak gratis?,ask_ticket_price
Min Benteng Kuto Besak buka jam berapa? deh,ask_operating_hours
Jam operasionalnya? ya kak,ask_operating_hours
BKB itu tempat apa sih? ya kak,ask_destination_info
Kak Hidden gems in Palembang?,ask_hidden_gems
Great info,provide_feedback
Kak Apakah Ampera dekat stasiun LRT? deh,ask_lrt_destinations
Taman Kebon Rojo mulai buka jam berapa?,ask_operating_hours
Halo Apakah Jakabaring gratis? ya kak,ask_ticket_price
Jam tutup Pasar 16 Ilir kapan?,ask_operating_hours
Jakabaring fasilitasnya apa aja?,ask_facilities
Maaf mau tanya Deskripsi Bukit Siguntang dong kak,ask_destination_info
Mau nanya dong Rekomendasi wisata yang dekat stasiun LRT ya kak,ask_lrt_destinations
Mau nanya dong Any hidden gems to visit? deh,ask_hidden_gems
Assalamu'alaikum,greet
What time does Kampung Kapitan close? dong kak,ask_operating_hours
Bang Mau tanya dong kak harga tiket Benteng Kuto Besak,ask_ticket_price
Palembang punya museum apa? dong kak,ask_category
Permisi PIM gratis gak sih?,ask_ticket_price
Any museums in Palembang?,ask_category
Bang Destinasi yang LRT accessible? sih,ask_lrt_destinations
Eh Bisa naik LRT ke BKB? ya kak,ask_lrt_destinations
Palembang Square buka setiap hari?,ask_operating_hours
Maaf mau tanya Terima kasih infonya deh,goodbye
Hey What's the location of Ampera Bridge?,ask_location_access
Informasinya membantu,provide_feedback
Min Info jam buka SMB II dong dong,ask_operating_hours
Mau nanya dong Best destinations in Palembang? deh,ask_recommendation
Permisi Terima kasih infonya deh,goodbye
"Permisi That's enough, thank you ya",goodbye
Maaf mau tanya Oke cukup kak makasih banyak ya,goodbye
Min Kamu siapa? ya kak,ask_unrelated
Seru gak Jakabaring?,ask_destination_info
Maaf mau tanya LRT friendly tourist destinations? ya,ask_lrt_destinations
Eh Mau ke tempat bersejarah di Palembang ya,ask_category
Info wisata alam Palembang dong,ask_category
Halo Any hidden gems to visit? ya,ask_hidden_gems
Mau nanya dong Tourist spots along LRT route? sih,ask_lrt_destinations
Kak Tempat wisata murah di Palembang? deh,ask_recommendation
Masuk SMB II gratis atau bayar?,ask_ticket_price
Info tentang Taman Kambang Iwak Besak,ask_destination_info
Eh LRT friendly tourist destinations? ya kak,ask_lrt_destinations
Permisi Food tourism in Palembang? dong kak,ask_category
Mau nanya dong PIM ada tempat parkir? dong kak,ask_facilities
Kak Jelas banget penjelasannya,provide_feedback
Ceritakan tentang dinosaurus,ask_unrelated
BKB itu tempat apa sih? nih,ask_destination_info
Permisi Chatbot nya bagus dong kak,provide_feedback
Permisi Terima kasih infonya ya kak,goodbye
Kak Rekomendasi wisata yang dekat stasiun LRT ya kak,ask_lrt_destinations
Gratis atau bayar?,ask_ticket_price
Permisi Tess sih,greet
Kak Wisata Palembang yang aesthetic tapi sepi? deh,ask_hidden_gems
Permisi That's helpful ya kak,provide_feedback
Kampung Arab Al-Munawar tutup jam berapa?,ask_operating_hours
Halo Ada wifi di Jembatan Ampera? nih,ask_facilities
Kak Tolong kasih tau wisata dekat LRT sih,ask_lrt_destinations
Min Wonderful sih,provide_feedback
Permisi Bisa naik LRT ke BKB? sih,ask_lrt_destinations
Min Rekomendasi wisata Palembang dong nih,ask_recommendation
Great bot,provide_feedback
Mau nanya dong Oke cukup kak makasih banyak ya,goodbye
Permisi Resep nasi goreng dong sih,ask_unrelated
Harga tiket masuk SMB II sekarang berapa?,ask_ticket_price
Permisi Wisata Palembang yang aesthetic tapi sepi?,ask_hidden_gems
Monpera ada spot foto gak?,ask_facilities
Kak Jembatan Ampera di mana ya? deh,ask_location_access
Min Thank you very much dong,goodbye
Info lengkap Museum Balaputra Dewa dong,ask_destination_info
Apakah Kampung Arab Al-Munawar buka hari Minggu?,ask_operating_hours
Kak Taxi online di Palembang? dong kak,ask_unrelated
Kak Bisa naik LRT ke BKB? dong,ask_lrt_destinations
Kak Min tolong saran wisata dong dong kak,ask_recommendation
Popular tourist spots in Palembang?,ask_recommendation
Min PIM ada tempat parkir? dong,ask_facilities
Eh Palembang punya museum apa? ya kak,ask_category
Permisi Kampung Arab Al-Munawar ada di daerah mana? nih,ask_location_access
Infonya oke banget,provide_feedback
Eh What time does Kampung Kapitan close? sih,ask_operating_hours
Min Chatbot nya bagus dong kak,provide_feedback
Kak Palembang punya museum apa? dong,ask_category
Bang Facilities at Benteng Kuto Besak? nih,ask_facilities
Price to enter Grand Mosque of Palembang?,ask_ticket_price
Hutan Wisata Punti Kayu buka jam berapa?,ask_operating_hours
Halo Jembatan Ampera di mana ya?,ask_location_access
"Hi, Do I need to pay to enter Monpera? please",ask_ticket_price
Bang Tolong kasih tau wisata dekat LRT deh,ask_lrt_destinations
Permisi Cara daftar CPNS gimana? ya,ask_unrelated
SMB II fasilitasnya apa aja?,ask_facilities
Any hidden gems to visit? dong,ask_hidden_gems
Help me please sih,greet
Benteng Kuto Besak buka jam berapa? sih,ask_operating_hours
Min PIM ada tempat parkir?,ask_facilities
Maaf mau tanya Hlo sih,greet
Eh PIM ada tempat parkir? sih,ask_facilities
What's the address of Kampung Kapitan?,ask_location_access
Mau nanya dong Kak ada museum gak di Palembang? ya,ask_category
Wisata wisata religi di Palembang apa aja?,ask_category
Jelaskan tentang Masjid Cheng Ho,ask_destination_info
Halo Tolong kasih tau wisata dekat LRT ya,ask_lrt_destinations
OPI Mall ada toilet gak?,ask_facilities
Permisi Wonderful deh,provide_feedback
Is Kampung Kapitan open in the morning? thanks,ask_operating_hours
Min Jelas banget penjelasannya sih,provide_feedback
Kamu siapa? ya kak,ask_unrelated
Maaf mau tanya Destinasi wisata sejarah Palembang? ya,ask_category
Maaf mau tanya Palembang punya museum apa? ya,ask_category
Permisi Cara daftar CPNS gimana? nih,ask_unrelated
Mau ke PIM lewat mana?,ask_location_access
Bang Min kasih tau hidden gems Palembang deh,ask_hidden_gems
Please Exactly what I needed please,provide_feedback
Good afternoon,greet
Jadwal buka PIM kapan ya?,ask_operating_hours
Best things to do in Palembang?,ask_recommendation
Min Jembatan Ampera di mana ya? ya,ask_location_access
Mau nanya dong Alternative tourist spots in Palembang? ya,ask_hidden_gems
Apa Masjid Cheng Ho bayar?,ask_ticket_price
Halo Cara daftar CPNS gimana? dong,ask_unrelated
Makasih dong kak,goodbye
Halo Kampung Arab Al-Munawar ada di daerah mana? sih,ask_location_access
Bang Tourist spots along LRT route? ya kak,ask_lrt_destinations
Mau nanya dong Best destinations in Palembang?,ask_recommendation
Harga tiket masuk Museum Balaputra Dewa sekarang berapa?,ask_ticket_price
any hidden gems to visit?,ask_hidden_gems
Maaf mau tanya Lesser known attractions in Palembang? dong,ask_hidden_gems
Halo Help me please deh,greet
Eh Masjid Cheng Ho ada spot foto gak? ya kak,ask_facilities
Deskripsi Pulau Kemaro,ask_destination_info
Kak Numpang tanya dong ya,greet
Kak Hai kak masih aktif? nih,greet
Thanks,goodbye
Min Excellent information deh,provide_feedback
I want to know Does Jakabaring Sport City have a mosque??,ask_facilities
Maaf mau tanya Suka deh nih,provide_feedback
Maaf mau tanya Cara main saham? deh,ask_unrelated
Min Min tolong saran wisata dong deh,ask_recommendation
Mau ke Taman Kebon Rojo lewat mana?,ask_location_access
Permisi Kamu siapa? ya kak,ask_unrelated
Eh Famous places in Palembang? sih,ask_recommendation
Maaf mau tanya Rekomendasi wisata untuk liburan singkat sih,ask_recommendation
I want to know Do I need to pay to enter Monpera? please,ask_ticket_price
Permisi Tolong kasih tau wisata dekat LRT sih,ask_lrt_destinations
Min Hidden gems in Palembang? sih,ask_hidden_gems
Hay,greet
Naik apa ke Taman Kambang Iwak Besak?,ask_location_access
Halo Terima kasih infonya ya,goodbye
Eh Jadwal kereta api Jakarta? dong,ask_unrelated
Halo Kampung Arab Al-Munawar ada di daerah mana? deh,ask_location_access
Halo Terima kasih infonya dong,goodbye
Info fasilitas Amanzi Waterpark dong,ask_facilities
Permisi Food tourism in Palembang? deh,ask_category
Ada mushola di BKB?,ask_facilities
Maaf mau tanya Palembang punya museum apa? nih,ask_category
Maaf mau tanya Suka sama jawabannya nih,provide_feedback
Di daerah mana?,ask_location_access
Halo TanyaKito,greet
Kak Cara main saham? dong,ask_unrelated
Maaf mau tanya Kampung Arab Al-Munawar ada di daerah mana? dong,ask_location_access
Kak Hai kak masih aktif? ya,greet
Lokasi Kawah Tengkurep dimana kak?,ask_location_access
What's the ticket price?,ask_ticket_price
Amanzi tutup jam berapa?,ask_operating_hours
What is Ampera Bridge?,ask_destination_info
Eh KI itu apa? ya,ask_destination_info
Info harga tiket Taman Kebon Rojo dong kak,ask_ticket_price
Mau nanya dong Enaknya kemana ya di Palembang? ya,ask_recommendation
Jembatan Ampera mulai buka jam berapa?,ask_operating_hours
Bang Wisata tersembunyi di Palembang? ya,ask_hidden_gems
Permisi Masjid Cheng Ho ada spot foto gak? sih,ask_facilities
Kak Thank you very much ya,goodbye
Hey What should I visit in Palembang?,ask_recommendation
Min Wisata Palembang yang aesthetic tapi sepi? deh,ask_hidden_gems
Excellent information?,provide_feedback
Permisi Museum Balaputra Dewa fasilitasnya apa aja? deh,ask_facilities
Min Destinasi wisata sejarah Palembang? nih,ask_category
kamu siapa?,ask_unrelated
Mau tanya dong kak harga tiket Amanzi Waterpark,ask_ticket_price
Eh Oke cukup kak makasih banyak dong kak,goodbye
Please How much is the ticket to Kampung Kapitan? please,ask_ticket_price
Kak Info wisata budaya Palembang dong ya kak,ask_category
Eh Oke makasih kak sangat membantu nih,goodbye
Min Mau tanya dong kak harga tiket Benteng Kuto Besak dong kak,ask_ticket_price
Maaf mau tanya LRT friendly tourist destinations?,ask_lrt_destinations
Min Destinasi wisata sejarah Palembang? sih,ask_category
Suka sama jawabannya nih,provide_feedback
Min Wonderful dong kak,provide_feedback
Eh PIM gratis gak sih? deh,ask_ticket_price
Does Kemaro Island have a mosque?,ask_facilities
Maaf mau tanya KI itu apa? deh,ask_destination_info
Min Mau ke tempat bersejarah di Palembang ya,ask_category
Kak Info jam buka SMB II dong dong,ask_operating_hours
Maaf mau tanya Mau tanya dong kak harga tiket Benteng Kuto Besak dong,ask_ticket_price
Min KI itu apa? ya kak,ask_destination_info
Mau tau tentang Monpera,ask_destination_info
Taman Kebon Rojo ada tempat istirahat?,ask_facilities
Jelaskan tentang Amanzi,ask_destination_info
Bang Best destinations in Palembang? nih,ask_recommendation
Maaf mau tanya Info wisata budaya Palembang dong ya,ask_category
Mau nanya dong Mau ke tempat bersejarah di Palembang sih,ask_category
Mau nanya dong Tess dong,greet
Halo PIM ada tempat parkir? nih,ask_facilities
Mau nanya dong Suka deh nih,provide_feedback
Kak berapa harga tiket Kampung Kapitan?,ask_ticket_price
Mau nanya dong Address of Ampera Bridge? deh,ask_location_access
Kak Wisata apa yang recommended di Palembang? ya,ask_recommendation
Mau nanya dong Palembang punya museum apa? ya,ask_category
Mau nanya dong Min kasih tau hidden gems Palembang deh,ask_hidden_gems
Halo Apakah Jakabaring gratis? sih,ask_ticket_price
Permisi Min kasih tau hidden gems Palembang dong kak,ask_hidden_gems
Kak Numpang tanya dong ya kak,greet
Kak Help me please sih,greet
Permisi Min tolong saran wisata dong,ask_recommendation
Kak Naik apa ke Pasar 16 Ilir? ya,ask_location_access
Permisi Oke cukup kak makasih banyak sih,goodbye
Eh Kampung Arab Al-Munawar ada di daerah mana? ya kak,ask_location_access
Halo Alternative tourist spots in Palembang? ya kak,ask_hidden_gems
Lowongan kerja di Palembang?,ask_unrelated
Tolong kasih tau wisata dekat LRT dong kak,ask_lrt_destinations
Dari pusat kota ke Benteng Kuto Besak berapa lama?,ask_location_access
Kak Jam operasionalnya? nih,ask_operating_hours
Permisi Info wisata budaya Palembang dong dong kak,ask_category
Maaf mau tanya Makasih,goodbye
Kak Jembatan Ampera di mana ya? dong,ask_location_access
What is AI?,ask_unrelated
Eh Bye kak deh,goodbye
Tempat-tempat wisata yang aksesibel LRT?,ask_lrt_destinations
Is Grand Mosque of Palembang open in the morning?,ask_operating_hours
Ada wifi di Jembatan Ampera?,ask_facilities
Review tentang Hutan Wisata Punti Kayu,ask_destination_info
Halo Jam operasionalnya? nih,ask_operating_hours
What's available at Jakabaring Sport City?,ask_facilities
Mau nanya dong Kak ada museum gak di Palembang? deh,ask_category
Kasih tau dong tentang Museum Balaputra Dewa,ask_destination_info
Mau nanya dong Kampung Arab Al-Munawar ada di daerah mana? ya kak,ask_location_access
Eh Bisa naik LRT ke BKB? dong,ask_lrt_destinations
Mau nanya dong Numpang tanya dong dong,greet
Halo Palembang punya museum apa? sih,ask_category
Min Thank you very much dong kak,goodbye
Min That's helpful ya,provide_feedback
Kak Jelas banget penjelasannya dong,provide_feedback
Permisi Benteng Kuto Besak buka jam berapa? ya kak,ask_operating_hours
Benteng Kuto Besak itu apa?,ask_destination_info
Min Cara daftar CPNS gimana?,ask_unrelated
Kak Pagi kak ya,greet
Kak ada museum gak di Palembang? ya,ask_category
What time does Kampung Kapitan close? sih,ask_operating_hours
Mau nanya dong Numpang tanya dong deh,greet
Sore kak,greet
Mau nanya dong Tolong kasih tau wisata dekat LRT ya,ask_lrt_destinations
Maaf mau tanya Oke makasih kak sangat membantu dong kak,goodbye
Bang Oke cukup kak makasih banyak ya kak,goodbye
SMB ada di daerah mana?,ask_location_access
Apotek 24 jam di Palembang?,ask_unrelated
Min Apakah Jakabaring gratis? ya,ask_ticket_price
Pinter ya botnya,provide_feedback
Wonderful?,provide_feedback
Tempat makan di sekitar Museum Sultan Mahmud Badaruddin II ada?,ask_facilities
Rekomendasi wisata yang dekat stasiun LRT sih,ask_lrt_destinations
Bang What time does Kampung Kapitan close? sih,ask_operating_hours
What time does it open?,ask_operating_hours
Permisi Bisa naik LRT ke BKB? deh,ask_lrt_destinations
BKB di mana ya?,ask_location_access
Bang Excellent information,provide_feedback
Eh Destinasi yang LRT accessible? sih,ask_lrt_destinations
KI itu apa? ya,ask_destination_info
Hotels in Jakarta?,ask_unrelated
Hai kak masih aktif? deh,greet
Eh Tolong kasih tau wisata dekat LRT,ask_lrt_destinations
Min Museum Balaputra Dewa fasilitasnya apa aja? deh,ask_facilities
Hey How to move on?,ask_unrelated
Kak Hidden gems in Palembang? ya,ask_hidden_gems
Min Wisata apa yang recommended di Palembang? ya,ask_recommendation
Min LRT friendly tourist destinations?,ask_lrt_destinations
Min Food tourism in Palembang? deh,ask_category
Mau nanya dong Suka sama jawabannya sih,provide_feedback
"Hello, How much is the ticket to Kampung Kapitan??",ask_ticket_price
Permisi Min kasih tau hidden gems Palembang ya,ask_hidden_gems
Maaf mau tanya Rekomendasi wisata untuk liburan singkat nih,ask_recommendation
Eh Info lengkap Punti Kayu dong,ask_destination_info
Halo Suka sama jawabannya dong,provide_feedback
Oke makasih kak sangat membantu,goodbye
Mau nanya dong Destinasi yang dekat stasiun LRT? dong kak,ask_lrt_destinations
What tourism spots are on the LRT line?,ask_lrt_destinations
Eh Taxi online di Palembang? sih,ask_unrelated
Min Info jam buka SMB II dong ya,ask_operating_hours
Destinasi kategori alam?,ask_category
Fasilitas apa saja di Kemaro?,ask_facilities
Permisi Hai kak masih aktif?,greet
Min Famous places in Palembang? sih,ask_recommendation
Permisi BKB itu tempat apa sih?,ask_destination_info
Oke cukup kak makasih banyak dong,goodbye
Maaf mau tanya Tourist spots along LRT route? nih,ask_lrt_destinations
Eh Hidden gems in Palembang? ya kak,ask_hidden_gems
Maaf mau tanya What time does Kampung Kapitan close? dong kak,ask_operating_hours
Permisi Alternative tourist spots in Palembang? dong kak,ask_hidden_gems
Berapa duit masuk Monpera?,ask_ticket_price
Kak Naik apa ke Pasar 16 Ilir? dong,ask_location_access
Info lengkap Palembang Trade Center dong,ask_destination_info
Maaf mau tanya Cara main saham? sih,ask_unrelated
Min Kamu siapa? dong,ask_unrelated
Permisi Help me please,greet
Can you tell me How much is the ticket to Kampung Kapitan? please,ask_ticket_price
Permisi LRT friendly tourist destinations?,ask_lrt_destinations
Taman Kambang Iwak Besak gratis gak sih?,ask_ticket_price
Halo Wisata tersembunyi di Palembang? sih,ask_hidden_gems
Permisi Wisata tersembunyi di Palembang? dong,ask_hidden_gems
"Kak That's enough, thank you dong",goodbye
Please Does Jakabaring Sport City have a mosque? thanks,ask_facilities
Berapa harga tiket masuk Kampung Kapitan?,ask_ticket_price
Kak Wisata tersembunyi di Palembang? ya kak,ask_hidden_gems
Masuk Masjid Agung Palembang gratis atau bayar?,ask_ticket_price
Tempat makan di sekitar SMB ada?,ask_facilities
Permisi Suka sama jawabannya deh,provide_feedback
Bot,greet
Destinasi tersembunyi Palembang ada gak?,ask_hidden_gems
Permisi Palembang punya museum apa? nih,ask_category
Hey Exactly what I needed thanks,provide_feedback
Wisata wisata alam di Palembang apa aja?,ask_category
Fasilitas Al Quran Al Akbar lengkap gak?,ask_facilities
Permisi Museum Sultan Mahmud Badaruddin II lokasinya dimana? ya,ask_location_access
Kenapa KI terkenal?,ask_destination_info
Wisata outdoor Palembang?,ask_category
Address of Ampera Bridge? sih,ask_location_access
Kak That's helpful ya kak,provide_feedback
Permisi Jam operasionalnya? sih,ask_operating_hours
Kak KI itu apa? ya kak,ask_destination_info
Halo Thank you very much dong,goodbye
Mau nanya dong Wonderful ya,provide_feedback
famous places in palembang?,ask_recommendation
Does Jakabaring Sport City have a mosque?,ask_facilities
Mau nanya dong Rekomendasi wisata Palembang dong dong,ask_recommendation
Berapa biaya masuk ke Jakabaring Sport City?,ask_ticket_price
Eh Help me please deh,greet
Bang Jelas banget penjelasannya ya kak,provide_feedback
Min Apakah Jakabaring gratis?,ask_ticket_price
Eh That's helpful ya kak,provide_feedback
Ceritain PTC dong kak,ask_destination_info
Ceritain SMB II dong kak,ask_destination_info
What time does Kampung Kapitan close? ya,ask_operating_hours
Permisi Jadwal kereta api Jakarta? ya kak,ask_unrelated
Naik apa ke Masjid Agung Palembang?,ask_location_access
"Got it, thanks",goodbye
Halo Ada wifi di Jembatan Ampera? sih,ask_facilities
Maaf mau tanya Mau tanya dong kak harga tiket Benteng Kuto Besak sih,ask_ticket_price
Apa Taman Kebon Rojo bayar?,ask_ticket_price
Wisata Palembang yang aesthetic tapi sepi? ya,ask_hidden_gems
Kak ada museum gak di Palembang? deh,ask_category
Apa yang menarik dari Kambang Iwak?,ask_destination_info
Kak Museum Sultan Mahmud Badaruddin II lokasinya dimana? dong kak,ask_location_access
Maaf mau tanya Mau ke tempat bersejarah di Palembang dong,ask_category
Hutan Wisata Punti Kayu ada toilet gak?,ask_facilities
Jembatan Ampera di mana ya?,ask_location_access
Eh Tess deh,greet
Kak Deskripsi Bukit Siguntang ya,ask_destination_info
Kak Palembang punya museum apa? deh,ask_category
Take care,goodbye
Min Chatbot nya bagus dong,provide_feedback
Mau nanya dong Cara daftar CPNS gimana? nih,ask_unrelated
Permisi Palembang punya museum apa? sih,ask_category
Eh Terima kasih infonya nih,goodbye
Maaf mau tanya Rekomendasi wisata Palembang dong ya kak,ask_recommendation
Halo Enaknya kemana ya di Palembang? ya,ask_recommendation
Bang Rekomendasi wisata untuk liburan singkat ya kak,ask_recommendation
Maaf mau tanya Deskripsi Bukit Siguntang sih,ask_destination_info
Eh Oke makasih kak sangat membantu,goodbye
Waalaikumsalam,goodbye
Bang Wisata Palembang yang aesthetic tapi sepi? dong,ask_hidden_gems
"Hey, anyone there?",greet
Permisi Pagi kak nih,greet
Wisata yang aksesnya lewat LRT apa aja?,ask_lrt_destinations
Maaf mau tanya Mau ke tempat bersejarah di Palembang deh,ask_category
Dari mana ke Siguntang?,ask_location_access
Famous places in Palembang? ya kak,ask_recommendation
Kak Jembatan Ampera di mana ya? dong kak,ask_location_access
"That's enough, thank you nih",goodbye
Apa itu Al Quran Al Akbar?,ask_destination_info
Maaf mau tanya Hidden gems in Palembang?,ask_hidden_gems
Maaf mau tanya Tourist spots along LRT route? dong kak,ask_lrt_destinations
Naik apa ke Museum Balaputra Dewa?,ask_location_access
Bukit Siguntang gratis gak sih?,ask_ticket_price
Mau nanya dong Jembatan Ampera di mana ya?,ask_location_access
Mau tau tentang Kampung Kapitan,ask_destination_info
Amanzi terkenal karena apa?,ask_destination_info
Kamu siapa? dong kak,ask_unrelated
Mau nanya dong Lesser known attractions in Palembang? ya,ask_hidden_gems
Maaf mau tanya Jam operasionalnya? dong,ask_operating_hours
Mau nanya dong Wonderful sih,provide_feedback
"Hello, Do I need to pay to enter Monpera??",ask_ticket_price
"Hello, I'm looking for help",greet
Maaf mau tanya Destinasi yang dekat stasiun LRT? dong,ask_lrt_destinations
Ada wisata yang jarang orang tau?,ask_hidden_gems
Kak mau tanya,greet
Canggih botnya,provide_feedback
Bagaimana cara ke Ampera?,ask_location_access
Please Do I need to pay to enter Monpera? please,ask_ticket_price
Maaf mau tanya Taxi online di Palembang? nih,ask_unrelated
What's love?,ask_unrelated
Mau nanya dong Lesser known attractions in Palembang? nih,ask_hidden_gems
Kapan Taman Kambang Iwak Besak buka?,ask_operating_hours
Mau nanya dong Museum Sultan Mahmud Badaruddin II lokasinya dimana? sih,ask_location_access
Mau nanya dong Jelas banget penjelasannya ya,provide_feedback
Permisi Wonderful nih,provide_feedback
Maaf mau tanya Apakah Jakabaring gratis?,ask_ticket_price
Tolong kasih tau alamat Palembang Trade Center,ask_location_access
Halo LRT friendly tourist destinations? nih,ask_lrt_destinations
Bang Rekomendasi hidden gems dong kak dong kak,ask_hidden_gems
Mau nanya dong Palembang punya museum apa? nih,ask_category
"Hi, Exactly what I needed thanks",provide_feedback
"Eh That's enough, thank you sih",goodbye
Hey How to move on??,ask_unrelated
Mau nanya dong Info lengkap Punti Kayu dong sih,ask_destination_info
Maaf mau tanya Bye kak sih,goodbye
Mau nanya dong Wisata tersembunyi di Palembang? dong,ask_hidden_gems
Eh Palembang punya museum apa? dong,ask_category
Kak Jelas banget penjelasannya ya kak,provide_feedback
Kak ada museum gak di Palembang,ask_category
Permisi Wisata tersembunyi di Palembang? nih,ask_hidden_gems
"Thanks, see you next time",goodbye
Bang Alternative tourist spots in Palembang? ya kak,ask_hidden_gems
Permisi Bisa naik LRT ke BKB? dong,ask_lrt_destinations
Permisi Info lengkap Punti Kayu dong nih,ask_destination_info
Parks in Palembang?,ask_category
Maaf mau tanya Hidden gems in Palembang? sih,ask_hidden_gems
"Excuse me, Do I need to pay to enter Monpera? thanks",ask_ticket_price
Kapan PTC buka?,ask_operating_hours
Eh Jam operasionalnya? ya kak,ask_operating_hours
BKB itu tempat apa sih? dong kak,ask_destination_info
How do I get to Punti Kayu Forest?,ask_location_access
Help me please ya kak,greet
Kak Facilities at Benteng Kuto Besak? dong,ask_facilities
Mau nanya dong Food tourism in Palembang? ya,ask_category
Halo Bye kak dong kak,goodbye
Jam operasional Bukit Siguntang?,ask_operating_hours
Museum Sultan Mahmud Badaruddin II lokasinya dimana?,ask_location_access
Maaf mau tanya Thank you very much dong,goodbye
Halo Bisa naik LRT ke BKB? ya kak,ask_lrt_destinations
Info lengkap SMB dong,ask_destination_info
Min Rekomendasi wisata yang dekat stasiun LRT,ask_lrt_destinations
Location of Sultan Mahmud Badaruddin II Museum?,ask_location_access
Min Destinasi yang LRT accessible? ya kak,ask_lrt_destinations
Thank you,goodbye
Mau nanya dong Benteng Kuto Besak buka jam berapa? sih,ask_operating_hours
Kak Permisi kak nih,greet
SMB ada tempat istirahat?,ask_facilities
Bang Facilities at Benteng Kuto Besak? dong kak,ask_facilities
Maaf mau tanya Hai kak masih aktif? dong,greet
SMB II gratis gak sih?,ask_ticket_price
Info lokasi KI dong,ask_location_access
Kak Tempat wisata murah di Palembang? ya,ask_recommendation
Kak Jadwal kereta api Jakarta? dong,ask_unrelated
Min Jadwal kereta api Jakarta? dong,ask_unrelated
Min harga masuk Amanzi Waterpark berapa?,ask_ticket_price
"Hello, Exactly what I needed thanks",provide_feedback
Eh Wonderful sih,provide_feedback
Selaamt pagi,greet
How do I get to Sultan Mahmud Badaruddin II Museum?,ask_location_access
Masjid Agung Palembang bayar berapa?,ask_ticket_price
Bang Hlo nih,greet
Amanzi Waterpark buka hari apa aja?,ask_operating_hours
Eh Jelas banget penjelasannya dong,provide_feedback
Kak Ada wifi di Jembatan Ampera? ya,ask_facilities
Mau nanya dong Oke cukup kak makasih banyak sih,goodbye
Any parks in Palembang?,ask_category
Jam operasional Palembang Square?,ask_operating_hours
Kak Address of Ampera Bridge? deh,ask_location_access
Min Chatbot nya bagus sih,provide_feedback
Eh Wonderful deh,provide_feedback
Maaf mau tanya KI itu apa? sih,ask_destination_info
Eh Tess dong kak,greet
Eh Destinasi yang dekat stasiun LRT? ya,ask_lrt_destinations
Permisi Benteng Kuto Besak buka jam berapa? deh,ask_operating_hours
Eh Info wisata budaya Palembang dong sih,ask_category
Bang KI itu apa? dong kak,ask_destination_info
Kak Ada wifi di Jembatan Ampera? nih,ask_facilities
Kak Address of Ampera Bridge? ya kak,ask_location_access
Stasiun LRT dekat tempat wisata?,ask_lrt_destinations
Mau nanya dong Museum Balaputra Dewa fasilitasnya apa aja? dong kak,ask_facilities
Wisata Palembang yang aesthetic tapi sepi,ask_hidden_gems
How to move on,ask_unrelated
Can you tell me What parks are in Palembang?,ask_category
Is Kampung Kapitan open in the morning? please,ask_operating_hours
Min Permisi kak ya,greet
Eh Jembatan Ampera di mana ya?,ask_location_access
Cara daftar CPNS gimana,ask_unrelated
Eh What time does Kampung Kapitan close? deh,ask_operating_hours
Permisi Facilities at Benteng Kuto Besak? dong,ask_facilities
Permisi What time does Kampung Kapitan close?,ask_operating_hours
Apakah Jembatan Ampera buka hari Minggu?,ask_operating_hours
Mau ke PIM bayar berapa?,ask_ticket_price
Min PIM gratis gak sih? sih,ask_ticket_price
Eh Museum Sultan Mahmud Badaruddin II lokasinya dimana?,ask_location_access
Bang Museum Sultan Mahmud Badaruddin II lokasinya dimana?,ask_location_access
Mau nanya dong What time does Kampung Kapitan close? deh,ask_operating_hours
Famous places in Palembang? dong kak,ask_recommendation
Kak Thank you very much dong,goodbye
Mau nanya dong That's helpful,provide_feedback
Chatbot nya bagus ya kak,provide_feedback
Permisi Thank you very much nih,goodbye
Bang What time does Kampung Kapitan close? nih,ask_operating_hours
Eh Museum Balaputra Dewa fasilitasnya apa aja?,ask_facilities
Min Recipe for chocolate cake? sih,ask_unrelated
Maaf mau tanya Wonderful dong kak,provide_feedback
Makasih infonya,goodbye
Kampung Kapitan jauh gak dari pusat kota?,ask_location_access
Mau nanya dong Info wisata budaya Palembang dong ya,ask_category
Halo Recipe for chocolate cake? ya,ask_unrelated
Halo Museum Balaputra Dewa fasilitasnya apa aja? dong,ask_facilities
Bang Address of Ampera Bridge? dong,ask_location_access
Min Taxi online di Palembang? dong kak,ask_unrelated
Ping,greet
Maaf mau tanya Enaknya kemana ya di Palembang?,ask_recommendation
Hari ini Masjid Agung Palembang buka gak ya?,ask_operating_hours
Kak Tolong kasih tau wisata dekat LRT deh,ask_lrt_destinations
Eh Numpang tanya dong ya,greet
Wisata tersembunyi di Palembang? ya kak,ask_hidden_gems
Mantap kak,provide_feedback
"Hello, What's the location of Ampera Bridge?",ask_location_access
Is admission to Benteng Kuto Besak free?,ask_ticket_price
Mau nanya dong Cara daftar CPNS gimana? dong kak,ask_unrelated
Bang PIM ada tempat parkir? nih,ask_facilities
what should i visit in palembang?,ask_recommendation
Eh Makasih ya kak,goodbye
Permisi Info jam buka SMB II dong sih,ask_operating_hours
Hai kak masih aktif? dong kak,greet
Tourist spots along LRT route? deh,ask_lrt_destinations
Jadwal buka Siguntang kapan ya?,ask_operating_hours
Dari jam berapa Ampera buka?,ask_operating_hours
What's the ticket price for Monpera?,ask_ticket_price
What facilities are available at Grand Mosque of Palembang?,ask_facilities
Halo Destinasi yang dekat stasiun LRT? dong,ask_lrt_destinations
Eh Oke makasih kak sangat membantu dong kak,goodbye
Min Numpang tanya dong,greet
Bang Apakah Ampera dekat stasiun LRT? dong,ask_lrt_destinations
Info harga tiket Hutan Wisata Punti Kayu dong kak,ask_ticket_price
Halo Chatbot nya bagus ya kak,provide_feedback
Akses ke Al Quran Al Akbar mudah gak?,ask_location_access
enaknya kemana ya di palembang?,ask_recommendation
Review tentang OPI Mall,ask_destination_info
Min Destinasi yang dekat stasiun LRT? ya kak,ask_lrt_destinations
Wisata Palembang yang aesthetic tapi sepi? nih,ask_hidden_gems
Bang Makasih dong,goodbye
Permisi Tourist spots along LRT route? dong,ask_lrt_destinations
Bang Info lengkap Punti Kayu dong sih,ask_destination_info
Maaf mau tanya PIM gratis gak sih? sih,ask_ticket_price
Jakabaring aksesnya lewat LRT bisa?,ask_lrt_destinations
Eh Jembatan Ampera di mana ya? dong kak,ask_location_access
Min Kamu siapa? nih,ask_unrelated
Masjid Cheng Ho ada spot foto gak?,ask_facilities
Palembang Icon mulai buka jam berapa?,ask_operating_hours
Ada wisata alam di Palembang?,ask_category
Fasilitas pendukung Kawah Tengkurep?,ask_facilities
Permisi Thank you very much sih,goodbye
Eh Tess sih,greet
Min Jam operasionalnya? dong,ask_operating_hours
Halo Mau tanya dong kak harga tiket Benteng Kuto Besak sih,ask_ticket_price
Bang Museum Balaputra Dewa fasilitasnya apa aja? dong kak,ask_facilities
Permisi Best destinations in Palembang? sih,ask_recommendation
Min Kampung Arab Al-Munawar ada di daerah mana? ya kak,ask_location_access
Naik LRT bisa ke wisata mana aja?,ask_lrt_destinations
Min Bisa naik LRT ke BKB?,ask_lrt_destinations
Maaf mau tanya Best destinations in Palembang? ya,ask_recommendation
Permisi Alternative tourist spots in Palembang? ya kak,ask_hidden_gems
Min kasih tau hidden gems Palembang ya kak,ask_hidden_gems
Eh Bye kak sih,goodbye
Berapa biaya masuk ke Kampung Kapitan?,ask_ticket_price
Permisi Oke makasih kak sangat membantu ya,goodbye
Kak Pagi kak dong,greet
Bang Excellent information sih,provide_feedback
Maaf mau tanya What time does Kampung Kapitan close?,ask_operating_hours
Bang Destinasi yang dekat stasiun LRT? nih,ask_lrt_destinations
"Hi, How much is the ticket to Kampung Kapitan? thanks",ask_ticket_price
Permisi Pagi kak,greet
"Hello, How much is the ticket to Kampung Kapitan? please",ask_ticket_price
Halo Mau tanya dong kak harga tiket Benteng Kuto Besak dong kak,ask_ticket_price
Arah ke Al Quran Al Akbar gimana?,ask_location_access
Min Rekomendasi wisata untuk liburan singkat nih,ask_recommendation
Halo Deskripsi Bukit Siguntang deh,ask_destination_info
Kak Destinasi yang LRT accessible? nih,ask_lrt_destinations
Bang Jelas banget penjelasannya sih,provide_feedback
Tourist spots along LRT route? dong,ask_lrt_destinations
Halo Palembang punya museum apa?,ask_category
Halo Bye kak ya,goodbye
Min Lesser known attractions in Palembang? ya,ask_hidden_gems
Nature spots in Palembang?,ask_category
"Min That's enough, thank you deh",goodbye
Min Facilities at Benteng Kuto Besak? sih,ask_facilities
Eh Makasih nih,goodbye
Min Tolong kasih tau wisata dekat LRT deh,ask_lrt_destinations
Ada gak wisata yang bisa ditempuh LRT?,ask_lrt_destinations
Bang Deskripsi Bukit Siguntang nih,ask_destination_info
Mau nanya dong Oke makasih kak sangat membantu ya kak,goodbye
Maaf mau tanya Palembang punya museum apa? sih,ask_category
Bang Bye kak ya kak,goodbye
Eh Kamu siapa?,ask_unrelated
Maaf mau tanya Hlo dong kak,greet
"Mau nanya dong That's enough, thank you ya kak",goodbye
Hey What should I visit in Palembang? thanks,ask_recommendation
When does Al-Munawar Arab Village close?,ask_operating_hours
Mau nanya dong Suka deh,provide_feedback
Halo Rekomendasi wisata Palembang dong,ask_recommendation
"Hello, What facilities are available at Jakabaring Sport City?",ask_facilities
Wisata Palembang yang aesthetic tapi sepi?,ask_hidden_gems
Maaf mau tanya Wisata apa yang recommended di Palembang? dong,ask_recommendation
Min Hlo ya kak,greet
Kak dimana ya Hutan Wisata Punti Kayu?,ask_location_access
Opening hours?,ask_operating_hours
Bang Benteng Kuto Besak buka jam berapa? dong kak,ask_operating_hours
Info jam buka SMB II dong,ask_operating_hours
Can I take public transport to Monpera?,ask_location_access
Bang Info lengkap Punti Kayu dong nih,ask_destination_info
Bang Hai kak masih aktif? dong kak,greet
Halo Suka deh dong,provide_feedback
Apakah Jakabaring gratis? dong,ask_ticket_price
Eh Famous places in Palembang? deh,ask_recommendation
Kak dimana ya Jakabaring Sport City?,ask_location_access
Maaf mau tanya Info wisata budaya Palembang dong nih,ask_category
PIM bayar berapa?,ask_ticket_price
Maaf mau tanya Enaknya kemana ya di Palembang? ya,ask_recommendation
Bang Min kasih tau hidden gems Palembang ya kak,ask_hidden_gems
Min Masjid Cheng Ho ada spot foto gak? dong,ask_facilities
Bang PIM ada tempat parkir? sih,ask_facilities
Min Apakah Ampera dekat stasiun LRT? nih,ask_lrt_destinations
Maaf mau tanya Oke makasih kak sangat membantu dong,goodbye
Maaf mau tanya Excellent information,provide_feedback
Gimana Masjid Agung Palembang?,ask_destination_info
Bayar berapa kalo masuk Al Quran Al Akbar?,ask_ticket_price
"Permisi That's enough, thank you sih",goodbye
Min alamat Benteng Kuto Besak apa ya?,ask_location_access
Bukit Siguntang ada tempat parkir?,ask_facilities
Eh What time does Kampung Kapitan close? ya,ask_operating_hours
Oke sip makasih,goodbye
Permisi BKB itu tempat apa sih? nih,ask_destination_info
Hey Does Jakabaring Sport City have a mosque? please,ask_facilities
Is Al-Munawar Arab Village worth visiting?,ask_destination_info
Hey What parks are in Palembang? thanks,ask_category
Kak Details about Kambang Iwak Park? ya,ask_destination_info
Mau nanya dong Excellent information deh,provide_feedback
Permisi Pagi kak dong kak,greet
Eh Best destinations in Palembang? ya,ask_recommendation
Halo Best destinations in Palembang? ya,ask_recommendation
Bang Wonderful ya kak,provide_feedback
What can I see at Ampera Bridge?,ask_destination_info
Kak Excellent information nih,provide_feedback
What's the location of Ampera Bridge?,ask_location_access
Tempat masjid di Palembang?,ask_category
Suka sama jawabannya deh,provide_feedback
bye kak,goodbye
Oke segitu dulu,goodbye
"Excuse me, Do I need to pay to enter Monpera? please",ask_ticket_price
Eh Rekomendasi hidden gems dong kak ya kak,ask_hidden_gems
Eh Cara main saham? ya kak,ask_unrelated
Halo Oke cukup kak makasih banyak nih,goodbye
Bang Mau tanya dong kak harga tiket Benteng Kuto Besak sih,ask_ticket_price
Wisata weekend di Palembang?,ask_recommendation
Kak Tess sih,greet
Describe Punti Kayu Forest,ask_destination_info
Please What parks are in Palembang??,ask_category
Eh Cara daftar CPNS gimana?,ask_unrelated
Fasilitas Kemaro lengkap gak?,ask_facilities
Info fasilitas Kawah Tengkurep dong,ask_facilities
Kak wisata yang bisa naik LRT apa aja?,ask_lrt_destinations
Mau nanya dong Jembatan Ampera di mana ya? ya kak,ask_location_access
Mau jalan-jalan pakai LRT bisa kemana?,ask_lrt_destinations
Halo Destinasi wisata sejarah Palembang? dong kak,ask_category
Halo Palembang punya museum apa? dong,ask_category
Maaf mau tanya Min kasih tau hidden gems Palembang sih,ask_hidden_gems
Min That's helpful ya kak,provide_feedback
Wisata yang paling dekat LRT?,ask_lrt_destinations
Eh Terima kasih infonya dong,goodbye
Apakah Taman Kambang Iwak Besak buka hari Minggu?,ask_operating_hours
BKB itu tempat apa sih,ask_destination_info
Apakah Punti Kayu gratis?,ask_ticket_price
Permisi Cara main saham? deh,ask_unrelated
Permisi Rekomendasi hidden gems dong kak,ask_hidden_gems
Halo Facilities at Benteng Kuto Besak? dong,ask_facilities
Mau nanya dong Museum Balaputra Dewa fasilitasnya apa aja? ya,ask_facilities
Eh Apakah Jakabaring gratis? dong kak,ask_ticket_price
Apa keunikan SMB?,ask_destination_info
Jembatan Ampera di mana ya? dong,ask_location_access
Eh Wisata tersembunyi di Palembang? ya kak,ask_hidden_gems
Fasilitas apa saja di PTC?,ask_facilities
Maaf mau tanya Rekomendasi wisata Palembang dong,ask_recommendation
Maaf mau tanya Suka sama jawabannya,provide_feedback
Bang Benteng Kuto Besak buka jam berapa? ya kak,ask_operating_hours
Cara main saham? sih,ask_unrelated
Lokasi Kambang Iwak dimana kak?,ask_location_access
Museum Balaputra Dewa fasilitasnya apa aja? sih,ask_facilities
Halo Rekomendasi wisata Palembang dong ya,ask_recommendation
Maaf mau tanya Recipe for chocolate cake? ya kak,ask_unrelated
Halo Wisata tersembunyi di Palembang? nih,ask_hidden_gems
Mau ke Taman Kebon Rojo bayar berapa?,ask_ticket_price
Kak Wisata tersembunyi di Palembang? dong kak,ask_hidden_gems
Halo Wisata apa yang recommended di Palembang? deh,ask_recommendation
"Bang That's enough, thank you",goodbye
Bang Wisata apa yang recommended di Palembang? ya,ask_recommendation
Kak Any hidden gems to visit?,ask_hidden_gems
Arah ke Jakabaring gimana?,ask_location_access
Kak Facilities at Benteng Kuto Besak? ya kak,ask_facilities
List of religious tourism in Palembang?,ask_category
Min Wisata apa yang recommended di Palembang? dong kak,ask_recommendation
Eh Rekomendasi wisata untuk liburan singkat deh,ask_recommendation
Eh Excellent information sih,provide_feedback
Berapa harga tiket masuk Hutan Wisata Punti Kayu?,ask_ticket_price
Kak Jadwal kereta api Jakarta? ya,ask_unrelated
Best destinations in Palembang? ya kak,ask_recommendation
"Kak That's enough, thank you ya",goodbye
Maaf mau tanya Kamu siapa? nih,ask_unrelated
Cara daftar CPNS gimana?,ask_unrelated
Bisa naik LRT ke BKB? dong kak,ask_lrt_destinations
Min Suka sama jawabannya dong kak,provide_feedback
Min Destinasi wisata sejarah Palembang? dong kak,ask_category
Kenapa Siguntang terkenal?,ask_destination_info
Eh Wisata tersembunyi di Palembang? nih,ask_hidden_gems
Halo Apakah Jakabaring gratis?,ask_ticket_price
Halo Mau tanya dong kak harga tiket Benteng Kuto Besak dong,ask_ticket_price
"Kak That's enough, thank you deh",goodbye
Eh Benteng Kuto Besak buka jam berapa? ya,ask_operating_hours
Halo Bye kak deh,goodbye
Kak Recipe for chocolate cake? ya kak,ask_unrelated
Bang Kampung Arab Al-Munawar ada di daerah mana? dong,ask_location_access
Berapa harga tiket masuk Masjid Agung Palembang?,ask_ticket_price
Apakah Taman Kebon Rojo buka hari Minggu?,ask_operating_hours
Maaf mau tanya That's helpful sih,provide_feedback
Review tentang BKB,ask_destination_info
Eh Recipe for chocolate cake? ya kak,ask_unrelated
Maaf mau tanya Tolong kasih tau wisata dekat LRT deh,ask_lrt_destinations
What cultural tourism are in Palembang?,ask_category
Kawah Tengkurep buka sampai malam gak?,ask_operating_hours
Directions to Jakabaring Sport City?,ask_location_access
Halo Rekomendasi hidden gems dong kak dong kak,ask_hidden_gems
Naik apa ke Palembang Square?,ask_location_access
Kak Rekomendasi wisata untuk liburan singkat nih,ask_recommendation
Food tourism in Palembang? dong kak,ask_category
Mau nanya dong Rekomendasi wisata Palembang dong sih,ask_recommendation
Permisi Pagi kak sih,greet
"Halo That's enough, thank you nih",goodbye
Min Facilities at Benteng Kuto Besak? ya kak,ask_facilities
Parkiran Kampung Arab Al-Munawar luas gak?,ask_facilities
Halo Oke cukup kak makasih banyak ya kak,goodbye
Food tourism in Palembang? dong,ask_category
Kak Best destinations in Palembang? ya kak,ask_recommendation
Min Terima kasih infonya deh,goodbye
Maaf mau tanya Museum Balaputra Dewa fasilitasnya apa aja? sih,ask_facilities
Eh Bye kak,goodbye
Halo Destinasi yang dekat stasiun LRT? ya,ask_lrt_destinations
Bang Bye kak dong kak,goodbye
PIM gratis gak sih? deh,ask_ticket_price
Kak Cara main saham? sih,ask_unrelated
Eh Wonderful dong kak,provide_feedback
Maaf mau tanya Excellent information dong,provide_feedback
Maaf mau tanya Min tolong saran wisata dong dong kak,ask_recommendation
Bang Any hidden gems to visit? ya,ask_hidden_gems
Maaf mau tanya Oke cukup kak makasih banyak,goodbye
Permisi That's helpful ya,provide_feedback
Hai kak masih aktif? dong,greet
Maaf mau tanya Jadwal kereta api Jakarta? sih,ask_unrelated
Eh Lesser known attractions in Palembang? dong kak,ask_hidden_gems
Maaf mau tanya Kak ada museum gak di Palembang? sih,ask_category
Halo Ada wifi di Jembatan Ampera? dong kak,ask_facilities
Bang PIM ada tempat parkir? ya,ask_facilities
Kak Terima kasih infonya nih,goodbye
Kak Destinasi yang dekat stasiun LRT? ya,ask_lrt_destinations
Min Mau tanya dong kak harga tiket Benteng Kuto Besak dong,ask_ticket_price
Mau nanya dong Info jam buka SMB II dong ya kak,ask_operating_hours
Jelas banget penjelasannya deh,provide_feedback
Maaf mau tanya That's helpful ya,provide_feedback
Dari jam berapa PIM buka?,ask_operating_hours
Kak Rekomendasi wisata Palembang dong dong,ask_recommendation
Rekomendasi wisata untuk liburan singkat dong kak,ask_recommendation
Bang Thank you very much ya kak,goodbye
Mau nanya dong Destinasi wisata sejarah Palembang? dong,ask_category
Bang Info lengkap Punti Kayu dong ya kak,ask_destination_info
Min Kalo hari Sabtu Kawah Tengkurep buka? ya kak,ask_operating_hours
Bang Tess sih,greet
Mau nanya dong Food tourism in Palembang?,ask_category
Misi,greet
Min Hlo ya,greet
Kak Museum Sultan Mahmud Badaruddin II lokasinya dimana? nih,ask_location_access
Eh Chatbot nya bagus ya kak,provide_feedback
Kak Thank you nih,goodbye
Eh Wisata Palembang yang aesthetic tapi sepi? dong kak,ask_hidden_gems
Rekomendasi hidden gems dong kak nih,ask_hidden_gems
Eh Destinasi yang dekat stasiun LRT? dong kak,ask_lrt_destinations
Bang Museum Sultan Mahmud Badaruddin II lokasinya dimana? deh,ask_location_access
Bang Rekomendasi wisata untuk liburan singkat nih,ask_recommendation
Kak Numpang tanya dong sih,greet
Eh Kamu siapa? ya kak,ask_unrelated
Info lokasi Kemaro dong,ask_location_access
Mau nanya dong Tess deh,greet
Bang KI itu apa? ya kak,ask_destination_info
Bang Food tourism in Palembang? nih,ask_category
Mau nanya dong Kamu siapa? deh,ask_unrelated
Min Wisata tersembunyi di Palembang? ya kak,ask_hidden_gems
Kak fasilitas Museum Balaputra Dewa apa aja ya?,ask_facilities
Eh Wisata apa yang recommended di Palembang? ya kak,ask_recommendation
Eh Oke makasih kak sangat membantu sih,goodbye
Mau cari masjid di Palembang,ask_category
How much is the admission to Grand Mosque of Palembang?,ask_ticket_price
Masjid Agung Palembang terkenal karena apa?,ask_destination_info
Permisi Jembatan Ampera di mana ya? deh,ask_location_access
Permisi LRT friendly tourist destinations? nih,ask_lrt_destinations
Min Help me please ya,greet
Maaf mau tanya Best destinations in Palembang? ya kak,ask_recommendation
Baiklah terima kasih banyak,goodbye
Apakah SMB II buka 24 jam?,ask_operating_hours
Bang Oke cukup kak makasih banyak deh,goodbye
Mau tanya harga tiket Museum Balaputra Dewa,ask_ticket_price
Mau tau sejarah Jembatan Ampera,ask_destination_info
Kak Bye kak ya kak,goodbye
Jadwal kereta api Jakarta?,ask_unrelated
Permisi Makasih sih,goodbye
Wisata air di Palembang ada?,ask_category
Min Jembatan Ampera di mana ya? ya kak,ask_location_access
Kak Terima kasih infonya dong,goodbye
Sore min,greet
Alamatnya dimana?,ask_location_access
Ke SMB II bayar berapa ya?,ask_ticket_price
PIM ada tempat parkir? dong kak,ask_facilities
What's 2+2?,ask_unrelated
Eh Address of Ampera Bridge? dong kak,ask_location_access
Eh Wisata apa yang recommended di Palembang? dong,ask_recommendation
Al Quran Al Akbar bagus gak?,ask_destination_info
"Hello, What should I visit in Palembang?",ask_recommendation
Mau nanya dong Rekomendasi wisata untuk liburan singkat dong kak,ask_recommendation
Dimana lokasi BKB?,ask_location_access
I want to know How to move on?,ask_unrelated
Min harga masuk Hutan Wisata Punti Kayu berapa?,ask_ticket_price
Do I need to pay to enter Benteng Kuto Besak?,ask_ticket_price
Min Help me please dong,greet
Tempat makan di sekitar Monpera ada?,ask_facilities
Bang Lesser known attractions in Palembang? sih,ask_hidden_gems
Halo Rekomendasi wisata untuk liburan singkat dong kak,ask_recommendation
Min Apakah Ampera dekat stasiun LRT? dong,ask_lrt_destinations
Maaf mau tanya Mau tanya dong kak harga tiket Benteng Kuto Besak,ask_ticket_price
Info wisata kuliner Palembang dong,ask_category
Bang Chatbot nya bagus sih,provide_feedback
Rekomendasi wisata Palembang dong dong,ask_recommendation
Min Enaknya kemana ya di Palembang? dong,ask_recommendation
Maaf mau tanya Hidden gems in Palembang? ya kak,ask_hidden_gems
Jam operasional Amanzi Waterpark?,ask_operating_hours
Min Rekomendasi wisata Palembang dong,ask_recommendation
Cara main saham? ya,ask_unrelated
Min Rekomendasi wisata Palembang dong ya,ask_recommendation
What's the address of Punti Kayu Forest?,ask_location_access
Eh Famous places in Palembang? ya kak,ask_recommendation
Min What time does Kampung Kapitan close? ya kak,ask_operating_hours
"Permisi That's enough, thank you deh",goodbye
Halo Apakah Jakabaring gratis? ya,ask_ticket_price
Eh Hidden gems in Palembang? deh,ask_hidden_gems
Eh Chatbot nya bagus deh,provide_feedback
Mau nanya dong Oke cukup kak makasih banyak ya kak,goodbye
Kak Info lengkap Punti Kayu dong deh,ask_destination_info
Maaf mau tanya Bisa naik LRT ke BKB?,ask_lrt_destinations
Maaf mau tanya Makasih dong,goodbye
Mau nanya dong LRT friendly tourist destinations? nih,ask_lrt_destinations
Bang Famous places in Palembang? sih,ask_recommendation
Bang tiket SMB II berapa?,ask_ticket_price
Address of Ampera Bridge?,ask_location_access
"Hi, Does Jakabaring Sport City have a mosque?",ask_facilities
Kak Suka sama jawabannya deh,provide_feedback
Kak Address of Ampera Bridge?,ask_location_access
Al Quran Al Akbar buka hari apa aja?,ask_operating_hours
Apa itu machine learning?,ask_unrelated
Permisi Oke cukup kak makasih banyak dong kak,goodbye
Maaf mau tanya Chatbot nya bagus dong,provide_feedback
Eh Info wisata budaya Palembang dong dong,ask_category
Halo permisi,greet
Please How to move on??,ask_unrelated
Underrated tourist spots in Palembang?,ask_hidden_gems
Hi bot,greet
Halo Address of Ampera Bridge? ya,ask_location_access
Kapan sih Kampung Arab Al-Munawar buka?,ask_operating_hours
Ceritakan tentang Palembang Icon,ask_destination_info
Eh Benteng Kuto Besak buka jam berapa? nih,ask_operating_hours
Permisi Permisi kak nih,greet
Bang Info wisata budaya Palembang dong ya kak,ask_category
Maaf mau tanya Destinasi yang LRT accessible? dong kak,ask_lrt_destinations
Maaf mau tanya Recipe for chocolate cake? ya,ask_unrelated
Eh Food tourism in Palembang?,ask_category
Halo Hidden gems in Palembang? dong,ask_hidden_gems
Mau nanya dong Museum Balaputra Dewa fasilitasnya apa aja? dong,ask_facilities
Mau nanya dong Tolong kasih tau wisata dekat LRT sih,ask_lrt_destinations
Permisi Best destinations in Palembang? nih,ask_recommendation
Bang Palembang punya museum apa? nih,ask_category
Mau nanya dong Tourist spots along LRT route?,ask_lrt_destinations
Wisata Tionghoa di Palembang?,ask_category
Bang Museum Sultan Mahmud Badaruddin II lokasinya dimana? dong,ask_location_access
Mau nanya dong That's helpful dong kak,provide_feedback
Maaf mau tanya Numpang tanya dong nih,greet
Bang Famous places in Palembang? dong,ask_recommendation
Maaf mau tanya Details about Kambang Iwak Park? sih,ask_destination_info
Permisi Palembang punya museum apa? ya kak,ask_category
"Hi, What facilities are available at Jakabaring Sport City??",ask_facilities
Permisi Destinasi yang dekat stasiun LRT? sih,ask_lrt_destinations
Eh BKB itu tempat apa sih? ya kak,ask_destination_info
Sekarang masih buka?,ask_operating_hours
jelas banget penjelasannya,provide_feedback
Recipe for chocolate cake? ya,ask_unrelated
Permisi Kampung Arab Al-Munawar ada di daerah mana? dong,ask_location_access
Palembang punya wisata budaya apa?,ask_category
Kak Tourist spots along LRT route? ya kak,ask_lrt_destinations
KI itu apa?,ask_destination_info
Halo That's helpful dong kak,provide_feedback
Directions?,ask_location_access
Maaf mau tanya Bye kak dong kak,goodbye
Eh What time does Kampung Kapitan close? ya kak,ask_operating_hours
"Hi, How to move on?",ask_unrelated
Maaf mau tanya Mau tanya dong kak harga tiket Benteng Kuto Besak dong kak,ask_ticket_price
Kak Food tourism in Palembang? deh,ask_category
Eh Rekomendasi hidden gems dong kak dong kak,ask_hidden_gems
Permisi Kamu siapa? deh,ask_unrelated
Kak berapa harga tiket Palembang Square?,ask_ticket_price
Min Masjid Cheng Ho ada spot foto gak? nih,ask_facilities
Min Resep nasi goreng dong deh,ask_unrelated
Mau nanya dong Museum Sultan Mahmud Badaruddin II lokasinya dimana? deh,ask_location_access
Min Alternative tourist spots in Palembang? dong kak,ask_hidden_gems
Kak Info lengkap Punti Kayu dong,ask_destination_info
Dari stasiun LRT bisa ke wisata apa?,ask_lrt_destinations
Eh Makasih deh,goodbye
Maaf mau tanya Oke makasih kak sangat membantu ya kak,goodbye
History of Ampera Bridge?,ask_destination_info
Apakah Benteng Kuto Besak gratis?,ask_ticket_price
Min Help me please sih,greet
Mau tanya dong kak harga tiket Monpera,ask_ticket_price
Wisata yang gampang dijangkau LRT?,ask_lrt_destinations
Bang Rekomendasi wisata untuk liburan singkat ya,ask_recommendation
Permisi Hlo deh,greet
Berapa harga tiket masuk Al Quran Al Akbar?,ask_ticket_price
Selamat siang,greet
Min tolong saran wisata dong dong,ask_recommendation
Mau nanya dong Rekomendasi wisata untuk liburan singkat ya,ask_recommendation
What amenities does Benteng Kuto Besak offer?,ask_facilities
Min Taxi online di Palembang? sih,ask_unrelated
"Excuse me, What should I visit in Palembang??",ask_recommendation
Kak Mau ke tempat bersejarah di Palembang deh,ask_category
Halo Lesser known attractions in Palembang? dong kak,ask_hidden_gems
Mau nanya dong Rekomendasi hidden gems dong kak deh,ask_hidden_gems
Permisi Cara main saham? dong kak,ask_unrelated
Masjid Cheng Ho ada spot foto gak? dong,ask_facilities
Eh Rekomendasi hidden gems dong kak dong,ask_hidden_gems
Kak Wonderful nih,provide_feedback
Min tolong saran wisata dong sih,ask_recommendation
Permisi PIM ada tempat parkir? sih,ask_facilities
Bang tiket SMB berapa?,ask_ticket_price
Tolong kasih tau wisata dekat LRT?,ask_lrt_destinations
Maaf mau tanya Hlo ya,greet
Min Rekomendasi wisata untuk liburan singkat,ask_recommendation
Min Bisa naik LRT ke BKB? dong,ask_lrt_destinations
Jakabaring bayar berapa?,ask_ticket_price
Mau nanya dong Address of Ampera Bridge? sih,ask_location_access
Tolong kasih tau alamat Ampera,ask_location_access
Halo Jembatan Ampera di mana ya? dong,ask_location_access
Bang Best destinations in Palembang? sih,ask_recommendation
Eh LRT friendly tourist destinations? sih,ask_lrt_destinations
Min Jelas banget penjelasannya dong,provide_feedback
Maaf mau tanya Oke makasih kak sangat membantu sih,goodbye
Bang Ada wifi di Jembatan Ampera? nih,ask_facilities
Permisi Destinasi wisata sejarah Palembang? ya kak,ask_category
Kak Suka sama jawabannya ya,provide_feedback
Kak Makasih ya kak,goodbye
Bang Hlo deh,greet
Is there WiFi at Grand Mosque of Palembang?,ask_facilities
Halo Kamu siapa? dong,ask_unrelated
Keren banget infonya,provide_feedback
Halo Tolong kasih tau wisata dekat LRT nih,ask_lrt_destinations
Kasih tau dong tentang Bukit Siguntang,ask_destination_info
Bang Oke makasih kak sangat membantu sih,goodbye
Mau nanya dong Rekomendasi wisata Palembang dong nih,ask_recommendation
Permisi Tolong kasih tau wisata dekat LRT dong,ask_lrt_destinations
Apakah Jakabaring gratis?,ask_ticket_price
Permisi Mau tanya dong kak harga tiket Benteng Kuto Besak dong kak,ask_ticket_price
Kak Masjid Cheng Ho ada spot foto gak? ya,ask_facilities
Masjid Cheng Ho lokasinya dimana?,ask_location_access
Min Oke makasih kak sangat membantu,goodbye
Halo Jelas banget penjelasannya dong,provide_feedback
Masjid Cheng Ho ada spot foto gak? deh,ask_facilities
Hari ini Taman Kebon Rojo buka gak ya?,ask_operating_hours
Info jam buka SMB II dong dong,ask_operating_hours
Bang LRT friendly tourist destinations? dong kak,ask_lrt_destinations
Permisi Benteng Kuto Besak buka jam berapa?,ask_operating_hours
Kira-kira berapa ya tiketnya?,ask_ticket_price
Kak Address of Ampera Bridge? ya,ask_location_access
Permisi Kak ada museum gak di Palembang? dong kak,ask_category
List of parks in Palembang?,ask_category
Mau nanya dong Destinasi yang LRT accessible? deh,ask_lrt_destinations
Bang Famous places in Palembang? ya kak,ask_recommendation
Bang Min kasih tau hidden gems Palembang,ask_hidden_gems
Eh LRT friendly tourist destinations? dong,ask_lrt_destinations
Eh Taxi online di Palembang? dong,ask_unrelated
Recommend cultural tourism in Palembang,ask_category
Halo KI itu apa? sih,ask_destination_info
Mau nanya dong KI itu apa? dong kak,ask_destination_info
Taman Kebon Rojo jauh gak dari pusat kota?,ask_location_access
Maaf mau tanya Best destinations in Palembang?,ask_recommendation
Is Grand Mosque of Palembang open on Sunday?,ask_operating_hours
Maaf mau tanya Any hidden gems to visit? dong kak,ask_hidden_gems
Oke cukup kak makasih banyak ya kak,goodbye
Min Tolong kasih tau wisata dekat LRT nih,ask_lrt_destinations
Kak Museum Balaputra Dewa fasilitasnya apa aja? sih,ask_facilities
Permisi Rekomendasi wisata untuk liburan singkat dong kak,ask_recommendation
Mau nanya dong Oke makasih kak sangat membantu nih,goodbye
Apa keunikan Pasar 16 Ilir?,ask_destination_info
Bang Enaknya kemana ya di Palembang? nih,ask_recommendation
Maaf mau tanya Oke cukup kak makasih banyak dong kak,goodbye
Alamat Palembang Trade Center dimana?,ask_location_access
Eh Rekomendasi wisata Palembang dong deh,ask_recommendation
Min Hidden gems in Palembang? dong kak,ask_hidden_gems
"Eh That's enough, thank you deh",goodbye
Dimana lokasi Jembatan Ampera?,ask_location_access
Kak Makasih nih,goodbye
Apa aja fasilitas di sana?,ask_facilities
Eh Info jam buka SMB II dong ya,ask_operating_hours
Kak fasilitas Museum Sultan Mahmud Badaruddin II apa aja ya?,ask_facilities
Permisi kak dong,greet
Bang Alternative tourist spots in Palembang? ya,ask_hidden_gems
Akses ke sana gimana?,ask_location_access
Maaf mau tanya Rekomendasi hidden gems dong kak nih,ask_hidden_gems
Eh Chatbot nya bagus dong kak,provide_feedback
Min Best destinations in Palembang? sih,ask_recommendation
Kak Bye kak nih,goodbye
Maaf mau tanya That's helpful dong,provide_feedback
Mau nanya dong Recipe for chocolate cake?,ask_unrelated
Arah ke PIM gimana?,ask_location_access
Can I take public transport to Kampung Kapitan?,ask_location_access
Permisi Wisata Palembang yang aesthetic tapi sepi? nih,ask_hidden_gems
Mau nanya dong Hidden gems in Palembang? deh,ask_hidden_gems
Halo Resep nasi goreng dong dong kak,ask_unrelated
Sejarah Kambang Iwak apa ya?,ask_destination_info
How much does it cost to enter Punti Kayu Forest?,ask_ticket_price
What are the best places to visit in Palembang?,ask_recommendation
Mau nanya dong Famous places in Palembang? ya,ask_recommendation
How much is the ticket to Kampung Kapitan,ask_ticket_price
Mau nanya dong Info wisata budaya Palembang dong nih,ask_category
Min Info lengkap Punti Kayu dong deh,ask_destination_info
Eh Museum Balaputra Dewa fasilitasnya apa aja? dong,ask_facilities
Permisi What time does Kampung Kapitan close? ya,ask_operating_hours
Kasih tau dong tentang Masjid Agung Palembang,ask_destination_info
Min Pagi kak nih,greet
Kampung Kapitan lokasinya dimana?,ask_location_access
Wisata paling bagus di Palembang?,ask_recommendation
Permisi Info jam buka SMB II dong,ask_operating_hours
Maaf mau tanya Mau ke tempat bersejarah di Palembang,ask_category
Kak Thank you very much sih,goodbye
Maaf mau tanya Address of Ampera Bridge? deh,ask_location_access
Min Wisata tersembunyi di Palembang? sih,ask_hidden_gems
Mau nanya dong Cara main saham? ya kak,ask_unrelated
Bang KI itu apa? nih,ask_destination_info
Bang Alternative tourist spots in Palembang? dong,ask_hidden_gems
Food tourism in Palembang? ya kak,ask_category
"Hi, What parks are in Palembang?",ask_category
Min Any hidden gems to visit? nih,ask_hidden_gems
Please Is Kampung Kapitan open in the morning?,ask_operating_hours
SMB buka setiap hari?,ask_operating_hours
Kak Rekomendasi hidden gems dong kak ya kak,ask_hidden_gems
When does it close?,ask_operating_hours
Kak Bye kak ya,goodbye
Min Suka sama jawabannya ya,provide_feedback
Wisata yang belum mainstream?,ask_hidden_gems
Kak Terima kasih infonya sih,goodbye
Halo LRT friendly tourist destinations? ya,ask_lrt_destinations
What amenities does Sultan Mahmud Badaruddin II Museum offer?,ask_facilities
museum sultan mahmud badaruddin ii lokasinya dimana?,ask_location_access
Ada wifi di Jembatan Ampera? dong,ask_facilities
Mau nanya dong Famous places in Palembang? dong kak,ask_recommendation
Min Wisata apa yang recommended di Palembang? ya kak,ask_recommendation
Halo Bisa naik LRT ke BKB? dong kak,ask_lrt_destinations
Mau nanya dong Benteng Kuto Besak buka jam berapa? ya,ask_operating_hours
"Hi, Exactly what I needed please",provide_feedback
Amanzi bayar berapa?,ask_ticket_price
Bagaimana cara ke Pulau Kemaro?,ask_location_access
Hai mau konsultasi dong,greet
Mau nanya dong KI itu apa?,ask_destination_info
Halo Oke makasih kak sangat membantu ya,goodbye
Wisata apa yang bisa dijangkau LRT?,ask_lrt_destinations
Destinasi yang dekat stasiun LRT?,ask_lrt_destinations
Maaf mau tanya Tess dong kak,greet
Eh What time does Kampung Kapitan close? dong kak,ask_operating_hours
Permisi Palembang punya museum apa? dong kak,ask_category
Kemaro ada kantin gak?,ask_facilities
Maaf mau tanya Min tolong saran wisata dong ya,ask_recommendation
Hidden gems di Palembang apa?,ask_hidden_gems
Eh Mau ke tempat bersejarah di Palembang nih,ask_category
Hey What parks are in Palembang?,ask_category
Eh Wonderful ya kak,provide_feedback
LRT friendly tourist destinations? ya kak,ask_lrt_destinations
Mau nanya dong Jelas banget penjelasannya dong kak,provide_feedback
KI buka jam berapa?,ask_operating_hours
Mau nanya dong LRT friendly tourist destinations? dong,ask_lrt_destinations
Info tentang PTC,ask_destination_info
Harga tiket masuk Punti Kayu sekarang berapa?,ask_ticket_price
Permisi Jembatan Ampera di mana ya? dong kak,ask_location_access
"Hello, What facilities are available at Jakabaring Sport City??",ask_facilities
Maaf mau tanya BKB itu tempat apa sih? nih,ask_destination_info
Eh Cara daftar CPNS gimana? sih,ask_unrelated
Kak Pagi kak ya kak,greet
Eh Suka deh nih,provide_feedback
Kak Best destinations in Palembang? dong kak,ask_recommendation
Permisi Terima kasih infonya sih,goodbye
Thank you very much?,goodbye
Masjid Agung Palembang bisa ditempuh pakai apa?,ask_location_access
Min Food tourism in Palembang? dong,ask_category
Jam tutup Pulau Kemaro kapan?,ask_operating_hours
Permisi Rekomendasi wisata yang dekat stasiun LRT deh,ask_lrt_destinations
Maaf mau tanya Famous places in Palembang? ya kak,ask_recommendation
Please Does Jakabaring Sport City have a mosque? please,ask_facilities
Permisi Any hidden gems to visit? ya,ask_hidden_gems
Info lokasi Hutan Wisata Punti Kayu dong,ask_location_access
Eh Hidden gems in Palembang? nih,ask_hidden_gems
Kak Cara daftar CPNS gimana? ya kak,ask_unrelated
Bang Tolong kasih tau wisata dekat LRT dong kak,ask_lrt_destinations
Halo Museum Sultan Mahmud Badaruddin II lokasinya dimana? ya kak,ask_location_access
is kampung kapitan open in the morning?,ask_operating_hours
Hey What parks are in Palembang??,ask_category
Maaf mau tanya Benteng Kuto Besak buka jam berapa? ya kak,ask_operating_hours
Bang Thank you very much dong,goodbye
Any hidden gems to visit? ya kak,ask_hidden_gems
What does it cost to visit Kambang Iwak Park?,ask_ticket_price
Ada wifi di SMB?,ask_facilities
Maaf mau tanya Jam operasionalnya? deh,ask_operating_hours
Which places can I visit using LRT?,ask_lrt_destinations
Eh Jelas banget penjelasannya dong kak,provide_feedback
Who is the president of Indonesia?,ask_unrelated
Kak Oke cukup kak makasih banyak deh,goodbye
Min Any hidden gems to visit? dong,ask_hidden_gems
Recommend religious tourism in Palembang,ask_category
Oke sip mantap,provide_feedback
Permisi Food tourism in Palembang? ya kak,ask_category
Permisi Destinasi yang LRT accessible?,ask_lrt_destinations
Jam operasionalnya? dong,ask_operating_hours
Tips perawatan kulit?,ask_unrelated
Mau nanya dong Jam operasionalnya? deh,ask_operating_hours
Halo kak saya turis,greet
Kamu siapa? ya,ask_unrelated
Bang Museum Sultan Mahmud Badaruddin II lokasinya dimana? nih,ask_location_access
Maaf mau tanya Jelas banget penjelasannya nih,provide_feedback
Maaf mau tanya Rekomendasi wisata Palembang dong nih,ask_recommendation
Apa bahasa Inggrisnya kucing?,ask_unrelated
Mau nanya dong Kamu siapa?,ask_unrelated
Bang Info lengkap Punti Kayu dong dong kak,ask_destination_info
Kalo hari Sabtu Kawah Tengkurep buka?,ask_operating_hours
Permisi That's helpful sih,provide_feedback
Mau nanya dong Bye kak,goodbye
Where can I find historical sites in Palembang?,ask_category
Can I take public transport to Kemaro Island?,ask_location_access
What are the operating hours of Kambang Iwak Park?,ask_operating_hours
Permisi Famous places in Palembang? ya kak,ask_recommendation
Ampera bisa ditempuh pakai apa?,ask_location_access
Mau nanya dong Terima kasih infonya ya kak,goodbye
Fasilitas Palembang Trade Center lengkap gak?,ask_facilities
Mau tau sejarah Pulau Kemaro,ask_destination_info
Siguntang ada toilet gak?,ask_facilities
Permisi Help me please deh,greet
Oke makasih kak sangat membantu?,goodbye
Kak Hidden gems in Palembang? nih,ask_hidden_gems
Rating 5 untuk botnya,provide_feedback
Eh Tolong kasih tau wisata dekat LRT deh,ask_lrt_destinations
Bang Tourist spots along LRT route? nih,ask_lrt_destinations
Ada wifi di Masjid Cheng Ho?,ask_facilities
Bang Hidden gems in Palembang? ya,ask_hidden_gems
Selamat pagi,greet
HTM Museum Sultan Mahmud Badaruddin II berapa?,ask_ticket_price
Min Jembatan Ampera di mana ya? sih,ask_location_access
Hello bot,greet
"Excuse me, How much is the ticket to Kampung Kapitan? thanks",ask_ticket_price
I want to know What facilities are available at Jakabaring Sport City?,ask_facilities
Halo PIM gratis gak sih? nih,ask_ticket_price
Min Info lengkap Punti Kayu dong sih,ask_destination_info
Eh Min kasih tau hidden gems Palembang dong,ask_hidden_gems
Kak Masjid Cheng Ho ada spot foto gak? ya kak,ask_facilities
Maaf mau tanya What time does Kampung Kapitan close? dong,ask_operating_hours
Details about Kambang Iwak Park,ask_destination_info
Useful information,provide_feedback
SMB II buka dari jam berapa sampai jam berapa?,ask_operating_hours
Halo Deskripsi Bukit Siguntang dong kak,ask_destination_info
Info lokasi Jakabaring dong,ask_location_access
Maaf mau tanya Bisa naik LRT ke BKB? ya,ask_lrt_destinations
Jelaskan tentang Pulau Kemaro,ask_destination_info
Wisata sungai Palembang?,ask_category
Kak Palembang punya museum apa? dong kak,ask_category
mau tanya dong kak harga tiket benteng kuto besak,ask_ticket_price
Min Thank you very much ya,goodbye
Museum Balaputra Dewa fasilitasnya apa aja?,ask_facilities
Halo Kamu siapa? nih,ask_unrelated
Mau ke PTC lewat mana?,ask_location_access
What's the address?,ask_location_access
excellent information,provide_feedback
Min Pagi kak ya kak,greet
Location of Benteng Kuto Besak?,ask_location_access
Min Facilities at Benteng Kuto Besak? dong kak,ask_facilities
Eh Kamu siapa? sih,ask_unrelated
Permisi Numpang tanya dong nih,greet
Bang Best destinations in Palembang?,ask_recommendation
Sampai jumpa lagi,goodbye
Ceritakan joke dong,ask_unrelated
Mau tanya dong kak harga tiket Museum Sultan Mahmud Badaruddin II,ask_ticket_price
Maaf mau tanya Help me please ya,greet
Is BKB near an LRT station?,ask_lrt_destinations
Bisa naik apa ke sana?,ask_location_access
Halo Mau ke tempat bersejarah di Palembang dong,ask_category
Maaf mau tanya Tess ya,greet
Halo Masjid Cheng Ho ada spot foto gak? sih,ask_facilities
Penjelasannya bagus kak,provide_feedback
Sip lanjut kak,provide_feedback
Suka sama jawabannya dong,provide_feedback
Good info,provide_feedback
Kambang Iwak jauh gak dari pusat kota?,ask_location_access
Min Makasih deh,goodbye
Museum Sultan Mahmud Badaruddin II lokasinya dimana,ask_location_access
Dari pusat kota ke Jakabaring berapa lama?,ask_location_access
Apakah Amanzi buka 24 jam?,ask_operating_hours
Kak Hidden gems in Palembang? ya kak,ask_hidden_gems
Apa itu OPI Mall?,ask_destination_info
Rekomendasi wisata yang dekat stasiun LRT dong kak,ask_lrt_destinations
Kak Benteng Kuto Besak buka jam berapa? ya kak,ask_operating_hours
Bang Suka deh sih,provide_feedback
Museum Sultan Mahmud Badaruddin II lokasinya dimana? ya kak,ask_location_access
Min Thank you dong,goodbye
Maaf mau tanya Alternative tourist spots in Palembang?,ask_hidden_gems
Eh Ada wifi di Jembatan Ampera? dong,ask_facilities
Bang Famous places in Palembang?,ask_recommendation
Bang Benteng Kuto Besak buka jam berapa? nih,ask_operating_hours
Permisi Pagi kak dong,greet
Mau nanya dong Mau tanya dong kak harga tiket Benteng Kuto Besak,ask_ticket_price
Yang termasuk museum apa aja?,ask_category
Kak Permisi kak ya,greet
Eh Best destinations in Palembang? deh,ask_recommendation
Eh Chatbot nya bagus ya,provide_feedback
Eh Museum Sultan Mahmud Badaruddin II lokasinya dimana? ya kak,ask_location_access
Min Rekomendasi wisata untuk liburan singkat sih,ask_recommendation
Mau nanya dong Min kasih tau hidden gems Palembang dong kak,ask_hidden_gems
Is admission to Jakabaring Sport City free?,ask_ticket_price
Permisi Kamu siapa?,ask_unrelated
Bang Wisata Palembang yang aesthetic tapi sepi?,ask_hidden_gems
Halo Mau tanya dong kak harga tiket Benteng Kuto Besak nih,ask_ticket_price
Wisata wisata sejarah di Palembang apa aja?,ask_category
Maaf mau tanya Alternative tourist spots in Palembang? nih,ask_hidden_gems
Mau nanya dong Kamu siapa? ya,ask_unrelated
Permisi Help me please ya,greet
Apakah Jakabaring gratis? ya kak,ask_ticket_price
Permisi Address of Ampera Bridge? deh,ask_location_access
Kak Kalo hari Sabtu Kawah Tengkurep buka? ya,ask_operating_hours
Bang Benteng Kuto Besak buka jam berapa? ya,ask_operating_hours
Min Any hidden gems to visit? dong kak,ask_hidden_gems
Suka sama jawabannya sih,provide_feedback
Hey How much is the ticket to Kampung Kapitan? please,ask_ticket_price
Recommend places to see in Palembang,ask_recommendation
Bisa naik angkot ke BKB?,ask_location_access
I want to know How much is the ticket to Kampung Kapitan? please,ask_ticket_price
Kak LRT friendly tourist destinations? nih,ask_lrt_destinations
Apa yang menarik dari Kawah Tengkurep?,ask_destination_info
Mau nanya dong Destinasi yang dekat stasiun LRT? nih,ask_lrt_destinations
Mau nanya dong Bye kak ya kak,goodbye
Min Wisata apa yang recommended di Palembang? nih,ask_recommendation
Amazing response,provide_feedback
Eh Tess nih,greet
How to move on? thanks,ask_unrelated
Permisi Info lengkap Punti Kayu dong dong kak,ask_destination_info
Mau nanya dong Makasih nih,goodbye
Halo Rekomendasi wisata yang dekat stasiun LRT dong,ask_lrt_destinations
ki itu apa?,ask_destination_info
Halo Help me please nih,greet
Permisi Pagi kak ya kak,greet
oke cukup kak makasih banyak,goodbye
"Hi, first time in Palembang",greet
Maaf mau tanya Recipe for chocolate cake? deh,ask_unrelated
Info lokasi Kampung Kapitan dong,ask_location_access
Bang Destinasi wisata sejarah Palembang?,ask_category
Eh Museum Sultan Mahmud Badaruddin II lokasinya dimana? sih,ask_location_access
Arah ke Palembang Trade Center gimana?,ask_location_access
Min Oke cukup kak makasih banyak dong kak,goodbye
Masuk Kampung Arab Al-Munawar gratis atau bayar?,ask_ticket_price
Maaf mau tanya Details about Kambang Iwak Park? deh,ask_destination_info
Permisi Mau tanya dong kak harga tiket Benteng Kuto Besak sih,ask_ticket_price
Eh Min kasih tau hidden gems Palembang nih,ask_hidden_gems
Eh Rekomendasi wisata untuk liburan singkat nih,ask_recommendation
Maaf mau tanya Benteng Kuto Besak buka jam berapa? ya,ask_operating_hours
Bisa naik angkot ke Taman Kebon Rojo?,ask_location_access
Parkiran Fantasy Island luas gak?,ask_facilities
Bang Tolong kasih tau wisata dekat LRT dong,ask_lrt_destinations
Apakah Jakabaring gratis,ask_ticket_price
HTM Taman Kebon Rojo berapa?,ask_ticket_price
Halo Bisa naik LRT ke BKB? deh,ask_lrt_destinations
Min Wisata Palembang yang aesthetic tapi sepi?,ask_hidden_gems
Details about Kambang Iwak Park? dong,ask_destination_info
Kak Mau tanya dong kak harga tiket Benteng Kuto Besak ya kak,ask_ticket_price
Min Tess sih,greet
Maaf mau tanya Kamu siapa? sih,ask_unrelated
LRT bisa ke Monpera gak?,ask_lrt_destinations
What are the opening hours of Kemaro Island?,ask_operating_hours
Permisi kak ya,greet
Permisi Hlo ya,greet
Bang Bisa naik LRT ke BKB? ya,ask_lrt_destinations
Halo Food tourism in Palembang? nih,ask_category
Rekomendasi wisata Palembang dong sih,ask_recommendation
Min Destinasi wisata sejarah Palembang? deh,ask_category
Dari pusat kota ke Amanzi Waterpark berapa lama?,ask_location_access
Kampung Kapitan buka jam berapa?,ask_operating_hours
Bang Permisi kak ya kak,greet
Permisi Recipe for chocolate cake? deh,ask_unrelated
Eh Wisata apa yang recommended di Palembang? ya,ask_recommendation
Permisi Min tolong saran wisata dong ya kak,ask_recommendation
Min Kak ada museum gak di Palembang? sih,ask_category
Bang Excellent information deh,provide_feedback
Halo Bye kak,goodbye
Any culinary tourism in Palembang?,ask_category
Are there restrooms?,ask_facilities
Maaf mau tanya Destinasi yang dekat stasiun LRT? sih,ask_lrt_destinations
Min That's helpful dong,provide_feedback
Permisi saya mau jalan-jalan di Palembang,greet
Bang KI itu apa? dong,ask_destination_info
Halo Suka sama jawabannya,provide_feedback
Permisi Apakah Ampera dekat stasiun LRT?,ask_lrt_destinations
Permisi Rekomendasi hidden gems dong kak ya kak,ask_hidden_gems
Alamat Kawah Tengkurep dimana?,ask_location_access
Min Naik apa ke Pasar 16 Ilir? dong kak,ask_location_access
Bang Palembang punya museum apa?,ask_category
Eh Rekomendasi wisata yang dekat stasiun LRT ya kak,ask_lrt_destinations
Kak Kalo hari Sabtu Kawah Tengkurep buka?,ask_operating_hours
Permisi Bye kak nih,goodbye
Min Tolong kasih tau wisata dekat LRT ya kak,ask_lrt_destinations
Mau nanya dong Numpang tanya dong,greet
Halo Hlo deh,greet
Mau tanya jam operasional Jembatan Ampera,ask_operating_hours
Min Destinasi yang LRT accessible? ya,ask_lrt_destinations
Mau nanya dong Mau ke tempat bersejarah di Palembang dong kak,ask_category
Halo Cara daftar CPNS gimana?,ask_unrelated
Kak Apakah Ampera dekat stasiun LRT? ya kak,ask_lrt_destinations
Permisi Tess ya kak,greet
Does Jakabaring Sport City have a mosque? thanks,ask_facilities
Mau nanya dong Destinasi wisata sejarah Palembang? dong kak,ask_category
Bang Tess deh,greet
Maaf mau tanya Destinasi wisata sejarah Palembang? ya kak,ask_category
Permisi That's helpful dong,provide_feedback
Bye kak ya kak,goodbye
How do I get to Jakabaring Sport City?,ask_location_access
Permisi Oke makasih kak sangat membantu deh,goodbye
Info jam buka SMB II dong nih,ask_operating_hours
Hai selamat siang,greet
Can you tell me How much is the ticket to Kampung Kapitan? thanks,ask_ticket_price
Museum Sultan Mahmud Badaruddin II lokasinya dimana? dong kak,ask_location_access
Museum Balaputra Dewa buka sampai malam gak?,ask_operating_hours
Bang Food tourism in Palembang? deh,ask_category
Permisi PIM gratis gak sih? dong kak,ask_ticket_price
Maaf mau tanya PIM ada tempat parkir? dong kak,ask_facilities
Mau nanya dong Jadwal kereta api Jakarta? dong,ask_unrelated
Maaf mau tanya Best destinations in Palembang? dong kak,ask_recommendation
Mau nanya dong Wisata apa yang recommended di Palembang? dong,ask_recommendation
Eh Kamu siapa? deh,ask_unrelated
Kak PIM gratis gak sih? sih,ask_ticket_price
Halo Cara daftar CPNS gimana? dong kak,ask_unrelated
Halo Makasih sih,goodbye
I want to know How to move on??,ask_unrelated
Halo Info lengkap Punti Kayu dong ya,ask_destination_info
Halo Chatbot nya bagus sih,provide_feedback
Kapan Museum Balaputra Dewa buka?,ask_operating_hours
Bang Chatbot nya bagus ya kak,provide_feedback
Ada mushola di Benteng Kuto Besak?,ask_facilities
Suggest tourist spots in Palembang,ask_recommendation
Bang tiket Al-Munawar berapa?,ask_ticket_price
Permisi Masjid Cheng Ho ada spot foto gak? dong,ask_facilities
Kak Destinasi yang dekat stasiun LRT?,ask_lrt_destinations
Min Cara main saham? ya kak,ask_unrelated
Permisi Museum Balaputra Dewa fasilitasnya apa aja? sih,ask_facilities
Mau nanya dong Palembang punya museum apa? deh,ask_category
Maaf mau tanya Food tourism in Palembang? dong kak,ask_category
Bang Hlo ya,greet
Kak Enaknya kemana ya di Palembang? ya kak,ask_recommendation
Benteng Kuto Besak tutup jam berapa?,ask_operating_hours
Maaf mau tanya Bisa naik LRT ke BKB? nih,ask_lrt_destinations
Kak Famous places in Palembang? dong,ask_recommendation
Maaf mau tanya Excellent information dong kak,provide_feedback
Sejarah Masjid Cheng Ho apa ya?,ask_destination_info
What are the iconic places in Palembang?,ask_recommendation
Mau nanya dong Food tourism in Palembang? deh,ask_category
Eh Info wisata budaya Palembang dong,ask_category
Eh Cara main saham?,ask_unrelated
Mau nanya dong Numpang tanya dong ya kak,greet
Mau nanya dong Permisi kak nih,greet
Maaf mau tanya Hai kak masih aktif? nih,greet
Permisi Museum Sultan Mahmud Badaruddin II lokasinya dimana? nih,ask_location_access
Permisi Mau tanya dong kak harga tiket Benteng Kuto Besak ya,ask_ticket_price
I want to know Do I need to pay to enter Monpera? thanks,ask_ticket_price
Min Mau tanya dong kak harga tiket Benteng Kuto Besak ya,ask_ticket_price
Lokasi PIM dimana kak?,ask_location_access
Lesser known attractions in Palembang? ya kak,ask_hidden_gems
Permisi Min tolong saran wisata dong dong kak,ask_recommendation
Apakah Kampung Arab Al-Munawar gratis?,ask_ticket_price
Eh Suka deh dong,provide_feedback
Apa yang menarik dari PIM?,ask_destination_info
Maaf mau tanya KI itu apa? dong kak,ask_destination_info
Halo bisa tanya sesuatu?,greet
Does Benteng Kuto Besak have a mosque?,ask_facilities
Min Destinasi yang LRT accessible?,ask_lrt_destinations
Bang Info jam buka SMB II dong dong kak,ask_operating_hours
Ada fasilitas apa di Jembatan Ampera?,ask_facilities
Oke deh makasih,goodbye
Halo Excellent information dong,provide_feedback
Min Details about Kambang Iwak Park? deh,ask_destination_info
Min Jelas banget penjelasannya ya,provide_feedback
Halo BKB itu tempat apa sih? dong,ask_destination_info
Tempat wisata budaya Palembang?,ask_category
Ada mushola di Masjid Agung Palembang?,ask_facilities
Maaf mau tanya Wisata tersembunyi di Palembang?,ask_hidden_gems
Min Apakah Jakabaring gratis? dong kak,ask_ticket_price
Can you tell me Do I need to pay to enter Monpera? thanks,ask_ticket_price
What's the location of Ampera Bridge? please,ask_location_access
Ada wifi di Taman Kebon Rojo?,ask_facilities
Kak Info lengkap Punti Kayu dong ya kak,ask_destination_info
Min Min tolong saran wisata dong ya,ask_recommendation
Hey Does Jakabaring Sport City have a mosque?,ask_facilities
Mau nanya dong Address of Ampera Bridge? nih,ask_location_access
Bang PIM gratis gak sih? ya,ask_ticket_price
Min Mau tanya dong kak harga tiket Benteng Kuto Besak nih,ask_ticket_price
Info jam buka SMB II dong ya kak,ask_operating_hours
Kak Best destinations in Palembang? nih,ask_recommendation
Bang Apakah Ampera dekat stasiun LRT? dong kak,ask_lrt_destinations
Hey Is Kampung Kapitan open in the morning? please,ask_operating_hours
I want to know What's the location of Ampera Bridge? please,ask_location_access
"Hello, I'm a tourist",greet
Halo saya pengunjung baru,greet
How to go to Grand Mosque of Palembang?,ask_location_access
Bayar berapa kalo masuk Al-Munawar?,ask_ticket_price
Membantu banget kak,provide_feedback
Maaf mau tanya Wisata Palembang yang aesthetic tapi sepi? dong,ask_hidden_gems
Oke noted terima kasih banyak kak,goodbye
Halo Excellent information sih,provide_feedback
Permisi Cara main saham? ya,ask_unrelated
Bang Lesser known attractions in Palembang? nih,ask_hidden_gems
Mau nanya dong Oke cukup kak makasih banyak dong,goodbye
Permisi Wisata tersembunyi di Palembang? ya,ask_hidden_gems
Kak Kalo hari Sabtu Kawah Tengkurep buka? dong kak,ask_operating_hours
Min Details about Kambang Iwak Park? sih,ask_destination_info
Kak Masjid Cheng Ho ada spot foto gak? nih,ask_facilities
What's Kemaro Island like?,ask_destination_info
Halo That's helpful sih,provide_feedback
Halo Permisi kak,greet
Bang Jam operasionalnya? nih,ask_operating_hours
Ada wifi di Jembatan Ampera? dong kak,ask_facilities
Sejarah Masjid Agung Palembang apa ya?,ask_destination_info
Permisi Deskripsi Bukit Siguntang dong kak,ask_destination_info
Halo PIM gratis gak sih? deh,ask_ticket_price
Mau nanya dong Best destinations in Palembang? dong,ask_recommendation
Min Info jam buka SMB II dong deh,ask_operating_hours
Details about Jakabaring Sport City?,ask_destination_info
Bang tiket Taman Kebon Rojo berapa?,ask_ticket_price
Mau cari taman di Palembang,ask_category
Does Ampera Bridge have parking?,ask_facilities
When is Kemaro Island open?,ask_operating_hours
Must-visit places in Palembang?,ask_recommendation
Eh Excellent information dong,provide_feedback
Eh Wisata tersembunyi di Palembang? sih,ask_hidden_gems
Enaknya kemana ya di Palembang? ya kak,ask_recommendation
Dimana lokasi Taman Kambang Iwak Besak?,ask_location_access
Palembang Square buka dari jam berapa sampai jam berapa?,ask_operating_hours
Kak Tess ya,greet
Pagi min,greet
Kak Terima kasih infonya ya kak,goodbye
Min info wisata dekat LRT dong,ask_lrt_destinations
How to get a visa?,ask_unrelated
Mau nanya dong Min tolong saran wisata dong sih,ask_recommendation
Maaf mau tanya Kampung Arab Al-Munawar ada di daerah mana? nih,ask_location_access
Bang Excellent information ya kak,provide_feedback
Bagus gak tempatnya?,ask_destination_info
"Hello, Do I need to pay to enter Monpera? thanks",ask_ticket_price
Mau nanya dong Bisa naik LRT ke BKB? sih,ask_lrt_destinations
SMB terkenal karena apa?,ask_destination_info
Kak ada taman gak di Palembang?,ask_category
Tips menurunkan berat badan?,ask_unrelated
Min Kampung Arab Al-Munawar ada di daerah mana? dong kak,ask_location_access
Eh Info jam buka SMB II dong dong kak,ask_operating_hours
Halo Apakah Jakabaring gratis? deh,ask_ticket_price
Pasar 16 Ilir ada kantin gak?,ask_facilities
Is there an entry fee for Ampera Bridge?,ask_ticket_price
Eh BKB itu tempat apa sih? nih,ask_destination_info
Wisata romantis di Palembang?,ask_recommendation
What facilities are available at Kampung Kapitan?,ask_facilities
Rekomendasi wisata yang dekat stasiun LRT dong,ask_lrt_destinations
Kak That's helpful dong,provide_feedback
Siguntang buka dari jam berapa sampai jam berapa?,ask_operating_hours
Wisata tersembunyi di Palembang? dong,ask_hidden_gems
Amanzi Waterpark gratis gak sih?,ask_ticket_price
Eh Lesser known attractions in Palembang? ya kak,ask_hidden_gems
Eh That's helpful nih,provide_feedback
Kak Info jam buka SMB II dong dong kak,ask_operating_hours
Mau nanya dong Tolong kasih tau wisata dekat LRT deh,ask_lrt_destinations
Permisi Suka deh dong,provide_feedback
Mau tau sejarah Punti Kayu,ask_destination_info
Min Best destinations in Palembang?,ask_recommendation
Eh Alternative tourist spots in Palembang? ya kak,ask_hidden_gems
Can you tell me How to move on? thanks,ask_unrelated
SMB hari libur buka gak?,ask_operating_hours
Eh Oke makasih kak sangat membantu ya,goodbye
Mau nanya dong kak,greet
Halo Wisata tersembunyi di Palembang? ya kak,ask_hidden_gems
Gimana Al Quran Al Akbar?,ask_destination_info
Eh Tess,greet
Maaf mau tanya PIM gratis gak sih? dong,ask_ticket_price
Fasilitas pendukung Amanzi Waterpark?,ask_facilities
Min Museum Sultan Mahmud Badaruddin II lokasinya dimana? deh,ask_location_access
Eh Wisata Palembang yang aesthetic tapi sepi? ya,ask_hidden_gems
Mau nanya dong Hidden gems in Palembang? sih,ask_hidden_gems
Ke Kampung Kapitan bayar berapa ya?,ask_ticket_price
Please What parks are in Palembang? thanks,ask_category
Permisi Suka deh ya,provide_feedback
Gimana Palembang Icon?,ask_destination_info
Why is Kambang Iwak Park famous?,ask_destination_info
Maaf mau tanya Jelas banget penjelasannya deh,provide_feedback
Min PIM gratis gak sih? nih,ask_ticket_price
Is Al-Munawar Arab Village far from the city center?,ask_location_access
Mau nanya dong PIM gratis gak sih? dong kak,ask_ticket_price
Permisi Facilities at Benteng Kuto Besak? deh,ask_facilities
Bang Tourist spots along LRT route? dong,ask_lrt_destinations
Heyy,greet
Eh Tess ya kak,greet
Mau ke Siguntang lewat mana?,ask_location_access
Eh Masjid Cheng Ho ada spot foto gak? nih,ask_facilities
Halo Tess dong kak,greet
Mau nanya dong Food tourism in Palembang? ya kak,ask_category
Malam min,greet
Mau nanya dong Hai kak masih aktif? sih,greet
Eh Help me please dong,greet
Mau nanya dong Cara daftar CPNS gimana? ya kak,ask_unrelated
Min Hidden gems in Palembang? ya,ask_hidden_gems
Bang Makasih,goodbye
Kak Ada wifi di Jembatan Ampera? ya kak,ask_facilities
Permisi Info lengkap Punti Kayu dong sih,ask_destination_info
Min Palembang punya museum apa? dong,ask_category
Tourist spots along LRT route? sih,ask_lrt_destinations
Info tentang Museum Sultan Mahmud Badaruddin II,ask_destination_info
Halo kak mau nanya dong,greet
How do I get to Al-Munawar Arab Village?,ask_location_access
Sejarah Kemaro apa ya?,ask_destination_info
"Hello, What should I visit in Palembang??",ask_recommendation
Ada wisata sejarah di Palembang?,ask_category
Mau nanya dong Recipe for chocolate cake? dong kak,ask_unrelated
How much to get into Monpera?,ask_ticket_price
Mau nanya dong Destinasi wisata sejarah Palembang? nih,ask_category
Min BKB itu tempat apa sih? ya,ask_destination_info
Bang Min kasih tau hidden gems Palembang ya,ask_hidden_gems
Maaf mau tanya Palembang punya museum apa? dong,ask_category
Malam,greet
Min PIM gratis gak sih?,ask_ticket_price
Maaf mau tanya Info wisata budaya Palembang dong dong,ask_category
Details about Kambang Iwak Park? ya,ask_destination_info
Eh Info lengkap Punti Kayu dong deh,ask_destination_info
Top wisata Palembang?,ask_recommendation
Mau nanya dong Wonderful deh,provide_feedback
Min Ada wifi di Jembatan Ampera? dong kak,ask_facilities
Bang Suka sama jawabannya,provide_feedback
Permisi PIM ada tempat parkir?,ask_facilities
Halo Tourist spots along LRT route? ya,ask_lrt_destinations
Wisata tersembunyi di Palembang,ask_hidden_gems
Kawah Tengkurep ada tempat istirahat?,ask_facilities
Permisi PIM ada tempat parkir? ya,ask_facilities
Halo Hai kak masih aktif? dong,greet
Sejarah Kampung Kapitan apa ya?,ask_destination_info
Yang termasuk wisata budaya apa aja?,ask_category
Permisi Rekomendasi wisata yang dekat stasiun LRT nih,ask_lrt_destinations
Ada parkiran?,ask_facilities
Tourist spots along LRT route,ask_lrt_destinations
Misi mau tanya,greet
Bang Suka sama jawabannya dong,provide_feedback
Mau nanya dong Rekomendasi wisata untuk liburan singkat sih,ask_recommendation
Can you tell me Exactly what I needed,provide_feedback
Buka setiap hari?,ask_operating_hours
Permisi Bisa naik LRT ke BKB? ya,ask_lrt_destinations
Bang Destinasi yang LRT accessible?,ask_lrt_destinations
Mau nanya dong Wisata apa yang recommended di Palembang? dong kak,ask_recommendation
Tempat wisata sejarah di Palembang?,ask_category
Maaf mau tanya Museum Balaputra Dewa fasilitasnya apa aja? dong,ask_facilities
Eh Details about Kambang Iwak Park? ya,ask_destination_info
Apa yang menarik dari Pasar 16 Ilir?,ask_destination_info
Eh Enaknya kemana ya di Palembang? dong kak,ask_recommendation
Maaf mau tanya Jam operasionalnya? ya kak,ask_operating_hours
Kayak apa sih Palembang Square?,ask_destination_info
Kamu pintar ya,ask_unrelated
Berapa duit masuk KI?,ask_ticket_price
Maaf mau tanya PIM gratis gak sih?,ask_ticket_price
Min Oke cukup kak makasih banyak deh,goodbye
Mau nanya dong Taxi online di Palembang? deh,ask_unrelated
Halo Alternative tourist spots in Palembang? nih,ask_hidden_gems
Kak Wisata tersembunyi di Palembang? sih,ask_hidden_gems
HTM nya berapa?,ask_ticket_price
Tempat makan di sekitar Al Quran Al Akbar ada?,ask_facilities
Eh Hidden gems in Palembang? sih,ask_hidden_gems
Review tentang Monpera,ask_destination_info
"Excuse me, What facilities are available at Jakabaring Sport City??",ask_facilities
Bang Bisa naik LRT ke BKB? deh,ask_lrt_destinations
Mau nanya dong Help me please sih,greet
Kak Suka deh deh,provide_feedback
Info jam buka Museum Balaputra Dewa dong,ask_operating_hours
Maaf mau tanya Museum Sultan Mahmud Badaruddin II lokasinya dimana? dong kak,ask_location_access
Apa Pasar 16 Ilir bayar?,ask_ticket_price
"Bang That's enough, thank you ya kak",goodbye
"Hello, What parks are in Palembang? please",ask_category
Hey Exactly what I needed,provide_feedback
Min LRT friendly tourist destinations? ya kak,ask_lrt_destinations
Kak Jadwal kereta api Jakarta? deh,ask_unrelated
Berapa ya tiket Kambang Iwak?,ask_ticket_price
Kak BKB itu tempat apa sih? deh,ask_destination_info
"Excuse me, Is Kampung Kapitan open in the morning?",ask_operating_hours
Where is Benteng Kuto Besak located?,ask_location_access
Permisi Rekomendasi wisata yang dekat stasiun LRT ya,ask_lrt_destinations
Halo Apakah Ampera dekat stasiun LRT? nih,ask_lrt_destinations
Halo Destinasi yang LRT accessible? dong kak,ask_lrt_destinations
Please How to move on?,ask_unrelated
Eh Ada wifi di Jembatan Ampera? ya,ask_facilities
How to move on??,ask_unrelated
OPI Mall itu apa?,ask_destination_info
Min Alternative tourist spots in Palembang? dong,ask_hidden_gems
Maaf mau tanya Hidden gems in Palembang? dong kak,ask_hidden_gems
"Hello, Do I need to pay to enter Monpera?",ask_ticket_price
Maaf mau tanya Wonderful ya,provide_feedback
How much is the ticket to Jakabaring Sport City?,ask_ticket_price
Min alamat Al Quran Al Akbar apa ya?,ask_location_access
Bye kak dong,goodbye
Maaf mau tanya Info wisata budaya Palembang dong dong kak,ask_category
Permisi Destinasi yang dekat stasiun LRT? dong,ask_lrt_destinations
Eh Benteng Kuto Besak buka jam berapa? ya kak,ask_operating_hours
Mau nanya dong Info jam buka SMB II dong nih,ask_operating_hours
Halo Jelas banget penjelasannya dong kak,provide_feedback
Min Info wisata budaya Palembang dong ya kak,ask_category
What amenities does Kampung Kapitan offer?,ask_facilities
"Permisi That's enough, thank you ya kak",goodbye
Siguntang ada kantin gak?,ask_facilities
Permisi Excellent information dong kak,provide_feedback
Rekomendasi wisata yang dekat stasiun LRT ya kak,ask_lrt_destinations
Maaf mau tanya Ada wifi di Jembatan Ampera? dong kak,ask_facilities
Permisi Palembang punya museum apa? deh,ask_category
Bagaimana cara belajar coding?,ask_unrelated
Bang Ada wifi di Jembatan Ampera? dong,ask_facilities
How to go to Al-Munawar Arab Village?,ask_location_access
Kak Destinasi wisata sejarah Palembang? nih,ask_category
Good evening,greet
Berapa biaya masuk ke SMB II?,ask_ticket_price
Benteng Kuto Besak buka jam berapa? ya kak,ask_operating_hours
Mau nanya dong Info lengkap Punti Kayu dong ya kak,ask_destination_info
Permisi Tess dong kak,greet
Eh Terima kasih infonya dong kak,goodbye
Jembatan Ampera di mana ya,ask_location_access
Eh Numpang tanya dong ya kak,greet
Eh Kamu siapa? dong,ask_unrelated
Eh Enaknya kemana ya di Palembang? sih,ask_recommendation
Bang Kamu siapa? deh,ask_unrelated
Kak Jam operasionalnya? ya,ask_operating_hours
Mau nanya dong Taxi online di Palembang? nih,ask_unrelated
Info tentang OPI Mall,ask_destination_info
What's the entrance fee at Benteng Kuto Besak?,ask_ticket_price
Makasih deh,goodbye
Sejarah Taman Kebon Rojo apa ya?,ask_destination_info
Halo Food tourism in Palembang? dong kak,ask_category
Kak dimana ya Bukit Siguntang?,ask_location_access
Permisi PIM gratis gak sih? deh,ask_ticket_price
Bang Suka deh,provide_feedback
Mau nanya dong Suka sama jawabannya dong,provide_feedback
Arah ke Ampera gimana?,ask_location_access
Maaf mau tanya Masjid Cheng Ho ada spot foto gak? dong,ask_facilities
Eh Min tolong saran wisata dong dong,ask_recommendation
Min Address of Ampera Bridge? nih,ask_location_access
Eh That's helpful deh,provide_feedback
What facilities are available at Jakabaring Sport City? please,ask_facilities
Kak Mau ke tempat bersejarah di Palembang nih,ask_category
Eh Info wisata budaya Palembang dong ya kak,ask_category
Eh Wisata tersembunyi di Palembang?,ask_hidden_gems
Min Min tolong saran wisata dong sih,ask_recommendation
Resep kue bolu?,ask_unrelated
Mau nanya dong Apakah Jakabaring gratis? deh,ask_ticket_price
Eh Bisa naik LRT ke BKB? sih,ask_lrt_destinations
Cara menghilangkan jerawat?,ask_unrelated
Bang Destinasi yang LRT accessible? dong,ask_lrt_destinations
Wisata masjid di Palembang apa aja?,ask_category
Apakah Jakabaring gratis? ya,ask_ticket_price
Halo Jadwal kereta api Jakarta? nih,ask_unrelated
Permisi Address of Ampera Bridge?,ask_location_access
Jam operasionalnya? dong kak,ask_operating_hours
Halo Min kasih tau hidden gems Palembang dong,ask_hidden_gems
Eh Any hidden gems to visit? ya kak,ask_hidden_gems
Permisi Facilities at Benteng Kuto Besak? nih,ask_facilities
Maaf mau tanya Kamu siapa? ya kak,ask_unrelated
Maaf mau tanya Rekomendasi wisata Palembang dong sih,ask_recommendation
Kak Taxi online di Palembang? nih,ask_unrelated
Fasilitas PTC lengkap gak?,ask_facilities
Bang What time does Kampung Kapitan close? ya,ask_operating_hours
Mau nanya dong Address of Ampera Bridge? ya kak,ask_location_access
What time does Kemaro Island close?,ask_operating_hours
Halo Info wisata budaya Palembang dong nih,ask_category
Eh Jelas banget penjelasannya ya,provide_feedback
Masjid Agung Palembang tutup jam berapa?,ask_operating_hours
Mau nanya dong Taxi online di Palembang? ya,ask_unrelated
Kak Wonderful sih,provide_feedback
Halo Tolong kasih tau wisata dekat LRT ya kak,ask_lrt_destinations
Halo Mau tanya dong kak harga tiket Benteng Kuto Besak deh,ask_ticket_price
Min Min tolong saran wisata dong nih,ask_recommendation
Bisa naik LRT ke BKB? dong,ask_lrt_destinations
hidden gems in palembang?,ask_hidden_gems
Mau nanya dong PIM ada tempat parkir? ya kak,ask_facilities
Eh Suka sama jawabannya,provide_feedback
Eh Jadwal kereta api Jakarta? dong kak,ask_unrelated
Maaf mau tanya Cara daftar CPNS gimana? dong kak,ask_unrelated
Amanzi Waterpark ada spot foto gak?,ask_facilities
Jakabaring Sport City mulai buka jam berapa?,ask_operating_hours
Palembang tourism recommendations?,ask_recommendation
Permisi Masjid Cheng Ho ada spot foto gak? ya,ask_facilities
Where is Benteng Kuto Besak?,ask_location_access
Maaf mau tanya Famous places in Palembang? sih,ask_recommendation
Apakah Siguntang buka hari Minggu?,ask_operating_hours
Things to do in Palembang?,ask_recommendation
Halo Wisata Palembang yang aesthetic tapi sepi? dong kak,ask_hidden_gems
What's Kambang Iwak Park like?,ask_destination_info
Cara daftar CPNS gimana? sih,ask_unrelated
Bang Min tolong saran wisata dong sih,ask_recommendation
Kak Oke cukup kak makasih banyak dong kak,goodbye
Kak Destinasi yang LRT accessible? dong kak,ask_lrt_destinations
Eh Rekomendasi wisata yang dekat stasiun LRT,ask_lrt_destinations
Address of Kemaro Island?,ask_location_access
Bang Food tourism in Palembang? ya kak,ask_category
Maaf mau tanya Thank you very much sih,goodbye
Mau nanya dong Benteng Kuto Besak buka jam berapa? dong,ask_operating_hours
Bang Oke makasih kak sangat membantu ya,goodbye
Mau nanya dong Wisata apa yang recommended di Palembang? deh,ask_recommendation
Goodbye,goodbye
Kak Monpera buka jam berapa ya?,ask_operating_hours
Bang Jam operasionalnya? ya kak,ask_operating_hours
Halo ada admin?,greet
Kak PIM gratis gak sih? dong,ask_ticket_price
Min Bye kak ya,goodbye
Mau nanya dong Oke makasih kak sangat membantu ya,goodbye
Eh Rekomendasi wisata yang dekat stasiun LRT dong,ask_lrt_destinations
Maaf mau tanya PIM gratis gak sih? ya,ask_ticket_price
Permisi Lesser known attractions in Palembang? ya kak,ask_hidden_gems
When is Kampung Kapitan open?,ask_operating_hours
How much is the admission to Sultan Mahmud Badaruddin II Museum?,ask_ticket_price
Bang Makasih ya,goodbye
Permisi Wisata apa yang recommended di Palembang? deh,ask_recommendation
Mau tanya dong kak harga tiket Benteng Kuto Besak dong kak,ask_ticket_price
Jelaskan tentang Hutan Wisata Punti Kayu,ask_destination_info
Eh Jelas banget penjelasannya nih,provide_feedback
Eh Lesser known attractions in Palembang? dong,ask_hidden_gems
Kak Excellent information ya kak,provide_feedback
Maaf mau tanya Rekomendasi hidden gems dong kak dong kak,ask_hidden_gems
Kak Jelas banget penjelasannya deh,provide_feedback
Kak Resep nasi goreng dong sih,ask_unrelated
Min Min kasih tau hidden gems Palembang,ask_hidden_gems
Min Makasih nih,goodbye
"Eh That's enough, thank you dong kak",goodbye
Wisata wisata budaya di Palembang apa aja?,ask_category
Oke cukup kak makasih banyak ya,goodbye
Permisi Info lengkap Punti Kayu dong,ask_destination_info
Mau nanya dong Destinasi yang LRT accessible? ya kak,ask_lrt_destinations
Eh Help me please dong kak,greet
Permisi Hidden gems in Palembang? dong kak,ask_hidden_gems
Eh Bye kak nih,goodbye
Kak Jam operasionalnya? dong kak,ask_operating_hours
Maaf mau tanya Kak ada museum gak di Palembang? ya,ask_category
Halo That's helpful,provide_feedback
Mau nanya dong Wonderful dong kak,provide_feedback
Min Resep nasi goreng dong ya kak,ask_unrelated
Al Quran Al Akbar ada spot foto gak?,ask_facilities
Kak Permisi kak deh,greet
Recommend tourist places in Palembang,ask_recommendation
Halo KI itu apa?,ask_destination_info
Mau nanya dong Excellent information sih,provide_feedback
Bang Min tolong saran wisata dong deh,ask_recommendation
Bang Jadwal kereta api Jakarta? nih,ask_unrelated
Min Masjid Cheng Ho ada spot foto gak? dong kak,ask_facilities
Kak Hai kak masih aktif? dong,greet
Dimana lokasi Kemaro?,ask_location_access
Eh Oke makasih kak sangat membantu deh,goodbye
What's the location of Ampera Bridge,ask_location_access
Maaf mau tanya Tolong kasih tau wisata dekat LRT sih,ask_lrt_destinations
Mau nanya dong Mau tanya dong kak harga tiket Benteng Kuto Besak deh,ask_ticket_price
Kak Suka sama jawabannya sih,provide_feedback
Min Kak ada museum gak di Palembang? ya kak,ask_category
Halo Ada wifi di Jembatan Ampera? deh,ask_facilities
Bang Tolong kasih tau wisata dekat LRT sih,ask_lrt_destinations
Best destinations in Palembang? dong,ask_recommendation
Eh Masjid Cheng Ho ada spot foto gak?,ask_facilities
Eh Mau tanya dong kak harga tiket Benteng Kuto Besak nih,ask_ticket_price
What time does Kampung Kapitan close,ask_operating_hours
Mau nanya dong Mau ke tempat bersejarah di Palembang ya kak,ask_category
Mau nanya dong Ada wifi di Jembatan Ampera? nih,ask_facilities
Halo Destinasi yang dekat stasiun LRT? dong kak,ask_lrt_destinations
Berapa ya tiket Hutan Wisata Punti Kayu?,ask_ticket_price
Fasilitas apa saja di BKB?,ask_facilities
Permisi PIM gratis gak sih? ya kak,ask_ticket_price
Kak Best destinations in Palembang? dong,ask_recommendation
Permisi Jelas banget penjelasannya deh,provide_feedback
Eh Masjid Cheng Ho ada spot foto gak? sih,ask_facilities
Min Apakah Ampera dekat stasiun LRT? dong kak,ask_lrt_destinations
Min Tourist spots along LRT route? deh,ask_lrt_destinations
Destinasi wisata sejarah Palembang?,ask_category
Permisi Jadwal kereta api Jakarta? nih,ask_unrelated
Mau nanya dong Wisata tersembunyi di Palembang? nih,ask_hidden_gems
Permisi Min kasih tau hidden gems Palembang,ask_hidden_gems
Halo Info jam buka SMB II dong sih,ask_operating_hours
Bang Suka sama jawabannya sih,provide_feedback
Eh Min tolong saran wisata dong ya,ask_recommendation
Halo PIM ada tempat parkir? ya kak,ask_facilities
What's the weather today?,ask_unrelated
Mau nanya dong That's helpful ya,provide_feedback
Kak Kak ada museum gak di Palembang? sih,ask_category
Min Deskripsi Bukit Siguntang dong kak,ask_destination_info
Eh Min kasih tau hidden gems Palembang ya,ask_hidden_gems
Kak Museum Balaputra Dewa fasilitasnya apa aja? ya kak,ask_facilities
Ada wifi di Jembatan Ampera? ya,ask_facilities
Maaf mau tanya Suka deh sih,provide_feedback
Kak Wisata Palembang yang aesthetic tapi sepi?,ask_hidden_gems
PIM di mana ya?,ask_location_access
Hai kak masih aktif? sih,greet
Eh Masjid Cheng Ho ada spot foto gak? ya,ask_facilities
Eh Terima kasih infonya ya kak,goodbye
Parkiran Pulau Kemaro luas gak?,ask_facilities
Min tolong saran wisata dong ya,ask_recommendation
Bang Kampung Arab Al-Munawar ada di daerah mana?,ask_location_access
Min Destinasi yang LRT accessible? deh,ask_lrt_destinations
Permisi PIM ada tempat parkir? dong,ask_facilities
Palembang punya wisata alam apa?,ask_category
Kampung Arab Al-Munawar ada di daerah mana? dong,ask_location_access
Maaf mau tanya Jam operasionalnya?,ask_operating_hours
Bang Mau tanya dong kak harga tiket Benteng Kuto Besak ya kak,ask_ticket_price
Kak Min kasih tau hidden gems Palembang deh,ask_hidden_gems
Masjid Agung Palembang lokasinya dimana?,ask_location_access
Fasilitas pendukung KI?,ask_facilities
Tourist spots along LRT route? ya kak,ask_lrt_destinations
Maaf mau tanya PIM ada tempat parkir? deh,ask_facilities
Mau nanya dong Tess ya,greet
Halo Apakah Ampera dekat stasiun LRT? sih,ask_lrt_destinations
Halo Best destinations in Palembang? nih,ask_recommendation
Halo Wonderful deh,provide_feedback
Bang Recipe for chocolate cake? ya,ask_unrelated
Min Hai kak masih aktif?,greet
Mau nanya dong Jadwal kereta api Jakarta? deh,ask_unrelated
Mau tanya dong kak harga tiket Pulau Kemaro,ask_ticket_price
Maaf mau tanya Tolong kasih tau wisata dekat LRT,ask_lrt_destinations
Makasih kak,goodbye
Permisi That's helpful deh,provide_feedback
cara main saham?,ask_unrelated
Help me please ya,greet
Permisi Hlo dong,greet
Bye bye makasih,goodbye
Maaf mau tanya Mau tanya dong kak harga tiket Benteng Kuto Besak ya kak,ask_ticket_price
Hidden gems in Palembang? nih,ask_hidden_gems
What parks are in Palembang? thanks,ask_category
Deskripsi Fantasy Island,ask_destination_info
Maaf mau tanya Rekomendasi hidden gems dong kak deh,ask_hidden_gems
Min alamat Palembang Trade Center apa ya?,ask_location_access
Eh Kak ada museum gak di Palembang?,ask_category
Mau nanya dong Terima kasih infonya sih,goodbye
Halo Enaknya kemana ya di Palembang? dong,ask_recommendation
Bang Info jam buka SMB II dong ya kak,ask_operating_hours
Kak Apakah Ampera dekat stasiun LRT?,ask_lrt_destinations
Permisi Rekomendasi wisata untuk liburan singkat nih,ask_recommendation
Mau nanya dong Masjid Cheng Ho ada spot foto gak? nih,ask_facilities
Cara daftar CPNS gimana? dong,ask_unrelated
Mau nanya dong Jam operasionalnya?,ask_operating_hours
Lokasi Amanzi Waterpark dimana kak?,ask_location_access
List of historical sites in Palembang?,ask_category
Tess nih,greet
Min Apakah Jakabaring gratis? nih,ask_ticket_price
Min Lesser known attractions in Palembang? deh,ask_hidden_gems
Maaf mau tanya Ada wifi di Jembatan Ampera? deh,ask_facilities
HTM Monpera berapa?,ask_ticket_price
Kak Museum Balaputra Dewa fasilitasnya apa aja? nih,ask_facilities
Mau nanya dong Details about Kambang Iwak Park? deh,ask_destination_info
Halo Address of Ampera Bridge? deh,ask_location_access
Museum Balaputra Dewa fasilitasnya apa aja? nih,ask_facilities
Tell me about Jakabaring Sport City,ask_destination_info
Halo BKB itu tempat apa sih? dong kak,ask_destination_info
Eh Kampung Arab Al-Munawar ada di daerah mana?,ask_location_access
Ada fasilitas apa di Pulau Kemaro?,ask_facilities
Jadwal buka Masjid Cheng Ho kapan ya?,ask_operating_hours
Mau nanya dong KI itu apa? dong,ask_destination_info
Seru gak Kampung Kapitan?,ask_destination_info
Bang Rekomendasi wisata untuk liburan singkat dong kak,ask_recommendation
Wisata Palembang yang aesthetic tapi sepi? deh,ask_hidden_gems
Min Info lengkap Punti Kayu dong dong,ask_destination_info
Jam operasional Kampung Arab Al-Munawar?,ask_operating_hours
Min Wonderful ya kak,provide_feedback
Permisi Min tolong saran wisata dong ya,ask_recommendation
Address of Punti Kayu Forest?,ask_location_access
Bang PIM gratis gak sih? ya kak,ask_ticket_price
Berapa duit masuk Pulau Kemaro?,ask_ticket_price
Bang Enaknya kemana ya di Palembang? sih,ask_recommendation
ada wifi di jembatan ampera?,ask_facilities
Do I need to pay to enter Monpera? thanks,ask_ticket_price
Kira-kira harga tiket PIM berapa?,ask_ticket_price
Maaf mau tanya PIM gratis gak sih? deh,ask_ticket_price
Maaf mau tanya Permisi kak,greet
Maaf mau tanya Bisa naik LRT ke BKB? ya kak,ask_lrt_destinations
Info jam buka Pulau Kemaro dong,ask_operating_hours
Deskripsi SMB,ask_destination_info
Mau nanya dong Kak ada museum gak di Palembang? ya kak,ask_category
Mau ke Fantasy Island lewat mana?,ask_location_access
Best destinations in Palembang? ya,ask_recommendation
Halo PIM gratis gak sih?,ask_ticket_price
Bang Kampung Arab Al-Munawar ada di daerah mana? deh,ask_location_access
Mau nanya dong Tourist spots along LRT route? ya,ask_lrt_destinations
Eh Destinasi yang LRT accessible? ya kak,ask_lrt_destinations
Lesser known attractions in Palembang? dong kak,ask_hidden_gems
Mau nanya dong Any hidden gems to visit? dong,ask_hidden_gems
Bang Resep nasi goreng dong dong,ask_unrelated
Halo Best destinations in Palembang? deh,ask_recommendation
Min Terima kasih infonya,goodbye
Info lengkap Punti Kayu dong ya,ask_destination_info
Bayar berapa?,ask_ticket_price
Maaf mau tanya Wonderful ya kak,provide_feedback
Mau nanya dong Tourist spots along LRT route? nih,ask_lrt_destinations
Hey What facilities are available at Jakabaring Sport City?,ask_facilities
Halo Hidden gems in Palembang?,ask_hidden_gems
Mau nanya dong Cara main saham? deh,ask_unrelated
Info tentang Kambang Iwak,ask_destination_info
How to cook an egg?,ask_unrelated
Eh Oke makasih kak sangat membantu dong,goodbye
Fasilitas SMB II lengkap gak?,ask_facilities
Al-Munawar hari libur buka gak?,ask_operating_hours
Kak Permisi kak dong,greet
Palembang punya museum apa? dong,ask_category
Halo Terima kasih infonya nih,goodbye
Maaf mau tanya That's helpful nih,provide_feedback
Eh What time does Kampung Kapitan close?,ask_operating_hours
Is Jakabaring Sport City open on weekends?,ask_operating_hours
Halo BKB itu tempat apa sih? ya kak,ask_destination_info
"Hello, Exactly what I needed?",provide_feedback
Maaf mau tanya Jam operasionalnya? nih,ask_operating_hours
pim gratis gak sih?,ask_ticket_price
Min Kak ada museum gak di Palembang? deh,ask_category
Mau nanya dong Bisa naik LRT ke BKB? ya,ask_lrt_destinations
Eh Makasih dong kak,goodbye
Permisi BKB itu tempat apa sih? ya kak,ask_destination_info
Min Wisata Palembang yang aesthetic tapi sepi? dong kak,ask_hidden_gems
Halo Resep nasi goreng dong sih,ask_unrelated
Kapan kiamat?,ask_unrelated
"Hello, I want to explore Palembang",greet
Can you tell me What's the location of Ampera Bridge? please,ask_location_access
Mau nanya dong Min tolong saran wisata dong dong kak,ask_recommendation
Kak Jembatan Ampera di mana ya?,ask_location_access
Min Kak ada museum gak di Palembang? ya,ask_category
Can you tell me Do I need to pay to enter Monpera? please,ask_ticket_price
Best places to visit by LRT?,ask_lrt_destinations
Weekend KI buka?,ask_operating_hours
Ceritain Ampera dong kak,ask_destination_info
Maaf mau tanya Terima kasih infonya dong kak,goodbye
Eh Info wisata budaya Palembang dong dong kak,ask_category
Maaf mau tanya Bye kak deh,goodbye
Halo Wisata apa yang recommended di Palembang? nih,ask_recommendation
"Mau nanya dong That's enough, thank you deh",goodbye
Hari ini KI buka gak ya?,ask_operating_hours
Bang Wisata tersembunyi di Palembang? nih,ask_hidden_gems
Dari jam berapa Taman Kebon Rojo buka?,ask_operating_hours
Permisi PIM ada tempat parkir? dong kak,ask_facilities
Bang Rekomendasi wisata Palembang dong ya,ask_recommendation
Best destinations in Palembang? deh,ask_recommendation
Rekomendasi wisata sejarah Palembang,ask_category
Mau nanya dong Cara daftar CPNS gimana? sih,ask_unrelated
Permisi Taxi online di Palembang? dong,ask_unrelated
Maaf mau tanya Enaknya kemana ya di Palembang? dong kak,ask_recommendation
Fasilitas apa saja di Masjid Cheng Ho?,ask_facilities
Min Apakah Ampera dekat stasiun LRT? ya,ask_lrt_destinations
Bang Rekomendasi wisata Palembang dong dong kak,ask_recommendation
Info wisata religi Palembang dong,ask_category
What's special about Punti Kayu Forest?,ask_destination_info
Kak Thank you dong,goodbye
Mau nanya dong Alternative tourist spots in Palembang?,ask_hidden_gems
"Hi, What's the location of Ampera Bridge? please",ask_location_access
Min Bisa naik LRT ke BKB? ya kak,ask_lrt_destinations
Kak Masjid Cheng Ho ada spot foto gak? sih,ask_facilities
Permisi Rekomendasi hidden gems dong kak ya,ask_hidden_gems
Jam tutup KI kapan?,ask_operating_hours
Min Destinasi wisata sejarah Palembang? dong,ask_category
Siapa pemenang Liga Champions?,ask_unrelated
Mau nanya dong Info lengkap Punti Kayu dong dong,ask_destination_info
Permisi Jembatan Ampera di mana ya? ya,ask_location_access
Berapa harga tiket masuk Amanzi?,ask_ticket_price
Maaf mau tanya Wisata apa yang recommended di Palembang? nih,ask_recommendation
Maaf mau tanya BKB itu tempat apa sih? ya,ask_destination_info
Maaf mau tanya Min tolong saran wisata dong nih,ask_recommendation
Pasar 16 Ilir buka setiap hari?,ask_operating_hours
Is admission to Grand Mosque of Palembang free?,ask_ticket_price
Permisi Suka sama jawabannya dong,provide_feedback
Mau nanya dong Info wisata budaya Palembang dong,ask_category
Maaf mau tanya Apakah Jakabaring gratis? ya,ask_ticket_price
Permisi Enaknya kemana ya di Palembang?,ask_recommendation
Wisata Arab di Palembang?,ask_category
Bang Info wisata budaya Palembang dong dong,ask_category
Mau nanya dong What time does Kampung Kapitan close? dong,ask_operating_hours
Rekomendasi wisata kuliner Palembang,ask_category
Maaf mau tanya Cara main saham? ya kak,ask_unrelated
Maaf mau tanya Hlo,greet
Maaf mau tanya Chatbot nya bagus sih,provide_feedback
Any hidden gems to visit,ask_hidden_gems
Mau nanya dong Permisi kak deh,greet
Kak Wisata apa yang recommended di Palembang? dong kak,ask_recommendation
Permisi LRT friendly tourist destinations? dong kak,ask_lrt_destinations
Alamat Fantasy Island dimana?,ask_location_access
Bang Museum Sultan Mahmud Badaruddin II lokasinya dimana? sih,ask_location_access
Can you tell me What should I visit in Palembang??,ask_recommendation
Kak ada museum gak di Palembang? dong kak,ask_category
Maaf mau tanya Jembatan Ampera di mana ya? nih,ask_location_access
Min Famous places in Palembang? ya kak,ask_recommendation
Rekomendasi wisata Palembang dong?,ask_recommendation
Halo Jadwal kereta api Jakarta? dong,ask_unrelated
Kak Lesser known attractions in Palembang? ya,ask_hidden_gems
Eh Hai kak masih aktif?,greet
Bang PIM gratis gak sih? dong,ask_ticket_price
Buka sampai malam?,ask_operating_hours
Info lengkap Punti Kayu dong dong,ask_destination_info
Rekomendasi hidden gems dong kak?,ask_hidden_gems
Eh Cara main saham? sih,ask_unrelated
"Hello, How to move on??",ask_unrelated
Halo Ada wifi di Jembatan Ampera? ya,ask_facilities
Permisi Chatbot nya bagus ya kak,provide_feedback
"Halo That's enough, thank you deh",goodbye
PIM ada tempat parkir?,ask_facilities
"Kak That's enough, thank you nih",goodbye
Min Kampung Arab Al-Munawar ada di daerah mana? nih,ask_location_access
Wisata off the beaten path Palembang?,ask_hidden_gems
Halo Suka deh nih,provide_feedback
Fasilitas pendukung Kambang Iwak?,ask_facilities
Mau nanya dong Jam operasionalnya? sih,ask_operating_hours
Halo Enaknya kemana ya di Palembang? nih,ask_recommendation
Kak Rekomendasi wisata untuk liburan singkat deh,ask_recommendation
Info lengkap Punti Kayu dong sih,ask_destination_info
Eh Museum Balaputra Dewa fasilitasnya apa aja? ya,ask_facilities
Posisi Monpera dimana ya?,ask_location_access
Min Mau ke tempat bersejarah di Palembang deh,ask_category
Permisi Recipe for chocolate cake? nih,ask_unrelated
Mau nanya dong Destinasi wisata sejarah Palembang? deh,ask_category
Halo Masjid Cheng Ho ada spot foto gak? deh,ask_facilities
Maaf mau tanya LRT friendly tourist destinations? deh,ask_lrt_destinations
Eh Min kasih tau hidden gems Palembang deh,ask_hidden_gems
Kampung Arab Al-Munawar ada di daerah mana? sih,ask_location_access
Maaf mau tanya Apakah Ampera dekat stasiun LRT? ya kak,ask_lrt_destinations
terima kasih infonya,goodbye
Permisi Wisata tersembunyi di Palembang? dong kak,ask_hidden_gems
Rekomendasi wisata untuk liburan singkat deh,ask_recommendation
Mau nanya dong Ada wifi di Jembatan Ampera? deh,ask_facilities
Buka jam berapa?,ask_operating_hours
What time does Al-Munawar Arab Village close?,ask_operating_hours
"Excuse me, Does Jakabaring Sport City have a mosque? thanks",ask_facilities
Wisata apa yang recommended di Palembang?,ask_recommendation
Permisi Thank you very much deh,goodbye
Permisi Alternative tourist spots in Palembang? sih,ask_hidden_gems
Taman Kambang Iwak Besak ada toilet gak?,ask_facilities
Min Best destinations in Palembang? ya kak,ask_recommendation
That's helpful?,provide_feedback
Eh Mau tanya dong kak harga tiket Benteng Kuto Besak,ask_ticket_price
Min Taxi online di Palembang? dong,ask_unrelated
Mau minta saran wisata Palembang,ask_recommendation
More information please,ask_destination_info
Permisi Hidden gems in Palembang? ya,ask_hidden_gems
Does Jakabaring Sport City open every day?,ask_operating_hours
Bang Any hidden gems to visit? dong,ask_hidden_gems
Apakah Pasar 16 Ilir buka 24 jam?,ask_operating_hours
Hidden gems in Palembang,ask_hidden_gems
Kak Details about Kambang Iwak Park? deh,ask_destination_info
Halo Wisata Palembang yang aesthetic tapi sepi?,ask_hidden_gems
Mau nanya dong LRT friendly tourist destinations? sih,ask_lrt_destinations
Kak BKB itu tempat apa sih? dong kak,ask_destination_info
Wisata tersembunyi di Palembang? deh,ask_hidden_gems
Kak Destinasi yang LRT accessible? deh,ask_lrt_destinations
Can someone help me?,greet
Permisi Any hidden gems to visit? deh,ask_hidden_gems
Bang Info jam buka SMB II dong deh,ask_operating_hours
Kak Bisa naik LRT ke BKB? dong kak,ask_lrt_destinations
"Hi, How to move on? thanks",ask_unrelated
Mau nanya dong Suka sama jawabannya,provide_feedback
Halo Wisata apa yang recommended di Palembang?,ask_recommendation
Halo Wonderful ya,provide_feedback
Ceritain Museum Sultan Mahmud Badaruddin II dong kak,ask_destination_info
Bang Wonderful nih,provide_feedback
Al Quran Al Akbar gratis gak sih?,ask_ticket_price
Kak Mau tanya dong kak harga tiket Benteng Kuto Besak dong kak,ask_ticket_price
Mau cari wisata budaya di Palembang,ask_category
Permisi Masjid Cheng Ho ada spot foto gak? nih,ask_facilities
Jembatan Ampera fasilitasnya apa aja?,ask_facilities
Info harga tiket PIM dong kak,ask_ticket_price
Bang Destinasi wisata sejarah Palembang? nih,ask_category
Kak BKB itu tempat apa sih? dong,ask_destination_info
Min Food tourism in Palembang? nih,ask_category
Maaf mau tanya Enaknya kemana ya di Palembang? nih,ask_recommendation
Mau nanya dong Terima kasih infonya dong,goodbye
Mau nanya dong Rekomendasi wisata yang dekat stasiun LRT deh,ask_lrt_destinations
Can you tell me What's the location of Ampera Bridge? thanks,ask_location_access
Eh Rekomendasi wisata untuk liburan singkat sih,ask_recommendation
Maaf mau tanya Wisata Palembang yang aesthetic tapi sepi? nih,ask_hidden_gems
Permisi Kampung Arab Al-Munawar ada di daerah mana?,ask_location_access
Min Benteng Kuto Besak buka jam berapa? ya kak,ask_operating_hours
"Halo That's enough, thank you ya kak",goodbye
Halo Destinasi wisata sejarah Palembang? deh,ask_category
Eh Kak ada museum gak di Palembang? dong kak,ask_category
Permisi That's helpful,provide_feedback
Ada wifi di Jembatan Ampera? ya kak,ask_facilities
Kambang Iwak fasilitasnya apa aja?,ask_facilities
Price to enter Kemaro Island?,ask_ticket_price
Permisi Enaknya kemana ya di Palembang? ya,ask_recommendation
Halo That's helpful deh,provide_feedback
Halo Details about Kambang Iwak Park? nih,ask_destination_info
Bang Wisata Palembang yang aesthetic tapi sepi? ya kak,ask_hidden_gems
Bang Kak ada museum gak di Palembang?,ask_category
Selamat malam,greet
Kak Any hidden gems to visit? sih,ask_hidden_gems
Halo Oke cukup kak makasih banyak sih,goodbye
Min Oke makasih kak sangat membantu sih,goodbye
Rekomendasi wisata untuk liburan singkat?,ask_recommendation
Any hidden gems to visit? deh,ask_hidden_gems
Mau ke Museum Balaputra Dewa bayar berapa?,ask_ticket_price
Berapa ya tiketnya?,ask_ticket_price
Is Punti Kayu Forest open on Sunday?,ask_operating_hours
Kak Bye kak sih,goodbye
Maaf mau tanya Deskripsi Bukit Siguntang dong,ask_destination_info
Halo Wonderful sih,provide_feedback
History of Kampung Kapitan?,ask_destination_info
Wisata sepi tapi bagus di Palembang?,ask_hidden_gems
Eh Any hidden gems to visit? ya,ask_hidden_gems
Min Jadwal kereta api Jakarta? ya kak,ask_unrelated
Bang Destinasi wisata sejarah Palembang? dong,ask_category
Kak Info jam buka SMB II dong deh,ask_operating_hours
Mau nanya dong Rekomendasi wisata yang dekat stasiun LRT nih,ask_lrt_destinations
Mau nanya dong Destinasi yang dekat stasiun LRT? deh,ask_lrt_destinations
"Perfect, thank you",goodbye
Information about Kampung Kapitan,ask_destination_info
Kak Thank you very much deh,goodbye
How much for Monpera tickets?,ask_ticket_price
Kak fasilitas Kampung Arab Al-Munawar apa aja ya?,ask_facilities
Bang Recipe for chocolate cake? nih,ask_unrelated
Yang termasuk wisata kuliner apa aja?,ask_category
Mau nanya dong Excellent information dong,provide_feedback
Fasilitas Kambang Iwak lengkap gak?,ask_facilities
Maaf mau tanya Alternative tourist spots in Palembang? sih,ask_hidden_gems
What are the operating hours of Grand Mosque of Palembang?,ask_operating_hours
Permisi Wisata apa yang recommended di Palembang? dong,ask_recommendation
Halo Chatbot nya bagus deh,provide_feedback
Permisi Museum Sultan Mahmud Badaruddin II lokasinya dimana? sih,ask_location_access
Mau nanya dong Oke makasih kak sangat membantu dong,goodbye
Palembang Icon ada tempat istirahat?,ask_facilities
Halo Min kasih tau hidden gems Palembang dong kak,ask_hidden_gems
Eh PIM ada tempat parkir? nih,ask_facilities
Permisi Enaknya kemana ya di Palembang? nih,ask_recommendation
Permisi Jam operasionalnya? nih,ask_operating_hours
Maaf mau tanya Museum Sultan Mahmud Badaruddin II lokasinya dimana? ya kak,ask_location_access
Bang Cara daftar CPNS gimana?,ask_unrelated
Eh Oke cukup kak makasih banyak ya kak,goodbye
Kasih tau dong tentang Ampera,ask_destination_info
Kak PIM ada tempat parkir?,ask_facilities
Min Mau ke tempat bersejarah di Palembang,ask_category
Eh Palembang punya museum apa? dong kak,ask_category
Eh Details about Kambang Iwak Park? ya kak,ask_destination_info
PIM gratis gak sih? dong,ask_ticket_price
Maaf mau tanya Excellent information sih,provide_feedback
Eh Masjid Cheng Ho ada spot foto gak? deh,ask_facilities
KI tutup jam berapa?,ask_operating_hours
Maaf mau tanya Thank you very much,goodbye
Terima kasih infonya,goodbye
Min BKB itu tempat apa sih? ya kak,ask_destination_info
"Excuse me, What facilities are available at Jakabaring Sport City? please",ask_facilities
Kak Destinasi wisata sejarah Palembang? dong kak,ask_category
Cara bikin cuko pempek,ask_unrelated
Min Naik apa ke Pasar 16 Ilir? dong,ask_location_access
Mau nanya dong Best destinations in Palembang? ya,ask_recommendation
Ada mushola?,ask_facilities
Maaf mau tanya Cara daftar CPNS gimana? ya kak,ask_unrelated
What time does Kampung Kapitan close? deh,ask_operating_hours
Please Does Jakabaring Sport City have a mosque??,ask_facilities
Kak Kalo hari Sabtu Kawah Tengkurep buka? nih,ask_operating_hours
"Hi, What facilities are available at Jakabaring Sport City? please",ask_facilities
Fantasy Island bisa ditempuh pakai apa?,ask_location_access
Mau nanya dong Permisi kak,greet
Deskripsi Kambang Iwak,ask_destination_info
Palembang LRT tourism destinations?,ask_lrt_destinations
Nice,provide_feedback
Kak Jadwal kereta api Jakarta? nih,ask_unrelated
Mau nanya dong Info wisata budaya Palembang dong sih,ask_category
Mau nanya dong Min kasih tau hidden gems Palembang sih,ask_hidden_gems
Maaf mau tanya Tourist spots along LRT route? sih,ask_lrt_destinations
What's available at Benteng Kuto Besak?,ask_facilities
Maaf mau tanya Taxi online di Palembang? dong kak,ask_unrelated
Bang Kamu siapa? ya,ask_unrelated
Permisi Hlo,greet
Hey What facilities are available at Jakabaring Sport City??,ask_facilities
Halo Bisa naik LRT ke BKB?,ask_lrt_destinations
Min Jam operasionalnya? ya kak,ask_operating_hours
Mau nanya dong Permisi kak dong kak,greet
Halo Rekomendasi wisata yang dekat stasiun LRT,ask_lrt_destinations
Wisata yang bisa dikunjungi sehari,ask_recommendation
Mau nanya dong Hidden gems in Palembang? dong kak,ask_hidden_gems
Permisi Hlo dong kak,greet
Bang Any hidden gems to visit?,ask_hidden_gems
Kak Terima kasih infonya,goodbye
Bang Jadwal kereta api Jakarta? ya kak,ask_unrelated
Biaya masuknya berapa?,ask_ticket_price
Kayak apa sih Kambang Iwak?,ask_destination_info
Eh KI itu apa? nih,ask_destination_info
Apa itu BKB?,ask_destination_info
Maaf mau tanya Suka deh ya,provide_feedback
Is Kemaro Island child-friendly?,ask_facilities
Maaf mau tanya Bye kak dong,goodbye
Ada wisata apa aja di Palembang?,ask_recommendation
Excellent information ya,provide_feedback
Permisi Apakah Ampera dekat stasiun LRT? dong,ask_lrt_destinations
"Hello, What parks are in Palembang??",ask_category
"That's enough, thank you ya kak",goodbye
Permisi Museum Balaputra Dewa fasilitasnya apa aja?,ask_facilities
Eh Palembang punya museum apa? nih,ask_category
Mau nanya dong Masjid Cheng Ho ada spot foto gak?,ask_facilities
"Mau nanya dong That's enough, thank you sih",goodbye
Naik apa ke PIM?,ask_location_access
Ada museum di Palembang?,ask_category
Permisi Thank you very much ya,goodbye
Mau nanya dong Rekomendasi wisata Palembang dong,ask_recommendation
Eh Kak ada museum gak di Palembang? ya kak,ask_category
Permisi kak dong kak,greet
Hey Do I need to pay to enter Monpera??,ask_ticket_price
Bang Suka sama jawabannya dong kak,provide_feedback
Eh Palembang punya museum apa? sih,ask_category
Mau tau tentang Punti Kayu,ask_destination_info
Eh Any hidden gems to visit? dong kak,ask_hidden_gems
Kak Cara daftar CPNS gimana? nih,ask_unrelated
Min PIM ada tempat parkir? ya kak,ask_facilities
Please How much is the ticket to Kampung Kapitan? thanks,ask_ticket_price
Hay mau nanya,greet
Best destinations in Palembang?,ask_recommendation
Mau nanya dong PIM gratis gak sih? dong,ask_ticket_price
Tess dong,greet
Thank you very much,goodbye
Mau nanya dong Alternative tourist spots in Palembang? ya kak,ask_hidden_gems
Maaf mau tanya KI itu apa?,ask_destination_info
Dari jam berapa Palembang Icon buka?,ask_operating_hours
Min Kak ada museum gak di Palembang? dong kak,ask_category
Kak Rekomendasi wisata yang dekat stasiun LRT ya,ask_lrt_destinations
Halo Palembang punya museum apa? nih,ask_category
Mau nanya dong Tolong kasih tau wisata dekat LRT dong kak,ask_lrt_destinations
Info wisata budaya Palembang dong nih,ask_category
Mau nanya dong Mau ke tempat bersejarah di Palembang ya,ask_category
Wisata apa yang recommended di Palembang? dong kak,ask_recommendation
Berapa ya tiket Kawah Tengkurep?,ask_ticket_price
Mau nanya dong PIM gratis gak sih?,ask_ticket_price
Bisa naik LRT ke BKB?,ask_lrt_destinations
Permisi Numpang tanya dong dong kak,greet
Halo Numpang tanya dong deh,greet
Deskripsi Bukit Siguntang,ask_destination_info
Kapan Kampung Kapitan buka?,ask_operating_hours
PIM gratis gak sih? nih,ask_ticket_price
Kak Lesser known attractions in Palembang? dong kak,ask_hidden_gems
Halo Taxi online di Palembang? dong kak,ask_unrelated
Kak ada masjid gak di Palembang?,ask_category
Permisi kak ya kak,greet
Food tourism in Palembang,ask_category
Kampung Arab Al-Munawar ada spot foto gak?,ask_facilities
Kak Alternative tourist spots in Palembang? dong,ask_hidden_gems
Wisata yang cocok untuk keluarga?,ask_recommendation
Mau nanya dong Thank you very much nih,goodbye
Bang Deskripsi Bukit Siguntang ya,ask_destination_info
Mau nanya dong PIM gratis gak sih? ya kak,ask_ticket_price
Bang Tolong kasih tau wisata dekat LRT,ask_lrt_destinations
Eh Help me please sih,greet
Excellent information nih,provide_feedback
Bang Deskripsi Bukit Siguntang,ask_destination_info
Halo Excellent information,provide_feedback
Min Numpang tanya dong dong kak,greet
Permisi Address of Ampera Bridge? ya,ask_location_access
Eh Any hidden gems to visit? sih,ask_hidden_gems
Eh Suka sama jawabannya dong kak,provide_feedback
What time does Ampera Bridge close?,ask_operating_hours
museums places in Palembang?,ask_category
Bang Jadwal kereta api Jakarta? deh,ask_unrelated
Is Monpera child-friendly?,ask_facilities
Halo Wisata tersembunyi di Palembang? dong kak,ask_hidden_gems
Bang Thank you very much nih,goodbye
Dimana lokasi Amanzi Waterpark?,ask_location_access
Permisi Best destinations in Palembang? dong kak,ask_recommendation
Min Deskripsi Bukit Siguntang ya,ask_destination_info
Kak Apakah Ampera dekat stasiun LRT? dong,ask_lrt_destinations
Do I need to pay to enter Sultan Mahmud Badaruddin II Museum?,ask_ticket_price
Maaf mau tanya Info jam buka SMB II dong dong,ask_operating_hours
Maaf mau tanya Deskripsi Bukit Siguntang nih,ask_destination_info
Kak Bye kak,goodbye
OK bye,goodbye
Kak Info wisata budaya Palembang dong nih,ask_category
Permisi What time does Kampung Kapitan close? deh,ask_operating_hours
Kak Destinasi yang dekat stasiun LRT? dong,ask_lrt_destinations
Mau nanya dong Help me please nih,greet
Maaf mau tanya Tolong kasih tau wisata dekat LRT nih,ask_lrt_destinations
Kak Tourist spots along LRT route? dong kak,ask_lrt_destinations
Masuk Monpera gratis atau bayar?,ask_ticket_price
Suka sama jawabannya ya,provide_feedback
Permisi Museum Balaputra Dewa fasilitasnya apa aja? ya,ask_facilities
Biaya tiket Hutan Wisata Punti Kayu berapa kak?,ask_ticket_price
Siang kak,greet
What days is Sultan Mahmud Badaruddin II Museum open?,ask_operating_hours
Permisi Palembang punya museum apa? dong,ask_category
Quiet but beautiful places in Palembang?,ask_hidden_gems
Ticket price for Monpera?,ask_ticket_price
Info lengkap Kampung Kapitan dong,ask_destination_info
Can you tell me Is Kampung Kapitan open in the morning??,ask_operating_hours
Maaf mau tanya Famous places in Palembang? dong kak,ask_recommendation
Permisi Min tolong saran wisata dong nih,ask_recommendation
Hey Do I need to pay to enter Monpera?,ask_ticket_price
Maaf mau tanya,greet
Please How much is the ticket to Kampung Kapitan??,ask_ticket_price
Wisata wisata kuliner di Palembang apa aja?,ask_category
Halo Chatbot nya bagus,provide_feedback
Jadwal buka Kambang Iwak kapan ya?,ask_operating_hours
Eh Destinasi yang LRT accessible?,ask_lrt_destinations
Bang Help me please dong kak,greet
PIM ada tempat parkir? sih,ask_facilities
Dari pusat kota ke Museum Balaputra Dewa berapa lama?,ask_location_access
Jadwal buka Ampera kapan ya?,ask_operating_hours
Eh Permisi kak dong,greet
Permisi Food tourism in Palembang? ya,ask_category
Kak Food tourism in Palembang?,ask_category
Permisi Oke cukup kak makasih banyak dong,goodbye
"Mau nanya dong That's enough, thank you ya",goodbye
Bang Masjid Cheng Ho ada spot foto gak? dong kak,ask_facilities
Eh PIM gratis gak sih? nih,ask_ticket_price
Kak Info wisata budaya Palembang dong sih,ask_category
Min Suka deh dong kak,provide_feedback
Can I take public transport to Grand Mosque of Palembang?,ask_location_access
Halo Resep nasi goreng dong ya,ask_unrelated
Halo Deskripsi Bukit Siguntang,ask_destination_info
Kak Info lengkap Punti Kayu dong nih,ask_destination_info
Can you tell me What parks are in Palembang??,ask_category
Bang KI itu apa? deh,ask_destination_info
Min Museum Sultan Mahmud Badaruddin II lokasinya dimana?,ask_location_access
Min Tempat wisata murah di Palembang? ya kak,ask_recommendation
Kak Details about Kambang Iwak Park? sih,ask_destination_info
Halo Makasih dong,goodbye
Permisi Thank you very much dong kak,goodbye
Min Wisata tersembunyi di Palembang? nih,ask_hidden_gems
Rekomendasi wisata Palembang dong nih,ask_recommendation
Permisi Excellent information ya,provide_feedback
Bang Facilities at Benteng Kuto Besak?,ask_facilities
Maaf mau tanya Info lengkap Punti Kayu dong dong,ask_destination_info
Apakah Pasar 16 Ilir gratis?,ask_ticket_price
"Halo That's enough, thank you sih",goodbye
Ada fasilitas apa di Ampera?,ask_facilities
Permisi Benteng Kuto Besak buka jam berapa? nih,ask_operating_hours
Maaf mau tanya Makasih nih,goodbye
Maaf mau tanya Lesser known attractions in Palembang? ya,ask_hidden_gems
Permisi Mau tanya dong kak harga tiket Benteng Kuto Besak ya kak,ask_ticket_price
Info lengkap Punti Kayu dong,ask_destination_info
Famous places in Palembang,ask_recommendation
What's available at Kambang Iwak Park?,ask_facilities
Dari mana ke Hutan Wisata Punti Kayu?,ask_location_access
Bang Jembatan Ampera di mana ya?,ask_location_access
Eh KI itu apa? deh,ask_destination_info
Kak Bisa naik LRT ke BKB?,ask_lrt_destinations
Bang Jam operasionalnya? dong kak,ask_operating_hours
Halo Wonderful nih,provide_feedback
Min Wonderful ya,provide_feedback
Mau ke Kambang Iwak lewat mana?,ask_location_access
Mau nanya dong BKB itu tempat apa sih? dong,ask_destination_info
Fasilitas apa saja di Monpera?,ask_facilities
Maaf mau tanya Jembatan Ampera di mana ya? deh,ask_location_access
Halo Tolong kasih tau wisata dekat LRT deh,ask_lrt_destinations
Mau nanya dong Tess,greet
Min Permisi kak dong kak,greet
Kak Rekomendasi wisata untuk liburan singkat,ask_recommendation
Where is Sultan Mahmud Badaruddin II Museum located?,ask_location_access
Kak Wisata apa yang recommended di Palembang? nih,ask_recommendation
Eh Thank you very much ya,goodbye
Bang Details about Kambang Iwak Park? ya kak,ask_destination_info
Oke makasih kak sangat membantu ya kak,goodbye
Rekomendasi wisata Palembang dong dong kak,ask_recommendation
Suka deh,provide_feedback
Alamat lengkapnya?,ask_location_access
Mau ke tempat yang unik dan sepi,ask_hidden_gems
Permisi Numpang tanya dong sih,greet
Min KI itu apa? sih,ask_destination_info
Maaf mau tanya Rekomendasi hidden gems dong kak sih,ask_hidden_gems
Apakah kamu AI?,ask_unrelated
Permisi Terima kasih infonya nih,goodbye
"Halo That's enough, thank you dong",goodbye
Pulau Kemaro tutup jam berapa?,ask_operating_hours
Kak Ada wifi di Jembatan Ampera? dong kak,ask_facilities
"Maaf mau tanya That's enough, thank you deh",goodbye
Apa keunikan Al Quran Al Akbar?,ask_destination_info
Min Details about Kambang Iwak Park? nih,ask_destination_info
Hi chatbot,greet
Ada wifi di Benteng Kuto Besak?,ask_facilities
Terima kasih infonya sih,goodbye
Maaf mau tanya Recipe for chocolate cake? nih,ask_unrelated
Mau nanya dong Lesser known attractions in Palembang? ya kak,ask_hidden_gems
Terima kasih sangat membantu,goodbye
Permisi Resep nasi goreng dong ya,ask_unrelated
Info wisata budaya Palembang dong?,ask_category
Maaf mau tanya Info lengkap Punti Kayu dong ya,ask_destination_info
Terima kasih infonya nih,goodbye
Mau nanya dong Mau ke tempat bersejarah di Palembang deh,ask_category
"Hi, What parks are in Palembang? please",ask_category
Mau nanya dong Rekomendasi hidden gems dong kak sih,ask_hidden_gems
Kak Museum Sultan Mahmud Badaruddin II lokasinya dimana?,ask_location_access
Jelas banget penjelasannya ya kak,provide_feedback
Mau nanya dong Wisata Palembang yang aesthetic tapi sepi? ya,ask_hidden_gems
Bang Jelas banget penjelasannya ya,provide_feedback
Maaf mau tanya Enaknya kemana ya di Palembang? ya kak,ask_recommendation
Mau nanya dong Chatbot nya bagus nih,provide_feedback
Min Info lengkap Punti Kayu dong ya kak,ask_destination_info
Halo Apakah Jakabaring gratis? dong,ask_ticket_price
Cerita sejarah SMB dong,ask_destination_info
Kak Info jam buka SMB II dong nih,ask_operating_hours
Halo Suka sama jawabannya ya kak,provide_feedback
Halo Details about Kambang Iwak Park? deh,ask_destination_info
Mau nanya dong Kak ada museum gak di Palembang? dong kak,ask_category
Halo bang,greet
Mau nanya dong Info wisata budaya Palembang dong dong,ask_category
Min Resep nasi goreng dong nih,ask_unrelated
Bang Rekomendasi wisata yang dekat stasiun LRT ya,ask_lrt_destinations
Kak fasilitas PIM apa aja ya?,ask_facilities
Bang Numpang tanya dong ya,greet
Permisi Permisi kak sih,greet
Bang Destinasi yang dekat stasiun LRT? sih,ask_lrt_destinations
Halo PIM gratis gak sih? sih,ask_ticket_price
Maaf mau tanya Wisata tersembunyi di Palembang? dong kak,ask_hidden_gems
Permisi Resep nasi goreng dong ya kak,ask_unrelated
Mau nanya dong Numpang tanya dong ya,greet
Mau nanya dong Jembatan Ampera di mana ya? dong,ask_location_access
Halo aplikasi,greet
Eh Wisata apa yang recommended di Palembang?,ask_recommendation
Jadwal buka Jakabaring Sport City kapan ya?,ask_operating_hours
Bang Cara main saham? deh,ask_unrelated
Min Thank you ya kak,goodbye
Address of Ampera Bridge? ya,ask_location_access
Kak BKB itu tempat apa sih? sih,ask_destination_info
Dari pusat kota ke KI berapa lama?,ask_location_access
Mau nanya dong Jembatan Ampera di mana ya? nih,ask_location_access
Kak Rekomendasi wisata yang dekat stasiun LRT nih,ask_lrt_destinations
Permisi Suka deh dong kak,provide_feedback
Min Terima kasih infonya ya kak,goodbye
Terima kasih infonya dong kak,goodbye
Maaf mau tanya Wisata apa yang recommended di Palembang? ya,ask_recommendation
Eh Destinasi yang dekat stasiun LRT?,ask_lrt_destinations
Oke terima kasih,goodbye
Excellent information ya kak,provide_feedback
Cerita sejarah Hutan Wisata Punti Kayu dong,ask_destination_info
Tempat museum di Palembang?,ask_category
Min Permisi kak ya kak,greet
Maaf mau tanya Mau tanya dong kak harga tiket Benteng Kuto Besak ya,ask_ticket_price
Eh Destinasi yang dekat stasiun LRT? dong,ask_lrt_destinations
"Hi, can you help me?",greet
Masih buka gak ya?,ask_operating_hours
Halo Wisata apa yang recommended di Palembang? dong kak,ask_recommendation
Where is Monpera?,ask_location_access
Mau cari wisata kuliner di Palembang,ask_category
Permisi That's helpful nih,provide_feedback
Mau tanya dong kak harga tiket Benteng Kuto Besak ya,ask_ticket_price
Eh PIM ada tempat parkir? deh,ask_facilities
Tolong kasih tau alamat Amanzi,ask_location_access
Permisi Rekomendasi wisata Palembang dong ya kak,ask_recommendation
Min Benteng Kuto Besak buka jam berapa? ya,ask_operating_hours
Eh Numpang tanya dong nih,greet
Hai kak masih aktif?,greet
Mau tanya jam operasional Al Quran Al Akbar,ask_operating_hours
Eh Hidden gems in Palembang?,ask_hidden_gems
Halo Apakah Jakabaring gratis? nih,ask_ticket_price
Mau nanya dong Suka deh sih,provide_feedback
Maaf mau tanya Tourist spots along LRT route? deh,ask_lrt_destinations
Halo Rekomendasi wisata Palembang dong nih,ask_recommendation
Kapan sih SMB II buka?,ask_operating_hours
Bang Rekomendasi wisata Palembang dong dong,ask_recommendation
Nice info,provide_feedback
Kak Kak ada museum gak di Palembang? nih,ask_category
Permisi KI itu apa? sih,ask_destination_info
Dari mana ke Kampung Kapitan?,ask_location_access
Permisi Suka sama jawabannya dong kak,provide_feedback
Halo Mau ke tempat bersejarah di Palembang nih,ask_category
Tolong kasih tau wisata dekat LRT deh,ask_lrt_destinations
Mau nanya dong Kamu siapa? sih,ask_unrelated
Maaf mau tanya Wisata Palembang yang aesthetic tapi sepi? ya,ask_hidden_gems
Kak PIM ada tempat parkir? dong,ask_facilities
"Halo That's enough, thank you",goodbye
Min Suka deh nih,provide_feedback
Kak Enaknya kemana ya di Palembang?,ask_recommendation
Dadah kak,goodbye
Maaf mau tanya Min kasih tau hidden gems Palembang,ask_hidden_gems
Is Monpera open on weekends?,ask_operating_hours
Apakah Punti Kayu buka 24 jam?,ask_operating_hours
Halo PIM gratis gak sih? dong,ask_ticket_price
Maaf mau tanya Masjid Cheng Ho ada spot foto gak? ya kak,ask_facilities
Bang Cara daftar CPNS gimana? ya kak,ask_unrelated
Kak Museum Balaputra Dewa fasilitasnya apa aja?,ask_facilities
Eh Details about Kambang Iwak Park? dong kak,ask_destination_info
Maaf mau tanya LRT friendly tourist destinations? ya kak,ask_lrt_destinations
I want to know What parks are in Palembang? please,ask_category
Do I need to pay to enter Kampung Kapitan?,ask_ticket_price
Permisi Wisata Palembang yang aesthetic tapi sepi? dong kak,ask_hidden_gems
How much is the ticket?,ask_ticket_price
Min That's helpful deh,provide_feedback
Hai TanyaKito,greet
Bang Kampung Arab Al-Munawar ada di daerah mana? sih,ask_location_access
Masjid Cheng Ho ada spot foto gak? ya,ask_facilities
Bang Jam operasionalnya? sih,ask_operating_hours
Bang Enaknya kemana ya di Palembang? ya kak,ask_recommendation
Mau nanya dong Bye kak nih,goodbye
Mau nanya dong Masjid Cheng Ho ada spot foto gak? ya kak,ask_facilities
Kak Kamu siapa? ya,ask_unrelated
Fasilitas Ampera lengkap gak?,ask_facilities
Mau nanya dong Terima kasih infonya deh,goodbye
What's special about Kambang Iwak Park?,ask_destination_info
Bang Info wisata budaya Palembang dong deh,ask_category
How to reach Ampera Bridge?,ask_location_access
Punti Kayu deket stasiun LRT mana?,ask_location_access
Posisi Kampung Arab Al-Munawar dimana ya?,ask_location_access
Mau nanya dong Terima kasih infonya,goodbye
Kak PIM ada tempat parkir? ya,ask_facilities
Kak Address of Ampera Bridge? sih,ask_location_access
Mau ke Kawah Tengkurep lewat mana?,ask_location_access
Apa yang menarik dari Masjid Agung Palembang?,ask_destination_info
Harga tiket masuk Kampung Kapitan sekarang berapa?,ask_ticket_price
Bang Ada wifi di Jembatan Ampera?,ask_facilities
Bang BKB itu tempat apa sih? nih,ask_destination_info
Bang Apakah Jakabaring gratis? sih,ask_ticket_price
Min Kampung Arab Al-Munawar ada di daerah mana? sih,ask_location_access
Tempat bersejarah apa aja?,ask_category
Halo Bye kak nih,goodbye
Min alamat Kampung Kapitan apa ya?,ask_location_access
Eh Makasih ya,goodbye
"Excuse me, What parks are in Palembang??",ask_category
Eh Cara daftar CPNS gimana? dong,ask_unrelated
Eh Museum Balaputra Dewa fasilitasnya apa aja? deh,ask_facilities
Permisi Recipe for chocolate cake?,ask_unrelated
Permisi Wisata apa yang recommended di Palembang?,ask_recommendation
Sip makasih,goodbye
Kak Excellent information deh,provide_feedback
Taman Kebon Rojo lokasinya dimana?,ask_location_access
Min Cara daftar CPNS gimana? dong kak,ask_unrelated
Bang Suka deh ya,provide_feedback
Kak Tolong kasih tau wisata dekat LRT dong,ask_lrt_destinations
Mau nanya dong Recipe for chocolate cake? nih,ask_unrelated
Halo min,greet
Destinasi masjid Palembang?,ask_category
Can you tell me Does Jakabaring Sport City have a mosque? thanks,ask_facilities
Mau nanya dong Kampung Arab Al-Munawar ada di daerah mana? sih,ask_location_access
Kak Museum Sultan Mahmud Badaruddin II lokasinya dimana? ya kak,ask_location_access
Eh Rekomendasi wisata yang dekat stasiun LRT sih,ask_lrt_destinations
benteng kuto besak buka jam berapa?,ask_operating_hours
Eh Tolong kasih tau wisata dekat LRT sih,ask_lrt_destinations
Kak Jelas banget penjelasannya dong kak,provide_feedback
Berapa harga iPhone terbaru?,ask_unrelated
Bang Wisata apa yang recommended di Palembang?,ask_recommendation
Berapa biaya masuk ke Al Quran Al Akbar?,ask_ticket_price
Kak Tempat wisata murah di Palembang?,ask_recommendation
Mau nanya dong Famous places in Palembang? nih,ask_recommendation
Kak ada museum gak di Palembang? ya kak,ask_category
Masuk Museum Sultan Mahmud Badaruddin II gratis atau bayar?,ask_ticket_price
Destinasi yang dekat stasiun LRT? deh,ask_lrt_destinations
Permisi Info wisata budaya Palembang dong deh,ask_category
Mau nanya dong Thank you very much,goodbye
Jawabannya cepat,provide_feedback
Min Recipe for chocolate cake? dong kak,ask_unrelated
Apakah Jakabaring gratis? deh,ask_ticket_price
Bang Bye kak dong,goodbye
Maaf mau tanya Hai kak masih aktif? ya kak,greet
Permisi KI itu apa? ya,ask_destination_info
Kak Help me please,greet
Maaf mau tanya Hlo nih,greet
Kak Thank you very much dong kak,goodbye
Min Famous places in Palembang? nih,ask_recommendation
Kak dimana ya Palembang Icon?,ask_location_access
Permisi KI itu apa? dong,ask_destination_info
Permisi Terima kasih infonya dong,goodbye
What's the entrance fee at Kemaro Island?,ask_ticket_price
Information about Punti Kayu Forest,ask_destination_info
Kawah Tengkurep bayar berapa?,ask_ticket_price
Halo Enaknya kemana ya di Palembang?,ask_recommendation
Kemaro ada di daerah mana?,ask_location_access
Price to enter Sultan Mahmud Badaruddin II Museum?,ask_ticket_price
Min Suka deh ya kak,provide_feedback
Please Exactly what I needed,provide_feedback
"Hello, Does Jakabaring Sport City have a mosque?",ask_facilities
Permisi BKB itu tempat apa sih? deh,ask_destination_info
Kak Help me please ya,greet
Price to enter Kambang Iwak Park?,ask_ticket_price
Recipe for chocolate cake? dong kak,ask_unrelated
What's Monpera like?,ask_destination_info
Jam operasional KI?,ask_operating_hours
Halo Hai kak masih aktif?,greet
Tiket masuk Monpera berapa?,ask_ticket_price
Mau nanya dong Taxi online di Palembang? dong,ask_unrelated
Kak Mau ke tempat bersejarah di Palembang sih,ask_category
Palembang punya museum apa? sih,ask_category
Monpera hari libur buka gak?,ask_operating_hours
Halo Taxi online di Palembang? sih,ask_unrelated
Halo Cara main saham? dong kak,ask_unrelated
Is Kampung Kapitan open on Sunday?,ask_operating_hours
"Excuse me, What's the location of Ampera Bridge??",ask_location_access
Mau nanya dong PIM gratis gak sih? deh,ask_ticket_price
Halo Tess ya kak,greet
Min Lesser known attractions in Palembang? dong,ask_hidden_gems
Min Suka sama jawabannya dong,provide_feedback
Kak PIM gratis gak sih?,ask_ticket_price
Informatif banget,provide_feedback
Tempat wisata bertema budaya Melayu?,ask_category
Thanks udah bantu ya,goodbye
Rekomendasi wisata untuk liburan singkat ya kak,ask_recommendation
Halo Wisata tersembunyi di Palembang? dong,ask_hidden_gems
Maaf mau tanya Wisata Palembang yang aesthetic tapi sepi? ya kak,ask_hidden_gems
Maaf mau tanya Tolong kasih tau wisata dekat LRT dong kak,ask_lrt_destinations
Weekend Al-Munawar buka?,ask_operating_hours
Permisi Rekomendasi wisata Palembang dong dong,ask_recommendation
Can you tell me How to move on? please,ask_unrelated
Maaf mau tanya Famous places in Palembang?,ask_recommendation
Mau nanya dong PIM gratis gak sih? nih,ask_ticket_price
Min Rekomendasi wisata Palembang dong ya kak,ask_recommendation
Kak fasilitas Jakabaring apa aja ya?,ask_facilities
Min Thank you very much ya kak,goodbye
Wisata apa yang recommended di Palembang? nih,ask_recommendation
Mantap,provide_feedback
Mau nanya dong Permisi kak ya,greet
Min Best destinations in Palembang? nih,ask_recommendation
Apakah SMB buka hari Minggu?,ask_operating_hours
Bye bye kak,goodbye
Permisi Museum Balaputra Dewa fasilitasnya apa aja? dong kak,ask_facilities
Kak BKB itu tempat apa sih?,ask_destination_info
PTC ada kantin gak?,ask_facilities
Halo Min tolong saran wisata dong deh,ask_recommendation
Permisi Bye kak ya kak,goodbye
How much is the admission to Kambang Iwak Park?,ask_ticket_price
Numpang tanya dong ya,greet
Mau nanya dong Museum Balaputra Dewa fasilitasnya apa aja? deh,ask_facilities
List of cultural tourism in Palembang?,ask_category
"Bang That's enough, thank you ya",goodbye
Eh Info lengkap Punti Kayu dong sih,ask_destination_info
Food tourism in Palembang?,ask_category
Ada mushola di Museum Balaputra Dewa?,ask_facilities
Does Sultan Mahmud Badaruddin II Museum have a mosque?,ask_facilities
Maaf mau tanya Numpang tanya dong dong,greet
Kak Naik apa ke Pasar 16 Ilir? sih,ask_location_access
Permisi Ada wifi di Jembatan Ampera? dong,ask_facilities
Halo Info jam buka SMB II dong dong kak,ask_operating_hours
Mau nanya dong Bisa naik LRT ke BKB? dong kak,ask_lrt_destinations
Permisi Info jam buka SMB II dong deh,ask_operating_hours
Permisi Taxi online di Palembang? nih,ask_unrelated
Min Alternative tourist spots in Palembang? deh,ask_hidden_gems
Permisi PIM ada tempat parkir? deh,ask_facilities
Mau nanya dong Best destinations in Palembang? ya kak,ask_recommendation
Kak PIM ada tempat parkir? nih,ask_facilities
Bang Pagi kak dong,greet
Bang Wisata tersembunyi di Palembang? dong kak,ask_hidden_gems
Permisi Cara daftar CPNS gimana? deh,ask_unrelated
Best destinations in Palembang? dong kak,ask_recommendation
Mau nanya dong Jam operasionalnya? ya,ask_operating_hours
Jam tutup Masjid Cheng Ho kapan?,ask_operating_hours
"Hello, Is Kampung Kapitan open in the morning? please",ask_operating_hours
Mau nanya dong Hlo sih,greet
Maaf mau tanya Bisa naik LRT ke BKB? dong,ask_lrt_destinations
Udah cukup,goodbye
OPI Mall buka setiap hari?,ask_operating_hours
Kak Cara daftar CPNS gimana? deh,ask_unrelated
Maaf mau tanya Hlo ya kak,greet
Famous places in Palembang? dong,ask_recommendation
Mau nanya dong Min kasih tau hidden gems Palembang ya kak,ask_hidden_gems
Maaf mau tanya Food tourism in Palembang? sih,ask_category
Eh Jembatan Ampera di mana ya? ya kak,ask_location_access
Halo BKB itu tempat apa sih? sih,ask_destination_info
Maaf mau tanya Tourist spots along LRT route? ya kak,ask_lrt_destinations
Halo Recipe for chocolate cake? nih,ask_unrelated
Eh Hlo dong kak,greet
Tempat wisata alam di Palembang?,ask_category
Halo Kak ada museum gak di Palembang? dong kak,ask_category
Halo Cara main saham? ya kak,ask_unrelated
What are the operating hours of Monpera?,ask_operating_hours
What's Al-Munawar Arab Village like?,ask_destination_info
Mau nanya dong Kampung Arab Al-Munawar ada di daerah mana? dong kak,ask_location_access
Are there toilets at Punti Kayu Forest?,ask_facilities
Min Jam operasionalnya? nih,ask_operating_hours
Mau tanya harga tiket Pulau Kemaro,ask_ticket_price
Halo Thank you very much sih,goodbye
Wisata museum di Palembang apa aja?,ask_category
Taxi online di Palembang? ya kak,ask_unrelated
Kasih tau dong tentang Taman Kambang Iwak Besak,ask_destination_info
Halo LRT friendly tourist destinations? dong,ask_lrt_destinations
Maaf mau tanya Permisi kak nih,greet
Permisi Wisata apa yang recommended di Palembang? nih,ask_recommendation
Rekomendasi wisata yang dekat stasiun LRT nih,ask_lrt_destinations
Permisi Permisi kak ya,greet
Permisi Jadwal kereta api Jakarta? dong kak,ask_unrelated
Bisa naik angkot ke Masjid Cheng Ho?,ask_location_access
Permisi Destinasi yang dekat stasiun LRT? deh,ask_lrt_destinations
Halo Help me please ya,greet
Bang Rekomendasi hidden gems dong kak,ask_hidden_gems
Maaf mau tanya Any hidden gems to visit? nih,ask_hidden_gems
Halo Min tolong saran wisata dong ya kak,ask_recommendation
Min Cara daftar CPNS gimana? dong,ask_unrelated
"That's all, thanks",goodbye
Maaf mau tanya Benteng Kuto Besak buka jam berapa? deh,ask_operating_hours
Min alamat Pasar 16 Ilir apa ya?,ask_location_access
How much is the ticket to Ampera Bridge?,ask_ticket_price
Halo Enaknya kemana ya di Palembang? sih,ask_recommendation
"Excuse me, Does Jakabaring Sport City have a mosque?",ask_facilities
"Permisi That's enough, thank you nih",goodbye
Kak Ada wifi di Jembatan Ampera?,ask_facilities
Palembang punya museum apa,ask_category
Kak Terima kasih infonya deh,goodbye
Kak Excellent information dong,provide_feedback
Bang Jadwal kereta api Jakarta?,ask_unrelated
Mau nanya dong Masjid Cheng Ho ada spot foto gak? deh,ask_facilities
Bang Any hidden gems to visit? deh,ask_hidden_gems
Why is Kemaro Island famous?,ask_destination_info
Kenapa Fantasy Island terkenal?,ask_destination_info
Maaf mau tanya Thank you very much deh,goodbye
Min Bye kak dong kak,goodbye
What's the entrance fee at Ampera Bridge?,ask_ticket_price
Min Tourist spots along LRT route? ya,ask_lrt_destinations
What time does Punti Kayu Forest open?,ask_operating_hours
Eh Recipe for chocolate cake? ya,ask_unrelated
Mau nanya dong Hlo dong,greet
Halo Details about Kambang Iwak Park? dong,ask_destination_info
Siapa penemu lampu?,ask_unrelated
Info lengkap Monpera dong,ask_destination_info
Dari jam berapa Kemaro buka?,ask_operating_hours
Min Tourist spots along LRT route? ya kak,ask_lrt_destinations
Fantasy Island fasilitasnya apa aja?,ask_facilities
Mau nanya dong Rekomendasi wisata Palembang dong ya,ask_recommendation
Cerita sejarah Pasar 16 Ilir dong,ask_destination_info
Siapa BTS?,ask_unrelated
Maaf mau tanya LRT friendly tourist destinations? sih,ask_lrt_destinations
Kak Famous places in Palembang? nih,ask_recommendation
Maaf mau tanya Suka sama jawabannya deh,provide_feedback
Mau nanya dong Cara daftar CPNS gimana? dong,ask_unrelated
Kayak apa sih Museum Sultan Mahmud Badaruddin II?,ask_destination_info
Halo PIM gratis gak sih? ya kak,ask_ticket_price
Maaf mau tanya Jadwal kereta api Jakarta? deh,ask_unrelated
Help me please dong kak,greet
Kak Wonderful deh,provide_feedback
Permisi Deskripsi Bukit Siguntang nih,ask_destination_info
Kak Permisi kak ya kak,greet
Permisi Tess,greet
Can you tell me What facilities are available at Jakabaring Sport City?,ask_facilities
Permisi Rekomendasi hidden gems dong kak deh,ask_hidden_gems
Eh Hai kak masih aktif? sih,greet
How to cook fried rice?,ask_unrelated
Eh Rekomendasi wisata yang dekat stasiun LRT ya,ask_lrt_destinations
Maaf mau tanya Cara main saham? dong,ask_unrelated
Halo Best destinations in Palembang? ya kak,ask_recommendation
Min Enaknya kemana ya di Palembang? ya kak,ask_recommendation
Eh Taxi online di Palembang? ya kak,ask_unrelated
Min Permisi kak deh,greet
Halo Any hidden gems to visit? nih,ask_hidden_gems
Mau nanya dong Destinasi yang LRT accessible? dong kak,ask_lrt_destinations
Info tentang SMB II,ask_destination_info
Does Al-Munawar Arab Village open every day?,ask_operating_hours
Biaya tiket Al-Munawar berapa kak?,ask_ticket_price
Info fasilitas Kambang Iwak dong,ask_facilities
Permisi Recipe for chocolate cake? dong kak,ask_unrelated
Eh Address of Ampera Bridge? ya,ask_location_access
Permisi Terima kasih infonya ya,goodbye
Kak Alternative tourist spots in Palembang? ya,ask_hidden_gems
Pulau Kemaro mulai buka jam berapa?,ask_operating_hours
Recipe for chocolate cake? deh,ask_unrelated
What days is Kampung Kapitan open?,ask_operating_hours
Halo Enaknya kemana ya di Palembang? deh,ask_recommendation
Mau nanya dong Apakah Jakabaring gratis? ya,ask_ticket_price
Eh LRT friendly tourist destinations? dong kak,ask_lrt_destinations
Ceritain Kemaro dong kak,ask_destination_info
Makasih sih,goodbye
Bang Cara daftar CPNS gimana? nih,ask_unrelated
Halo Destinasi yang LRT accessible? sih,ask_lrt_destinations
Mau tau sejarah Jakabaring Sport City,ask_destination_info
Permisi Numpang tanya dong,greet
Dari jam berapa Kawah Tengkurep buka?,ask_operating_hours
Review tentang Pasar 16 Ilir,ask_destination_info
Mau ke Kambang Iwak bayar berapa?,ask_ticket_price
Permisi PIM ada tempat parkir? nih,ask_facilities
"Hello, How to move on? please",ask_unrelated
Min Terima kasih infonya ya,goodbye
Min Destinasi yang dekat stasiun LRT? dong,ask_lrt_destinations
Halo Kampung Arab Al-Munawar ada di daerah mana? nih,ask_location_access
Does Jakabaring Sport City have a mosque??,ask_facilities
Mau nanya dong Rekomendasi wisata Palembang dong dong kak,ask_recommendation
Kak Famous places in Palembang? ya kak,ask_recommendation
Permisi Destinasi yang LRT accessible? nih,ask_lrt_destinations
What makes Punti Kayu Forest unique?,ask_destination_info
Mau nanya dong Enaknya kemana ya di Palembang? sih,ask_recommendation
Mau nanya dong KI itu apa? nih,ask_destination_info
Kak Destinasi wisata sejarah Palembang? dong,ask_category
Is there an entry fee for Kemaro Island?,ask_ticket_price
Mau nanya dong Enaknya kemana ya di Palembang? ya kak,ask_recommendation
Halo Destinasi yang dekat stasiun LRT? sih,ask_lrt_destinations
LRT friendly tourist destinations? dong kak,ask_lrt_destinations
Hlo sih,greet
Permisi Hai kak masih aktif? deh,greet
Permisi Rekomendasi hidden gems dong kak dong,ask_hidden_gems
Monpera buka sampai malam gak?,ask_operating_hours
"Hi, Is Kampung Kapitan open in the morning?",ask_operating_hours
Bang Jembatan Ampera di mana ya? ya,ask_location_access
Bang Oke cukup kak makasih banyak,goodbye
Halo Masjid Cheng Ho ada spot foto gak? ya kak,ask_facilities
Permisi Wisata tersembunyi di Palembang?,ask_hidden_gems
Mau nanya dong Min kasih tau hidden gems Palembang,ask_hidden_gems
Kak Best destinations in Palembang?,ask_recommendation
Eh Best destinations in Palembang? nih,ask_recommendation
Bang Wonderful ya,provide_feedback
Halo saya dari Jakarta mau tanya,greet
Bang Terima kasih infonya ya kak,goodbye
Bang Help me please nih,greet
Halo LRT friendly tourist destinations? ya kak,ask_lrt_destinations
Min Rekomendasi wisata untuk liburan singkat dong kak,ask_recommendation
Cerita sejarah Kemaro dong,ask_destination_info
Eh Famous places in Palembang? dong kak,ask_recommendation
Permisi Help me please sih,greet
Ceritakan tentang Ampera,ask_destination_info
Masjid Cheng Ho ada spot foto gak? ya kak,ask_facilities
Kak Jadwal kereta api Jakarta? dong kak,ask_unrelated
Halo Min tolong saran wisata dong sih,ask_recommendation
Bang Jelas banget penjelasannya deh,provide_feedback
That's helpful nih,provide_feedback
Halo Info lengkap Punti Kayu dong sih,ask_destination_info
Berapa ya tiket PIM?,ask_ticket_price
Min Help me please nih,greet
Kak Chatbot nya bagus dong kak,provide_feedback
Bang Numpang tanya dong ya kak,greet
Maaf mau tanya Any hidden gems to visit? ya,ask_hidden_gems
Kak Bisa naik LRT ke BKB? sih,ask_lrt_destinations
Maaf mau tanya Excellent information nih,provide_feedback
Permisi LRT friendly tourist destinations? sih,ask_lrt_destinations
Eh Oke cukup kak makasih banyak nih,goodbye
Mau nanya dong Enaknya kemana ya di Palembang?,ask_recommendation
Test,greet
Min Hai kak masih aktif? ya kak,greet
Maaf mau tanya Terima kasih infonya ya,goodbye
Maaf mau tanya Kamu siapa?,ask_unrelated
Kamu siapa? deh,ask_unrelated
Min Tess,greet
Ada fasilitas apa di Al-Munawar?,ask_facilities
Palembang Icon buka sampai malam gak?,ask_operating_hours
Eh Best destinations in Palembang? dong,ask_recommendation
Apa keunikan Kambang Iwak?,ask_destination_info
Mau cari museum di Palembang,ask_category
Permisi Jam operasionalnya? deh,ask_operating_hours
Info lengkap Punti Kayu dong deh,ask_destination_info
Palembang punya museum apa? ya,ask_category
Halo halo,greet
Mau nanya dong Rekomendasi wisata untuk liburan singkat nih,ask_recommendation
Bang Mau ke tempat bersejarah di Palembang deh,ask_category
Permisi Facilities at Benteng Kuto Besak?,ask_facilities
Min Info wisata budaya Palembang dong ya,ask_category
Enaknya kemana ya di Palembang?,ask_recommendation
PIM gratis gak sih? ya,ask_ticket_price
Wisata yang bisa pake LRT?,ask_lrt_destinations
Mau nanya dong Makasih deh,goodbye
Mau nanya dong Destinasi yang dekat stasiun LRT? ya kak,ask_lrt_destinations
Ceritain BKB dong kak,ask_destination_info
Fasilitas pendukung Ampera?,ask_facilities
Kak dimana ya Punti Kayu?,ask_location_access
Jadwal sholat hari ini?,ask_unrelated
Permisi Kampung Arab Al-Munawar ada di daerah mana? sih,ask_location_access
Maaf mau tanya Help me please,greet
Maaf mau tanya Ada wifi di Jembatan Ampera? ya kak,ask_facilities
I want to know What's the location of Ampera Bridge?,ask_location_access
Bang Bisa naik LRT ke BKB? ya kak,ask_lrt_destinations
"Excuse me, How to move on? please",ask_unrelated
Bang Tourist spots along LRT route? ya,ask_lrt_destinations
Cara daftar CPNS gimana? ya,ask_unrelated
Kak Hidden gems in Palembang? deh,ask_hidden_gems
Review tentang Siguntang,ask_destination_info
Do I need to pay to enter Monpera? please,ask_ticket_price
Mau nanya dong Kamu siapa? dong kak,ask_unrelated
Mau nanya dong Thank you very much ya kak,goodbye
Destinasi wisata religi Palembang?,ask_category
Kayak apa sih Al-Munawar?,ask_destination_info
Permisi Jembatan Ampera di mana ya? sih,ask_location_access
pim ada tempat parkir?,ask_facilities
Does Monpera have parking?,ask_facilities
Kampung Arab Al-Munawar ada di daerah mana? ya kak,ask_location_access
History of Benteng Kuto Besak?,ask_destination_info
Min Numpang tanya dong sih,greet
Maaf mau tanya Rekomendasi wisata untuk liburan singkat dong,ask_recommendation
Good job,provide_feedback
Min Tolong kasih tau wisata dekat LRT sih,ask_lrt_destinations
Berapa duit masuk Fantasy Island?,ask_ticket_price
Where is it located?,ask_location_access
Bang Jembatan Ampera di mana ya? nih,ask_location_access
Maaf mau tanya Min kasih tau hidden gems Palembang dong kak,ask_hidden_gems
Eh Rekomendasi hidden gems dong kak,ask_hidden_gems
Kak LRT friendly tourist destinations? deh,ask_lrt_destinations
Permisi Lesser known attractions in Palembang? dong kak,ask_hidden_gems
Bang Oke makasih kak sangat membantu ya kak,goodbye
Min Destinasi yang dekat stasiun LRT? sih,ask_lrt_destinations
Bang Excellent information ya,provide_feedback
Kak Recipe for chocolate cake?,ask_unrelated
Mau nanya dong Palembang punya museum apa? dong kak,ask_category
Destinasi yang dekat stasiun LRT? dong kak,ask_lrt_destinations
Halo Suka sama jawabannya dong kak,provide_feedback
Bye kak sih,goodbye
Eh Suka deh ya kak,provide_feedback
Eh PIM gratis gak sih?,ask_ticket_price
Review tentang Kambang Iwak,ask_destination_info
Bang Info wisata budaya Palembang dong,ask_category
Saranin wisata di Palembang dong,ask_recommendation
Destinasi yang dekat stasiun LRT? dong,ask_lrt_destinations
Seru gak Museum Balaputra Dewa?,ask_destination_info
Who are you?,ask_unrelated
Halo Hai kak masih aktif? sih,greet
Kak Food tourism in Palembang? dong,ask_category
